Record_ID,State,District,Year,Season,Crop_Type,Rainfall_mm,Avg_Temperature_C,Humidity_percent,Soil_Type,Irrigation_Type,Fertilizer_Used_kg,Pesticide_Used_kg,Cultivated_Area_hectares,Yield_ton_per_hectare,Market_Price_per_ton,Farmer_Profit_INR,Rainfall_Condition,Temperature_Condition,Humidity_Condition,Climate_Extreme_Flag,Climate_Stress_Score,Climate_Stress_Level
12,Uttarakhand,Dehradun,2014,Zaid,Sugarcane,1980.42,36.9,39.7,Black,Rain-fed,244.4,8.81,3826.95,6.79,18804.75,331382.0,Moderate relative rainfall,Higher relative temperature,Lower relative humidity,True,2,High relative climate deviation
13,Uttarakhand,Dehradun,2014,Rabi,Barley,2135.85,36.6,76.5,Alluvial,Drip,325.95,44.21,2055.06,6.1,31791.29,213061.0,Higher relative rainfall,Higher relative temperature,Moderate relative humidity,True,2,High relative climate deviation
14,Uttarakhand,Dehradun,2014,Rabi,Sugarcane,515.25,18.4,65.5,Alluvial,Sprinkler,285.38,5.4,3568.42,1.63,15572.22,48359.0,Lower relative rainfall,Lower relative temperature,Moderate relative humidity,True,2,High relative climate deviation
20,Uttarakhand,Haridwar,2014,Kharif,Rice,1932.42,19.4,38.7,Laterite,Sprinkler,394.73,27.21,4713.82,5.36,42682.71,212170.0,Moderate relative rainfall,Lower relative temperature,Lower relative humidity,True,2,High relative climate deviation
30,Uttarakhand,Haridwar,2014,Zaid,Maize,1445.06,37.7,37.1,Black,Rain-fed,288.63,24.01,3953.5,4.39,64164.5,158918.0,Moderate relative rainfall,Higher relative temperature,Lower relative humidity,True,2,High relative climate deviation
31,Uttarakhand,Haridwar,2014,Zaid,Wheat,1675.81,18.0,85.9,Red,Sprinkler,265.38,44.57,3735.56,6.1,31303.74,198240.0,Moderate relative rainfall,Lower relative temperature,Higher relative humidity,True,2,High relative climate deviation
55,Uttarakhand,Almora,2014,Rabi,Maize,1860.06,37.0,39.7,Laterite,Tube Well,149.28,35.69,2139.25,5.55,44776.17,187080.0,Moderate relative rainfall,Higher relative temperature,Lower relative humidity,True,2,High relative climate deviation
57,Uttarakhand,Almora,2014,Rabi,Sugarcane,712.86,19.5,35.1,Alluvial,Drip,230.2,37.66,1527.17,2.89,49468.66,66335.0,Moderate relative rainfall,Lower relative temperature,Lower relative humidity,True,2,High relative climate deviation
65,Uttarakhand,Almora,2014,Zaid,Wheat,1394.05,19.9,89.6,Red,Tube Well,415.17,30.38,675.58,7.27,38413.9,74487.0,Moderate relative rainfall,Lower relative temperature,Higher relative humidity,True,2,High relative climate deviation
68,Uttarakhand,Almora,2014,Rabi,Millets,2079.13,35.4,88.9,Laterite,Drip,145.52,26.06,4294.46,4.2,28863.35,229603.00000000003,Higher relative rainfall,Moderate relative temperature,Higher relative humidity,True,2,High relative climate deviation
69,Uttarakhand,Almora,2014,Kharif,Millets,2136.68,20.5,88.1,Laterite,Drip,182.8,10.52,4240.69,1.93,60253.41,66732.0,Higher relative rainfall,Moderate relative temperature,Higher relative humidity,True,2,High relative climate deviation
72,Uttarakhand,Almora,2014,Kharif,Cotton,2026.16,18.9,78.8,Black,Canal,167.35,25.62,813.29,5.08,41994.19,65795.0,Higher relative rainfall,Lower relative temperature,Moderate relative humidity,True,2,High relative climate deviation
85,Uttarakhand,Pauri,2014,Kharif,Wheat,899.09,37.7,89.3,Sandy,Rain-fed,266.09,48.92,638.64,7.53,18985.57,55699.0,Moderate relative rainfall,Higher relative temperature,Higher relative humidity,True,2,High relative climate deviation
98,Uttar Pradesh,Lucknow,2014,Rabi,Barley,433.73,36.4,82.4,Black,Sprinkler,280.3,36.54,3576.54,4.25,18104.19,124773.0,Lower relative rainfall,Higher relative temperature,Moderate relative humidity,True,2,High relative climate deviation
99,Uttar Pradesh,Lucknow,2014,Rabi,Millets,1897.65,36.4,39.8,Black,Rain-fed,387.79,18.38,2985.47,5.02,32975.63,166398.0,Moderate relative rainfall,Higher relative temperature,Lower relative humidity,True,2,High relative climate deviation
103,Uttar Pradesh,Lucknow,2014,Zaid,Wheat,502.4,34.6,39.2,Alluvial,Tube Well,395.7,52.04,3113.54,4.9,36523.72,206619.0,Lower relative rainfall,Moderate relative temperature,Lower relative humidity,True,2,High relative climate deviation
124,Uttar Pradesh,Kanpur,2014,Rabi,Barley,2109.04,18.6,43.4,Red,Drip,229.97,25.4,2275.3,1.76,19297.84,46731.0,Higher relative rainfall,Lower relative temperature,Moderate relative humidity,True,2,High relative climate deviation
129,Uttar Pradesh,Varanasi,2014,Zaid,Barley,1882.01,19.5,88.5,Sandy,Drip,306.94,29.75,3432.53,3.71,58531.89,201242.0,Moderate relative rainfall,Lower relative temperature,Higher relative humidity,True,2,High relative climate deviation
130,Uttar Pradesh,Varanasi,2014,Zaid,Maize,1178.71,36.2,38.0,Red,Canal,99.66,13.42,906.82,3.56,49594.6,36997.0,Moderate relative rainfall,Higher relative temperature,Lower relative humidity,True,2,High relative climate deviation
138,Uttar Pradesh,Varanasi,2014,Zaid,Pulses,481.44,19.0,65.9,Sandy,Canal,195.01,20.87,1993.11,4.49,41142.43,145450.0,Lower relative rainfall,Lower relative temperature,Moderate relative humidity,True,2,High relative climate deviation
150,Uttar Pradesh,Agra,2014,Rabi,Maize,2081.06,18.7,81.0,Sandy,Sprinkler,365.18,15.25,3770.12,7.57,27341.75,239011.0,Higher relative rainfall,Lower relative temperature,Moderate relative humidity,True,2,High relative climate deviation
162,Uttar Pradesh,Agra,2014,Kharif,Sugarcane,770.95,20.0,36.8,Alluvial,Drip,289.11,43.68,338.51,6.61,33320.06,23144.0,Moderate relative rainfall,Lower relative temperature,Lower relative humidity,True,2,High relative climate deviation
168,Uttar Pradesh,Meerut,2014,Zaid,Sugarcane,2086.89,37.2,41.5,Red,Rain-fed,449.83,31.34,1288.71,5.61,22839.2,123998.0,Higher relative rainfall,Higher relative temperature,Moderate relative humidity,True,2,High relative climate deviation
182,Punjab,Ludhiana,2014,Zaid,Pulses,1049.26,19.8,86.9,Laterite,Canal,227.89,46.87,600.93,1.84,34841.91,15004.0,Moderate relative rainfall,Lower relative temperature,Higher relative humidity,True,2,High relative climate deviation
204,Punjab,Amritsar,2014,Zaid,Cotton,2114.32,28.3,84.5,Black,Drip,376.07,12.46,3775.46,4.2,15142.15,170830.0,Higher relative rainfall,Moderate relative temperature,Higher relative humidity,True,2,High relative climate deviation
209,Punjab,Amritsar,2014,Rabi,Cotton,568.01,25.2,39.5,Alluvial,Canal,315.8,40.69,353.76,5.77,50477.38,31745.0,Lower relative rainfall,Moderate relative temperature,Lower relative humidity,True,2,High relative climate deviation
215,Punjab,Amritsar,2014,Kharif,Wheat,2176.39,36.7,42.3,Alluvial,Sprinkler,394.33,36.26,1890.52,6.19,52424.47,205312.0,Higher relative rainfall,Higher relative temperature,Moderate relative humidity,True,2,High relative climate deviation
216,Punjab,Amritsar,2014,Rabi,Rice,424.83,22.3,85.7,Alluvial,Sprinkler,429.47,26.89,1503.79,6.4,52656.83,117760.0,Lower relative rainfall,Moderate relative temperature,Higher relative humidity,True,2,High relative climate deviation
222,Punjab,Patiala,2014,Rabi,Maize,722.13,37.2,36.9,Red,Canal,371.25,44.27,3312.95,2.84,25157.95,161441.0,Moderate relative rainfall,Higher relative temperature,Lower relative humidity,True,2,High relative climate deviation
227,Punjab,Patiala,2014,Kharif,Millets,2154.2,19.7,40.3,Red,Rain-fed,103.41,50.1,466.67,5.35,35054.09,44047.0,Higher relative rainfall,Lower relative temperature,Lower relative humidity,True,3,High relative climate deviation
233,Punjab,Patiala,2014,Rabi,Millets,491.15,36.5,58.8,Red,Tube Well,339.77,32.29,1975.37,4.31,30758.99,145442.0,Lower relative rainfall,Higher relative temperature,Moderate relative humidity,True,2,High relative climate deviation
239,Punjab,Jalandhar,2014,Rabi,Rice,501.1,30.0,36.1,Alluvial,Canal,241.2,23.25,3109.26,7.09,30060.23,215478.00000000003,Lower relative rainfall,Moderate relative temperature,Lower relative humidity,True,2,High relative climate deviation
243,Punjab,Jalandhar,2014,Kharif,Pulses,2057.87,37.4,47.1,Alluvial,Rain-fed,276.22,56.52,789.15,6.64,24613.78,93396.0,Higher relative rainfall,Higher relative temperature,Moderate relative humidity,True,2,High relative climate deviation
257,Punjab,Bathinda,2014,Kharif,Millets,2057.5,35.9,36.1,Black,Rain-fed,376.95,21.67,1473.7,4.79,48897.69,63404.99999999999,Higher relative rainfall,Moderate relative temperature,Lower relative humidity,True,2,High relative climate deviation
264,Punjab,Bathinda,2014,Rabi,Barley,1452.08,18.1,90.0,Alluvial,Rain-fed,436.59,51.17,2851.14,5.53,26981.87,234045.0,Moderate relative rainfall,Lower relative temperature,Higher relative humidity,True,2,High relative climate deviation
273,Maharashtra,Pune,2014,Rabi,Maize,517.52,18.9,87.2,Red,Drip,232.37,33.62,2668.18,4.37,48399.35,108879.0,Lower relative rainfall,Lower relative temperature,Higher relative humidity,True,3,High relative climate deviation
274,Maharashtra,Pune,2014,Rabi,Maize,2106.55,36.4,57.2,Alluvial,Tube Well,141.37,44.99,742.91,6.56,43253.72,47223.0,Higher relative rainfall,Higher relative temperature,Moderate relative humidity,True,2,High relative climate deviation
280,Maharashtra,Pune,2014,Zaid,Rice,571.0,33.2,37.5,Alluvial,Rain-fed,390.8,41.48,935.51,3.81,35198.87,50677.0,Lower relative rainfall,Moderate relative temperature,Lower relative humidity,True,2,High relative climate deviation
282,Maharashtra,Pune,2014,Zaid,Maize,586.68,36.2,61.5,Black,Tube Well,277.58,29.1,3095.48,6.89,44402.0,354592.0,Lower relative rainfall,Higher relative temperature,Moderate relative humidity,True,2,High relative climate deviation
291,Maharashtra,Nashik,2014,Zaid,Wheat,1354.66,19.0,86.4,Black,Canal,385.53,31.56,2590.83,7.92,21391.73,282871.0,Moderate relative rainfall,Lower relative temperature,Higher relative humidity,True,2,High relative climate deviation
306,Maharashtra,Nashik,2014,Rabi,Maize,442.76,32.3,37.1,Laterite,Tube Well,79.3,14.79,1334.35,1.71,55545.82,39040.0,Lower relative rainfall,Moderate relative temperature,Lower relative humidity,True,2,High relative climate deviation
312,Maharashtra,Nagpur,2014,Zaid,Rice,923.17,19.3,40.4,Alluvial,Drip,340.24,31.8,1721.17,2.14,46740.07,33151.0,Moderate relative rainfall,Lower relative temperature,Lower relative humidity,True,2,High relative climate deviation
332,Maharashtra,Aurangabad,2014,Kharif,Wheat,689.33,37.3,35.3,Sandy,Canal,86.44,12.99,4636.72,4.38,15396.26,207510.0,Moderate relative rainfall,Higher relative temperature,Lower relative humidity,True,2,High relative climate deviation
351,Maharashtra,Kolhapur,2014,Zaid,Maize,1114.68,19.9,86.5,Black,Canal,239.27,7.96,3877.58,5.03,64788.73,176304.0,Moderate relative rainfall,Lower relative temperature,Higher relative humidity,True,2,High relative climate deviation
364,Karnataka,Bengaluru,2014,Zaid,Pulses,2075.53,37.9,69.4,Red,Tube Well,73.91,40.45,3536.51,6.98,18668.86,254914.0,Higher relative rainfall,Higher relative temperature,Moderate relative humidity,True,2,High relative climate deviation
393,Karnataka,Mysuru,2014,Rabi,Maize,447.16,37.7,68.9,Black,Sprinkler,292.24,38.68,3022.17,2.89,13382.48,76814.0,Lower relative rainfall,Higher relative temperature,Moderate relative humidity,True,2,High relative climate deviation
395,Karnataka,Mysuru,2014,Rabi,Sugarcane,1764.0,19.3,86.0,Alluvial,Sprinkler,444.25,52.69,2500.72,3.57,36249.88,93452.0,Moderate relative rainfall,Lower relative temperature,Higher relative humidity,True,2,High relative climate deviation
397,Karnataka,Hubli,2014,Rabi,Barley,2170.9,18.8,56.3,Laterite,Drip,356.06,57.94,1030.27,4.41,58873.07,71500.0,Higher relative rainfall,Lower relative temperature,Moderate relative humidity,True,2,High relative climate deviation
402,Karnataka,Hubli,2014,Rabi,Rice,2017.38,37.2,35.2,Black,Drip,356.16,5.67,2538.38,4.84,54795.09,172982.0,Moderate relative rainfall,Higher relative temperature,Lower relative humidity,True,2,High relative climate deviation
433,Karnataka,Mangalore,2014,Zaid,Millets,2131.13,19.6,75.2,Alluvial,Drip,260.56,52.26,3777.85,3.24,39398.33,161982.0,Higher relative rainfall,Lower relative temperature,Moderate relative humidity,True,2,High relative climate deviation
441,Karnataka,Mangalore,2014,Zaid,Pulses,2121.13,26.6,85.5,Black,Sprinkler,393.34,23.42,1408.73,1.92,46680.19,32218.0,Higher relative rainfall,Moderate relative temperature,Higher relative humidity,True,2,High relative climate deviation
446,Karnataka,Mangalore,2014,Kharif,Millets,524.92,37.6,46.0,Laterite,Rain-fed,207.05,40.5,631.31,5.15,34856.44,45972.0,Lower relative rainfall,Higher relative temperature,Moderate relative humidity,True,2,High relative climate deviation
447,Karnataka,Mangalore,2014,Rabi,Rice,462.75,19.4,75.0,Red,Drip,360.89,6.03,2538.74,5.97,12045.99,126985.0,Lower relative rainfall,Lower relative temperature,Moderate relative humidity,True,2,High relative climate deviation
452,Tamil Nadu,Chennai,2014,Zaid,Millets,2139.83,18.3,53.7,Sandy,Drip,185.09,44.66,2086.99,2.75,46654.05,75937.0,Higher relative rainfall,Lower relative temperature,Moderate relative humidity,True,2,High relative climate deviation
453,Tamil Nadu,Chennai,2014,Kharif,Sugarcane,2064.67,18.7,42.8,Alluvial,Rain-fed,311.53,30.92,4598.29,1.53,49168.73,65466.99999999999,Higher relative rainfall,Lower relative temperature,Moderate relative humidity,True,2,High relative climate deviation
457,Tamil Nadu,Chennai,2014,Kharif,Wheat,413.0,36.5,73.9,Red,Sprinkler,287.49,20.61,3498.17,6.98,37228.66,226321.0,Lower relative rainfall,Higher relative temperature,Moderate relative humidity,True,2,High relative climate deviation
459,Tamil Nadu,Chennai,2014,Kharif,Sugarcane,745.43,37.7,88.7,Red,Canal,297.57,52.45,4935.23,4.91,36603.45,345661.0,Moderate relative rainfall,Higher relative temperature,Higher relative humidity,True,2,High relative climate deviation
497,Tamil Nadu,Madurai,2014,Kharif,Wheat,2152.44,20.0,46.8,Red,Tube Well,251.68,43.93,1895.67,5.5,35302.29,183266.0,Higher relative rainfall,Lower relative temperature,Moderate relative humidity,True,2,High relative climate deviation
500,Tamil Nadu,Madurai,2014,Rabi,Millets,2090.35,25.3,35.7,Laterite,Sprinkler,319.66,41.97,2042.21,5.02,47855.49,94237.0,Higher relative rainfall,Moderate relative temperature,Lower relative humidity,True,2,High relative climate deviation
504,Tamil Nadu,Madurai,2014,Rabi,Cotton,1519.54,19.9,39.2,Sandy,Rain-fed,350.64,47.22,3984.38,2.67,47090.94,137261.0,Moderate relative rainfall,Lower relative temperature,Lower relative humidity,True,2,High relative climate deviation
505,Tamil Nadu,Salem,2014,Zaid,Wheat,2114.64,18.6,58.7,Red,Drip,415.98,26.1,1641.34,3.95,36361.78,53997.0,Higher relative rainfall,Lower relative temperature,Moderate relative humidity,True,2,High relative climate deviation
528,Tamil Nadu,Tiruchirappalli,2014,Rabi,Wheat,2106.6,36.5,70.6,Sandy,Tube Well,300.65,54.88,4873.23,2.65,49166.84,125106.0,Higher relative rainfall,Higher relative temperature,Moderate relative humidity,True,2,High relative climate deviation
540,Tamil Nadu,Tiruchirappalli,2014,Kharif,Pulses,2145.59,31.1,87.3,Red,Rain-fed,179.97,45.23,3698.17,8.19,42165.4,306323.0,Higher relative rainfall,Moderate relative temperature,Higher relative humidity,True,2,High relative climate deviation
553,Rajasthan,Jaipur,2014,Zaid,Millets,817.43,19.2,36.0,Red,Tube Well,280.56,35.43,1412.46,5.93,59124.45,76802.0,Moderate relative rainfall,Lower relative temperature,Lower relative humidity,True,2,High relative climate deviation
562,Rajasthan,Jodhpur,2014,Zaid,Barley,2052.44,36.0,87.4,Alluvial,Canal,256.46,42.52,4724.33,4.43,52818.05,317621.0,Higher relative rainfall,Higher relative temperature,Higher relative humidity,True,3,High relative climate deviation
584,Rajasthan,Udaipur,2014,Rabi,Barley,2130.43,29.1,37.3,Red,Sprinkler,375.06,57.86,3141.58,5.97,20871.23,161328.0,Higher relative rainfall,Moderate relative temperature,Lower relative humidity,True,2,High relative climate deviation
592,Rajasthan,Udaipur,2014,Zaid,Maize,517.65,20.6,38.6,Alluvial,Sprinkler,153.85,36.34,1217.03,5.02,53459.39,60597.0,Lower relative rainfall,Moderate relative temperature,Lower relative humidity,True,2,High relative climate deviation
615,Rajasthan,Ajmer,2014,Zaid,Rice,1814.57,36.5,40.4,Red,Drip,78.54,7.11,1081.5,2.64,29449.79,31484.0,Moderate relative rainfall,Higher relative temperature,Lower relative humidity,True,2,High relative climate deviation
617,Rajasthan,Ajmer,2014,Zaid,Millets,1577.36,37.8,87.3,Laterite,Tube Well,396.19,17.52,3644.35,2.73,24387.33,137994.0,Moderate relative rainfall,Higher relative temperature,Higher relative humidity,True,2,High relative climate deviation
620,Rajasthan,Ajmer,2014,Kharif,Wheat,2059.86,21.1,87.4,Laterite,Canal,182.1,39.64,3054.71,5.64,57948.07,306698.0,Higher relative rainfall,Moderate relative temperature,Higher relative humidity,True,2,High relative climate deviation
622,Rajasthan,Ajmer,2014,Kharif,Wheat,736.05,19.4,88.0,Red,Tube Well,163.53,17.82,3331.89,1.71,15045.02,75124.0,Moderate relative rainfall,Lower relative temperature,Higher relative humidity,True,2,High relative climate deviation
633,West Bengal,Kolkata,2014,Rabi,Sugarcane,1623.93,19.3,87.7,Red,Sprinkler,88.64,50.95,3354.13,6.49,14332.66,285709.0,Moderate relative rainfall,Lower relative temperature,Higher relative humidity,True,2,High relative climate deviation
640,West Bengal,Kolkata,2014,Kharif,Sugarcane,770.47,19.1,85.5,Laterite,Canal,445.35,49.08,3511.76,2.82,58253.41,130868.0,Moderate relative rainfall,Lower relative temperature,Higher relative humidity,True,2,High relative climate deviation
653,West Bengal,Howrah,2014,Kharif,Cotton,554.27,20.5,38.5,Sandy,Canal,61.87,17.91,2477.45,6.75,12503.85,178278.0,Lower relative rainfall,Moderate relative temperature,Lower relative humidity,True,2,High relative climate deviation
657,West Bengal,Howrah,2014,Kharif,Pulses,429.93,25.2,37.5,Red,Tube Well,373.02,22.9,2277.1,5.63,33208.76,181095.0,Lower relative rainfall,Moderate relative temperature,Lower relative humidity,True,2,High relative climate deviation
658,West Bengal,Howrah,2014,Zaid,Millets,2176.37,35.1,84.8,Sandy,Canal,343.71,21.16,1055.88,2.25,39562.88,32592.0,Higher relative rainfall,Moderate relative temperature,Higher relative humidity,True,2,High relative climate deviation
663,West Bengal,Howrah,2014,Kharif,Rice,560.45,32.8,86.5,Red,Canal,347.85,11.39,1901.91,7.43,62565.64,194575.0,Lower relative rainfall,Moderate relative temperature,Higher relative humidity,True,2,High relative climate deviation
671,West Bengal,Darjeeling,2014,Rabi,Wheat,572.89,37.5,44.9,Black,Canal,70.99,58.92,3285.48,5.53,63395.53,259262.0,Lower relative rainfall,Higher relative temperature,Moderate relative humidity,True,2,High relative climate deviation
677,West Bengal,Darjeeling,2014,Zaid,Maize,1161.49,36.9,35.0,Laterite,Rain-fed,170.24,57.04,2645.27,6.91,46935.35,227557.00000000003,Moderate relative rainfall,Higher relative temperature,Lower relative humidity,True,2,High relative climate deviation
680,West Bengal,Darjeeling,2014,Rabi,Sugarcane,527.0,32.7,89.7,Black,Rain-fed,328.72,15.59,1923.5,6.0,55486.94,162145.0,Lower relative rainfall,Moderate relative temperature,Higher relative humidity,True,2,High relative climate deviation
682,West Bengal,Darjeeling,2014,Zaid,Sugarcane,892.56,20.0,88.9,Laterite,Canal,138.89,57.35,3935.39,2.1,39903.21,138470.0,Moderate relative rainfall,Lower relative temperature,Higher relative humidity,True,2,High relative climate deviation
691,West Bengal,Siliguri,2014,Rabi,Millets,503.49,18.1,60.3,Laterite,Drip,169.34,10.89,1813.64,6.47,33309.61,94914.0,Lower relative rainfall,Lower relative temperature,Moderate relative humidity,True,2,High relative climate deviation
703,West Bengal,Malda,2014,Kharif,Millets,2065.9,19.5,65.1,Laterite,Sprinkler,187.16,44.89,4949.26,2.67,50200.78,111506.0,Higher relative rainfall,Lower relative temperature,Moderate relative humidity,True,2,High relative climate deviation
713,West Bengal,Malda,2014,Zaid,Sugarcane,525.02,19.4,48.5,Alluvial,Tube Well,413.65,58.37,591.15,5.05,50518.53,48004.0,Lower relative rainfall,Lower relative temperature,Moderate relative humidity,True,2,High relative climate deviation
716,West Bengal,Malda,2014,Rabi,Rice,438.17,18.9,65.0,Black,Rain-fed,91.03,53.76,2134.89,1.21,23888.58,26521.0,Lower relative rainfall,Lower relative temperature,Moderate relative humidity,True,2,High relative climate deviation
718,West Bengal,Malda,2014,Kharif,Pulses,613.03,36.5,85.6,Red,Sprinkler,408.23,38.25,972.53,5.07,43779.41,72947.0,Moderate relative rainfall,Higher relative temperature,Higher relative humidity,True,2,High relative climate deviation
723,Uttarakhand,Dehradun,2015,Kharif,Sugarcane,2189.03,18.3,65.7,Red,Tube Well,433.05,55.65,391.93,3.75,56983.83,24497.0,Higher relative rainfall,Lower relative temperature,Moderate relative humidity,True,2,High relative climate deviation
735,Uttarakhand,Dehradun,2015,Rabi,Maize,1420.42,37.9,40.4,Alluvial,Tube Well,55.98,47.15,1616.76,7.53,54261.3,206369.0,Moderate relative rainfall,Higher relative temperature,Lower relative humidity,True,2,High relative climate deviation
740,Uttarakhand,Haridwar,2015,Zaid,Maize,1717.2,36.3,85.7,Laterite,Canal,357.29,15.97,1710.73,3.52,64811.23,77458.0,Moderate relative rainfall,Higher relative temperature,Higher relative humidity,True,2,High relative climate deviation
742,Uttarakhand,Haridwar,2015,Rabi,Sugarcane,497.34,35.4,87.4,Laterite,Tube Well,323.47,19.84,3214.87,1.81,15670.73,70122.0,Lower relative rainfall,Moderate relative temperature,Higher relative humidity,True,2,High relative climate deviation
744,Uttarakhand,Haridwar,2015,Zaid,Maize,2138.06,26.7,85.2,Sandy,Drip,278.13,50.27,2848.45,7.72,22523.68,334847.0,Higher relative rainfall,Moderate relative temperature,Higher relative humidity,True,2,High relative climate deviation
761,Uttarakhand,Nainital,2015,Rabi,Cotton,2067.85,21.9,36.6,Black,Drip,59.22,33.15,846.5,7.53,18083.79,64822.0,Higher relative rainfall,Moderate relative temperature,Lower relative humidity,True,2,High relative climate deviation
773,Uttarakhand,Nainital,2015,Rabi,Wheat,599.45,36.9,39.1,Alluvial,Drip,181.73,38.7,4081.18,3.17,21027.95,121322.0,Moderate relative rainfall,Higher relative temperature,Lower relative humidity,True,2,High relative climate deviation
776,Uttarakhand,Almora,2015,Rabi,Millets,508.48,18.3,46.9,Red,Tube Well,377.4,15.34,612.22,2.72,43297.72,22108.0,Lower relative rainfall,Lower relative temperature,Moderate relative humidity,True,2,High relative climate deviation
793,Uttarakhand,Pauri,2015,Zaid,Barley,2140.43,20.0,49.4,Black,Rain-fed,170.81,22.09,2863.15,6.16,29091.43,243067.0,Higher relative rainfall,Lower relative temperature,Moderate relative humidity,True,2,High relative climate deviation
800,Uttarakhand,Pauri,2015,Zaid,Sugarcane,586.49,18.5,62.8,Red,Sprinkler,206.29,55.93,1569.63,4.73,21754.33,76837.0,Lower relative rainfall,Lower relative temperature,Moderate relative humidity,True,2,High relative climate deviation
814,Uttar Pradesh,Lucknow,2015,Zaid,Millets,2086.47,37.7,70.9,Red,Canal,62.91,28.18,1082.51,7.68,15147.77,83489.0,Higher relative rainfall,Higher relative temperature,Moderate relative humidity,True,2,High relative climate deviation
816,Uttar Pradesh,Lucknow,2015,Kharif,Millets,2103.88,23.4,37.3,Alluvial,Canal,64.24,32.92,3286.65,4.35,28081.17,235875.0,Higher relative rainfall,Moderate relative temperature,Lower relative humidity,True,2,High relative climate deviation
824,Uttar Pradesh,Lucknow,2015,Rabi,Barley,940.74,37.3,38.3,Black,Tube Well,391.83,26.12,192.36,3.99,35533.05,7863.0,Moderate relative rainfall,Higher relative temperature,Lower relative humidity,True,2,High relative climate deviation
834,Uttar Pradesh,Kanpur,2015,Zaid,Pulses,480.3,36.6,85.2,Red,Drip,60.21,38.5,4059.37,4.93,53386.31,261803.00000000003,Lower relative rainfall,Higher relative temperature,Higher relative humidity,True,3,High relative climate deviation
859,Uttar Pradesh,Varanasi,2015,Zaid,Wheat,464.93,18.4,86.7,Black,Canal,91.01,26.89,2476.01,2.35,27977.72,59932.00000000001,Lower relative rainfall,Lower relative temperature,Higher relative humidity,True,3,High relative climate deviation
867,Uttar Pradesh,Agra,2015,Kharif,Rice,2058.21,26.5,39.3,Alluvial,Tube Well,100.91,5.75,2647.7,2.09,22460.48,92399.0,Higher relative rainfall,Moderate relative temperature,Lower relative humidity,True,2,High relative climate deviation
870,Uttar Pradesh,Agra,2015,Kharif,Sugarcane,2085.16,36.5,74.6,Laterite,Canal,390.96,12.44,2669.45,7.25,12520.52,235397.0,Higher relative rainfall,Higher relative temperature,Moderate relative humidity,True,2,High relative climate deviation
878,Uttar Pradesh,Agra,2015,Zaid,Maize,2079.75,37.9,45.8,Alluvial,Sprinkler,194.4,15.72,2972.32,3.6,60285.16,183597.0,Higher relative rainfall,Higher relative temperature,Moderate relative humidity,True,2,High relative climate deviation
899,Uttar Pradesh,Meerut,2015,Kharif,Millets,462.69,37.2,58.2,Laterite,Canal,115.42,42.53,4187.74,4.59,16379.94,285647.0,Lower relative rainfall,Higher relative temperature,Moderate relative humidity,True,2,High relative climate deviation
920,Punjab,Amritsar,2015,Rabi,Millets,2181.48,33.9,88.5,Alluvial,Canal,250.09,11.11,3059.63,3.62,60768.26,106247.0,Higher relative rainfall,Moderate relative temperature,Higher relative humidity,True,2,High relative climate deviation
924,Punjab,Amritsar,2015,Rabi,Cotton,574.83,30.8,39.1,Red,Sprinkler,409.68,32.04,1299.17,3.1,27650.48,50128.0,Lower relative rainfall,Moderate relative temperature,Lower relative humidity,True,2,High relative climate deviation
936,Punjab,Amritsar,2015,Rabi,Rice,2159.01,36.9,61.8,Alluvial,Tube Well,177.68,58.59,2405.48,2.39,15474.65,70830.0,Higher relative rainfall,Higher relative temperature,Moderate relative humidity,True,2,High relative climate deviation
940,Punjab,Patiala,2015,Zaid,Barley,1772.85,18.1,86.7,Black,Drip,72.12,27.48,3264.38,2.22,36215.16,77847.0,Moderate relative rainfall,Lower relative temperature,Higher relative humidity,True,2,High relative climate deviation
943,Punjab,Patiala,2015,Zaid,Cotton,2176.47,29.7,38.3,Alluvial,Rain-fed,72.45,23.85,2735.69,4.4,27064.47,153092.0,Higher relative rainfall,Moderate relative temperature,Lower relative humidity,True,2,High relative climate deviation
947,Punjab,Patiala,2015,Zaid,Wheat,1897.01,19.2,89.4,Laterite,Rain-fed,199.39,36.11,4978.71,8.21,58273.29,460692.0,Moderate relative rainfall,Lower relative temperature,Higher relative humidity,True,2,High relative climate deviation
952,Punjab,Patiala,2015,Kharif,Wheat,1360.16,36.9,37.2,Red,Drip,100.93,24.17,439.41,7.56,61208.67,48439.0,Moderate relative rainfall,Higher relative temperature,Lower relative humidity,True,2,High relative climate deviation
953,Punjab,Patiala,2015,Kharif,Barley,2183.81,22.7,85.6,Laterite,Drip,358.94,6.5,4400.42,8.09,18524.84,622282.0,Higher relative rainfall,Moderate relative temperature,Higher relative humidity,True,2,High relative climate deviation
959,Punjab,Jalandhar,2015,Rabi,Maize,2085.32,37.3,75.8,Laterite,Rain-fed,374.13,14.99,4407.48,2.0,20605.81,114379.0,Higher relative rainfall,Higher relative temperature,Moderate relative humidity,True,2,High relative climate deviation
960,Punjab,Jalandhar,2015,Zaid,Cotton,1519.44,18.6,36.4,Sandy,Drip,61.4,30.88,3701.26,2.25,33605.68,111549.0,Moderate relative rainfall,Lower relative temperature,Lower relative humidity,True,2,High relative climate deviation
969,Punjab,Jalandhar,2015,Zaid,Barley,1395.94,36.8,88.1,Black,Canal,438.67,15.04,4118.13,7.67,39077.94,297449.0,Moderate relative rainfall,Higher relative temperature,Higher relative humidity,True,2,High relative climate deviation
972,Punjab,Jalandhar,2015,Zaid,Barley,933.69,36.0,88.5,Red,Drip,407.5,30.74,766.99,8.05,12018.74,64912.0,Moderate relative rainfall,Higher relative temperature,Higher relative humidity,True,2,High relative climate deviation
982,Punjab,Bathinda,2015,Zaid,Sugarcane,1420.47,18.5,87.0,Red,Rain-fed,89.52,55.64,4029.29,6.52,57019.79,276768.0,Moderate relative rainfall,Lower relative temperature,Higher relative humidity,True,2,High relative climate deviation
991,Maharashtra,Pune,2015,Zaid,Pulses,2020.1,36.7,52.6,Sandy,Drip,192.83,57.7,759.01,7.48,64271.56,59436.0,Higher relative rainfall,Higher relative temperature,Moderate relative humidity,True,2,High relative climate deviation
996,Maharashtra,Pune,2015,Kharif,Wheat,2147.6,19.1,76.5,Black,Sprinkler,284.98,47.6,447.97,1.66,33926.71,7148.0,Higher relative rainfall,Lower relative temperature,Moderate relative humidity,True,2,High relative climate deviation
997,Maharashtra,Pune,2015,Rabi,Maize,1904.33,18.6,86.1,Laterite,Tube Well,341.47,23.25,561.39,4.15,49149.22,34605.0,Moderate relative rainfall,Lower relative temperature,Higher relative humidity,True,2,High relative climate deviation
1000,Maharashtra,Pune,2015,Kharif,Pulses,1092.56,18.6,84.8,Red,Canal,275.35,52.26,4782.99,2.58,44906.24,121154.0,Moderate relative rainfall,Lower relative temperature,Higher relative humidity,True,2,High relative climate deviation
1009,Maharashtra,Nashik,2015,Kharif,Wheat,481.42,25.6,84.5,Laterite,Drip,96.53,20.97,4531.54,6.02,60507.98,308467.0,Lower relative rainfall,Moderate relative temperature,Higher relative humidity,True,2,High relative climate deviation
1027,Maharashtra,Nagpur,2015,Rabi,Rice,438.64,36.4,82.8,Alluvial,Rain-fed,182.6,9.95,4664.66,3.8,51409.97,311610.0,Lower relative rainfall,Higher relative temperature,Moderate relative humidity,True,2,High relative climate deviation
1032,Maharashtra,Nagpur,2015,Rabi,Cotton,1680.53,37.0,39.6,Black,Sprinkler,291.13,48.96,178.18,7.7,34140.15,13294.999999999998,Moderate relative rainfall,Higher relative temperature,Lower relative humidity,True,2,High relative climate deviation
1033,Maharashtra,Nagpur,2015,Rabi,Cotton,2167.67,36.1,36.3,Alluvial,Rain-fed,177.43,14.18,3282.09,6.31,25945.01,371983.0,Higher relative rainfall,Higher relative temperature,Lower relative humidity,True,3,High relative climate deviation
1051,Maharashtra,Aurangabad,2015,Rabi,Sugarcane,2100.24,31.8,85.1,Black,Drip,411.02,39.86,4519.02,4.68,26868.16,241259.0,Higher relative rainfall,Moderate relative temperature,Higher relative humidity,True,2,High relative climate deviation
1062,Maharashtra,Aurangabad,2015,Kharif,Sugarcane,2109.94,37.1,42.6,Laterite,Sprinkler,177.78,26.31,3208.22,4.09,39043.09,142978.0,Higher relative rainfall,Higher relative temperature,Moderate relative humidity,True,2,High relative climate deviation
1071,Maharashtra,Kolhapur,2015,Zaid,Maize,425.82,19.7,47.9,Black,Drip,397.92,36.89,2831.48,3.17,49252.47,114865.0,Lower relative rainfall,Lower relative temperature,Moderate relative humidity,True,2,High relative climate deviation
1076,Maharashtra,Kolhapur,2015,Kharif,Pulses,2130.5,19.7,48.9,Red,Sprinkler,105.06,55.86,3262.77,4.49,40578.23,216867.0,Higher relative rainfall,Lower relative temperature,Moderate relative humidity,True,2,High relative climate deviation
1084,Karnataka,Bengaluru,2015,Rabi,Wheat,2132.98,33.2,39.8,Red,Drip,150.86,10.06,1302.41,7.26,45458.84,84533.0,Higher relative rainfall,Moderate relative temperature,Lower relative humidity,True,2,High relative climate deviation
1090,Karnataka,Bengaluru,2015,Kharif,Barley,520.49,19.7,83.3,Black,Canal,315.88,31.1,2584.86,2.98,61176.99,72217.0,Lower relative rainfall,Lower relative temperature,Moderate relative humidity,True,2,High relative climate deviation
1103,Karnataka,Mysuru,2015,Kharif,Rice,740.07,36.7,86.0,Laterite,Tube Well,231.9,59.5,2959.56,3.22,42075.04,95221.0,Moderate relative rainfall,Higher relative temperature,Higher relative humidity,True,2,High relative climate deviation
1114,Karnataka,Mysuru,2015,Rabi,Sugarcane,561.95,36.3,40.1,Red,Drip,328.13,7.75,488.35,8.0,36014.34,42707.0,Lower relative rainfall,Higher relative temperature,Lower relative humidity,True,3,High relative climate deviation
1120,Karnataka,Hubli,2015,Zaid,Millets,2131.79,36.9,54.5,Laterite,Drip,292.21,44.51,3771.78,6.69,39743.93,304736.0,Higher relative rainfall,Higher relative temperature,Moderate relative humidity,True,2,High relative climate deviation
1130,Karnataka,Hubli,2015,Zaid,Rice,543.95,27.2,84.5,Red,Rain-fed,296.72,58.87,4267.91,8.18,25678.42,474297.0,Lower relative rainfall,Moderate relative temperature,Higher relative humidity,True,2,High relative climate deviation
1149,Karnataka,Belagavi,2015,Zaid,Sugarcane,472.98,37.0,59.7,Laterite,Canal,208.79,28.65,4797.32,7.06,26502.64,546791.0,Lower relative rainfall,Higher relative temperature,Moderate relative humidity,True,2,High relative climate deviation
1158,Karnataka,Mangalore,2015,Zaid,Wheat,2145.25,35.2,39.7,Red,Canal,387.21,37.71,2850.92,2.05,19195.83,75647.0,Higher relative rainfall,Moderate relative temperature,Lower relative humidity,True,2,High relative climate deviation
1163,Karnataka,Mangalore,2015,Kharif,Cotton,580.78,26.1,86.2,Sandy,Canal,174.76,53.29,555.54,3.63,51278.0,18893.0,Lower relative rainfall,Moderate relative temperature,Higher relative humidity,True,2,High relative climate deviation
1179,Tamil Nadu,Chennai,2015,Zaid,Rice,584.71,37.8,65.2,Laterite,Canal,337.37,17.14,1151.22,3.91,13940.64,36537.0,Lower relative rainfall,Higher relative temperature,Moderate relative humidity,True,2,High relative climate deviation
1193,Tamil Nadu,Coimbatore,2015,Rabi,Millets,2115.56,20.0,78.1,Red,Tube Well,265.61,25.43,3958.58,6.66,44058.15,400531.0,Higher relative rainfall,Lower relative temperature,Moderate relative humidity,True,2,High relative climate deviation
1197,Tamil Nadu,Coimbatore,2015,Rabi,Sugarcane,2183.2,25.4,37.7,Alluvial,Tube Well,174.05,14.36,2926.44,6.53,41284.8,160402.0,Higher relative rainfall,Moderate relative temperature,Lower relative humidity,True,2,High relative climate deviation
1199,Tamil Nadu,Coimbatore,2015,Rabi,Rice,509.28,34.0,86.0,Red,Drip,396.1,18.9,2690.02,7.7,60507.45,318673.0,Lower relative rainfall,Moderate relative temperature,Higher relative humidity,True,2,High relative climate deviation
1209,Tamil Nadu,Madurai,2015,Kharif,Barley,571.55,37.2,82.2,Alluvial,Sprinkler,361.57,44.62,2669.92,1.26,60310.08,33934.0,Lower relative rainfall,Higher relative temperature,Moderate relative humidity,True,2,High relative climate deviation
1211,Tamil Nadu,Madurai,2015,Kharif,Rice,2128.66,36.2,85.4,Red,Sprinkler,402.91,42.41,2019.63,5.65,30327.01,192375.0,Higher relative rainfall,Higher relative temperature,Higher relative humidity,True,3,High relative climate deviation
1239,Tamil Nadu,Salem,2015,Kharif,Wheat,2151.54,19.9,50.1,Black,Tube Well,447.97,18.01,1103.96,3.03,17385.62,42495.0,Higher relative rainfall,Lower relative temperature,Moderate relative humidity,True,2,High relative climate deviation
1246,Tamil Nadu,Tiruchirappalli,2015,Zaid,Barley,2144.05,33.1,87.5,Alluvial,Drip,273.01,34.38,3441.12,2.92,45042.16,134831.0,Higher relative rainfall,Moderate relative temperature,Higher relative humidity,True,2,High relative climate deviation
1249,Tamil Nadu,Tiruchirappalli,2015,Rabi,Millets,2132.37,33.0,37.0,Black,Sprinkler,311.93,10.04,4625.88,2.92,40830.35,168518.0,Higher relative rainfall,Moderate relative temperature,Lower relative humidity,True,2,High relative climate deviation
1257,Tamil Nadu,Tiruchirappalli,2015,Rabi,Pulses,584.0,35.2,86.7,Sandy,Rain-fed,92.48,44.08,1909.23,1.39,46228.5,35002.0,Lower relative rainfall,Moderate relative temperature,Higher relative humidity,True,2,High relative climate deviation
1266,Rajasthan,Jaipur,2015,Kharif,Barley,2173.69,18.5,86.3,Alluvial,Drip,52.5,7.17,864.12,3.44,45875.75,41210.0,Higher relative rainfall,Lower relative temperature,Higher relative humidity,True,3,High relative climate deviation
1275,Rajasthan,Jaipur,2015,Kharif,Maize,2122.04,36.5,52.9,Laterite,Rain-fed,119.02,36.72,2877.69,5.69,51272.71,275339.0,Higher relative rainfall,Higher relative temperature,Moderate relative humidity,True,2,High relative climate deviation
1285,Rajasthan,Jodhpur,2015,Kharif,Sugarcane,502.04,34.5,85.1,Black,Tube Well,280.62,59.57,504.97,6.21,38492.86,44175.0,Lower relative rainfall,Moderate relative temperature,Higher relative humidity,True,2,High relative climate deviation
1295,Rajasthan,Jodhpur,2015,Rabi,Cotton,458.29,19.2,35.9,Red,Sprinkler,195.27,54.78,4787.29,5.32,52725.86,318730.0,Lower relative rainfall,Lower relative temperature,Lower relative humidity,True,3,High relative climate deviation
1297,Rajasthan,Udaipur,2015,Rabi,Barley,404.92,18.9,38.3,Sandy,Drip,97.4,48.1,700.92,2.71,54723.13,29189.0,Lower relative rainfall,Lower relative temperature,Lower relative humidity,True,3,High relative climate deviation
1300,Rajasthan,Udaipur,2015,Zaid,Pulses,543.47,19.0,82.9,Black,Canal,194.45,34.19,1450.18,3.39,54454.41,47931.0,Lower relative rainfall,Lower relative temperature,Moderate relative humidity,True,2,High relative climate deviation
1304,Rajasthan,Udaipur,2015,Zaid,Pulses,1528.31,18.5,38.7,Red,Sprinkler,96.59,29.58,2479.7,4.61,60438.26,95721.0,Moderate relative rainfall,Lower relative temperature,Lower relative humidity,True,2,High relative climate deviation
1305,Rajasthan,Udaipur,2015,Kharif,Sugarcane,1378.98,36.8,38.7,Alluvial,Rain-fed,335.96,46.65,4303.81,5.81,26286.48,200798.0,Moderate relative rainfall,Higher relative temperature,Lower relative humidity,True,2,High relative climate deviation
1309,Rajasthan,Udaipur,2015,Zaid,Cotton,1449.16,36.2,89.8,Black,Canal,228.43,5.81,3586.29,7.85,20752.56,346496.0,Moderate relative rainfall,Higher relative temperature,Higher relative humidity,True,2,High relative climate deviation
1314,Rajasthan,Udaipur,2015,Zaid,Maize,511.09,18.5,64.7,Alluvial,Rain-fed,217.52,22.61,3366.26,7.25,21530.99,241348.0,Lower relative rainfall,Lower relative temperature,Moderate relative humidity,True,2,High relative climate deviation
1315,Rajasthan,Kota,2015,Rabi,Barley,564.71,31.0,39.6,Sandy,Sprinkler,113.13,54.0,3404.27,5.51,53947.55,262587.0,Lower relative rainfall,Moderate relative temperature,Lower relative humidity,True,2,High relative climate deviation
1320,Rajasthan,Kota,2015,Zaid,Millets,420.91,29.2,40.6,Sandy,Drip,106.94,58.97,1842.3,6.75,55752.55,150051.0,Lower relative rainfall,Moderate relative temperature,Lower relative humidity,True,2,High relative climate deviation
1324,Rajasthan,Kota,2015,Rabi,Maize,2165.82,18.9,49.0,Red,Tube Well,272.52,10.19,1729.01,7.26,13162.34,121205.0,Higher relative rainfall,Lower relative temperature,Moderate relative humidity,True,2,High relative climate deviation
1327,Rajasthan,Kota,2015,Zaid,Maize,574.42,19.6,49.9,Laterite,Rain-fed,256.79,59.74,3957.66,7.33,44995.02,498710.00000000006,Lower relative rainfall,Lower relative temperature,Moderate relative humidity,True,2,High relative climate deviation
1338,Rajasthan,Ajmer,2015,Zaid,Barley,2188.07,18.1,84.7,Black,Drip,264.74,10.96,2985.17,8.37,37503.62,323451.0,Higher relative rainfall,Lower relative temperature,Higher relative humidity,True,3,High relative climate deviation
1340,Rajasthan,Ajmer,2015,Rabi,Barley,537.05,32.6,85.6,Sandy,Tube Well,71.39,34.08,1221.16,6.75,37372.26,84734.0,Lower relative rainfall,Moderate relative temperature,Higher relative humidity,True,2,High relative climate deviation
1353,West Bengal,Kolkata,2015,Zaid,Millets,454.15,36.4,43.6,Black,Drip,402.63,16.55,944.77,7.53,60980.15,107543.0,Lower relative rainfall,Higher relative temperature,Moderate relative humidity,True,2,High relative climate deviation
1359,West Bengal,Kolkata,2015,Kharif,Cotton,565.65,18.3,70.6,Red,Canal,416.46,21.45,524.05,1.86,56558.34,17478.0,Lower relative rainfall,Lower relative temperature,Moderate relative humidity,True,2,High relative climate deviation
1381,West Bengal,Howrah,2015,Kharif,Maize,1712.54,18.2,36.9,Sandy,Canal,424.77,54.63,1690.31,1.51,45334.04,28318.0,Moderate relative rainfall,Lower relative temperature,Lower relative humidity,True,2,High relative climate deviation
1382,West Bengal,Howrah,2015,Rabi,Sugarcane,579.51,19.7,40.5,Laterite,Tube Well,361.56,56.78,564.3,8.4,13012.12,53494.00000000001,Lower relative rainfall,Lower relative temperature,Lower relative humidity,True,3,High relative climate deviation
1388,West Bengal,Darjeeling,2015,Zaid,Rice,405.41,25.0,86.6,Red,Sprinkler,401.31,28.56,2581.76,6.3,52296.81,140597.0,Lower relative rainfall,Moderate relative temperature,Higher relative humidity,True,2,High relative climate deviation
1389,West Bengal,Darjeeling,2015,Rabi,Rice,2119.74,37.8,53.5,Sandy,Rain-fed,296.15,54.05,4803.24,3.82,52278.16,191489.0,Higher relative rainfall,Higher relative temperature,Moderate relative humidity,True,2,High relative climate deviation
1390,West Bengal,Darjeeling,2015,Zaid,Maize,482.27,25.8,36.8,Alluvial,Canal,213.02,31.78,4708.79,1.3,13018.74,83937.0,Lower relative rainfall,Moderate relative temperature,Lower relative humidity,True,2,High relative climate deviation
1419,West Bengal,Siliguri,2015,Rabi,Barley,450.38,37.6,49.7,Laterite,Sprinkler,395.43,47.81,2012.98,6.24,47782.39,163215.0,Lower relative rainfall,Higher relative temperature,Moderate relative humidity,True,2,High relative climate deviation
1420,West Bengal,Siliguri,2015,Rabi,Cotton,1699.14,36.9,85.4,Laterite,Tube Well,184.2,15.97,4838.57,4.39,41908.84,380459.0,Moderate relative rainfall,Higher relative temperature,Higher relative humidity,True,2,High relative climate deviation
1421,West Bengal,Siliguri,2015,Zaid,Barley,2132.1,19.3,46.5,Red,Sprinkler,162.14,9.35,1781.96,3.9,40380.78,118718.0,Higher relative rainfall,Lower relative temperature,Moderate relative humidity,True,2,High relative climate deviation
1446,Uttarakhand,Dehradun,2016,Rabi,Millets,572.97,32.6,39.9,Laterite,Sprinkler,172.99,56.74,2900.71,6.69,34789.81,338948.0,Lower relative rainfall,Moderate relative temperature,Lower relative humidity,True,2,High relative climate deviation
1448,Uttarakhand,Dehradun,2016,Zaid,Barley,1614.91,18.6,87.8,Black,Sprinkler,328.18,58.01,2720.35,4.67,40868.92,146403.0,Moderate relative rainfall,Lower relative temperature,Higher relative humidity,True,2,High relative climate deviation
1451,Uttarakhand,Dehradun,2016,Rabi,Millets,412.4,19.0,42.7,Sandy,Tube Well,437.27,30.53,1600.23,5.18,52413.31,107462.0,Lower relative rainfall,Lower relative temperature,Moderate relative humidity,True,2,High relative climate deviation
1452,Uttarakhand,Dehradun,2016,Kharif,Millets,2062.04,35.7,39.9,Alluvial,Tube Well,376.49,26.21,1803.04,6.24,13790.06,186530.0,Higher relative rainfall,Moderate relative temperature,Lower relative humidity,True,2,High relative climate deviation
1460,Uttarakhand,Haridwar,2016,Rabi,Sugarcane,683.85,37.3,89.9,Red,Rain-fed,354.1,29.5,399.9,2.47,57602.33,15426.0,Moderate relative rainfall,Higher relative temperature,Higher relative humidity,True,2,High relative climate deviation
1464,Uttarakhand,Haridwar,2016,Rabi,Barley,2147.53,19.6,66.6,Laterite,Drip,137.36,8.78,3558.5,5.23,22025.09,278376.0,Higher relative rainfall,Lower relative temperature,Moderate relative humidity,True,2,High relative climate deviation
1465,Uttarakhand,Haridwar,2016,Zaid,Rice,530.46,36.7,65.3,Black,Canal,69.22,16.26,4462.22,2.59,33591.97,200261.0,Lower relative rainfall,Higher relative temperature,Moderate relative humidity,True,2,High relative climate deviation
1467,Uttarakhand,Haridwar,2016,Kharif,Wheat,458.81,33.8,89.4,Black,Canal,310.45,44.09,4496.21,5.35,26870.73,373633.0,Lower relative rainfall,Moderate relative temperature,Higher relative humidity,True,2,High relative climate deviation
1504,Uttarakhand,Almora,2016,Zaid,Millets,1287.42,19.9,37.4,Alluvial,Rain-fed,352.21,44.78,4145.06,2.42,45644.62,173972.0,Moderate relative rainfall,Lower relative temperature,Lower relative humidity,True,2,High relative climate deviation
1513,Uttarakhand,Pauri,2016,Rabi,Maize,2130.12,18.8,57.0,Sandy,Canal,271.15,54.6,188.58,5.17,26339.66,15927.000000000002,Higher relative rainfall,Lower relative temperature,Moderate relative humidity,True,2,High relative climate deviation
1523,Uttarakhand,Pauri,2016,Kharif,Pulses,410.99,34.6,88.3,Alluvial,Drip,164.99,45.08,1168.99,2.41,55931.67,47879.0,Lower relative rainfall,Moderate relative temperature,Higher relative humidity,True,2,High relative climate deviation
1535,Uttar Pradesh,Lucknow,2016,Zaid,Maize,571.36,19.7,67.7,Sandy,Rain-fed,315.43,20.98,1508.7,5.95,32662.71,137894.0,Lower relative rainfall,Lower relative temperature,Moderate relative humidity,True,2,High relative climate deviation
1543,Uttar Pradesh,Lucknow,2016,Zaid,Rice,418.78,37.2,64.3,Laterite,Canal,391.13,59.16,1606.13,5.92,28702.9,87596.0,Lower relative rainfall,Higher relative temperature,Moderate relative humidity,True,2,High relative climate deviation
1551,Uttar Pradesh,Kanpur,2016,Rabi,Wheat,2155.56,37.3,37.1,Black,Tube Well,317.71,35.08,763.31,8.35,12438.45,60085.0,Higher relative rainfall,Higher relative temperature,Lower relative humidity,True,3,High relative climate deviation
1552,Uttar Pradesh,Kanpur,2016,Kharif,Maize,2080.53,28.2,40.6,Alluvial,Sprinkler,303.5,42.2,2321.11,5.06,42687.62,163485.0,Higher relative rainfall,Moderate relative temperature,Lower relative humidity,True,2,High relative climate deviation
1566,Uttar Pradesh,Kanpur,2016,Zaid,Millets,561.06,33.1,36.9,Laterite,Canal,230.59,13.81,634.87,5.15,32175.76,27506.0,Lower relative rainfall,Moderate relative temperature,Lower relative humidity,True,2,High relative climate deviation
1568,Uttar Pradesh,Varanasi,2016,Kharif,Maize,1384.88,37.9,38.8,Red,Rain-fed,383.69,30.01,1601.33,4.17,64112.27,63083.00000000001,Moderate relative rainfall,Higher relative temperature,Lower relative humidity,True,2,High relative climate deviation
1571,Uttar Pradesh,Varanasi,2016,Rabi,Sugarcane,2061.31,27.4,39.3,Red,Sprinkler,236.25,50.01,3628.98,1.38,63445.75,46771.0,Higher relative rainfall,Moderate relative temperature,Lower relative humidity,True,2,High relative climate deviation
1578,Uttar Pradesh,Varanasi,2016,Zaid,Pulses,2024.79,18.0,46.4,Laterite,Tube Well,137.12,8.35,189.05,4.99,25179.34,10299.0,Higher relative rainfall,Lower relative temperature,Moderate relative humidity,True,2,High relative climate deviation
1582,Uttar Pradesh,Varanasi,2016,Zaid,Sugarcane,473.13,18.5,67.8,Black,Tube Well,386.46,37.42,1458.92,2.8,35031.79,69049.0,Lower relative rainfall,Lower relative temperature,Moderate relative humidity,True,2,High relative climate deviation
1583,Uttar Pradesh,Varanasi,2016,Zaid,Rice,2073.22,28.5,39.7,Red,Drip,86.99,38.23,3264.23,6.27,29475.48,192699.0,Higher relative rainfall,Moderate relative temperature,Lower relative humidity,True,2,High relative climate deviation
1588,Uttar Pradesh,Agra,2016,Zaid,Pulses,2192.34,18.3,51.2,Alluvial,Tube Well,113.79,10.21,3880.79,8.14,41238.0,357600.0,Higher relative rainfall,Lower relative temperature,Moderate relative humidity,True,2,High relative climate deviation
1590,Uttar Pradesh,Agra,2016,Zaid,Sugarcane,499.69,26.5,36.3,Black,Drip,84.1,35.89,2659.62,4.55,13570.11,184352.0,Lower relative rainfall,Moderate relative temperature,Lower relative humidity,True,2,High relative climate deviation
1604,Uttar Pradesh,Meerut,2016,Kharif,Wheat,2177.42,22.1,38.4,Alluvial,Canal,329.55,10.78,2288.94,7.24,45013.58,283781.0,Higher relative rainfall,Moderate relative temperature,Lower relative humidity,True,2,High relative climate deviation
1605,Uttar Pradesh,Meerut,2016,Rabi,Cotton,458.38,18.3,51.4,Sandy,Tube Well,424.71,49.73,1279.44,6.68,38308.25,76826.0,Lower relative rainfall,Lower relative temperature,Moderate relative humidity,True,2,High relative climate deviation
1622,Punjab,Ludhiana,2016,Zaid,Pulses,516.38,20.0,60.3,Black,Tube Well,74.46,32.5,700.26,4.01,25969.45,40782.0,Lower relative rainfall,Lower relative temperature,Moderate relative humidity,True,2,High relative climate deviation
1634,Punjab,Ludhiana,2016,Rabi,Wheat,572.18,37.6,49.6,Laterite,Canal,321.44,19.78,4161.24,1.64,40957.46,113856.0,Lower relative rainfall,Higher relative temperature,Moderate relative humidity,True,2,High relative climate deviation
1635,Punjab,Ludhiana,2016,Kharif,Sugarcane,1851.2,19.6,85.8,Black,Drip,228.26,47.82,4452.04,6.2,61892.2,301202.0,Moderate relative rainfall,Lower relative temperature,Higher relative humidity,True,2,High relative climate deviation
1637,Punjab,Ludhiana,2016,Zaid,Wheat,1371.88,37.2,36.8,Red,Canal,209.08,56.13,1374.54,2.34,30539.08,49164.0,Moderate relative rainfall,Higher relative temperature,Lower relative humidity,True,2,High relative climate deviation
1663,Punjab,Patiala,2016,Rabi,Sugarcane,1088.18,18.1,37.6,Alluvial,Tube Well,436.04,56.25,803.47,4.75,13975.41,45797.0,Moderate relative rainfall,Lower relative temperature,Lower relative humidity,True,2,High relative climate deviation
1681,Punjab,Jalandhar,2016,Kharif,Millets,2177.34,18.5,81.4,Alluvial,Tube Well,369.53,40.07,4255.99,7.36,45750.43,429454.0,Higher relative rainfall,Lower relative temperature,Moderate relative humidity,True,2,High relative climate deviation
1694,Punjab,Bathinda,2016,Rabi,Barley,1105.44,18.3,36.8,Black,Rain-fed,103.39,5.92,3162.01,4.53,45686.94,229822.0,Moderate relative rainfall,Lower relative temperature,Lower relative humidity,True,2,High relative climate deviation
1709,Punjab,Bathinda,2016,Rabi,Cotton,2035.46,24.6,88.3,Laterite,Tube Well,309.59,8.06,994.99,3.66,24302.76,49899.0,Higher relative rainfall,Moderate relative temperature,Higher relative humidity,True,2,High relative climate deviation
1717,Maharashtra,Pune,2016,Rabi,Pulses,537.19,33.1,38.9,Black,Drip,238.49,6.88,4602.7,5.27,53406.18,280712.0,Lower relative rainfall,Moderate relative temperature,Lower relative humidity,True,2,High relative climate deviation
1720,Maharashtra,Pune,2016,Kharif,Wheat,491.04,18.2,48.5,Black,Sprinkler,381.55,5.69,1626.26,7.72,18213.17,135125.0,Lower relative rainfall,Lower relative temperature,Moderate relative humidity,True,2,High relative climate deviation
1733,Maharashtra,Nashik,2016,Kharif,Rice,419.71,22.3,37.4,Sandy,Rain-fed,97.31,14.07,4046.92,2.93,13527.06,138120.0,Lower relative rainfall,Moderate relative temperature,Lower relative humidity,True,2,High relative climate deviation
1753,Maharashtra,Nagpur,2016,Zaid,Millets,406.21,29.2,37.9,Red,Canal,201.38,6.9,3110.38,2.44,38681.44,83804.0,Lower relative rainfall,Moderate relative temperature,Lower relative humidity,True,2,High relative climate deviation
1759,Maharashtra,Nagpur,2016,Kharif,Cotton,2007.74,20.0,40.5,Red,Sprinkler,337.44,37.21,4679.35,5.1,46498.58,348552.0,Moderate relative rainfall,Lower relative temperature,Lower relative humidity,True,2,High relative climate deviation
1807,Karnataka,Bengaluru,2016,Zaid,Maize,2195.29,32.9,85.3,Black,Rain-fed,161.15,49.62,4616.42,2.18,56998.57,93393.0,Higher relative rainfall,Moderate relative temperature,Higher relative humidity,True,2,High relative climate deviation
1808,Karnataka,Bengaluru,2016,Rabi,Wheat,530.27,37.8,74.9,Laterite,Sprinkler,438.78,35.45,4466.41,4.76,44711.44,173513.0,Lower relative rainfall,Higher relative temperature,Moderate relative humidity,True,2,High relative climate deviation
1812,Karnataka,Bengaluru,2016,Zaid,Wheat,447.39,36.5,88.3,Black,Rain-fed,417.7,35.12,112.15,2.51,54483.83,3218.0,Lower relative rainfall,Higher relative temperature,Higher relative humidity,True,3,High relative climate deviation
1820,Karnataka,Mysuru,2016,Kharif,Sugarcane,497.61,37.2,58.7,Black,Rain-fed,184.1,40.59,4717.67,7.84,12999.94,416631.00000000006,Lower relative rainfall,Higher relative temperature,Moderate relative humidity,True,2,High relative climate deviation
1821,Karnataka,Mysuru,2016,Kharif,Rice,572.51,33.8,36.5,Alluvial,Tube Well,213.54,7.02,1643.68,3.07,51142.37,68949.0,Lower relative rainfall,Moderate relative temperature,Lower relative humidity,True,2,High relative climate deviation
1841,Karnataka,Hubli,2016,Rabi,Cotton,2149.71,22.3,85.5,Alluvial,Sprinkler,217.7,31.51,4020.53,8.19,26502.49,525061.0,Higher relative rainfall,Moderate relative temperature,Higher relative humidity,True,2,High relative climate deviation
1842,Karnataka,Hubli,2016,Rabi,Cotton,559.5,19.2,38.9,Alluvial,Rain-fed,223.66,38.03,284.72,8.46,60161.61,21465.0,Lower relative rainfall,Lower relative temperature,Lower relative humidity,True,3,High relative climate deviation
1855,Karnataka,Belagavi,2016,Kharif,Pulses,446.6,25.7,35.4,Alluvial,Tube Well,59.02,7.36,1540.9,8.49,60812.01,119210.0,Lower relative rainfall,Moderate relative temperature,Lower relative humidity,True,2,High relative climate deviation
1859,Karnataka,Belagavi,2016,Zaid,Cotton,457.51,23.5,37.1,Alluvial,Drip,350.52,19.74,3066.16,2.05,31770.36,99423.0,Lower relative rainfall,Moderate relative temperature,Lower relative humidity,True,2,High relative climate deviation
1862,Karnataka,Belagavi,2016,Kharif,Maize,2067.94,18.3,39.0,Sandy,Rain-fed,407.98,10.63,1509.72,7.53,61990.78,118523.0,Higher relative rainfall,Lower relative temperature,Lower relative humidity,True,3,High relative climate deviation
1886,Karnataka,Mangalore,2016,Rabi,Pulses,1145.35,36.2,39.6,Red,Drip,164.43,13.37,1626.69,1.36,13532.65,34212.0,Moderate relative rainfall,Higher relative temperature,Lower relative humidity,True,2,High relative climate deviation
1926,Tamil Nadu,Coimbatore,2016,Rabi,Wheat,470.92,18.7,83.4,Alluvial,Rain-fed,320.12,12.77,2775.91,6.05,16577.12,246294.0,Lower relative rainfall,Lower relative temperature,Moderate relative humidity,True,2,High relative climate deviation
1930,Tamil Nadu,Madurai,2016,Kharif,Sugarcane,1004.66,37.0,38.5,Red,Drip,267.5,56.88,3804.39,5.76,14680.33,337376.0,Moderate relative rainfall,Higher relative temperature,Lower relative humidity,True,2,High relative climate deviation
1934,Tamil Nadu,Madurai,2016,Rabi,Cotton,2161.72,19.9,67.1,Alluvial,Canal,99.92,21.96,3369.6,5.63,37141.65,229204.0,Higher relative rainfall,Lower relative temperature,Moderate relative humidity,True,2,High relative climate deviation
1940,Tamil Nadu,Madurai,2016,Rabi,Wheat,970.76,36.5,85.5,Sandy,Sprinkler,426.48,21.0,3888.71,2.0,62202.9,92359.0,Moderate relative rainfall,Higher relative temperature,Higher relative humidity,True,2,High relative climate deviation
1970,Tamil Nadu,Tiruchirappalli,2016,Kharif,Barley,2025.85,37.2,79.5,Alluvial,Sprinkler,413.88,16.75,892.45,2.01,34650.12,26644.0,Higher relative rainfall,Higher relative temperature,Moderate relative humidity,True,2,High relative climate deviation
1973,Tamil Nadu,Tiruchirappalli,2016,Zaid,Sugarcane,501.66,23.5,37.8,Laterite,Sprinkler,373.55,14.77,741.57,5.92,51347.27,57982.00000000001,Lower relative rainfall,Moderate relative temperature,Lower relative humidity,True,2,High relative climate deviation
1980,Tamil Nadu,Tiruchirappalli,2016,Zaid,Wheat,2139.74,36.3,60.1,Red,Canal,223.48,19.79,1889.4,7.0,54106.16,194590.0,Higher relative rainfall,Higher relative temperature,Moderate relative humidity,True,2,High relative climate deviation
2015,Rajasthan,Jodhpur,2016,Rabi,Barley,2024.55,23.1,37.1,Sandy,Drip,223.86,49.46,4078.48,2.48,25201.74,137763.0,Higher relative rainfall,Moderate relative temperature,Lower relative humidity,True,2,High relative climate deviation
2021,Rajasthan,Udaipur,2016,Rabi,Millets,2034.73,19.6,88.0,Laterite,Tube Well,135.96,33.8,4000.98,8.14,61414.14,406458.0,Higher relative rainfall,Lower relative temperature,Higher relative humidity,True,3,High relative climate deviation
2035,Rajasthan,Kota,2016,Kharif,Cotton,445.04,35.4,36.2,Alluvial,Rain-fed,396.63,28.17,1837.99,3.45,35593.06,63392.99999999999,Lower relative rainfall,Moderate relative temperature,Lower relative humidity,True,2,High relative climate deviation
2038,Rajasthan,Kota,2016,Kharif,Pulses,2116.9,36.3,82.6,Alluvial,Rain-fed,102.05,27.64,4920.88,5.81,60517.35,420594.0,Higher relative rainfall,Higher relative temperature,Moderate relative humidity,True,2,High relative climate deviation
2039,Rajasthan,Kota,2016,Rabi,Millets,452.03,38.0,75.5,Alluvial,Canal,78.06,45.46,4093.17,5.47,51933.61,260094.0,Lower relative rainfall,Higher relative temperature,Moderate relative humidity,True,2,High relative climate deviation
2040,Rajasthan,Kota,2016,Rabi,Barley,1900.39,37.9,39.8,Laterite,Canal,90.72,53.77,2561.67,6.67,35734.57,295448.0,Moderate relative rainfall,Higher relative temperature,Lower relative humidity,True,2,High relative climate deviation
2043,Rajasthan,Kota,2016,Rabi,Pulses,430.2,30.8,38.7,Laterite,Rain-fed,337.33,43.58,3489.11,1.23,21565.47,64562.0,Lower relative rainfall,Moderate relative temperature,Lower relative humidity,True,2,High relative climate deviation
2048,Rajasthan,Kota,2016,Rabi,Rice,766.82,37.4,85.5,Red,Sprinkler,80.54,42.09,142.45,3.79,31816.07,5763.0,Moderate relative rainfall,Higher relative temperature,Higher relative humidity,True,2,High relative climate deviation
2049,Rajasthan,Kota,2016,Zaid,Rice,1028.67,37.0,86.5,Sandy,Canal,360.33,25.06,922.16,2.07,41170.0,21530.0,Moderate relative rainfall,Higher relative temperature,Higher relative humidity,True,2,High relative climate deviation
2052,Rajasthan,Kota,2016,Kharif,Sugarcane,2128.93,19.3,49.2,Sandy,Rain-fed,204.07,19.25,3547.53,8.37,21171.62,509151.0,Higher relative rainfall,Lower relative temperature,Moderate relative humidity,True,2,High relative climate deviation
2058,Rajasthan,Ajmer,2016,Zaid,Barley,2149.06,36.4,76.2,Sandy,Drip,442.88,25.93,3117.71,1.33,59444.09,70002.0,Higher relative rainfall,Higher relative temperature,Moderate relative humidity,True,2,High relative climate deviation
2062,Rajasthan,Ajmer,2016,Kharif,Sugarcane,684.22,18.6,87.8,Sandy,Tube Well,314.4,55.21,1409.92,3.68,38147.33,48192.0,Moderate relative rainfall,Lower relative temperature,Higher relative humidity,True,2,High relative climate deviation
2065,Rajasthan,Ajmer,2016,Zaid,Millets,2118.31,26.0,88.9,Sandy,Sprinkler,436.42,7.29,2939.9,3.08,16421.87,117956.0,Higher relative rainfall,Moderate relative temperature,Higher relative humidity,True,2,High relative climate deviation
2068,Rajasthan,Ajmer,2016,Zaid,Maize,1918.02,18.5,39.9,Red,Tube Well,89.07,44.98,1048.3,3.99,60871.56,53622.0,Moderate relative rainfall,Lower relative temperature,Lower relative humidity,True,2,High relative climate deviation
2091,West Bengal,Howrah,2016,Kharif,Pulses,1448.23,18.7,36.0,Laterite,Sprinkler,180.46,44.89,1390.29,6.99,23143.08,158925.0,Moderate relative rainfall,Lower relative temperature,Lower relative humidity,True,2,High relative climate deviation
2121,West Bengal,Darjeeling,2016,Kharif,Cotton,715.27,37.2,85.7,Laterite,Canal,76.79,18.69,4516.51,6.52,53390.82,335976.0,Moderate relative rainfall,Higher relative temperature,Higher relative humidity,True,2,High relative climate deviation
2126,West Bengal,Siliguri,2016,Kharif,Millets,2072.1,19.6,61.7,Black,Rain-fed,60.73,6.8,2112.95,4.5,15020.15,130561.0,Higher relative rainfall,Lower relative temperature,Moderate relative humidity,True,2,High relative climate deviation
2127,West Bengal,Siliguri,2016,Rabi,Barley,408.66,19.9,56.6,Sandy,Rain-fed,266.35,17.75,3209.5,5.25,29000.29,175082.0,Lower relative rainfall,Lower relative temperature,Moderate relative humidity,True,2,High relative climate deviation
2137,West Bengal,Siliguri,2016,Zaid,Wheat,2103.43,33.2,89.4,Black,Rain-fed,99.28,35.46,2155.27,2.57,54027.61,66849.0,Higher relative rainfall,Moderate relative temperature,Higher relative humidity,True,2,High relative climate deviation
2144,West Bengal,Malda,2016,Rabi,Pulses,1408.33,37.3,85.7,Black,Sprinkler,430.57,47.66,3342.98,5.14,37014.69,227585.0,Moderate relative rainfall,Higher relative temperature,Higher relative humidity,True,2,High relative climate deviation
2148,West Bengal,Malda,2016,Rabi,Pulses,2104.81,19.3,50.1,Black,Tube Well,249.32,12.56,4337.95,1.7,58027.52,78838.0,Higher relative rainfall,Lower relative temperature,Moderate relative humidity,True,2,High relative climate deviation
2149,West Bengal,Malda,2016,Zaid,Pulses,1570.42,18.4,40.4,Laterite,Canal,118.45,42.45,2898.65,3.05,21052.94,75218.0,Moderate relative rainfall,Lower relative temperature,Lower relative humidity,True,2,High relative climate deviation
2153,West Bengal,Malda,2016,Kharif,Maize,449.88,20.6,39.0,Black,Sprinkler,102.28,11.55,2855.52,5.21,50206.14,137812.0,Lower relative rainfall,Moderate relative temperature,Lower relative humidity,True,2,High relative climate deviation
2172,Uttarakhand,Dehradun,2017,Kharif,Maize,2174.37,26.5,40.6,Laterite,Drip,121.49,21.12,2430.7,3.05,45577.67,99249.0,Higher relative rainfall,Moderate relative temperature,Lower relative humidity,True,2,High relative climate deviation
2189,Uttarakhand,Haridwar,2017,Kharif,Millets,777.12,36.6,35.9,Laterite,Tube Well,62.95,24.22,4190.98,3.73,29557.65,248712.0,Moderate relative rainfall,Higher relative temperature,Lower relative humidity,True,2,High relative climate deviation
2192,Uttarakhand,Haridwar,2017,Rabi,Cotton,1461.74,18.6,89.6,Laterite,Drip,337.97,41.62,2972.13,5.22,23065.39,255468.0,Moderate relative rainfall,Lower relative temperature,Higher relative humidity,True,2,High relative climate deviation
2200,Uttarakhand,Nainital,2017,Rabi,Maize,426.66,21.2,88.7,Black,Tube Well,327.63,13.2,2729.79,7.31,22143.82,173706.0,Lower relative rainfall,Moderate relative temperature,Higher relative humidity,True,2,High relative climate deviation
2201,Uttarakhand,Nainital,2017,Zaid,Rice,940.37,18.8,86.9,Sandy,Canal,385.04,52.93,4575.66,1.43,20082.48,96776.0,Moderate relative rainfall,Lower relative temperature,Higher relative humidity,True,2,High relative climate deviation
2205,Uttarakhand,Nainital,2017,Rabi,Wheat,2107.8,24.8,39.7,Laterite,Canal,331.55,13.61,3217.29,4.45,43124.06,114854.0,Higher relative rainfall,Moderate relative temperature,Lower relative humidity,True,2,High relative climate deviation
2211,Uttarakhand,Nainital,2017,Rabi,Wheat,546.19,37.9,68.1,Alluvial,Canal,307.6,21.24,3955.35,2.41,23970.55,79829.0,Lower relative rainfall,Higher relative temperature,Moderate relative humidity,True,2,High relative climate deviation
2229,Uttarakhand,Almora,2017,Rabi,Pulses,2144.97,32.5,38.9,Black,Canal,105.4,59.33,3883.29,5.07,19219.27,185013.0,Higher relative rainfall,Moderate relative temperature,Lower relative humidity,True,2,High relative climate deviation
2250,Uttarakhand,Pauri,2017,Rabi,Cotton,515.7,18.4,40.5,Sandy,Canal,206.39,36.92,120.99,6.21,27231.9,11937.0,Lower relative rainfall,Lower relative temperature,Lower relative humidity,True,3,High relative climate deviation
2262,Uttar Pradesh,Lucknow,2017,Zaid,Sugarcane,412.66,37.8,62.3,Laterite,Sprinkler,206.17,10.82,672.48,3.0,56366.38,28331.0,Lower relative rainfall,Higher relative temperature,Moderate relative humidity,True,2,High relative climate deviation
2273,Uttar Pradesh,Kanpur,2017,Zaid,Sugarcane,556.6,38.0,42.6,Red,Canal,378.54,49.06,1643.8,2.36,24608.32,57972.0,Lower relative rainfall,Higher relative temperature,Moderate relative humidity,True,2,High relative climate deviation
2276,Uttar Pradesh,Kanpur,2017,Zaid,Barley,2153.88,23.3,86.3,Black,Sprinkler,194.18,20.08,2403.53,4.06,52596.48,88584.0,Higher relative rainfall,Moderate relative temperature,Higher relative humidity,True,2,High relative climate deviation
2279,Uttar Pradesh,Kanpur,2017,Kharif,Pulses,491.9,37.4,46.7,Black,Drip,183.13,5.36,2542.25,6.81,44102.9,254872.0,Lower relative rainfall,Higher relative temperature,Moderate relative humidity,True,2,High relative climate deviation
2285,Uttar Pradesh,Kanpur,2017,Kharif,Rice,404.4,24.7,36.4,Sandy,Drip,84.02,14.53,2147.72,7.52,59578.92,149545.0,Lower relative rainfall,Moderate relative temperature,Lower relative humidity,True,2,High relative climate deviation
2290,Uttar Pradesh,Varanasi,2017,Kharif,Cotton,425.37,18.1,73.3,Black,Sprinkler,292.4,27.91,2444.9,4.54,57978.95,199132.0,Lower relative rainfall,Lower relative temperature,Moderate relative humidity,True,2,High relative climate deviation
2307,Uttar Pradesh,Agra,2017,Zaid,Rice,562.95,37.3,85.1,Sandy,Sprinkler,257.23,49.04,4321.85,8.22,25265.12,524865.0,Lower relative rainfall,Higher relative temperature,Higher relative humidity,True,3,High relative climate deviation
2315,Uttar Pradesh,Agra,2017,Zaid,Barley,2190.5,36.3,73.0,Black,Rain-fed,435.02,28.92,3507.36,3.63,64525.46,227627.0,Higher relative rainfall,Higher relative temperature,Moderate relative humidity,True,2,High relative climate deviation
2317,Uttar Pradesh,Agra,2017,Rabi,Rice,2058.02,19.4,54.8,Alluvial,Tube Well,271.75,27.11,3555.73,6.32,24719.6,381187.0,Higher relative rainfall,Lower relative temperature,Moderate relative humidity,True,2,High relative climate deviation
2323,Uttar Pradesh,Meerut,2017,Kharif,Barley,1179.02,18.8,85.9,Sandy,Sprinkler,383.67,38.74,2011.56,7.93,44103.19,249034.0,Moderate relative rainfall,Lower relative temperature,Higher relative humidity,True,2,High relative climate deviation
2324,Uttar Pradesh,Meerut,2017,Kharif,Maize,2188.36,34.8,89.5,Sandy,Sprinkler,229.6,6.98,855.17,2.97,47501.99,41647.0,Higher relative rainfall,Moderate relative temperature,Higher relative humidity,True,2,High relative climate deviation
2347,Punjab,Ludhiana,2017,Kharif,Cotton,2065.13,27.6,85.2,Sandy,Sprinkler,85.42,49.03,3311.5,7.8,29220.63,311671.0,Higher relative rainfall,Moderate relative temperature,Higher relative humidity,True,2,High relative climate deviation
2353,Punjab,Ludhiana,2017,Zaid,Wheat,2185.06,37.5,74.1,Alluvial,Sprinkler,328.31,8.81,2472.84,1.28,46725.32,47187.0,Higher relative rainfall,Higher relative temperature,Moderate relative humidity,True,2,High relative climate deviation
2355,Punjab,Ludhiana,2017,Zaid,Pulses,1173.74,37.2,39.2,Black,Rain-fed,407.75,31.11,2015.12,1.62,49924.59,40930.0,Moderate relative rainfall,Higher relative temperature,Lower relative humidity,True,2,High relative climate deviation
2369,Punjab,Amritsar,2017,Zaid,Millets,561.11,23.3,36.5,Red,Tube Well,166.03,48.96,1436.19,6.21,26882.92,101492.0,Lower relative rainfall,Moderate relative temperature,Lower relative humidity,True,2,High relative climate deviation
2370,Punjab,Amritsar,2017,Kharif,Barley,451.59,22.6,35.4,Sandy,Tube Well,84.49,38.05,2126.95,8.35,20065.95,279798.0,Lower relative rainfall,Moderate relative temperature,Lower relative humidity,True,2,High relative climate deviation
2380,Punjab,Patiala,2017,Kharif,Cotton,561.75,36.4,50.9,Sandy,Drip,300.21,54.01,4254.26,7.04,28609.1,344606.0,Lower relative rainfall,Higher relative temperature,Moderate relative humidity,True,2,High relative climate deviation
2395,Punjab,Jalandhar,2017,Zaid,Millets,800.83,18.2,85.1,Laterite,Drip,353.57,59.95,2361.09,6.86,25669.25,252771.0,Moderate relative rainfall,Lower relative temperature,Higher relative humidity,True,2,High relative climate deviation
2416,Punjab,Bathinda,2017,Rabi,Rice,2053.22,23.9,86.6,Black,Rain-fed,332.9,41.4,3228.65,5.28,12767.39,196055.0,Higher relative rainfall,Moderate relative temperature,Higher relative humidity,True,2,High relative climate deviation
2429,Punjab,Bathinda,2017,Zaid,Millets,414.02,18.2,52.1,Red,Canal,429.17,37.86,1099.64,2.39,56285.61,46209.0,Lower relative rainfall,Lower relative temperature,Moderate relative humidity,True,2,High relative climate deviation
2433,Maharashtra,Pune,2017,Kharif,Wheat,1569.4,36.3,89.7,Alluvial,Sprinkler,286.76,50.66,4721.64,4.33,37990.49,182633.0,Moderate relative rainfall,Higher relative temperature,Higher relative humidity,True,2,High relative climate deviation
2440,Maharashtra,Pune,2017,Zaid,Pulses,1891.54,36.2,36.9,Sandy,Sprinkler,381.08,43.08,2337.99,3.69,34906.51,117114.0,Moderate relative rainfall,Higher relative temperature,Lower relative humidity,True,2,High relative climate deviation
2451,Maharashtra,Nashik,2017,Zaid,Rice,905.87,18.6,84.7,Laterite,Tube Well,420.5,31.7,1189.98,6.27,54419.01,74376.0,Moderate relative rainfall,Lower relative temperature,Higher relative humidity,True,2,High relative climate deviation
2478,Maharashtra,Nagpur,2017,Rabi,Cotton,2187.08,30.1,39.8,Laterite,Sprinkler,395.6,33.85,2029.52,7.04,32377.09,231359.0,Higher relative rainfall,Moderate relative temperature,Lower relative humidity,True,2,High relative climate deviation
2494,Maharashtra,Aurangabad,2017,Rabi,Rice,496.07,19.8,44.8,Red,Sprinkler,245.69,7.47,4040.55,2.0,58314.18,91147.0,Lower relative rainfall,Lower relative temperature,Moderate relative humidity,True,2,High relative climate deviation
2499,Maharashtra,Aurangabad,2017,Zaid,Cotton,2127.92,20.0,75.5,Sandy,Canal,132.84,55.24,2541.32,8.03,35632.4,231508.0,Higher relative rainfall,Lower relative temperature,Moderate relative humidity,True,2,High relative climate deviation
2507,Maharashtra,Kolhapur,2017,Rabi,Maize,2038.46,25.2,88.0,Red,Canal,191.05,58.3,4894.51,1.41,43653.83,96146.0,Higher relative rainfall,Moderate relative temperature,Higher relative humidity,True,2,High relative climate deviation
2509,Maharashtra,Kolhapur,2017,Kharif,Cotton,630.44,19.6,87.1,Red,Sprinkler,106.01,7.14,4983.88,7.44,61463.86,343478.0,Moderate relative rainfall,Lower relative temperature,Higher relative humidity,True,2,High relative climate deviation
2519,Maharashtra,Kolhapur,2017,Zaid,Millets,1508.25,18.3,38.4,Laterite,Tube Well,164.01,23.2,1884.52,8.38,41013.22,175379.0,Moderate relative rainfall,Lower relative temperature,Lower relative humidity,True,2,High relative climate deviation
2525,Karnataka,Bengaluru,2017,Rabi,Cotton,2179.32,32.9,40.0,Laterite,Sprinkler,251.1,46.75,348.99,2.67,37103.42,10907.0,Higher relative rainfall,Moderate relative temperature,Lower relative humidity,True,2,High relative climate deviation
2527,Karnataka,Bengaluru,2017,Rabi,Barley,464.88,29.5,88.0,Sandy,Drip,257.06,32.84,1816.28,6.16,63914.49,93245.0,Lower relative rainfall,Moderate relative temperature,Higher relative humidity,True,2,High relative climate deviation
2536,Karnataka,Bengaluru,2017,Zaid,Rice,2125.73,20.4,89.2,Black,Rain-fed,122.82,12.65,3929.36,2.27,47244.42,129328.0,Higher relative rainfall,Moderate relative temperature,Higher relative humidity,True,2,High relative climate deviation
2548,Karnataka,Mysuru,2017,Rabi,Pulses,622.3,18.8,39.2,Red,Drip,288.14,13.42,4458.28,2.22,33277.03,137343.0,Moderate relative rainfall,Lower relative temperature,Lower relative humidity,True,2,High relative climate deviation
2552,Karnataka,Mysuru,2017,Rabi,Wheat,413.87,37.2,84.7,Laterite,Canal,388.18,55.46,4624.19,5.21,14208.47,332240.0,Lower relative rainfall,Higher relative temperature,Higher relative humidity,True,3,High relative climate deviation
2553,Karnataka,Mysuru,2017,Kharif,Rice,2148.65,19.7,63.7,Sandy,Drip,389.76,29.95,3471.96,2.68,21552.1,96857.0,Higher relative rainfall,Lower relative temperature,Moderate relative humidity,True,2,High relative climate deviation
2556,Karnataka,Mysuru,2017,Kharif,Wheat,656.83,18.7,38.8,Alluvial,Sprinkler,359.93,54.83,1682.67,3.42,38734.49,90871.0,Moderate relative rainfall,Lower relative temperature,Lower relative humidity,True,2,High relative climate deviation
2559,Karnataka,Hubli,2017,Zaid,Millets,419.3,37.3,49.8,Black,Drip,74.6,50.04,1770.94,6.31,44987.15,151059.0,Lower relative rainfall,Higher relative temperature,Moderate relative humidity,True,2,High relative climate deviation
2561,Karnataka,Hubli,2017,Zaid,Sugarcane,454.95,32.0,89.0,Black,Drip,324.25,44.66,4473.15,5.5,53045.95,346050.0,Lower relative rainfall,Moderate relative temperature,Higher relative humidity,True,2,High relative climate deviation
2587,Karnataka,Belagavi,2017,Zaid,Maize,943.4,36.8,85.0,Red,Tube Well,163.53,59.4,115.91,2.5,18542.35,2986.0,Moderate relative rainfall,Higher relative temperature,Higher relative humidity,True,2,High relative climate deviation
2600,Karnataka,Mangalore,2017,Kharif,Cotton,2081.36,37.5,75.0,Black,Drip,109.02,44.96,3700.4,3.04,21230.23,134211.0,Higher relative rainfall,Higher relative temperature,Moderate relative humidity,True,2,High relative climate deviation
2601,Karnataka,Mangalore,2017,Rabi,Wheat,2190.98,24.3,86.6,Laterite,Tube Well,437.01,53.46,878.74,5.12,35373.6,37764.0,Higher relative rainfall,Moderate relative temperature,Higher relative humidity,True,2,High relative climate deviation
2609,Karnataka,Mangalore,2017,Zaid,Pulses,1441.86,19.4,39.4,Laterite,Canal,220.55,36.82,1016.72,1.79,22131.97,19099.0,Moderate relative rainfall,Lower relative temperature,Lower relative humidity,True,2,High relative climate deviation
2623,Tamil Nadu,Chennai,2017,Kharif,Maize,588.05,26.2,38.6,Alluvial,Drip,67.99,6.14,4232.93,1.21,12635.31,55946.0,Lower relative rainfall,Moderate relative temperature,Lower relative humidity,True,2,High relative climate deviation
2627,Tamil Nadu,Chennai,2017,Kharif,Sugarcane,1491.65,19.7,88.4,Red,Rain-fed,139.28,30.11,3215.72,2.37,26719.95,97289.0,Moderate relative rainfall,Lower relative temperature,Higher relative humidity,True,2,High relative climate deviation
2632,Tamil Nadu,Coimbatore,2017,Zaid,Wheat,1729.99,37.3,39.1,Red,Rain-fed,192.05,30.23,3317.98,2.56,48399.5,97373.0,Moderate relative rainfall,Higher relative temperature,Lower relative humidity,True,2,High relative climate deviation
2645,Tamil Nadu,Coimbatore,2017,Zaid,Barley,420.84,20.0,75.5,Red,Rain-fed,309.85,16.21,3941.89,3.83,18815.52,132161.0,Lower relative rainfall,Lower relative temperature,Moderate relative humidity,True,2,High relative climate deviation
2653,Tamil Nadu,Madurai,2017,Zaid,Cotton,1852.12,19.0,35.5,Laterite,Rain-fed,277.32,53.06,4627.25,4.05,40955.85,173518.0,Moderate relative rainfall,Lower relative temperature,Lower relative humidity,True,2,High relative climate deviation
2662,Tamil Nadu,Madurai,2017,Kharif,Barley,2052.62,23.4,36.7,Black,Sprinkler,316.53,58.82,1463.01,7.94,29826.89,135514.0,Higher relative rainfall,Moderate relative temperature,Lower relative humidity,True,2,High relative climate deviation
2670,Tamil Nadu,Salem,2017,Zaid,Cotton,1330.95,19.0,88.8,Alluvial,Sprinkler,113.96,42.97,3382.22,8.48,44146.47,467348.0,Moderate relative rainfall,Lower relative temperature,Higher relative humidity,True,2,High relative climate deviation
2674,Tamil Nadu,Salem,2017,Zaid,Cotton,2090.13,27.3,35.6,Sandy,Tube Well,431.9,45.38,696.64,2.81,13272.99,24346.0,Higher relative rainfall,Moderate relative temperature,Lower relative humidity,True,2,High relative climate deviation
2706,Rajasthan,Jaipur,2017,Kharif,Pulses,2100.19,25.7,37.5,Red,Tube Well,99.07,38.81,2957.46,2.01,55578.17,91246.0,Higher relative rainfall,Moderate relative temperature,Lower relative humidity,True,2,High relative climate deviation
2715,Rajasthan,Jaipur,2017,Rabi,Wheat,2033.14,18.2,61.6,Laterite,Drip,317.71,14.56,3420.62,6.33,24800.89,374289.0,Higher relative rainfall,Lower relative temperature,Moderate relative humidity,True,2,High relative climate deviation
2732,Rajasthan,Jodhpur,2017,Zaid,Maize,2084.28,24.1,38.2,Black,Canal,297.53,30.95,2771.1,2.81,37794.56,76228.0,Higher relative rainfall,Moderate relative temperature,Lower relative humidity,True,2,High relative climate deviation
2737,Rajasthan,Udaipur,2017,Rabi,Pulses,2029.76,18.3,53.0,Sandy,Drip,281.71,23.38,3202.74,2.41,37266.38,75979.0,Higher relative rainfall,Lower relative temperature,Moderate relative humidity,True,2,High relative climate deviation
2740,Rajasthan,Udaipur,2017,Kharif,Rice,482.75,20.0,87.6,Sandy,Sprinkler,289.8,45.9,525.98,1.55,32056.71,10706.0,Lower relative rainfall,Lower relative temperature,Higher relative humidity,True,3,High relative climate deviation
2742,Rajasthan,Udaipur,2017,Zaid,Pulses,550.09,37.1,69.2,Black,Drip,179.6,49.0,1224.78,3.39,14493.65,56527.0,Lower relative rainfall,Higher relative temperature,Moderate relative humidity,True,2,High relative climate deviation
2747,Rajasthan,Udaipur,2017,Kharif,Pulses,1487.91,36.0,87.2,Alluvial,Canal,89.07,47.53,2481.19,3.54,59914.58,131531.0,Moderate relative rainfall,Higher relative temperature,Higher relative humidity,True,2,High relative climate deviation
2755,Rajasthan,Kota,2017,Kharif,Maize,2115.55,18.1,52.6,Black,Drip,183.24,32.9,4385.9,6.7,34912.44,303806.0,Higher relative rainfall,Lower relative temperature,Moderate relative humidity,True,2,High relative climate deviation
2767,Rajasthan,Kota,2017,Zaid,Wheat,852.85,37.7,87.6,Black,Canal,172.13,32.76,894.6,4.56,19207.2,67801.0,Moderate relative rainfall,Higher relative temperature,Higher relative humidity,True,2,High relative climate deviation
2784,Rajasthan,Ajmer,2017,Kharif,Pulses,1446.35,20.0,84.5,Black,Tube Well,177.37,12.63,4955.59,1.79,14337.3,151666.0,Moderate relative rainfall,Lower relative temperature,Higher relative humidity,True,2,High relative climate deviation
2788,Rajasthan,Ajmer,2017,Rabi,Barley,521.91,37.6,66.8,Red,Tube Well,117.86,43.75,4230.98,6.6,49560.45,390837.0,Lower relative rainfall,Higher relative temperature,Moderate relative humidity,True,2,High relative climate deviation
2803,West Bengal,Kolkata,2017,Zaid,Cotton,584.34,37.1,38.6,Black,Canal,84.01,53.64,1984.5,8.44,22723.62,272722.0,Lower relative rainfall,Higher relative temperature,Lower relative humidity,True,3,High relative climate deviation
2831,West Bengal,Darjeeling,2017,Zaid,Maize,423.16,22.9,88.7,Laterite,Drip,51.32,51.37,4299.04,6.11,50153.33,296691.0,Lower relative rainfall,Moderate relative temperature,Higher relative humidity,True,2,High relative climate deviation
2838,West Bengal,Darjeeling,2017,Zaid,Sugarcane,1313.82,36.0,85.0,Alluvial,Drip,412.77,9.06,691.94,5.49,35411.01,46104.0,Moderate relative rainfall,Higher relative temperature,Higher relative humidity,True,2,High relative climate deviation
2851,West Bengal,Siliguri,2017,Rabi,Wheat,473.59,19.4,66.9,Laterite,Drip,72.24,53.89,271.12,2.73,38842.8,8291.0,Lower relative rainfall,Lower relative temperature,Moderate relative humidity,True,2,High relative climate deviation
2853,West Bengal,Siliguri,2017,Zaid,Pulses,2103.37,25.6,38.7,Red,Drip,137.61,11.01,4799.38,3.76,18670.19,263520.0,Higher relative rainfall,Moderate relative temperature,Lower relative humidity,True,2,High relative climate deviation
2873,West Bengal,Malda,2017,Rabi,Cotton,562.5,33.9,88.0,Black,Rain-fed,423.26,43.59,783.54,6.7,12051.75,91295.0,Lower relative rainfall,Moderate relative temperature,Higher relative humidity,True,2,High relative climate deviation
2875,West Bengal,Malda,2017,Rabi,Sugarcane,553.97,33.3,37.8,Black,Rain-fed,142.9,27.13,237.15,7.8,20401.21,17585.0,Lower relative rainfall,Moderate relative temperature,Lower relative humidity,True,2,High relative climate deviation
2876,West Bengal,Malda,2017,Zaid,Cotton,1967.94,18.2,89.1,Sandy,Tube Well,281.83,46.53,4760.99,3.83,17313.87,296917.0,Moderate relative rainfall,Lower relative temperature,Higher relative humidity,True,2,High relative climate deviation
2883,Uttarakhand,Dehradun,2018,Rabi,Millets,1507.58,36.5,87.3,Sandy,Tube Well,110.91,54.23,1824.78,6.78,17516.87,99203.0,Moderate relative rainfall,Higher relative temperature,Higher relative humidity,True,2,High relative climate deviation
2908,Uttarakhand,Haridwar,2018,Kharif,Cotton,438.23,27.4,85.0,Red,Canal,210.59,54.72,3673.58,1.9,14712.46,116230.0,Lower relative rainfall,Moderate relative temperature,Higher relative humidity,True,2,High relative climate deviation
2912,Uttarakhand,Haridwar,2018,Zaid,Maize,1388.59,19.3,88.3,Sandy,Rain-fed,386.41,37.28,676.58,7.4,52181.41,71285.0,Moderate relative rainfall,Lower relative temperature,Higher relative humidity,True,2,High relative climate deviation
2942,Uttarakhand,Almora,2018,Rabi,Sugarcane,2199.37,19.9,73.6,Laterite,Tube Well,277.36,27.99,4459.57,8.21,15979.58,627032.0,Higher relative rainfall,Lower relative temperature,Moderate relative humidity,True,2,High relative climate deviation
2953,Uttarakhand,Pauri,2018,Kharif,Wheat,689.8,37.2,86.1,Laterite,Drip,390.08,12.38,2618.22,1.84,36080.56,42426.0,Moderate relative rainfall,Higher relative temperature,Higher relative humidity,True,2,High relative climate deviation
2996,Uttar Pradesh,Kanpur,2018,Kharif,Rice,1509.04,19.5,35.0,Red,Drip,137.43,20.96,2792.13,5.86,24978.31,292378.0,Moderate relative rainfall,Lower relative temperature,Lower relative humidity,True,2,High relative climate deviation
2997,Uttar Pradesh,Kanpur,2018,Zaid,Rice,1480.52,18.2,85.0,Laterite,Drip,51.56,31.03,3782.59,1.39,37344.65,89863.0,Moderate relative rainfall,Lower relative temperature,Higher relative humidity,True,2,High relative climate deviation
3008,Uttar Pradesh,Varanasi,2018,Kharif,Millets,2171.62,27.3,86.7,Laterite,Tube Well,149.02,37.34,2397.43,2.8,45984.99,88305.0,Higher relative rainfall,Moderate relative temperature,Higher relative humidity,True,2,High relative climate deviation
3022,Uttar Pradesh,Varanasi,2018,Kharif,Wheat,675.25,36.8,35.9,Alluvial,Tube Well,164.5,25.34,3967.13,6.57,61624.93,287480.0,Moderate relative rainfall,Higher relative temperature,Lower relative humidity,True,2,High relative climate deviation
3028,Uttar Pradesh,Agra,2018,Zaid,Sugarcane,1608.15,18.7,37.2,Sandy,Sprinkler,63.95,24.63,2999.32,8.12,41084.97,261378.00000000003,Moderate relative rainfall,Lower relative temperature,Lower relative humidity,True,2,High relative climate deviation
3049,Uttar Pradesh,Meerut,2018,Kharif,Pulses,2119.07,19.4,54.4,Red,Canal,359.96,41.75,1280.75,4.73,60181.69,70241.0,Higher relative rainfall,Lower relative temperature,Moderate relative humidity,True,2,High relative climate deviation
3056,Uttar Pradesh,Meerut,2018,Kharif,Wheat,1484.99,37.1,36.4,Black,Rain-fed,70.82,51.5,3720.76,4.06,33083.61,126827.0,Moderate relative rainfall,Higher relative temperature,Lower relative humidity,True,2,High relative climate deviation
3064,Punjab,Ludhiana,2018,Rabi,Rice,487.77,24.2,36.7,Black,Drip,404.66,42.24,4946.02,7.91,29324.42,315775.0,Lower relative rainfall,Moderate relative temperature,Lower relative humidity,True,2,High relative climate deviation
3065,Punjab,Ludhiana,2018,Rabi,Barley,498.21,29.3,39.2,Alluvial,Rain-fed,205.1,20.2,3826.61,4.11,61654.53,162165.0,Lower relative rainfall,Moderate relative temperature,Lower relative humidity,True,2,High relative climate deviation
3066,Punjab,Ludhiana,2018,Rabi,Wheat,2027.45,37.1,45.5,Red,Canal,53.12,31.14,3486.38,2.08,54079.36,79413.0,Higher relative rainfall,Higher relative temperature,Moderate relative humidity,True,2,High relative climate deviation
3074,Punjab,Ludhiana,2018,Rabi,Cotton,566.33,35.8,35.0,Alluvial,Drip,213.95,37.84,1620.3,8.09,46696.67,176011.0,Lower relative rainfall,Moderate relative temperature,Lower relative humidity,True,2,High relative climate deviation
3075,Punjab,Ludhiana,2018,Zaid,Cotton,413.39,20.4,88.9,Alluvial,Canal,86.3,32.11,4426.37,1.85,13533.14,74048.0,Lower relative rainfall,Moderate relative temperature,Higher relative humidity,True,2,High relative climate deviation
3107,Punjab,Patiala,2018,Rabi,Pulses,504.33,36.6,75.1,Red,Drip,263.98,32.07,2998.64,5.24,20796.42,179223.0,Lower relative rainfall,Higher relative temperature,Moderate relative humidity,True,2,High relative climate deviation
3111,Punjab,Patiala,2018,Zaid,Millets,1520.98,37.5,35.5,Black,Canal,429.17,31.71,3192.02,2.74,33950.94,140878.0,Moderate relative rainfall,Higher relative temperature,Lower relative humidity,True,2,High relative climate deviation
3117,Punjab,Jalandhar,2018,Rabi,Millets,874.37,37.9,36.8,Red,Tube Well,175.84,8.05,4792.97,3.84,16500.81,311698.0,Moderate relative rainfall,Higher relative temperature,Lower relative humidity,True,2,High relative climate deviation
3136,Punjab,Bathinda,2018,Zaid,Maize,2144.67,37.9,76.2,Sandy,Sprinkler,328.88,24.8,4817.28,3.07,26955.24,212947.0,Higher relative rainfall,Higher relative temperature,Moderate relative humidity,True,2,High relative climate deviation
3145,Punjab,Bathinda,2018,Rabi,Wheat,438.04,19.3,46.9,Black,Drip,389.99,21.93,3711.1,1.33,23050.52,77530.0,Lower relative rainfall,Lower relative temperature,Moderate relative humidity,True,2,High relative climate deviation
3159,Maharashtra,Pune,2018,Zaid,Sugarcane,566.1,37.0,54.8,Laterite,Drip,430.63,49.11,4994.74,1.25,62017.16,94004.0,Lower relative rainfall,Higher relative temperature,Moderate relative humidity,True,2,High relative climate deviation
3181,Maharashtra,Nashik,2018,Rabi,Sugarcane,2022.75,36.5,69.0,Laterite,Drip,404.0,39.25,1658.39,4.06,59647.57,104583.0,Higher relative rainfall,Higher relative temperature,Moderate relative humidity,True,2,High relative climate deviation
3198,Maharashtra,Nagpur,2018,Zaid,Cotton,2022.03,37.4,73.1,Sandy,Rain-fed,288.47,48.57,1926.88,4.27,52313.37,96114.0,Higher relative rainfall,Higher relative temperature,Moderate relative humidity,True,2,High relative climate deviation
3219,Maharashtra,Aurangabad,2018,Zaid,Cotton,478.61,31.3,40.4,Laterite,Sprinkler,445.62,19.29,1215.56,2.39,50015.29,50196.0,Lower relative rainfall,Moderate relative temperature,Lower relative humidity,True,2,High relative climate deviation
3228,Maharashtra,Kolhapur,2018,Zaid,Pulses,460.35,18.4,49.8,Red,Tube Well,109.08,30.21,2160.58,6.96,24995.57,245422.0,Lower relative rainfall,Lower relative temperature,Moderate relative humidity,True,2,High relative climate deviation
3232,Maharashtra,Kolhapur,2018,Rabi,Wheat,1850.48,20.0,85.8,Laterite,Rain-fed,159.51,17.7,4560.42,3.0,63208.52,127769.0,Moderate relative rainfall,Lower relative temperature,Higher relative humidity,True,2,High relative climate deviation
3234,Maharashtra,Kolhapur,2018,Zaid,Cotton,2194.81,36.0,86.9,Sandy,Drip,101.79,40.0,3846.14,6.45,60416.08,317742.0,Higher relative rainfall,Higher relative temperature,Higher relative humidity,True,3,High relative climate deviation
3268,Karnataka,Mysuru,2018,Kharif,Sugarcane,421.98,33.6,37.0,Alluvial,Drip,335.21,8.56,1689.82,4.76,29646.34,143818.0,Lower relative rainfall,Moderate relative temperature,Lower relative humidity,True,2,High relative climate deviation
3278,Karnataka,Hubli,2018,Rabi,Millets,717.95,38.0,36.8,Sandy,Sprinkler,73.49,9.59,416.05,6.94,57836.87,25766.000000000004,Moderate relative rainfall,Higher relative temperature,Lower relative humidity,True,2,High relative climate deviation
3280,Karnataka,Hubli,2018,Kharif,Maize,2191.73,19.5,66.5,Black,Tube Well,83.1,12.5,4319.89,4.15,23249.34,310552.0,Higher relative rainfall,Lower relative temperature,Moderate relative humidity,True,2,High relative climate deviation
3291,Karnataka,Hubli,2018,Rabi,Sugarcane,1725.0,19.8,89.3,Black,Sprinkler,445.04,37.33,2415.44,5.03,57671.43,181066.0,Moderate relative rainfall,Lower relative temperature,Higher relative humidity,True,2,High relative climate deviation
3295,Karnataka,Belagavi,2018,Kharif,Rice,777.46,19.1,39.1,Sandy,Sprinkler,321.11,56.85,317.39,6.52,42225.96,33057.0,Moderate relative rainfall,Lower relative temperature,Lower relative humidity,True,2,High relative climate deviation
3305,Karnataka,Belagavi,2018,Rabi,Millets,956.51,18.1,38.1,Black,Drip,324.42,10.88,453.62,5.05,35731.82,35534.0,Moderate relative rainfall,Lower relative temperature,Lower relative humidity,True,2,High relative climate deviation
3318,Karnataka,Mangalore,2018,Rabi,Pulses,589.29,28.4,86.2,Red,Canal,52.79,45.93,4231.06,2.02,37790.01,98207.0,Lower relative rainfall,Moderate relative temperature,Higher relative humidity,True,2,High relative climate deviation
3342,Tamil Nadu,Chennai,2018,Zaid,Rice,792.14,19.5,89.7,Sandy,Drip,127.11,9.13,1787.85,6.12,49934.59,175591.0,Moderate relative rainfall,Lower relative temperature,Higher relative humidity,True,2,High relative climate deviation
3344,Tamil Nadu,Chennai,2018,Kharif,Rice,905.03,37.3,86.2,Laterite,Sprinkler,367.4,27.97,1596.06,7.79,64460.49,107450.0,Moderate relative rainfall,Higher relative temperature,Higher relative humidity,True,2,High relative climate deviation
3355,Tamil Nadu,Coimbatore,2018,Rabi,Sugarcane,2095.18,37.9,77.7,Laterite,Sprinkler,407.1,58.1,3984.65,6.95,46251.14,364691.0,Higher relative rainfall,Higher relative temperature,Moderate relative humidity,True,2,High relative climate deviation
3371,Tamil Nadu,Madurai,2018,Rabi,Barley,506.77,35.8,89.5,Alluvial,Canal,241.54,33.79,3165.21,8.18,27043.99,220282.00000000003,Lower relative rainfall,Moderate relative temperature,Higher relative humidity,True,2,High relative climate deviation
3378,Tamil Nadu,Madurai,2018,Zaid,Cotton,929.75,36.9,38.9,Sandy,Sprinkler,115.33,48.51,1445.92,7.4,29147.73,174557.0,Moderate relative rainfall,Higher relative temperature,Lower relative humidity,True,2,High relative climate deviation
3381,Tamil Nadu,Madurai,2018,Zaid,Millets,2117.91,37.9,68.3,Laterite,Tube Well,371.82,41.1,3254.43,6.63,50134.2,201226.0,Higher relative rainfall,Higher relative temperature,Moderate relative humidity,True,2,High relative climate deviation
3385,Tamil Nadu,Salem,2018,Rabi,Barley,817.5,36.3,89.3,Sandy,Canal,168.81,34.66,1272.81,5.46,51531.92,118084.0,Moderate relative rainfall,Higher relative temperature,Higher relative humidity,True,2,High relative climate deviation
3395,Tamil Nadu,Salem,2018,Kharif,Cotton,2052.2,21.3,35.5,Red,Rain-fed,59.43,42.08,898.21,1.34,25043.05,14266.999999999998,Higher relative rainfall,Moderate relative temperature,Lower relative humidity,True,2,High relative climate deviation
3400,Tamil Nadu,Salem,2018,Zaid,Barley,906.42,18.3,39.3,Laterite,Rain-fed,172.77,40.0,4695.55,8.44,59050.46,581920.0,Moderate relative rainfall,Lower relative temperature,Lower relative humidity,True,2,High relative climate deviation
3420,Tamil Nadu,Tiruchirappalli,2018,Rabi,Cotton,2070.06,35.9,39.5,Sandy,Drip,305.45,59.01,2134.03,4.27,37621.05,163202.0,Higher relative rainfall,Moderate relative temperature,Lower relative humidity,True,2,High relative climate deviation
3428,Rajasthan,Jaipur,2018,Kharif,Cotton,1782.78,36.6,88.7,Laterite,Sprinkler,383.38,6.14,2957.23,5.71,44800.03,276653.0,Moderate relative rainfall,Higher relative temperature,Higher relative humidity,True,2,High relative climate deviation
3430,Rajasthan,Jaipur,2018,Zaid,Maize,446.87,27.3,36.8,Sandy,Tube Well,59.38,26.6,3869.34,3.75,25880.24,166462.0,Lower relative rainfall,Moderate relative temperature,Lower relative humidity,True,2,High relative climate deviation
3435,Rajasthan,Jaipur,2018,Kharif,Barley,2020.54,37.5,85.2,Alluvial,Tube Well,101.48,23.36,4667.34,4.73,55890.53,276310.0,Higher relative rainfall,Higher relative temperature,Higher relative humidity,True,3,High relative climate deviation
3444,Rajasthan,Jodhpur,2018,Rabi,Millets,1507.97,36.4,88.1,Black,Canal,149.53,31.8,1544.49,6.32,16987.08,119516.0,Moderate relative rainfall,Higher relative temperature,Higher relative humidity,True,2,High relative climate deviation
3454,Rajasthan,Jodhpur,2018,Zaid,Rice,458.69,20.0,72.0,Sandy,Drip,234.99,17.23,3240.31,6.17,16213.44,193813.0,Lower relative rainfall,Lower relative temperature,Moderate relative humidity,True,2,High relative climate deviation
3460,Rajasthan,Udaipur,2018,Zaid,Wheat,412.47,22.9,35.0,Black,Drip,421.1,30.08,853.5,8.3,57859.14,108823.0,Lower relative rainfall,Moderate relative temperature,Lower relative humidity,True,2,High relative climate deviation
3461,Rajasthan,Udaipur,2018,Kharif,Wheat,2035.03,38.0,35.6,Black,Sprinkler,78.21,59.18,2757.73,7.77,34477.39,329543.0,Higher relative rainfall,Higher relative temperature,Lower relative humidity,True,3,High relative climate deviation
3469,Rajasthan,Udaipur,2018,Rabi,Cotton,2059.85,19.6,38.9,Sandy,Tube Well,430.95,57.71,2418.71,2.38,26816.82,91137.0,Higher relative rainfall,Lower relative temperature,Lower relative humidity,True,3,High relative climate deviation
3470,Rajasthan,Udaipur,2018,Zaid,Cotton,1456.43,18.9,37.4,Alluvial,Tube Well,397.5,28.15,2807.87,6.89,63418.38,221823.0,Moderate relative rainfall,Lower relative temperature,Lower relative humidity,True,2,High relative climate deviation
3475,Rajasthan,Kota,2018,Rabi,Barley,491.11,36.8,79.5,Black,Canal,239.22,31.65,880.74,3.3,37397.84,31647.000000000004,Lower relative rainfall,Higher relative temperature,Moderate relative humidity,True,2,High relative climate deviation
3499,Rajasthan,Ajmer,2018,Zaid,Barley,2010.77,37.2,89.6,Black,Drip,295.12,5.23,1891.3,5.08,44028.72,122333.0,Moderate relative rainfall,Higher relative temperature,Higher relative humidity,True,2,High relative climate deviation
3503,Rajasthan,Ajmer,2018,Rabi,Barley,401.74,31.5,35.6,Laterite,Rain-fed,150.75,53.65,1914.33,1.95,54787.16,30443.0,Lower relative rainfall,Moderate relative temperature,Lower relative humidity,True,2,High relative climate deviation
3512,West Bengal,Kolkata,2018,Kharif,Rice,2029.19,18.1,45.4,Laterite,Drip,306.78,7.19,363.39,3.0,61284.17,12828.0,Higher relative rainfall,Lower relative temperature,Moderate relative humidity,True,2,High relative climate deviation
3517,West Bengal,Kolkata,2018,Zaid,Cotton,533.94,24.2,85.8,Sandy,Drip,124.21,59.3,1333.04,3.9,35467.09,42957.0,Lower relative rainfall,Moderate relative temperature,Higher relative humidity,True,2,High relative climate deviation
3529,West Bengal,Howrah,2018,Rabi,Pulses,833.39,37.4,39.3,Red,Tube Well,445.02,13.99,1880.91,6.58,52880.65,133125.0,Moderate relative rainfall,Higher relative temperature,Lower relative humidity,True,2,High relative climate deviation
3534,West Bengal,Howrah,2018,Rabi,Wheat,1998.72,19.7,39.0,Alluvial,Drip,233.37,41.92,1445.04,8.26,15977.11,191062.0,Moderate relative rainfall,Lower relative temperature,Lower relative humidity,True,2,High relative climate deviation
3541,West Bengal,Howrah,2018,Zaid,Wheat,578.44,18.3,86.2,Red,Canal,344.15,38.72,1264.0,1.74,58186.72,39217.0,Lower relative rainfall,Lower relative temperature,Higher relative humidity,True,3,High relative climate deviation
3545,West Bengal,Howrah,2018,Zaid,Rice,467.55,19.4,77.1,Laterite,Tube Well,276.21,45.13,3524.31,4.62,55417.25,161036.0,Lower relative rainfall,Lower relative temperature,Moderate relative humidity,True,2,High relative climate deviation
3557,West Bengal,Darjeeling,2018,Rabi,Wheat,2144.28,37.9,78.5,Red,Drip,161.63,50.42,1761.05,7.56,51103.96,120516.0,Higher relative rainfall,Higher relative temperature,Moderate relative humidity,True,2,High relative climate deviation
3598,West Bengal,Malda,2018,Rabi,Millets,476.35,31.7,40.6,Laterite,Sprinkler,386.84,10.06,1411.58,6.06,31043.29,120587.0,Lower relative rainfall,Moderate relative temperature,Lower relative humidity,True,2,High relative climate deviation
3607,Uttarakhand,Dehradun,2019,Rabi,Rice,454.64,26.1,87.5,Alluvial,Rain-fed,350.64,48.12,4311.23,6.76,41920.47,417854.0,Lower relative rainfall,Moderate relative temperature,Higher relative humidity,True,2,High relative climate deviation
3612,Uttarakhand,Dehradun,2019,Rabi,Wheat,411.04,37.4,72.5,Black,Drip,328.79,52.86,2651.97,1.78,49139.1,47232.0,Lower relative rainfall,Higher relative temperature,Moderate relative humidity,True,2,High relative climate deviation
3616,Uttarakhand,Dehradun,2019,Zaid,Wheat,2021.88,37.8,83.9,Black,Tube Well,444.82,28.13,2647.23,1.98,16352.92,88783.0,Higher relative rainfall,Higher relative temperature,Moderate relative humidity,True,2,High relative climate deviation
3627,Uttarakhand,Haridwar,2019,Kharif,Millets,1981.55,18.0,88.3,Black,Rain-fed,255.88,24.68,3667.96,2.0,57067.54,129515.0,Moderate relative rainfall,Lower relative temperature,Higher relative humidity,True,2,High relative climate deviation
3632,Uttarakhand,Haridwar,2019,Zaid,Rice,2050.36,34.9,38.3,Laterite,Rain-fed,80.81,14.06,1114.45,8.33,13215.35,113235.0,Higher relative rainfall,Moderate relative temperature,Lower relative humidity,True,2,High relative climate deviation
3636,Uttarakhand,Haridwar,2019,Rabi,Pulses,2114.72,27.8,39.7,Sandy,Canal,330.06,31.98,2387.64,8.16,18482.57,165687.0,Higher relative rainfall,Moderate relative temperature,Lower relative humidity,True,2,High relative climate deviation
3643,Uttarakhand,Nainital,2019,Zaid,Wheat,2096.37,20.5,37.9,Laterite,Drip,172.31,30.65,3152.46,5.95,44466.48,288115.0,Higher relative rainfall,Moderate relative temperature,Lower relative humidity,True,2,High relative climate deviation
3652,Uttarakhand,Nainital,2019,Rabi,Millets,1528.73,19.3,88.6,Sandy,Sprinkler,388.0,34.07,3197.45,3.24,15203.68,158846.0,Moderate relative rainfall,Lower relative temperature,Higher relative humidity,True,2,High relative climate deviation
3654,Uttarakhand,Nainital,2019,Zaid,Rice,1369.42,19.5,38.7,Laterite,Tube Well,117.52,31.94,2258.6,2.81,55652.35,80200.0,Moderate relative rainfall,Lower relative temperature,Lower relative humidity,True,2,High relative climate deviation
3658,Uttarakhand,Almora,2019,Rabi,Sugarcane,586.98,36.6,40.7,Laterite,Tube Well,238.3,57.88,2979.98,1.99,21722.22,84585.0,Lower relative rainfall,Higher relative temperature,Moderate relative humidity,True,2,High relative climate deviation
3661,Uttarakhand,Almora,2019,Zaid,Maize,492.32,19.5,58.0,Alluvial,Rain-fed,411.81,27.32,2342.29,3.94,20288.39,79523.0,Lower relative rainfall,Lower relative temperature,Moderate relative humidity,True,2,High relative climate deviation
3667,Uttarakhand,Almora,2019,Rabi,Maize,459.05,34.5,84.6,Red,Sprinkler,136.8,48.45,321.73,4.52,20923.73,13719.0,Lower relative rainfall,Moderate relative temperature,Higher relative humidity,True,2,High relative climate deviation
3669,Uttarakhand,Almora,2019,Zaid,Millets,2119.75,36.1,77.0,Black,Drip,256.37,11.49,412.33,2.71,46604.52,10863.0,Higher relative rainfall,Higher relative temperature,Moderate relative humidity,True,2,High relative climate deviation
3676,Uttarakhand,Pauri,2019,Kharif,Rice,553.05,29.9,85.1,Alluvial,Canal,178.09,26.61,1253.07,7.49,47684.25,120624.0,Lower relative rainfall,Moderate relative temperature,Higher relative humidity,True,2,High relative climate deviation
3682,Uttarakhand,Pauri,2019,Kharif,Millets,2197.78,18.3,46.1,Black,Tube Well,213.67,49.78,1476.48,7.58,44795.97,152243.0,Higher relative rainfall,Lower relative temperature,Moderate relative humidity,True,2,High relative climate deviation
3691,Uttar Pradesh,Lucknow,2019,Zaid,Cotton,2032.17,27.6,88.7,Sandy,Canal,87.4,9.71,4571.58,2.18,12202.4,95180.0,Higher relative rainfall,Moderate relative temperature,Higher relative humidity,True,2,High relative climate deviation
3715,Uttar Pradesh,Kanpur,2019,Zaid,Pulses,2159.01,30.1,85.9,Red,Sprinkler,372.72,28.37,2883.79,5.69,38635.3,239129.0,Higher relative rainfall,Moderate relative temperature,Higher relative humidity,True,2,High relative climate deviation
3717,Uttar Pradesh,Kanpur,2019,Kharif,Cotton,2042.27,19.7,84.3,Sandy,Tube Well,331.93,19.48,4562.3,3.8,28431.16,290077.0,Higher relative rainfall,Lower relative temperature,Moderate relative humidity,True,2,High relative climate deviation
3729,Uttar Pradesh,Varanasi,2019,Zaid,Maize,565.64,25.7,35.9,Sandy,Canal,223.53,15.36,908.31,2.8,39988.48,29914.0,Lower relative rainfall,Moderate relative temperature,Lower relative humidity,True,2,High relative climate deviation
3739,Uttar Pradesh,Varanasi,2019,Kharif,Sugarcane,1433.51,18.5,89.2,Alluvial,Drip,120.38,43.01,618.55,1.58,45914.91,9101.0,Moderate relative rainfall,Lower relative temperature,Higher relative humidity,True,2,High relative climate deviation
3743,Uttar Pradesh,Varanasi,2019,Zaid,Barley,2086.12,26.0,38.5,Red,Rain-fed,431.75,37.89,3654.33,7.37,13742.51,456822.0,Higher relative rainfall,Moderate relative temperature,Lower relative humidity,True,2,High relative climate deviation
3748,Uttar Pradesh,Agra,2019,Zaid,Pulses,483.5,32.6,37.6,Black,Sprinkler,360.66,42.88,2095.44,1.25,62455.06,31163.0,Lower relative rainfall,Moderate relative temperature,Lower relative humidity,True,2,High relative climate deviation
3754,Uttar Pradesh,Agra,2019,Kharif,Maize,2184.57,29.4,37.4,Red,Sprinkler,269.28,32.31,1579.45,5.4,25219.68,73629.0,Higher relative rainfall,Moderate relative temperature,Lower relative humidity,True,2,High relative climate deviation
3784,Punjab,Ludhiana,2019,Rabi,Wheat,2097.34,19.0,58.6,Black,Drip,114.48,37.77,4630.9,5.27,45231.75,415532.0,Higher relative rainfall,Lower relative temperature,Moderate relative humidity,True,2,High relative climate deviation
3789,Punjab,Ludhiana,2019,Zaid,Millets,629.71,18.3,37.8,Alluvial,Canal,420.24,36.08,4722.87,2.55,19860.79,189703.0,Moderate relative rainfall,Lower relative temperature,Lower relative humidity,True,2,High relative climate deviation
3792,Punjab,Ludhiana,2019,Kharif,Barley,2082.17,37.7,37.7,Red,Rain-fed,171.32,11.13,4947.38,7.3,46929.37,458946.0,Higher relative rainfall,Higher relative temperature,Lower relative humidity,True,3,High relative climate deviation
3801,Punjab,Amritsar,2019,Kharif,Cotton,1067.05,36.0,87.4,Black,Tube Well,71.42,26.17,1204.0,8.49,61047.3,172687.0,Moderate relative rainfall,Higher relative temperature,Higher relative humidity,True,2,High relative climate deviation
3818,Punjab,Patiala,2019,Kharif,Millets,957.15,36.5,39.6,Sandy,Tube Well,56.49,26.98,3085.37,5.96,35453.61,200816.0,Moderate relative rainfall,Higher relative temperature,Lower relative humidity,True,2,High relative climate deviation
3821,Punjab,Patiala,2019,Zaid,Sugarcane,1973.15,36.9,37.3,Alluvial,Tube Well,88.32,45.99,697.28,8.26,16062.72,98745.0,Moderate relative rainfall,Higher relative temperature,Lower relative humidity,True,2,High relative climate deviation
3823,Punjab,Patiala,2019,Rabi,Cotton,542.84,33.8,86.7,Red,Drip,446.94,17.62,979.42,2.29,20045.86,20457.0,Lower relative rainfall,Moderate relative temperature,Higher relative humidity,True,2,High relative climate deviation
3828,Punjab,Patiala,2019,Zaid,Maize,429.94,19.8,46.3,Laterite,Rain-fed,370.79,12.16,1252.02,6.88,34012.01,105547.0,Lower relative rainfall,Lower relative temperature,Moderate relative humidity,True,2,High relative climate deviation
3839,Punjab,Jalandhar,2019,Kharif,Wheat,578.74,24.2,39.9,Red,Drip,420.14,24.59,3882.97,1.99,32163.79,73698.0,Lower relative rainfall,Moderate relative temperature,Lower relative humidity,True,2,High relative climate deviation
3866,Punjab,Bathinda,2019,Kharif,Barley,1126.96,19.1,90.0,Laterite,Sprinkler,124.74,54.85,1749.14,4.53,64390.86,97277.0,Moderate relative rainfall,Lower relative temperature,Higher relative humidity,True,2,High relative climate deviation
3867,Punjab,Bathinda,2019,Zaid,Pulses,434.71,36.7,74.2,Black,Drip,220.61,57.17,2162.22,5.7,31739.97,204529.0,Lower relative rainfall,Higher relative temperature,Moderate relative humidity,True,2,High relative climate deviation
3885,Maharashtra,Pune,2019,Zaid,Wheat,2023.79,22.4,85.4,Alluvial,Tube Well,160.15,39.22,1303.0,6.58,39090.53,109517.0,Higher relative rainfall,Moderate relative temperature,Higher relative humidity,True,2,High relative climate deviation
3904,Maharashtra,Nashik,2019,Zaid,Millets,401.87,35.3,88.9,Red,Rain-fed,304.77,5.08,939.19,4.4,57675.83,65079.99999999999,Lower relative rainfall,Moderate relative temperature,Higher relative humidity,True,2,High relative climate deviation
3912,Maharashtra,Nagpur,2019,Zaid,Wheat,1266.31,19.4,37.7,Laterite,Sprinkler,152.03,33.91,4242.74,5.06,52168.32,230319.0,Moderate relative rainfall,Lower relative temperature,Lower relative humidity,True,2,High relative climate deviation
3917,Maharashtra,Nagpur,2019,Zaid,Sugarcane,2073.21,36.6,44.7,Black,Tube Well,413.48,47.9,3651.03,1.62,32914.37,56424.0,Higher relative rainfall,Higher relative temperature,Moderate relative humidity,True,2,High relative climate deviation
3918,Maharashtra,Nagpur,2019,Rabi,Barley,733.18,19.8,38.1,Black,Sprinkler,211.66,30.13,4906.57,7.09,40529.73,422081.00000000006,Moderate relative rainfall,Lower relative temperature,Lower relative humidity,True,2,High relative climate deviation
3919,Maharashtra,Nagpur,2019,Zaid,Millets,535.42,37.9,89.1,Black,Drip,68.16,40.86,2245.45,7.82,38573.0,278725.0,Lower relative rainfall,Higher relative temperature,Higher relative humidity,True,3,High relative climate deviation
3926,Maharashtra,Aurangabad,2019,Rabi,Barley,580.59,19.2,62.5,Laterite,Canal,417.22,38.29,2278.69,2.24,20517.26,76443.0,Lower relative rainfall,Lower relative temperature,Moderate relative humidity,True,2,High relative climate deviation
3927,Maharashtra,Aurangabad,2019,Rabi,Pulses,2081.78,22.7,36.9,Sandy,Tube Well,109.1,5.61,2355.05,3.85,15173.86,149316.0,Higher relative rainfall,Moderate relative temperature,Lower relative humidity,True,2,High relative climate deviation
3930,Maharashtra,Aurangabad,2019,Rabi,Pulses,1353.54,36.5,86.0,Laterite,Rain-fed,137.62,37.2,3342.3,7.51,57931.39,265098.0,Moderate relative rainfall,Higher relative temperature,Higher relative humidity,True,2,High relative climate deviation
3944,Maharashtra,Kolhapur,2019,Kharif,Rice,448.43,27.1,84.9,Black,Canal,158.8,8.92,3844.65,7.55,21926.47,428317.0,Lower relative rainfall,Moderate relative temperature,Higher relative humidity,True,2,High relative climate deviation
3945,Maharashtra,Kolhapur,2019,Zaid,Rice,533.69,30.6,37.7,Alluvial,Drip,224.74,27.91,3401.33,2.91,35850.95,177373.0,Lower relative rainfall,Moderate relative temperature,Lower relative humidity,True,2,High relative climate deviation
3946,Maharashtra,Kolhapur,2019,Kharif,Sugarcane,413.38,36.1,64.5,Black,Rain-fed,89.1,19.47,4893.36,3.02,40302.59,231756.0,Lower relative rainfall,Higher relative temperature,Moderate relative humidity,True,2,High relative climate deviation
3948,Maharashtra,Kolhapur,2019,Zaid,Wheat,1746.25,37.2,85.6,Black,Sprinkler,66.29,7.73,1865.5,5.26,46852.48,168849.0,Moderate relative rainfall,Higher relative temperature,Higher relative humidity,True,2,High relative climate deviation
3964,Karnataka,Bengaluru,2019,Zaid,Rice,1083.28,36.9,89.7,Sandy,Canal,190.28,31.07,1020.17,4.31,63502.9,47053.0,Moderate relative rainfall,Higher relative temperature,Higher relative humidity,True,2,High relative climate deviation
3982,Karnataka,Mysuru,2019,Rabi,Sugarcane,2088.82,31.8,86.3,Laterite,Canal,185.85,58.05,1824.66,4.78,48054.69,94766.0,Higher relative rainfall,Moderate relative temperature,Higher relative humidity,True,2,High relative climate deviation
3984,Karnataka,Mysuru,2019,Zaid,Rice,430.93,18.9,85.1,Red,Rain-fed,65.56,16.73,199.28,2.51,17437.78,4701.0,Lower relative rainfall,Lower relative temperature,Higher relative humidity,True,3,High relative climate deviation
3996,Karnataka,Mysuru,2019,Rabi,Rice,560.01,21.2,38.7,Laterite,Drip,334.96,43.17,1837.2,7.39,16464.17,203759.0,Lower relative rainfall,Moderate relative temperature,Lower relative humidity,True,2,High relative climate deviation
4000,Karnataka,Hubli,2019,Zaid,Barley,650.1,37.4,35.3,Sandy,Sprinkler,299.83,33.17,2802.63,6.18,14530.81,238023.0,Moderate relative rainfall,Higher relative temperature,Lower relative humidity,True,2,High relative climate deviation
4016,Karnataka,Belagavi,2019,Kharif,Cotton,473.64,24.2,88.9,Laterite,Canal,251.21,5.46,4738.07,7.7,12770.33,437754.0,Lower relative rainfall,Moderate relative temperature,Higher relative humidity,True,2,High relative climate deviation
4032,Karnataka,Belagavi,2019,Kharif,Rice,2199.42,36.0,66.9,Alluvial,Rain-fed,269.88,46.51,469.77,8.21,35214.74,46676.0,Higher relative rainfall,Higher relative temperature,Moderate relative humidity,True,2,High relative climate deviation
4036,Karnataka,Mangalore,2019,Zaid,Millets,425.11,36.0,52.6,Red,Sprinkler,334.77,21.18,284.53,4.67,61141.6,12958.000000000002,Lower relative rainfall,Higher relative temperature,Moderate relative humidity,True,2,High relative climate deviation
4040,Karnataka,Mangalore,2019,Zaid,Rice,2048.26,34.5,37.9,Laterite,Sprinkler,164.09,7.51,1037.47,6.64,25249.08,78384.0,Higher relative rainfall,Moderate relative temperature,Lower relative humidity,True,2,High relative climate deviation
4044,Karnataka,Mangalore,2019,Zaid,Sugarcane,2184.47,37.8,65.5,Black,Rain-fed,123.9,33.44,4713.81,2.77,49328.14,195499.0,Higher relative rainfall,Higher relative temperature,Moderate relative humidity,True,2,High relative climate deviation
4060,Tamil Nadu,Chennai,2019,Zaid,Sugarcane,417.28,18.3,35.4,Sandy,Canal,148.91,56.28,4387.44,3.72,28391.69,250591.0,Lower relative rainfall,Lower relative temperature,Lower relative humidity,True,3,High relative climate deviation
4074,Tamil Nadu,Coimbatore,2019,Rabi,Barley,522.67,18.4,66.6,Laterite,Tube Well,97.24,46.38,1155.39,7.33,33410.3,149862.0,Lower relative rainfall,Lower relative temperature,Moderate relative humidity,True,2,High relative climate deviation
4075,Tamil Nadu,Coimbatore,2019,Zaid,Maize,524.13,37.6,74.9,Red,Rain-fed,288.03,12.84,226.62,4.51,60512.81,14210.0,Lower relative rainfall,Higher relative temperature,Moderate relative humidity,True,2,High relative climate deviation
4076,Tamil Nadu,Coimbatore,2019,Rabi,Wheat,443.15,19.1,49.1,Laterite,Drip,159.67,23.94,4272.09,7.28,32258.53,322901.0,Lower relative rainfall,Lower relative temperature,Moderate relative humidity,True,2,High relative climate deviation
4085,Tamil Nadu,Coimbatore,2019,Zaid,Millets,1934.62,38.0,87.5,Sandy,Sprinkler,121.62,31.75,2885.77,4.25,14902.73,148377.0,Moderate relative rainfall,Higher relative temperature,Higher relative humidity,True,2,High relative climate deviation
4099,Tamil Nadu,Madurai,2019,Rabi,Barley,2034.26,37.4,39.5,Red,Sprinkler,341.15,42.64,4003.79,6.22,14272.59,435028.0,Higher relative rainfall,Higher relative temperature,Lower relative humidity,True,3,High relative climate deviation
4135,Tamil Nadu,Tiruchirappalli,2019,Zaid,Barley,2179.29,19.9,72.7,Red,Sprinkler,98.03,31.12,3269.26,5.18,23551.14,288124.0,Higher relative rainfall,Lower relative temperature,Moderate relative humidity,True,2,High relative climate deviation
4140,Tamil Nadu,Tiruchirappalli,2019,Kharif,Rice,2089.96,19.8,71.4,Alluvial,Tube Well,84.41,58.58,2314.4,1.88,12358.64,47187.0,Higher relative rainfall,Lower relative temperature,Moderate relative humidity,True,2,High relative climate deviation
4167,Rajasthan,Jodhpur,2019,Rabi,Sugarcane,1022.98,18.5,36.0,Black,Sprinkler,156.19,57.99,3700.87,1.75,39599.04,54355.99999999999,Moderate relative rainfall,Lower relative temperature,Lower relative humidity,True,2,High relative climate deviation
4169,Rajasthan,Jodhpur,2019,Zaid,Maize,1172.67,37.1,84.7,Sandy,Canal,162.11,46.41,4833.26,3.14,37018.56,125338.0,Moderate relative rainfall,Higher relative temperature,Higher relative humidity,True,2,High relative climate deviation
4178,Rajasthan,Udaipur,2019,Kharif,Maize,2147.71,21.2,84.8,Laterite,Sprinkler,433.2,18.87,4294.78,2.66,64201.98,154935.0,Higher relative rainfall,Moderate relative temperature,Higher relative humidity,True,2,High relative climate deviation
4195,Rajasthan,Kota,2019,Zaid,Rice,1003.38,37.6,89.7,Sandy,Rain-fed,394.16,49.52,3687.59,5.34,52420.17,224440.0,Moderate relative rainfall,Higher relative temperature,Higher relative humidity,True,2,High relative climate deviation
4201,Rajasthan,Kota,2019,Kharif,Sugarcane,558.75,33.8,84.6,Alluvial,Tube Well,59.28,47.05,103.0,1.88,40981.33,3274.0,Lower relative rainfall,Moderate relative temperature,Higher relative humidity,True,2,High relative climate deviation
4205,Rajasthan,Kota,2019,Kharif,Wheat,1494.92,19.4,87.6,Alluvial,Tube Well,216.56,22.92,3104.8,1.88,40396.53,59301.0,Moderate relative rainfall,Lower relative temperature,Higher relative humidity,True,2,High relative climate deviation
4215,Rajasthan,Ajmer,2019,Zaid,Barley,514.78,29.5,84.6,Alluvial,Rain-fed,57.14,51.48,4933.17,6.01,26025.58,442565.0,Lower relative rainfall,Moderate relative temperature,Higher relative humidity,True,2,High relative climate deviation
4221,Rajasthan,Ajmer,2019,Kharif,Millets,2195.3,37.2,44.5,Black,Rain-fed,216.66,23.47,429.94,7.75,18740.21,58973.0,Higher relative rainfall,Higher relative temperature,Moderate relative humidity,True,2,High relative climate deviation
4222,Rajasthan,Ajmer,2019,Zaid,Cotton,2087.96,34.5,85.6,Black,Canal,402.89,9.52,4937.73,8.29,41194.54,415000.0,Higher relative rainfall,Moderate relative temperature,Higher relative humidity,True,2,High relative climate deviation
4259,West Bengal,Howrah,2019,Rabi,Pulses,401.44,25.8,85.9,Black,Drip,164.06,25.21,1827.94,5.02,23053.31,109364.0,Lower relative rainfall,Moderate relative temperature,Higher relative humidity,True,2,High relative climate deviation
4264,West Bengal,Howrah,2019,Kharif,Cotton,1847.02,18.1,86.9,Alluvial,Rain-fed,278.05,59.77,3050.3,4.43,50911.93,177369.0,Moderate relative rainfall,Lower relative temperature,Higher relative humidity,True,2,High relative climate deviation
4266,West Bengal,Howrah,2019,Zaid,Cotton,588.55,24.1,88.2,Red,Canal,154.11,42.39,4311.73,7.82,39464.09,434271.0,Lower relative rainfall,Moderate relative temperature,Higher relative humidity,True,2,High relative climate deviation
4269,West Bengal,Darjeeling,2019,Rabi,Cotton,584.45,24.3,89.7,Laterite,Tube Well,280.58,47.19,4461.52,3.4,36765.23,264641.0,Lower relative rainfall,Moderate relative temperature,Higher relative humidity,True,2,High relative climate deviation
4274,West Bengal,Darjeeling,2019,Zaid,Rice,1734.75,18.9,39.5,Laterite,Canal,231.34,21.8,1365.21,5.29,64748.22,107358.0,Moderate relative rainfall,Lower relative temperature,Lower relative humidity,True,2,High relative climate deviation
4283,West Bengal,Darjeeling,2019,Zaid,Wheat,2124.41,18.3,72.5,Red,Tube Well,118.92,30.99,141.96,5.86,50729.65,11249.0,Higher relative rainfall,Lower relative temperature,Moderate relative humidity,True,2,High relative climate deviation
4288,West Bengal,Siliguri,2019,Kharif,Barley,754.25,36.7,84.9,Alluvial,Rain-fed,145.95,17.47,4690.18,6.26,49931.1,434808.0,Moderate relative rainfall,Higher relative temperature,Higher relative humidity,True,2,High relative climate deviation
4309,West Bengal,Malda,2019,Rabi,Cotton,522.02,25.7,87.7,Laterite,Tube Well,143.54,13.73,2363.86,6.73,54115.09,197137.0,Lower relative rainfall,Moderate relative temperature,Higher relative humidity,True,2,High relative climate deviation
4327,Uttarakhand,Dehradun,2020,Kharif,Wheat,2084.38,20.0,81.0,Red,Tube Well,195.43,14.6,2318.69,7.14,44243.68,210891.0,Higher relative rainfall,Lower relative temperature,Moderate relative humidity,True,2,High relative climate deviation
4328,Uttarakhand,Dehradun,2020,Kharif,Pulses,485.17,36.2,53.5,Red,Rain-fed,149.4,44.48,676.48,2.34,52560.37,27841.000000000004,Lower relative rainfall,Higher relative temperature,Moderate relative humidity,True,2,High relative climate deviation
4344,Uttarakhand,Haridwar,2020,Zaid,Barley,470.33,37.5,57.1,Black,Sprinkler,173.63,47.85,4324.19,2.94,29740.75,190001.0,Lower relative rainfall,Higher relative temperature,Moderate relative humidity,True,2,High relative climate deviation
4350,Uttarakhand,Haridwar,2020,Kharif,Sugarcane,1221.71,37.7,88.9,Laterite,Drip,112.51,31.46,4798.87,4.59,32942.01,263083.0,Moderate relative rainfall,Higher relative temperature,Higher relative humidity,True,2,High relative climate deviation
4356,Uttarakhand,Haridwar,2020,Zaid,Pulses,1579.94,37.7,38.7,Sandy,Rain-fed,76.55,38.01,4032.68,7.11,25915.02,423418.0,Moderate relative rainfall,Higher relative temperature,Lower relative humidity,True,2,High relative climate deviation
4380,Uttarakhand,Almora,2020,Zaid,Wheat,515.44,19.4,62.7,Black,Canal,383.55,37.6,4528.99,7.21,50649.3,549309.0,Lower relative rainfall,Lower relative temperature,Moderate relative humidity,True,2,High relative climate deviation
4399,Uttarakhand,Pauri,2020,Kharif,Maize,2138.02,38.0,45.3,Red,Canal,321.16,34.97,3238.89,5.24,31765.57,266145.0,Higher relative rainfall,Higher relative temperature,Moderate relative humidity,True,2,High relative climate deviation
4421,Uttar Pradesh,Lucknow,2020,Rabi,Rice,2183.25,19.6,48.1,Black,Tube Well,277.79,6.92,3051.06,5.9,52131.84,151633.0,Higher relative rainfall,Lower relative temperature,Moderate relative humidity,True,2,High relative climate deviation
4434,Uttar Pradesh,Kanpur,2020,Kharif,Wheat,2063.2,36.7,73.8,Laterite,Sprinkler,290.77,9.31,4846.22,8.37,44011.12,542957.0,Higher relative rainfall,Higher relative temperature,Moderate relative humidity,True,2,High relative climate deviation
4441,Uttar Pradesh,Kanpur,2020,Rabi,Cotton,881.43,18.1,87.1,Sandy,Rain-fed,131.38,46.89,1420.15,2.31,25152.16,35810.0,Moderate relative rainfall,Lower relative temperature,Higher relative humidity,True,2,High relative climate deviation
4450,Uttar Pradesh,Varanasi,2020,Rabi,Wheat,2045.86,20.5,37.7,Red,Drip,163.13,16.59,207.1,5.02,35320.91,13963.0,Higher relative rainfall,Moderate relative temperature,Lower relative humidity,True,2,High relative climate deviation
4456,Uttar Pradesh,Varanasi,2020,Rabi,Sugarcane,2020.75,18.9,71.6,Black,Rain-fed,417.25,23.64,3909.43,4.86,31097.03,249566.0,Higher relative rainfall,Lower relative temperature,Moderate relative humidity,True,2,High relative climate deviation
4462,Uttar Pradesh,Varanasi,2020,Zaid,Barley,1536.22,20.0,36.7,Sandy,Tube Well,340.07,45.29,3899.61,7.44,35388.1,302199.0,Moderate relative rainfall,Lower relative temperature,Lower relative humidity,True,2,High relative climate deviation
4473,Uttar Pradesh,Agra,2020,Kharif,Cotton,2067.82,36.6,69.9,Sandy,Sprinkler,241.51,23.52,1837.22,6.99,19834.59,132171.0,Higher relative rainfall,Higher relative temperature,Moderate relative humidity,True,2,High relative climate deviation
4474,Uttar Pradesh,Agra,2020,Kharif,Rice,2063.62,19.6,87.1,Black,Tube Well,311.18,36.97,1702.74,4.96,57396.93,70001.0,Higher relative rainfall,Lower relative temperature,Higher relative humidity,True,3,High relative climate deviation
4476,Uttar Pradesh,Agra,2020,Kharif,Maize,494.63,37.1,44.2,Laterite,Rain-fed,260.11,47.04,3785.28,4.71,28545.89,189267.0,Lower relative rainfall,Higher relative temperature,Moderate relative humidity,True,2,High relative climate deviation
4482,Uttar Pradesh,Agra,2020,Kharif,Millets,1595.48,37.9,38.1,Sandy,Tube Well,230.04,18.84,761.58,6.69,46214.19,91077.0,Moderate relative rainfall,Higher relative temperature,Lower relative humidity,True,2,High relative climate deviation
4491,Uttar Pradesh,Meerut,2020,Rabi,Rice,775.34,19.3,40.1,Red,Sprinkler,204.97,17.03,3980.79,2.08,51029.4,104129.0,Moderate relative rainfall,Lower relative temperature,Lower relative humidity,True,2,High relative climate deviation
4494,Uttar Pradesh,Meerut,2020,Rabi,Wheat,2177.45,29.8,87.1,Sandy,Tube Well,119.16,43.98,3233.78,7.21,41444.65,390614.0,Higher relative rainfall,Moderate relative temperature,Higher relative humidity,True,2,High relative climate deviation
4519,Punjab,Amritsar,2020,Zaid,Sugarcane,2097.43,18.1,36.7,Laterite,Sprinkler,411.91,19.09,4774.74,2.61,46606.23,211967.0,Higher relative rainfall,Lower relative temperature,Lower relative humidity,True,3,High relative climate deviation
4526,Punjab,Amritsar,2020,Kharif,Pulses,2070.95,36.2,65.3,Black,Drip,306.32,36.83,744.31,4.88,14375.77,34566.0,Higher relative rainfall,Higher relative temperature,Moderate relative humidity,True,2,High relative climate deviation
4544,Punjab,Patiala,2020,Rabi,Millets,1400.36,37.1,88.0,Red,Rain-fed,447.21,53.64,1105.67,5.99,28450.12,79471.0,Moderate relative rainfall,Higher relative temperature,Higher relative humidity,True,2,High relative climate deviation
4591,Maharashtra,Pune,2020,Kharif,Sugarcane,2055.72,36.9,35.1,Red,Tube Well,201.43,45.34,2792.31,7.39,21167.76,355834.0,Higher relative rainfall,Higher relative temperature,Lower relative humidity,True,3,High relative climate deviation
4611,Maharashtra,Nashik,2020,Kharif,Millets,566.23,36.2,61.1,Alluvial,Canal,376.93,7.94,810.25,3.34,14006.51,26132.0,Lower relative rainfall,Higher relative temperature,Moderate relative humidity,True,2,High relative climate deviation
4631,Maharashtra,Nagpur,2020,Kharif,Cotton,400.8,25.9,87.5,Sandy,Canal,286.64,21.49,1766.33,2.38,22007.62,58091.99999999999,Lower relative rainfall,Moderate relative temperature,Higher relative humidity,True,2,High relative climate deviation
4635,Maharashtra,Nagpur,2020,Kharif,Pulses,2102.36,18.6,88.1,Red,Canal,348.03,9.14,4113.28,1.54,46135.92,108213.0,Higher relative rainfall,Lower relative temperature,Higher relative humidity,True,3,High relative climate deviation
4643,Maharashtra,Nagpur,2020,Rabi,Rice,1467.35,18.2,35.2,Red,Canal,85.91,37.32,757.59,4.76,50292.06,32531.0,Moderate relative rainfall,Lower relative temperature,Lower relative humidity,True,2,High relative climate deviation
4645,Maharashtra,Aurangabad,2020,Zaid,Pulses,545.93,22.7,87.8,Red,Tube Well,394.02,24.33,1387.43,6.61,18679.12,135825.0,Lower relative rainfall,Moderate relative temperature,Higher relative humidity,True,2,High relative climate deviation
4647,Maharashtra,Aurangabad,2020,Zaid,Sugarcane,1072.34,20.0,40.6,Sandy,Tube Well,88.63,48.24,1917.09,7.22,27755.18,118717.0,Moderate relative rainfall,Lower relative temperature,Lower relative humidity,True,2,High relative climate deviation
4657,Maharashtra,Aurangabad,2020,Zaid,Pulses,2121.43,37.1,64.1,Red,Drip,50.4,28.54,2906.78,5.0,29612.91,166734.0,Higher relative rainfall,Higher relative temperature,Moderate relative humidity,True,2,High relative climate deviation
4659,Maharashtra,Aurangabad,2020,Kharif,Pulses,497.57,20.0,63.9,Alluvial,Rain-fed,160.58,59.95,993.06,3.85,25877.52,49335.0,Lower relative rainfall,Lower relative temperature,Moderate relative humidity,True,2,High relative climate deviation
4678,Maharashtra,Kolhapur,2020,Kharif,Rice,2166.78,30.4,38.0,Black,Tube Well,346.64,20.8,4314.24,5.27,41856.11,399180.0,Higher relative rainfall,Moderate relative temperature,Lower relative humidity,True,2,High relative climate deviation
4686,Karnataka,Bengaluru,2020,Kharif,Millets,434.69,19.6,57.1,Red,Tube Well,313.63,8.08,4182.45,1.83,52072.73,77656.0,Lower relative rainfall,Lower relative temperature,Moderate relative humidity,True,2,High relative climate deviation
4688,Karnataka,Bengaluru,2020,Rabi,Rice,2197.86,26.8,87.1,Laterite,Rain-fed,353.07,15.66,429.2,3.67,64161.75,25849.0,Higher relative rainfall,Moderate relative temperature,Higher relative humidity,True,2,High relative climate deviation
4701,Karnataka,Mysuru,2020,Kharif,Wheat,481.79,26.4,88.8,Sandy,Tube Well,189.06,39.41,924.96,3.18,45397.15,25355.0,Lower relative rainfall,Moderate relative temperature,Higher relative humidity,True,2,High relative climate deviation
4702,Karnataka,Mysuru,2020,Kharif,Sugarcane,479.63,28.7,84.6,Laterite,Drip,342.19,26.59,4139.62,3.21,42411.12,222498.0,Lower relative rainfall,Moderate relative temperature,Higher relative humidity,True,2,High relative climate deviation
4710,Karnataka,Mysuru,2020,Rabi,Rice,479.97,37.1,69.1,Alluvial,Canal,136.85,12.85,206.06,2.77,33410.0,8294.0,Lower relative rainfall,Higher relative temperature,Moderate relative humidity,True,2,High relative climate deviation
4716,Karnataka,Mysuru,2020,Kharif,Cotton,2046.25,37.4,57.4,Black,Rain-fed,367.46,55.18,1422.46,1.39,15719.92,29034.0,Higher relative rainfall,Higher relative temperature,Moderate relative humidity,True,2,High relative climate deviation
4721,Karnataka,Hubli,2020,Zaid,Millets,466.75,36.3,52.0,Sandy,Canal,205.72,5.95,2270.27,8.0,50769.22,231664.0,Lower relative rainfall,Higher relative temperature,Moderate relative humidity,True,2,High relative climate deviation
4730,Karnataka,Hubli,2020,Kharif,Rice,951.1,19.9,35.9,Sandy,Sprinkler,278.88,15.54,4727.27,1.51,14797.28,117265.0,Moderate relative rainfall,Lower relative temperature,Lower relative humidity,True,2,High relative climate deviation
4757,Karnataka,Mangalore,2020,Zaid,Maize,2142.27,19.8,67.5,Red,Rain-fed,200.8,30.95,801.52,4.94,40939.66,58708.00000000001,Higher relative rainfall,Lower relative temperature,Moderate relative humidity,True,2,High relative climate deviation
4758,Karnataka,Mangalore,2020,Zaid,Maize,2115.0,37.5,70.2,Sandy,Sprinkler,252.81,6.6,1869.33,5.67,16850.4,103421.0,Higher relative rainfall,Higher relative temperature,Moderate relative humidity,True,2,High relative climate deviation
4762,Karnataka,Mangalore,2020,Rabi,Pulses,549.33,33.9,89.8,Sandy,Sprinkler,322.84,28.79,991.93,3.13,19941.51,25810.000000000004,Lower relative rainfall,Moderate relative temperature,Higher relative humidity,True,2,High relative climate deviation
4770,Karnataka,Mangalore,2020,Zaid,Cotton,2034.16,18.4,47.5,Laterite,Tube Well,355.97,34.23,2803.22,3.62,29265.64,100095.0,Higher relative rainfall,Lower relative temperature,Moderate relative humidity,True,2,High relative climate deviation
4772,Tamil Nadu,Chennai,2020,Kharif,Millets,450.49,22.7,39.9,Sandy,Tube Well,84.57,37.35,3390.48,6.26,35579.73,241681.0,Lower relative rainfall,Moderate relative temperature,Lower relative humidity,True,2,High relative climate deviation
4773,Tamil Nadu,Chennai,2020,Kharif,Wheat,1169.03,37.0,89.8,Red,Tube Well,70.14,58.09,2416.44,8.46,45927.17,302671.0,Moderate relative rainfall,Higher relative temperature,Higher relative humidity,True,2,High relative climate deviation
4778,Tamil Nadu,Chennai,2020,Kharif,Wheat,2073.22,32.3,38.3,Alluvial,Rain-fed,217.91,6.54,567.9,5.14,21433.76,44662.0,Higher relative rainfall,Moderate relative temperature,Lower relative humidity,True,2,High relative climate deviation
4801,Tamil Nadu,Coimbatore,2020,Kharif,Pulses,2087.36,37.4,68.5,Alluvial,Rain-fed,399.36,59.12,444.55,1.76,55872.58,12054.0,Higher relative rainfall,Higher relative temperature,Moderate relative humidity,True,2,High relative climate deviation
4815,Tamil Nadu,Madurai,2020,Rabi,Barley,983.61,37.9,89.5,Alluvial,Drip,359.43,21.44,184.92,1.76,15801.26,4165.0,Moderate relative rainfall,Higher relative temperature,Higher relative humidity,True,2,High relative climate deviation
4818,Tamil Nadu,Madurai,2020,Zaid,Sugarcane,430.93,31.7,37.1,Red,Tube Well,143.96,13.78,4661.63,4.89,35526.13,360714.0,Lower relative rainfall,Moderate relative temperature,Lower relative humidity,True,2,High relative climate deviation
4822,Tamil Nadu,Madurai,2020,Zaid,Maize,1317.14,38.0,85.7,Laterite,Canal,153.7,54.1,3786.65,6.58,19838.85,418836.0,Moderate relative rainfall,Higher relative temperature,Higher relative humidity,True,2,High relative climate deviation
4826,Tamil Nadu,Salem,2020,Rabi,Sugarcane,484.08,31.1,38.5,Alluvial,Drip,256.51,40.7,504.05,5.91,41799.77,53384.0,Lower relative rainfall,Moderate relative temperature,Lower relative humidity,True,2,High relative climate deviation
4828,Tamil Nadu,Salem,2020,Kharif,Pulses,2061.13,30.9,89.7,Red,Sprinkler,257.72,14.86,2757.48,7.65,31570.59,320182.0,Higher relative rainfall,Moderate relative temperature,Higher relative humidity,True,2,High relative climate deviation
4835,Tamil Nadu,Salem,2020,Rabi,Rice,529.02,27.5,88.9,Red,Sprinkler,403.22,25.78,4045.48,8.15,27443.18,481351.0,Lower relative rainfall,Moderate relative temperature,Higher relative humidity,True,2,High relative climate deviation
4836,Tamil Nadu,Salem,2020,Rabi,Cotton,2081.82,19.2,73.2,Alluvial,Drip,370.34,44.17,2405.91,1.56,14292.47,34393.0,Higher relative rainfall,Lower relative temperature,Moderate relative humidity,True,2,High relative climate deviation
4840,Tamil Nadu,Salem,2020,Rabi,Millets,2097.57,37.0,70.7,Laterite,Tube Well,68.91,28.32,4834.16,6.31,52458.79,385917.0,Higher relative rainfall,Higher relative temperature,Moderate relative humidity,True,2,High relative climate deviation
4843,Tamil Nadu,Tiruchirappalli,2020,Kharif,Barley,1651.88,19.9,88.9,Alluvial,Rain-fed,192.47,45.97,199.22,2.26,59400.62,7322.0,Moderate relative rainfall,Lower relative temperature,Higher relative humidity,True,2,High relative climate deviation
4854,Tamil Nadu,Tiruchirappalli,2020,Zaid,Cotton,467.46,18.3,43.2,Red,Tube Well,372.14,58.71,3935.14,5.56,37773.44,327328.0,Lower relative rainfall,Lower relative temperature,Moderate relative humidity,True,2,High relative climate deviation
4872,Rajasthan,Jaipur,2020,Zaid,Maize,2135.04,18.0,68.6,Alluvial,Rain-fed,250.96,21.34,3345.51,2.51,57726.73,144993.0,Higher relative rainfall,Lower relative temperature,Moderate relative humidity,True,2,High relative climate deviation
4875,Rajasthan,Jaipur,2020,Zaid,Millets,2199.08,19.6,51.1,Black,Canal,427.42,5.07,4632.06,3.4,63838.11,254130.00000000003,Higher relative rainfall,Lower relative temperature,Moderate relative humidity,True,2,High relative climate deviation
4879,Rajasthan,Jodhpur,2020,Zaid,Wheat,574.46,18.4,88.7,Laterite,Canal,230.22,22.66,1090.49,5.93,20749.13,101675.0,Lower relative rainfall,Lower relative temperature,Higher relative humidity,True,3,High relative climate deviation
4889,Rajasthan,Jodhpur,2020,Zaid,Cotton,2072.34,29.7,84.7,Laterite,Rain-fed,413.71,15.11,2616.93,2.23,45688.19,66239.0,Higher relative rainfall,Moderate relative temperature,Higher relative humidity,True,2,High relative climate deviation
4890,Rajasthan,Jodhpur,2020,Zaid,Maize,1188.95,37.2,84.5,Red,Canal,289.86,55.26,3732.97,1.23,26747.01,76128.0,Moderate relative rainfall,Higher relative temperature,Higher relative humidity,True,2,High relative climate deviation
4895,Rajasthan,Jodhpur,2020,Rabi,Barley,2156.29,36.2,89.9,Black,Rain-fed,186.08,57.52,813.16,4.88,50260.73,64841.99999999999,Higher relative rainfall,Higher relative temperature,Higher relative humidity,True,3,High relative climate deviation
4900,Rajasthan,Udaipur,2020,Rabi,Barley,1730.98,19.1,37.9,Red,Canal,237.91,34.58,2182.5,4.0,48223.9,101940.0,Moderate relative rainfall,Lower relative temperature,Lower relative humidity,True,2,High relative climate deviation
4904,Rajasthan,Udaipur,2020,Zaid,Rice,2048.17,37.4,42.8,Alluvial,Tube Well,232.71,27.56,3764.14,3.66,35067.98,173180.0,Higher relative rainfall,Higher relative temperature,Moderate relative humidity,True,2,High relative climate deviation
4905,Rajasthan,Udaipur,2020,Kharif,Wheat,2076.69,36.1,62.4,Red,Tube Well,247.93,13.97,3959.25,2.63,31793.47,129773.0,Higher relative rainfall,Higher relative temperature,Moderate relative humidity,True,2,High relative climate deviation
4912,Rajasthan,Udaipur,2020,Kharif,Wheat,2079.82,19.1,51.3,Alluvial,Tube Well,157.17,56.25,464.44,4.16,46042.65,28503.0,Higher relative rainfall,Lower relative temperature,Moderate relative humidity,True,2,High relative climate deviation
4916,Rajasthan,Kota,2020,Kharif,Cotton,1005.97,36.3,84.8,Alluvial,Sprinkler,401.53,38.97,1775.43,6.56,60061.57,116730.0,Moderate relative rainfall,Higher relative temperature,Higher relative humidity,True,2,High relative climate deviation
4930,Rajasthan,Kota,2020,Rabi,Barley,2085.95,37.4,58.6,Alluvial,Drip,344.24,34.2,3117.13,1.6,13395.56,64250.0,Higher relative rainfall,Higher relative temperature,Moderate relative humidity,True,2,High relative climate deviation
4948,Rajasthan,Ajmer,2020,Zaid,Millets,2094.44,28.1,38.9,Red,Sprinkler,157.36,54.89,2264.56,4.6,18317.77,104436.0,Higher relative rainfall,Moderate relative temperature,Lower relative humidity,True,2,High relative climate deviation
4957,West Bengal,Kolkata,2020,Zaid,Millets,449.26,20.4,37.6,Black,Drip,113.13,20.73,4988.71,3.92,59927.99,169291.0,Lower relative rainfall,Moderate relative temperature,Lower relative humidity,True,2,High relative climate deviation
4959,West Bengal,Kolkata,2020,Kharif,Pulses,2051.15,35.6,86.1,Sandy,Rain-fed,218.22,32.25,4619.41,4.41,14543.12,172547.0,Higher relative rainfall,Moderate relative temperature,Higher relative humidity,True,2,High relative climate deviation
4967,West Bengal,Kolkata,2020,Kharif,Cotton,1249.07,38.0,88.4,Sandy,Drip,207.51,5.99,1913.99,4.17,49376.76,136216.0,Moderate relative rainfall,Higher relative temperature,Higher relative humidity,True,2,High relative climate deviation
4973,West Bengal,Howrah,2020,Zaid,Cotton,448.39,36.5,72.9,Alluvial,Tube Well,244.52,24.35,996.18,8.36,60811.22,101687.0,Lower relative rainfall,Higher relative temperature,Moderate relative humidity,True,2,High relative climate deviation
4978,West Bengal,Howrah,2020,Kharif,Maize,2064.15,18.9,66.9,Black,Sprinkler,360.61,59.52,3620.58,4.93,24493.78,198482.0,Higher relative rainfall,Lower relative temperature,Moderate relative humidity,True,2,High relative climate deviation
4983,West Bengal,Howrah,2020,Rabi,Rice,431.93,25.2,38.2,Black,Sprinkler,358.32,10.45,4050.03,8.31,44865.36,391528.0,Lower relative rainfall,Moderate relative temperature,Lower relative humidity,True,2,High relative climate deviation
4985,West Bengal,Howrah,2020,Rabi,Cotton,980.27,37.7,38.5,Laterite,Canal,169.59,46.0,3479.51,5.5,18911.49,255398.0,Moderate relative rainfall,Higher relative temperature,Lower relative humidity,True,2,High relative climate deviation
5012,West Bengal,Siliguri,2020,Kharif,Barley,2099.57,30.7,36.4,Laterite,Sprinkler,448.85,19.95,3553.46,6.07,12198.25,363166.0,Higher relative rainfall,Moderate relative temperature,Lower relative humidity,True,2,High relative climate deviation
5013,West Bengal,Siliguri,2020,Rabi,Wheat,2085.19,36.0,79.8,Sandy,Rain-fed,346.39,45.38,4322.09,5.0,51778.21,271243.0,Higher relative rainfall,Higher relative temperature,Moderate relative humidity,True,2,High relative climate deviation
5024,West Bengal,Malda,2020,Zaid,Maize,2113.71,24.8,38.0,Black,Tube Well,230.3,34.75,2911.07,5.65,54547.68,210309.0,Higher relative rainfall,Moderate relative temperature,Lower relative humidity,True,2,High relative climate deviation
5025,West Bengal,Malda,2020,Rabi,Cotton,2110.6,33.7,87.6,Red,Sprinkler,157.89,41.38,1603.71,3.2,21703.7,67611.0,Higher relative rainfall,Moderate relative temperature,Higher relative humidity,True,2,High relative climate deviation
5030,West Bengal,Malda,2020,Zaid,Rice,2052.71,36.3,76.5,Alluvial,Tube Well,92.49,56.96,3883.03,3.65,21558.54,178012.0,Higher relative rainfall,Higher relative temperature,Moderate relative humidity,True,2,High relative climate deviation
5038,West Bengal,Malda,2020,Rabi,Barley,476.46,19.4,75.2,Red,Rain-fed,409.88,10.1,2549.56,4.75,32416.42,167840.0,Lower relative rainfall,Lower relative temperature,Moderate relative humidity,True,2,High relative climate deviation
5058,Uttarakhand,Dehradun,2021,Kharif,Millets,1374.47,19.8,88.3,Laterite,Rain-fed,128.36,54.56,624.83,7.83,32637.65,49687.0,Moderate relative rainfall,Lower relative temperature,Higher relative humidity,True,2,High relative climate deviation
5062,Uttarakhand,Haridwar,2021,Kharif,Maize,638.14,19.7,86.8,Laterite,Sprinkler,141.41,50.05,4992.1,7.41,45428.92,582490.0,Moderate relative rainfall,Lower relative temperature,Higher relative humidity,True,2,High relative climate deviation
5065,Uttarakhand,Haridwar,2021,Kharif,Rice,555.54,18.4,69.0,Black,Tube Well,260.2,37.0,1117.19,7.48,28951.07,135003.0,Lower relative rainfall,Lower relative temperature,Moderate relative humidity,True,2,High relative climate deviation
5078,Uttarakhand,Nainital,2021,Zaid,Cotton,2033.19,34.4,85.6,Sandy,Drip,255.84,9.57,4676.47,6.89,62117.1,573710.0,Higher relative rainfall,Moderate relative temperature,Higher relative humidity,True,2,High relative climate deviation
5079,Uttarakhand,Nainital,2021,Kharif,Barley,416.35,37.8,56.9,Laterite,Drip,224.5,33.19,4735.93,6.92,49706.19,335426.0,Lower relative rainfall,Higher relative temperature,Moderate relative humidity,True,2,High relative climate deviation
5087,Uttarakhand,Nainital,2021,Rabi,Barley,2057.95,37.7,52.9,Sandy,Canal,326.31,30.09,2186.26,6.93,41870.72,260530.00000000003,Higher relative rainfall,Higher relative temperature,Moderate relative humidity,True,2,High relative climate deviation
5092,Uttarakhand,Nainital,2021,Kharif,Sugarcane,469.31,21.8,37.7,Red,Drip,366.34,30.5,4215.81,6.47,45747.3,253716.0,Lower relative rainfall,Moderate relative temperature,Lower relative humidity,True,2,High relative climate deviation
5099,Uttarakhand,Almora,2021,Kharif,Barley,501.0,30.8,37.1,Alluvial,Tube Well,249.24,29.51,2402.13,7.77,34221.47,249560.0,Lower relative rainfall,Moderate relative temperature,Lower relative humidity,True,2,High relative climate deviation
5123,Uttarakhand,Pauri,2021,Kharif,Sugarcane,2132.94,36.3,40.8,Sandy,Sprinkler,279.69,53.57,3166.92,5.88,13695.91,240361.0,Higher relative rainfall,Higher relative temperature,Moderate relative humidity,True,2,High relative climate deviation
5138,Uttar Pradesh,Lucknow,2021,Kharif,Wheat,2080.57,37.8,82.6,Red,Sprinkler,431.95,38.5,2272.85,7.39,21681.43,187968.0,Higher relative rainfall,Higher relative temperature,Moderate relative humidity,True,2,High relative climate deviation
5151,Uttar Pradesh,Kanpur,2021,Kharif,Wheat,1675.25,37.6,35.2,Red,Sprinkler,256.96,21.11,3446.04,6.1,63665.92,175218.0,Moderate relative rainfall,Higher relative temperature,Lower relative humidity,True,2,High relative climate deviation
5153,Uttar Pradesh,Kanpur,2021,Zaid,Pulses,2079.65,37.8,62.0,Black,Tube Well,328.56,8.98,3700.83,2.38,29041.69,71703.0,Higher relative rainfall,Higher relative temperature,Moderate relative humidity,True,2,High relative climate deviation
5164,Uttar Pradesh,Kanpur,2021,Zaid,Maize,611.65,19.4,85.0,Black,Tube Well,103.45,49.33,426.11,1.25,50803.27,8117.0,Moderate relative rainfall,Lower relative temperature,Higher relative humidity,True,2,High relative climate deviation
5187,Uttar Pradesh,Agra,2021,Kharif,Cotton,516.31,19.0,85.5,Sandy,Canal,104.56,33.68,2411.42,3.32,34884.79,139402.0,Lower relative rainfall,Lower relative temperature,Higher relative humidity,True,3,High relative climate deviation
5192,Uttar Pradesh,Agra,2021,Zaid,Wheat,1679.07,36.0,39.8,Red,Tube Well,87.27,7.39,4188.93,8.27,21434.31,514643.0,Moderate relative rainfall,Higher relative temperature,Lower relative humidity,True,2,High relative climate deviation
5194,Uttar Pradesh,Agra,2021,Kharif,Wheat,1515.19,36.6,85.9,Red,Rain-fed,361.43,7.0,3498.66,4.82,56733.88,190205.0,Moderate relative rainfall,Higher relative temperature,Higher relative humidity,True,2,High relative climate deviation
5198,Uttar Pradesh,Agra,2021,Rabi,Sugarcane,574.6,35.1,36.4,Laterite,Sprinkler,237.25,6.84,1211.83,7.39,20597.93,108386.0,Lower relative rainfall,Moderate relative temperature,Lower relative humidity,True,2,High relative climate deviation
5203,Uttar Pradesh,Meerut,2021,Rabi,Barley,774.63,36.0,87.7,Sandy,Drip,133.45,39.29,4520.61,8.06,38886.39,554421.0,Moderate relative rainfall,Higher relative temperature,Higher relative humidity,True,2,High relative climate deviation
5204,Uttar Pradesh,Meerut,2021,Rabi,Cotton,2168.78,19.6,38.5,Red,Drip,195.55,24.58,1418.19,1.94,33162.79,47821.0,Higher relative rainfall,Lower relative temperature,Lower relative humidity,True,3,High relative climate deviation
5234,Punjab,Ludhiana,2021,Zaid,Barley,2038.73,37.8,57.2,Laterite,Tube Well,232.25,5.67,1023.53,4.71,45363.25,47717.0,Higher relative rainfall,Higher relative temperature,Moderate relative humidity,True,2,High relative climate deviation
5244,Punjab,Amritsar,2021,Zaid,Barley,2085.87,18.8,67.5,Laterite,Sprinkler,335.7,30.56,4758.95,5.1,39085.71,197256.0,Higher relative rainfall,Lower relative temperature,Moderate relative humidity,True,2,High relative climate deviation
5245,Punjab,Amritsar,2021,Rabi,Pulses,529.59,37.5,39.6,Red,Tube Well,98.71,47.3,900.47,4.17,64868.24,59277.0,Lower relative rainfall,Higher relative temperature,Lower relative humidity,True,3,High relative climate deviation
5250,Punjab,Amritsar,2021,Kharif,Rice,1705.82,37.7,88.5,Red,Sprinkler,128.24,31.86,1703.28,2.27,43767.77,55476.0,Moderate relative rainfall,Higher relative temperature,Higher relative humidity,True,2,High relative climate deviation
5251,Punjab,Amritsar,2021,Kharif,Maize,1552.2,37.1,85.0,Laterite,Drip,308.64,53.0,4282.15,2.63,48145.72,183160.0,Moderate relative rainfall,Higher relative temperature,Higher relative humidity,True,2,High relative climate deviation
5264,Punjab,Patiala,2021,Kharif,Sugarcane,423.64,20.0,40.0,Alluvial,Drip,272.3,57.65,1612.7,8.08,55958.98,117744.0,Lower relative rainfall,Lower relative temperature,Lower relative humidity,True,3,High relative climate deviation
5292,Punjab,Jalandhar,2021,Kharif,Wheat,2143.33,36.5,64.7,Black,Tube Well,438.62,10.98,790.43,3.33,45360.0,32715.0,Higher relative rainfall,Higher relative temperature,Moderate relative humidity,True,2,High relative climate deviation
5296,Punjab,Bathinda,2021,Zaid,Rice,2198.88,18.2,43.2,Alluvial,Sprinkler,103.53,11.43,4140.95,4.9,34607.99,292323.0,Higher relative rainfall,Lower relative temperature,Moderate relative humidity,True,2,High relative climate deviation
5341,Maharashtra,Nashik,2021,Zaid,Cotton,1822.02,18.9,35.7,Alluvial,Drip,228.4,24.71,2488.23,4.34,32918.57,135542.0,Moderate relative rainfall,Lower relative temperature,Lower relative humidity,True,2,High relative climate deviation
5347,Maharashtra,Nagpur,2021,Kharif,Barley,2129.72,37.1,72.1,Black,Sprinkler,204.12,51.53,4356.31,3.13,16758.4,152292.0,Higher relative rainfall,Higher relative temperature,Moderate relative humidity,True,2,High relative climate deviation
5356,Maharashtra,Nagpur,2021,Kharif,Millets,458.54,23.5,86.0,Alluvial,Rain-fed,402.01,26.55,2740.21,1.74,16825.78,63409.0,Lower relative rainfall,Moderate relative temperature,Higher relative humidity,True,2,High relative climate deviation
5367,Maharashtra,Aurangabad,2021,Kharif,Maize,1968.82,37.4,40.2,Laterite,Sprinkler,430.92,34.63,4733.19,5.65,29273.36,330868.0,Moderate relative rainfall,Higher relative temperature,Lower relative humidity,True,2,High relative climate deviation
5377,Maharashtra,Aurangabad,2021,Zaid,Cotton,2072.08,24.2,85.3,Black,Drip,291.45,43.64,1712.25,7.41,23742.95,214800.0,Higher relative rainfall,Moderate relative temperature,Higher relative humidity,True,2,High relative climate deviation
5386,Maharashtra,Kolhapur,2021,Kharif,Rice,416.2,18.3,49.8,Sandy,Sprinkler,223.93,39.8,199.12,6.55,17777.47,22702.0,Lower relative rainfall,Lower relative temperature,Moderate relative humidity,True,2,High relative climate deviation
5399,Maharashtra,Kolhapur,2021,Kharif,Rice,2045.99,22.6,40.2,Red,Tube Well,324.02,11.04,1947.24,4.65,14105.66,147212.0,Higher relative rainfall,Moderate relative temperature,Lower relative humidity,True,2,High relative climate deviation
5400,Maharashtra,Kolhapur,2021,Rabi,Rice,420.12,19.2,61.8,Alluvial,Tube Well,222.74,30.65,1965.59,6.18,30638.7,148310.0,Lower relative rainfall,Lower relative temperature,Moderate relative humidity,True,2,High relative climate deviation
5423,Karnataka,Mysuru,2021,Zaid,Maize,649.4,37.9,38.6,Alluvial,Sprinkler,413.48,9.79,4958.58,1.46,21899.68,125670.0,Moderate relative rainfall,Higher relative temperature,Lower relative humidity,True,2,High relative climate deviation
5440,Karnataka,Hubli,2021,Rabi,Cotton,2024.84,36.2,37.9,Laterite,Drip,446.67,41.91,1974.81,6.31,58559.44,195248.0,Higher relative rainfall,Higher relative temperature,Lower relative humidity,True,3,High relative climate deviation
5444,Karnataka,Hubli,2021,Rabi,Rice,1320.81,37.6,35.6,Black,Tube Well,300.53,26.94,3479.47,8.42,54684.37,360590.0,Moderate relative rainfall,Higher relative temperature,Lower relative humidity,True,2,High relative climate deviation
5450,Karnataka,Hubli,2021,Rabi,Wheat,2089.81,26.7,85.0,Laterite,Tube Well,265.29,55.8,1997.9,3.72,45055.91,87282.0,Higher relative rainfall,Moderate relative temperature,Higher relative humidity,True,2,High relative climate deviation
5463,Karnataka,Belagavi,2021,Kharif,Pulses,2155.64,18.6,52.8,Laterite,Tube Well,197.99,10.66,4267.42,6.15,47709.07,389847.0,Higher relative rainfall,Lower relative temperature,Moderate relative humidity,True,2,High relative climate deviation
5465,Karnataka,Belagavi,2021,Kharif,Wheat,2050.76,36.1,58.4,Laterite,Sprinkler,148.26,38.49,4487.45,4.81,19310.82,376953.0,Higher relative rainfall,Higher relative temperature,Moderate relative humidity,True,2,High relative climate deviation
5476,Karnataka,Mangalore,2021,Rabi,Pulses,575.53,36.8,78.8,Red,Tube Well,208.04,48.98,3662.84,6.84,41487.92,425510.00000000006,Lower relative rainfall,Higher relative temperature,Moderate relative humidity,True,2,High relative climate deviation
5487,Karnataka,Mangalore,2021,Rabi,Cotton,1388.81,19.8,87.2,Alluvial,Rain-fed,87.85,13.04,138.5,8.3,31208.76,13713.999999999998,Moderate relative rainfall,Lower relative temperature,Higher relative humidity,True,2,High relative climate deviation
5488,Karnataka,Mangalore,2021,Zaid,Sugarcane,525.87,23.9,40.6,Black,Tube Well,285.72,35.85,3524.45,3.45,63263.13,142013.0,Lower relative rainfall,Moderate relative temperature,Lower relative humidity,True,2,High relative climate deviation
5520,Tamil Nadu,Coimbatore,2021,Kharif,Rice,432.59,18.8,46.5,Sandy,Tube Well,381.51,37.33,666.58,1.72,39209.91,17382.0,Lower relative rainfall,Lower relative temperature,Moderate relative humidity,True,2,High relative climate deviation
5528,Tamil Nadu,Madurai,2021,Rabi,Wheat,1433.14,36.1,88.7,Red,Tube Well,386.01,20.37,3148.2,5.68,56365.86,182351.0,Moderate relative rainfall,Higher relative temperature,Higher relative humidity,True,2,High relative climate deviation
5551,Tamil Nadu,Salem,2021,Kharif,Sugarcane,2075.74,24.9,37.3,Laterite,Rain-fed,362.68,40.21,1084.88,6.17,53222.93,53561.0,Higher relative rainfall,Moderate relative temperature,Lower relative humidity,True,2,High relative climate deviation
5554,Tamil Nadu,Salem,2021,Kharif,Maize,2140.01,21.3,85.3,Sandy,Canal,366.2,26.53,4776.51,3.78,48274.41,299687.0,Higher relative rainfall,Moderate relative temperature,Higher relative humidity,True,2,High relative climate deviation
5556,Tamil Nadu,Salem,2021,Zaid,Pulses,1865.58,36.3,39.2,Alluvial,Sprinkler,230.65,32.14,3095.32,4.59,26939.24,191292.0,Moderate relative rainfall,Higher relative temperature,Lower relative humidity,True,2,High relative climate deviation
5568,Tamil Nadu,Tiruchirappalli,2021,Kharif,Millets,429.78,18.4,51.0,Laterite,Sprinkler,201.14,8.97,1860.65,2.2,59527.92,39019.0,Lower relative rainfall,Lower relative temperature,Moderate relative humidity,True,2,High relative climate deviation
5586,Rajasthan,Jaipur,2021,Zaid,Cotton,2091.57,19.5,43.0,Red,Rain-fed,265.48,57.15,2578.12,1.3,17025.46,32876.0,Higher relative rainfall,Lower relative temperature,Moderate relative humidity,True,2,High relative climate deviation
5590,Rajasthan,Jaipur,2021,Kharif,Millets,458.58,31.1,86.1,Black,Drip,289.62,11.67,1169.61,6.18,57800.53,124226.0,Lower relative rainfall,Moderate relative temperature,Higher relative humidity,True,2,High relative climate deviation
5599,Rajasthan,Jodhpur,2021,Zaid,Pulses,1326.01,19.3,37.8,Red,Canal,412.3,31.33,2950.93,5.99,38275.79,228049.0,Moderate relative rainfall,Lower relative temperature,Lower relative humidity,True,2,High relative climate deviation
5615,Rajasthan,Jodhpur,2021,Rabi,Millets,2150.63,27.4,86.6,Alluvial,Canal,111.65,6.34,4373.99,4.83,36222.86,373605.0,Higher relative rainfall,Moderate relative temperature,Higher relative humidity,True,2,High relative climate deviation
5616,Rajasthan,Jodhpur,2021,Zaid,Cotton,1829.16,36.5,37.9,Red,Tube Well,248.89,34.8,4777.14,2.92,17825.52,247902.0,Moderate relative rainfall,Higher relative temperature,Lower relative humidity,True,2,High relative climate deviation
5620,Rajasthan,Udaipur,2021,Kharif,Barley,2033.93,36.2,40.6,Laterite,Canal,236.87,53.79,3146.11,1.58,54331.33,86354.0,Higher relative rainfall,Higher relative temperature,Lower relative humidity,True,3,High relative climate deviation
5637,Rajasthan,Kota,2021,Zaid,Pulses,2160.32,36.0,39.4,Alluvial,Sprinkler,130.79,7.54,2367.93,2.9,31803.04,67787.0,Higher relative rainfall,Higher relative temperature,Lower relative humidity,True,3,High relative climate deviation
5641,Rajasthan,Kota,2021,Rabi,Maize,2115.21,19.7,54.3,Sandy,Tube Well,344.68,17.65,365.83,6.33,49654.98,35580.0,Higher relative rainfall,Lower relative temperature,Moderate relative humidity,True,2,High relative climate deviation
5647,Rajasthan,Kota,2021,Zaid,Wheat,2086.82,35.6,38.9,Laterite,Drip,159.75,7.3,1409.83,2.86,44518.57,51134.0,Higher relative rainfall,Moderate relative temperature,Lower relative humidity,True,2,High relative climate deviation
5648,Rajasthan,Kota,2021,Zaid,Rice,599.0,36.2,36.1,Black,Canal,295.24,20.21,4229.5,4.88,16235.6,227874.0,Moderate relative rainfall,Higher relative temperature,Lower relative humidity,True,2,High relative climate deviation
5657,Rajasthan,Ajmer,2021,Rabi,Maize,857.16,18.2,37.6,Red,Tube Well,115.67,57.84,2585.36,6.91,22672.13,191481.0,Moderate relative rainfall,Lower relative temperature,Lower relative humidity,True,2,High relative climate deviation
5674,West Bengal,Kolkata,2021,Kharif,Cotton,420.04,36.6,45.6,Sandy,Sprinkler,96.73,37.47,3229.55,6.58,54310.83,221380.00000000003,Lower relative rainfall,Higher relative temperature,Moderate relative humidity,True,2,High relative climate deviation
5676,West Bengal,Kolkata,2021,Kharif,Rice,1320.92,36.9,85.8,Sandy,Tube Well,293.27,12.64,2918.15,2.05,16475.51,72277.0,Moderate relative rainfall,Higher relative temperature,Higher relative humidity,True,2,High relative climate deviation
5693,West Bengal,Howrah,2021,Zaid,Cotton,2165.85,19.9,61.4,Black,Sprinkler,51.62,42.02,2491.87,2.66,38498.5,84866.0,Higher relative rainfall,Lower relative temperature,Moderate relative humidity,True,2,High relative climate deviation
5699,West Bengal,Howrah,2021,Kharif,Cotton,2089.71,18.5,66.3,Alluvial,Sprinkler,429.27,16.59,844.05,4.29,13084.67,36463.0,Higher relative rainfall,Lower relative temperature,Moderate relative humidity,True,2,High relative climate deviation
5700,West Bengal,Howrah,2021,Rabi,Rice,2176.39,36.5,79.0,Alluvial,Drip,250.2,7.08,1364.14,2.76,45159.78,44101.0,Higher relative rainfall,Higher relative temperature,Moderate relative humidity,True,2,High relative climate deviation
5706,West Bengal,Howrah,2021,Rabi,Pulses,2181.85,37.4,79.6,Red,Canal,366.77,42.93,1946.51,5.56,33107.88,189046.0,Higher relative rainfall,Higher relative temperature,Moderate relative humidity,True,2,High relative climate deviation
5713,West Bengal,Darjeeling,2021,Rabi,Maize,486.31,18.9,72.8,Laterite,Tube Well,203.38,6.23,785.83,4.98,47751.6,48384.0,Lower relative rainfall,Lower relative temperature,Moderate relative humidity,True,2,High relative climate deviation
5726,West Bengal,Siliguri,2021,Rabi,Barley,444.07,36.1,72.7,Alluvial,Rain-fed,353.47,25.15,195.28,5.98,49008.0,16777.0,Lower relative rainfall,Higher relative temperature,Moderate relative humidity,True,2,High relative climate deviation
5729,West Bengal,Siliguri,2021,Zaid,Wheat,2071.25,37.4,58.3,Red,Drip,399.49,29.17,1778.28,6.69,32455.27,193126.0,Higher relative rainfall,Higher relative temperature,Moderate relative humidity,True,2,High relative climate deviation
5735,West Bengal,Siliguri,2021,Kharif,Maize,403.4,37.4,80.4,Black,Canal,332.8,55.64,3920.41,7.6,61525.91,301504.0,Lower relative rainfall,Higher relative temperature,Moderate relative humidity,True,2,High relative climate deviation
5740,West Bengal,Siliguri,2021,Rabi,Millets,485.83,23.2,38.0,Red,Tube Well,198.99,57.03,3847.76,4.88,20979.88,158355.0,Lower relative rainfall,Moderate relative temperature,Lower relative humidity,True,2,High relative climate deviation
5752,West Bengal,Malda,2021,Rabi,Barley,438.75,18.3,53.0,Alluvial,Canal,63.68,49.98,3681.73,5.75,62686.82,274962.0,Lower relative rainfall,Lower relative temperature,Moderate relative humidity,True,2,High relative climate deviation
5767,Uttarakhand,Dehradun,2022,Kharif,Millets,689.18,36.6,88.9,Red,Drip,210.75,18.45,589.29,8.07,36594.97,62441.0,Moderate relative rainfall,Higher relative temperature,Higher relative humidity,True,2,High relative climate deviation
5793,Uttarakhand,Haridwar,2022,Kharif,Rice,2022.95,25.2,86.1,Sandy,Sprinkler,300.02,31.0,2428.24,2.44,42183.03,74818.0,Higher relative rainfall,Moderate relative temperature,Higher relative humidity,True,2,High relative climate deviation
5800,Uttarakhand,Nainital,2022,Zaid,Barley,465.35,18.2,62.4,Laterite,Canal,361.54,44.11,2644.7,2.94,31951.47,127514.0,Lower relative rainfall,Lower relative temperature,Moderate relative humidity,True,2,High relative climate deviation
5802,Uttarakhand,Nainital,2022,Kharif,Cotton,528.61,37.6,61.1,Red,Canal,226.98,30.88,1221.79,6.01,55490.39,114957.0,Lower relative rainfall,Higher relative temperature,Moderate relative humidity,True,2,High relative climate deviation
5805,Uttarakhand,Nainital,2022,Zaid,Wheat,1987.38,37.1,38.4,Sandy,Canal,311.57,28.01,119.39,4.12,15297.02,4515.0,Moderate relative rainfall,Higher relative temperature,Lower relative humidity,True,2,High relative climate deviation
5808,Uttarakhand,Nainital,2022,Zaid,Maize,427.62,19.3,47.5,Black,Rain-fed,307.18,22.97,738.12,4.65,33912.93,36450.0,Lower relative rainfall,Lower relative temperature,Moderate relative humidity,True,2,High relative climate deviation
5826,Uttarakhand,Almora,2022,Kharif,Sugarcane,402.07,19.0,53.8,Black,Rain-fed,103.46,41.25,1690.45,1.92,45667.17,43165.0,Lower relative rainfall,Lower relative temperature,Moderate relative humidity,True,2,High relative climate deviation
5839,Uttarakhand,Pauri,2022,Kharif,Maize,1696.18,36.2,39.8,Red,Rain-fed,268.87,37.09,1649.83,1.85,51202.04,46848.0,Moderate relative rainfall,Higher relative temperature,Lower relative humidity,True,2,High relative climate deviation
5840,Uttarakhand,Pauri,2022,Rabi,Maize,759.14,19.5,40.6,Laterite,Tube Well,115.89,55.2,1831.88,4.49,63206.74,145574.0,Moderate relative rainfall,Lower relative temperature,Lower relative humidity,True,2,High relative climate deviation
5850,Uttarakhand,Pauri,2022,Kharif,Barley,425.36,19.6,41.7,Alluvial,Sprinkler,196.26,55.75,4224.04,2.92,45478.08,218859.0,Lower relative rainfall,Lower relative temperature,Moderate relative humidity,True,2,High relative climate deviation
5853,Uttar Pradesh,Lucknow,2022,Kharif,Cotton,976.1,36.4,86.1,Alluvial,Drip,312.46,10.63,3351.36,6.6,26500.36,325939.0,Moderate relative rainfall,Higher relative temperature,Higher relative humidity,True,2,High relative climate deviation
5858,Uttar Pradesh,Lucknow,2022,Zaid,Rice,1756.86,18.9,89.5,Laterite,Tube Well,248.88,46.25,1270.86,7.58,49919.7,111018.0,Moderate relative rainfall,Lower relative temperature,Higher relative humidity,True,2,High relative climate deviation
5860,Uttar Pradesh,Lucknow,2022,Zaid,Millets,1267.93,37.1,38.1,Black,Rain-fed,177.68,28.71,3318.73,4.78,40272.7,216708.0,Moderate relative rainfall,Higher relative temperature,Lower relative humidity,True,2,High relative climate deviation
5865,Uttar Pradesh,Lucknow,2022,Kharif,Wheat,420.57,18.4,62.1,Sandy,Drip,392.57,43.91,4937.15,8.35,26206.59,539354.0,Lower relative rainfall,Lower relative temperature,Moderate relative humidity,True,2,High relative climate deviation
5872,Uttar Pradesh,Kanpur,2022,Rabi,Maize,2031.7,19.7,73.8,Alluvial,Tube Well,145.84,40.04,857.23,8.5,40322.3,73524.0,Higher relative rainfall,Lower relative temperature,Moderate relative humidity,True,2,High relative climate deviation
5878,Uttar Pradesh,Kanpur,2022,Zaid,Millets,784.12,37.3,37.5,Black,Canal,263.31,12.17,4339.33,7.35,26537.83,465021.0,Moderate relative rainfall,Higher relative temperature,Lower relative humidity,True,2,High relative climate deviation
5894,Uttar Pradesh,Varanasi,2022,Rabi,Millets,1641.4,37.3,38.3,Alluvial,Drip,112.22,10.93,2686.66,7.98,41570.06,357104.0,Moderate relative rainfall,Higher relative temperature,Lower relative humidity,True,2,High relative climate deviation
5896,Uttar Pradesh,Varanasi,2022,Zaid,Barley,444.72,35.6,86.2,Sandy,Tube Well,109.51,34.02,4769.24,8.01,36305.44,588863.0,Lower relative rainfall,Moderate relative temperature,Higher relative humidity,True,2,High relative climate deviation
5904,Uttar Pradesh,Varanasi,2022,Kharif,Wheat,1102.69,36.8,88.4,Black,Drip,386.31,21.74,2311.07,3.12,41602.53,81397.0,Moderate relative rainfall,Higher relative temperature,Higher relative humidity,True,2,High relative climate deviation
5905,Uttar Pradesh,Agra,2022,Kharif,Sugarcane,1184.84,36.7,39.0,Sandy,Tube Well,123.33,25.23,1194.35,8.07,52654.34,142001.0,Moderate relative rainfall,Higher relative temperature,Lower relative humidity,True,2,High relative climate deviation
5911,Uttar Pradesh,Agra,2022,Zaid,Wheat,1406.43,19.0,87.3,Sandy,Tube Well,377.45,53.74,650.55,8.2,12194.54,88133.0,Moderate relative rainfall,Lower relative temperature,Higher relative humidity,True,2,High relative climate deviation
5914,Uttar Pradesh,Agra,2022,Zaid,Maize,2056.24,32.9,37.8,Laterite,Rain-fed,269.62,15.96,777.33,5.0,36884.06,58166.0,Higher relative rainfall,Moderate relative temperature,Lower relative humidity,True,2,High relative climate deviation
5924,Uttar Pradesh,Meerut,2022,Zaid,Barley,570.56,18.9,86.1,Sandy,Sprinkler,360.17,21.34,2412.54,8.25,45897.04,352164.0,Lower relative rainfall,Lower relative temperature,Higher relative humidity,True,3,High relative climate deviation
5928,Uttar Pradesh,Meerut,2022,Kharif,Millets,2158.63,19.5,49.7,Sandy,Tube Well,357.98,57.07,3071.6,2.55,60839.95,94821.0,Higher relative rainfall,Lower relative temperature,Moderate relative humidity,True,2,High relative climate deviation
5959,Punjab,Amritsar,2022,Rabi,Pulses,1517.65,19.0,90.0,Black,Rain-fed,401.21,39.34,4669.44,1.65,58615.63,80091.0,Moderate relative rainfall,Lower relative temperature,Higher relative humidity,True,2,High relative climate deviation
5965,Punjab,Amritsar,2022,Kharif,Wheat,555.94,37.3,45.5,Black,Sprinkler,366.33,34.32,2924.2,6.11,36422.91,155724.0,Lower relative rainfall,Higher relative temperature,Moderate relative humidity,True,2,High relative climate deviation
5966,Punjab,Amritsar,2022,Zaid,Maize,515.66,37.4,38.0,Laterite,Sprinkler,180.17,51.39,2007.24,5.5,17649.62,178076.0,Lower relative rainfall,Higher relative temperature,Lower relative humidity,True,3,High relative climate deviation
5972,Punjab,Amritsar,2022,Rabi,Sugarcane,2043.87,18.6,39.4,Black,Canal,303.33,12.77,2050.84,8.05,37506.81,146723.0,Higher relative rainfall,Lower relative temperature,Lower relative humidity,True,3,High relative climate deviation
5976,Punjab,Amritsar,2022,Rabi,Barley,2187.96,18.8,78.7,Sandy,Drip,397.11,14.84,1775.64,6.34,61965.35,92861.0,Higher relative rainfall,Lower relative temperature,Moderate relative humidity,True,2,High relative climate deviation
5978,Punjab,Patiala,2022,Rabi,Rice,2067.88,25.2,37.4,Alluvial,Rain-fed,389.02,21.95,3523.08,2.99,27077.34,131132.0,Higher relative rainfall,Moderate relative temperature,Lower relative humidity,True,2,High relative climate deviation
5993,Punjab,Patiala,2022,Rabi,Pulses,491.97,37.1,59.4,Laterite,Canal,207.37,6.86,4150.09,7.54,29367.44,315608.0,Lower relative rainfall,Higher relative temperature,Moderate relative humidity,True,2,High relative climate deviation
5995,Punjab,Jalandhar,2022,Kharif,Wheat,2073.72,20.4,36.7,Black,Canal,165.74,24.43,4709.27,4.59,47112.62,226841.0,Higher relative rainfall,Moderate relative temperature,Lower relative humidity,True,2,High relative climate deviation
6002,Punjab,Jalandhar,2022,Rabi,Maize,477.96,24.9,40.1,Alluvial,Tube Well,237.15,52.26,4243.15,8.45,21431.11,321439.0,Lower relative rainfall,Moderate relative temperature,Lower relative humidity,True,2,High relative climate deviation
6009,Punjab,Jalandhar,2022,Zaid,Cotton,759.27,18.3,38.4,Red,Tube Well,142.39,47.44,4576.95,8.0,17349.62,513771.0,Moderate relative rainfall,Lower relative temperature,Lower relative humidity,True,2,High relative climate deviation
6015,Punjab,Bathinda,2022,Kharif,Maize,495.79,30.8,89.8,Alluvial,Drip,137.59,20.54,151.58,2.31,24382.8,6070.0,Lower relative rainfall,Moderate relative temperature,Higher relative humidity,True,2,High relative climate deviation
6022,Punjab,Bathinda,2022,Zaid,Maize,1331.23,18.8,38.6,Red,Tube Well,173.14,19.12,3185.45,7.47,37719.08,201238.0,Moderate relative rainfall,Lower relative temperature,Lower relative humidity,True,2,High relative climate deviation
6023,Punjab,Bathinda,2022,Rabi,Sugarcane,986.92,19.2,87.2,Red,Canal,432.99,11.03,1291.66,4.93,49945.53,108614.0,Moderate relative rainfall,Lower relative temperature,Higher relative humidity,True,2,High relative climate deviation
6027,Punjab,Bathinda,2022,Rabi,Rice,1911.54,19.8,36.3,Alluvial,Canal,284.25,20.65,2984.82,7.6,15709.35,196309.0,Moderate relative rainfall,Lower relative temperature,Lower relative humidity,True,2,High relative climate deviation
6036,Maharashtra,Pune,2022,Kharif,Sugarcane,948.96,18.1,38.9,Alluvial,Tube Well,90.34,25.33,2475.04,5.85,37498.32,125904.0,Moderate relative rainfall,Lower relative temperature,Lower relative humidity,True,2,High relative climate deviation
6043,Maharashtra,Pune,2022,Rabi,Sugarcane,2146.69,36.0,38.9,Sandy,Drip,384.74,38.39,3194.65,7.18,16796.74,192885.0,Higher relative rainfall,Higher relative temperature,Lower relative humidity,True,3,High relative climate deviation
6050,Maharashtra,Nashik,2022,Zaid,Millets,494.71,37.6,88.9,Alluvial,Drip,215.34,8.76,1004.9,1.66,22717.49,20778.0,Lower relative rainfall,Higher relative temperature,Higher relative humidity,True,3,High relative climate deviation
6055,Maharashtra,Nashik,2022,Rabi,Pulses,1416.03,19.3,87.6,Alluvial,Drip,438.04,58.81,4141.83,6.27,37084.74,339830.0,Moderate relative rainfall,Lower relative temperature,Higher relative humidity,True,2,High relative climate deviation
6072,Maharashtra,Nagpur,2022,Zaid,Maize,1890.4,36.6,35.4,Alluvial,Canal,319.06,16.55,715.13,1.42,28054.67,11054.0,Moderate relative rainfall,Higher relative temperature,Lower relative humidity,True,2,High relative climate deviation
6077,Maharashtra,Nagpur,2022,Zaid,Rice,2137.39,36.7,35.2,Alluvial,Tube Well,370.24,42.44,4102.89,1.88,34360.76,78659.0,Higher relative rainfall,Higher relative temperature,Lower relative humidity,True,3,High relative climate deviation
6088,Maharashtra,Aurangabad,2022,Zaid,Cotton,771.87,19.9,38.2,Laterite,Drip,105.69,27.78,1228.9,7.49,31620.56,128845.0,Moderate relative rainfall,Lower relative temperature,Lower relative humidity,True,2,High relative climate deviation
6091,Maharashtra,Aurangabad,2022,Zaid,Cotton,473.48,23.6,89.4,Black,Rain-fed,150.52,44.93,4604.99,5.44,16298.56,410008.0,Lower relative rainfall,Moderate relative temperature,Higher relative humidity,True,2,High relative climate deviation
6092,Maharashtra,Aurangabad,2022,Rabi,Wheat,1057.54,36.0,37.8,Alluvial,Drip,204.17,34.96,3423.9,1.21,28866.72,68868.0,Moderate relative rainfall,Higher relative temperature,Lower relative humidity,True,2,High relative climate deviation
6094,Maharashtra,Aurangabad,2022,Kharif,Cotton,1374.99,18.7,36.2,Red,Rain-fed,145.85,43.52,781.36,2.47,29188.65,21556.0,Moderate relative rainfall,Lower relative temperature,Lower relative humidity,True,2,High relative climate deviation
6098,Maharashtra,Aurangabad,2022,Rabi,Millets,472.36,32.3,86.9,Alluvial,Drip,101.7,36.02,3860.45,5.44,59090.59,363130.0,Lower relative rainfall,Moderate relative temperature,Higher relative humidity,True,2,High relative climate deviation
6100,Maharashtra,Aurangabad,2022,Zaid,Cotton,470.01,18.2,75.5,Sandy,Drip,195.78,54.06,4777.31,2.02,47187.96,130666.0,Lower relative rainfall,Lower relative temperature,Moderate relative humidity,True,2,High relative climate deviation
6120,Maharashtra,Kolhapur,2022,Zaid,Maize,1288.08,36.1,89.1,Laterite,Drip,89.31,50.51,4287.49,6.82,36262.77,384352.0,Moderate relative rainfall,Higher relative temperature,Higher relative humidity,True,2,High relative climate deviation
6135,Karnataka,Bengaluru,2022,Kharif,Wheat,550.78,26.5,88.4,Alluvial,Rain-fed,431.75,56.31,796.4,2.52,18865.14,26397.000000000004,Lower relative rainfall,Moderate relative temperature,Higher relative humidity,True,2,High relative climate deviation
6137,Karnataka,Bengaluru,2022,Zaid,Sugarcane,2143.97,19.8,52.3,Alluvial,Drip,244.71,23.16,2296.34,1.47,17455.46,35274.0,Higher relative rainfall,Lower relative temperature,Moderate relative humidity,True,2,High relative climate deviation
6147,Karnataka,Mysuru,2022,Zaid,Cotton,2196.04,34.9,88.5,Alluvial,Rain-fed,220.04,59.43,2360.29,6.54,51085.27,127081.0,Higher relative rainfall,Moderate relative temperature,Higher relative humidity,True,2,High relative climate deviation
6166,Karnataka,Hubli,2022,Rabi,Cotton,602.77,18.2,35.4,Sandy,Rain-fed,296.18,34.38,2373.96,5.9,31924.02,207728.00000000003,Moderate relative rainfall,Lower relative temperature,Lower relative humidity,True,2,High relative climate deviation
6174,Karnataka,Hubli,2022,Rabi,Pulses,483.56,37.3,77.8,Red,Rain-fed,287.66,41.6,3383.09,4.04,43667.87,211067.0,Lower relative rainfall,Higher relative temperature,Moderate relative humidity,True,2,High relative climate deviation
6180,Karnataka,Belagavi,2022,Rabi,Millets,575.15,37.0,66.4,Laterite,Canal,97.13,46.27,4381.57,6.11,55681.55,331070.0,Lower relative rainfall,Higher relative temperature,Moderate relative humidity,True,2,High relative climate deviation
6188,Karnataka,Belagavi,2022,Zaid,Sugarcane,460.01,37.3,70.3,Alluvial,Sprinkler,116.22,59.59,188.21,4.85,55738.53,14505.000000000002,Lower relative rainfall,Higher relative temperature,Moderate relative humidity,True,2,High relative climate deviation
6189,Karnataka,Belagavi,2022,Zaid,Maize,496.21,23.6,38.9,Sandy,Drip,437.2,37.78,4152.38,3.61,63125.33,247214.0,Lower relative rainfall,Moderate relative temperature,Lower relative humidity,True,2,High relative climate deviation
6197,Karnataka,Mangalore,2022,Rabi,Millets,467.92,22.1,89.5,Laterite,Tube Well,425.62,44.53,3907.72,3.93,45743.21,264089.0,Lower relative rainfall,Moderate relative temperature,Higher relative humidity,True,2,High relative climate deviation
6212,Tamil Nadu,Chennai,2022,Zaid,Millets,2144.57,27.7,88.0,Laterite,Tube Well,287.72,37.0,942.84,1.56,18886.28,24837.0,Higher relative rainfall,Moderate relative temperature,Higher relative humidity,True,2,High relative climate deviation
6215,Tamil Nadu,Chennai,2022,Kharif,Pulses,558.9,35.5,85.0,Laterite,Tube Well,108.31,37.22,553.3,4.77,45258.03,41758.0,Lower relative rainfall,Moderate relative temperature,Higher relative humidity,True,2,High relative climate deviation
6217,Tamil Nadu,Chennai,2022,Rabi,Cotton,2161.52,27.1,86.7,Red,Sprinkler,396.12,34.57,1354.1,5.58,19026.86,108271.0,Higher relative rainfall,Moderate relative temperature,Higher relative humidity,True,2,High relative climate deviation
6219,Tamil Nadu,Chennai,2022,Rabi,Wheat,1830.07,19.7,88.9,Alluvial,Sprinkler,238.39,31.91,2620.77,6.58,53551.76,245666.0,Moderate relative rainfall,Lower relative temperature,Higher relative humidity,True,2,High relative climate deviation
6224,Tamil Nadu,Chennai,2022,Kharif,Rice,1962.31,36.3,86.7,Alluvial,Canal,55.94,30.81,3877.7,1.69,51097.05,92538.0,Moderate relative rainfall,Higher relative temperature,Higher relative humidity,True,2,High relative climate deviation
6265,Tamil Nadu,Salem,2022,Rabi,Rice,573.63,36.1,61.9,Black,Drip,291.6,20.51,2744.45,6.67,13786.27,237311.0,Lower relative rainfall,Higher relative temperature,Moderate relative humidity,True,2,High relative climate deviation
6267,Tamil Nadu,Salem,2022,Zaid,Wheat,580.11,19.9,78.9,Laterite,Drip,103.98,19.14,4659.47,4.15,23072.15,166118.0,Lower relative rainfall,Lower relative temperature,Moderate relative humidity,True,2,High relative climate deviation
6286,Tamil Nadu,Tiruchirappalli,2022,Zaid,Sugarcane,1324.31,37.2,86.8,Laterite,Drip,448.3,51.2,581.43,5.44,18400.2,36872.0,Moderate relative rainfall,Higher relative temperature,Higher relative humidity,True,2,High relative climate deviation
6292,Tamil Nadu,Tiruchirappalli,2022,Rabi,Maize,1857.88,36.6,36.6,Red,Tube Well,236.14,38.14,3440.25,3.28,22628.29,192081.0,Moderate relative rainfall,Higher relative temperature,Lower relative humidity,True,2,High relative climate deviation
6294,Tamil Nadu,Tiruchirappalli,2022,Kharif,Rice,2110.06,18.1,37.3,Red,Canal,395.19,20.41,2340.61,6.55,27847.87,240214.0,Higher relative rainfall,Lower relative temperature,Lower relative humidity,True,3,High relative climate deviation
6304,Rajasthan,Jaipur,2022,Kharif,Barley,2083.0,38.0,79.3,Laterite,Sprinkler,116.6,6.95,2451.78,6.79,47648.63,230650.0,Higher relative rainfall,Higher relative temperature,Moderate relative humidity,True,2,High relative climate deviation
6324,Rajasthan,Jodhpur,2022,Kharif,Millets,2139.59,34.9,86.4,Red,Tube Well,188.45,32.84,4023.61,4.35,38819.17,224250.0,Higher relative rainfall,Moderate relative temperature,Higher relative humidity,True,2,High relative climate deviation
6341,Rajasthan,Udaipur,2022,Rabi,Wheat,2164.07,36.1,54.1,Laterite,Drip,258.19,12.78,2850.99,7.47,12229.7,293164.0,Higher relative rainfall,Higher relative temperature,Moderate relative humidity,True,2,High relative climate deviation
6342,Rajasthan,Udaipur,2022,Zaid,Cotton,2042.45,19.6,57.9,Sandy,Sprinkler,283.14,22.46,3278.99,4.28,58207.31,237573.0,Higher relative rainfall,Lower relative temperature,Moderate relative humidity,True,2,High relative climate deviation
6365,Rajasthan,Kota,2022,Rabi,Cotton,2113.79,19.0,80.3,Sandy,Tube Well,83.82,38.11,4649.16,1.64,27168.37,128436.0,Higher relative rainfall,Lower relative temperature,Moderate relative humidity,True,2,High relative climate deviation
6368,Rajasthan,Kota,2022,Kharif,Millets,549.23,18.6,56.8,Black,Sprinkler,387.03,46.75,1456.92,5.59,60777.39,122982.0,Lower relative rainfall,Lower relative temperature,Moderate relative humidity,True,2,High relative climate deviation
6370,Rajasthan,Kota,2022,Zaid,Wheat,1548.26,18.6,36.4,Laterite,Tube Well,188.01,14.42,4260.76,4.43,44643.9,263148.0,Moderate relative rainfall,Lower relative temperature,Lower relative humidity,True,2,High relative climate deviation
6378,Rajasthan,Ajmer,2022,Zaid,Pulses,519.8,36.8,39.7,Alluvial,Rain-fed,243.95,42.4,1145.97,3.61,56343.51,66024.0,Lower relative rainfall,Higher relative temperature,Lower relative humidity,True,3,High relative climate deviation
6382,Rajasthan,Ajmer,2022,Zaid,Sugarcane,2117.8,19.1,74.4,Sandy,Sprinkler,213.77,52.47,420.31,8.04,18111.49,34996.0,Higher relative rainfall,Lower relative temperature,Moderate relative humidity,True,2,High relative climate deviation
6385,Rajasthan,Ajmer,2022,Kharif,Rice,428.55,30.7,86.4,Black,Canal,322.65,55.65,2271.45,2.68,30127.74,74093.0,Lower relative rainfall,Moderate relative temperature,Higher relative humidity,True,2,High relative climate deviation
6389,Rajasthan,Ajmer,2022,Kharif,Sugarcane,1197.16,19.0,38.9,Sandy,Drip,162.06,31.95,685.26,1.64,58249.54,10026.0,Moderate relative rainfall,Lower relative temperature,Lower relative humidity,True,2,High relative climate deviation
6392,West Bengal,Kolkata,2022,Kharif,Sugarcane,466.75,37.8,58.2,Black,Sprinkler,91.05,39.82,3496.98,5.08,41373.1,186619.0,Lower relative rainfall,Higher relative temperature,Moderate relative humidity,True,2,High relative climate deviation
6403,West Bengal,Kolkata,2022,Rabi,Rice,424.47,37.5,78.1,Red,Drip,128.41,45.36,4017.82,1.96,49414.59,73511.0,Lower relative rainfall,Higher relative temperature,Moderate relative humidity,True,2,High relative climate deviation
6406,West Bengal,Kolkata,2022,Kharif,Barley,402.83,19.1,36.1,Red,Canal,315.86,56.35,1091.9,8.28,49646.93,150760.0,Lower relative rainfall,Lower relative temperature,Lower relative humidity,True,3,High relative climate deviation
6410,West Bengal,Howrah,2022,Kharif,Cotton,2026.25,26.3,39.7,Black,Drip,110.45,51.03,4147.48,4.51,52768.13,177887.0,Higher relative rainfall,Moderate relative temperature,Lower relative humidity,True,2,High relative climate deviation
6438,West Bengal,Darjeeling,2022,Kharif,Pulses,1697.89,19.5,39.2,Sandy,Rain-fed,55.94,12.95,4887.69,6.82,38487.72,313166.0,Moderate relative rainfall,Lower relative temperature,Lower relative humidity,True,2,High relative climate deviation
6458,West Bengal,Siliguri,2022,Zaid,Cotton,903.51,36.7,35.2,Red,Rain-fed,390.56,38.18,3329.69,2.34,24815.69,121740.0,Moderate relative rainfall,Higher relative temperature,Lower relative humidity,True,2,High relative climate deviation
6470,West Bengal,Malda,2022,Zaid,Pulses,2191.63,36.0,78.2,Black,Tube Well,237.88,48.93,4434.07,7.2,24301.49,460838.0,Higher relative rainfall,Higher relative temperature,Moderate relative humidity,True,2,High relative climate deviation
6479,West Bengal,Malda,2022,Kharif,Millets,828.26,38.0,37.2,Alluvial,Canal,434.12,36.23,4112.34,5.22,61726.15,344151.0,Moderate relative rainfall,Higher relative temperature,Lower relative humidity,True,2,High relative climate deviation
6505,Uttarakhand,Haridwar,2023,Kharif,Pulses,2111.38,29.5,39.3,Red,Drip,78.62,9.04,177.08,8.1,45384.18,16487.0,Higher relative rainfall,Moderate relative temperature,Lower relative humidity,True,2,High relative climate deviation
6509,Uttarakhand,Haridwar,2023,Rabi,Rice,1991.4,37.6,88.6,Laterite,Canal,283.75,22.12,4584.5,3.58,59386.81,272180.0,Moderate relative rainfall,Higher relative temperature,Higher relative humidity,True,2,High relative climate deviation
6524,Uttarakhand,Nainital,2023,Zaid,Barley,2031.35,36.5,75.8,Alluvial,Canal,79.4,26.97,4519.26,6.33,58476.5,304654.0,Higher relative rainfall,Higher relative temperature,Moderate relative humidity,True,2,High relative climate deviation
6529,Uttarakhand,Nainital,2023,Kharif,Millets,753.77,37.6,89.0,Alluvial,Tube Well,172.65,44.65,898.11,1.39,47634.56,17336.0,Moderate relative rainfall,Higher relative temperature,Higher relative humidity,True,2,High relative climate deviation
6555,Uttarakhand,Pauri,2023,Kharif,Pulses,2128.78,19.0,87.1,Black,Tube Well,234.3,35.4,1407.95,7.21,46095.01,141267.0,Higher relative rainfall,Lower relative temperature,Higher relative humidity,True,3,High relative climate deviation
6562,Uttarakhand,Pauri,2023,Kharif,Pulses,2083.43,37.9,56.5,Alluvial,Sprinkler,412.75,58.75,2697.35,8.24,52739.55,204859.0,Higher relative rainfall,Higher relative temperature,Moderate relative humidity,True,2,High relative climate deviation
6576,Uttar Pradesh,Lucknow,2023,Zaid,Sugarcane,2181.33,27.7,86.3,Sandy,Drip,402.48,42.44,2902.08,5.0,63881.46,224372.0,Higher relative rainfall,Moderate relative temperature,Higher relative humidity,True,2,High relative climate deviation
6579,Uttar Pradesh,Lucknow,2023,Zaid,Barley,436.84,35.5,89.9,Laterite,Tube Well,211.96,7.47,1943.79,4.0,36690.92,105318.0,Lower relative rainfall,Moderate relative temperature,Higher relative humidity,True,2,High relative climate deviation
6586,Uttar Pradesh,Lucknow,2023,Zaid,Pulses,1303.06,19.0,85.4,Laterite,Drip,395.13,28.81,518.58,1.5,51779.01,10678.0,Moderate relative rainfall,Lower relative temperature,Higher relative humidity,True,2,High relative climate deviation
6588,Uttar Pradesh,Lucknow,2023,Rabi,Wheat,420.11,19.9,67.8,Alluvial,Sprinkler,250.31,42.47,1076.21,2.11,21556.56,24966.0,Lower relative rainfall,Lower relative temperature,Moderate relative humidity,True,2,High relative climate deviation
6594,Uttar Pradesh,Kanpur,2023,Kharif,Wheat,460.07,18.6,44.6,Red,Canal,289.79,44.88,506.98,6.54,44263.27,35124.0,Lower relative rainfall,Lower relative temperature,Moderate relative humidity,True,2,High relative climate deviation
6605,Uttar Pradesh,Kanpur,2023,Kharif,Barley,2068.36,36.7,88.0,Alluvial,Rain-fed,260.89,33.52,3186.12,4.19,31115.64,178104.0,Higher relative rainfall,Higher relative temperature,Higher relative humidity,True,3,High relative climate deviation
6616,Uttar Pradesh,Varanasi,2023,Kharif,Maize,1489.33,37.2,86.8,Black,Sprinkler,304.91,13.4,3484.86,3.44,12489.29,131032.0,Moderate relative rainfall,Higher relative temperature,Higher relative humidity,True,2,High relative climate deviation
6626,Uttar Pradesh,Agra,2023,Rabi,Cotton,2032.36,37.2,83.5,Sandy,Drip,249.01,10.4,471.82,8.38,57386.83,68474.0,Higher relative rainfall,Higher relative temperature,Moderate relative humidity,True,2,High relative climate deviation
6632,Uttar Pradesh,Agra,2023,Zaid,Pulses,2188.9,37.3,52.1,Alluvial,Drip,437.35,7.43,3648.84,7.33,63904.24,431805.0,Higher relative rainfall,Higher relative temperature,Moderate relative humidity,True,2,High relative climate deviation
6637,Uttar Pradesh,Agra,2023,Kharif,Sugarcane,2089.73,30.9,86.0,Red,Tube Well,360.19,59.88,1877.33,6.17,55248.68,172108.0,Higher relative rainfall,Moderate relative temperature,Higher relative humidity,True,2,High relative climate deviation
6641,Uttar Pradesh,Agra,2023,Rabi,Wheat,2022.71,20.8,38.7,Alluvial,Tube Well,405.73,56.78,4009.35,7.06,56967.41,445942.0,Higher relative rainfall,Moderate relative temperature,Lower relative humidity,True,2,High relative climate deviation
6644,Uttar Pradesh,Meerut,2023,Zaid,Barley,574.97,36.0,76.8,Sandy,Drip,226.06,49.69,1263.25,4.05,60358.07,50863.0,Lower relative rainfall,Higher relative temperature,Moderate relative humidity,True,2,High relative climate deviation
6651,Uttar Pradesh,Meerut,2023,Rabi,Rice,2028.0,37.1,67.6,Alluvial,Rain-fed,357.88,45.46,2296.96,4.97,53747.83,116491.0,Higher relative rainfall,Higher relative temperature,Moderate relative humidity,True,2,High relative climate deviation
6660,Uttar Pradesh,Meerut,2023,Rabi,Millets,511.62,23.2,35.5,Red,Rain-fed,213.77,53.87,2834.14,1.24,32925.38,47983.0,Lower relative rainfall,Moderate relative temperature,Lower relative humidity,True,2,High relative climate deviation
6663,Punjab,Ludhiana,2023,Zaid,Wheat,854.82,18.9,35.7,Red,Drip,182.08,47.94,3396.5,7.48,41839.25,408087.0,Moderate relative rainfall,Lower relative temperature,Lower relative humidity,True,2,High relative climate deviation
6665,Punjab,Ludhiana,2023,Kharif,Barley,2029.22,36.9,39.7,Sandy,Tube Well,132.31,45.56,1083.74,6.0,59428.97,98830.0,Higher relative rainfall,Higher relative temperature,Lower relative humidity,True,3,High relative climate deviation
6670,Punjab,Ludhiana,2023,Rabi,Barley,467.41,18.1,74.6,Alluvial,Sprinkler,100.07,35.19,2813.85,6.37,14651.7,189363.0,Lower relative rainfall,Lower relative temperature,Moderate relative humidity,True,2,High relative climate deviation
6699,Punjab,Patiala,2023,Zaid,Maize,480.45,19.9,49.8,Laterite,Rain-fed,415.65,12.1,2703.4,5.64,64742.87,162690.0,Lower relative rainfall,Lower relative temperature,Moderate relative humidity,True,2,High relative climate deviation
6704,Punjab,Patiala,2023,Kharif,Cotton,607.32,19.4,89.2,Sandy,Canal,230.82,12.5,4078.26,5.98,32723.8,251983.0,Moderate relative rainfall,Lower relative temperature,Higher relative humidity,True,2,High relative climate deviation
6707,Punjab,Patiala,2023,Zaid,Barley,459.91,36.7,60.9,Black,Drip,159.8,53.04,4330.75,5.75,39786.58,290053.0,Lower relative rainfall,Higher relative temperature,Moderate relative humidity,True,2,High relative climate deviation
6717,Punjab,Jalandhar,2023,Zaid,Barley,817.19,37.1,88.5,Black,Drip,245.73,11.3,2701.28,4.65,62937.17,164730.0,Moderate relative rainfall,Higher relative temperature,Higher relative humidity,True,2,High relative climate deviation
6744,Punjab,Bathinda,2023,Kharif,Pulses,580.84,37.3,69.9,Red,Canal,263.66,46.26,4953.06,2.29,45340.81,138835.0,Lower relative rainfall,Higher relative temperature,Moderate relative humidity,True,2,High relative climate deviation
6754,Maharashtra,Pune,2023,Rabi,Cotton,434.32,18.5,85.9,Laterite,Drip,273.8,5.56,1596.32,5.07,14921.5,114235.0,Lower relative rainfall,Lower relative temperature,Higher relative humidity,True,3,High relative climate deviation
6765,Maharashtra,Pune,2023,Zaid,Millets,1361.67,19.0,86.9,Sandy,Drip,406.49,14.93,1295.83,3.91,52135.25,73758.0,Moderate relative rainfall,Lower relative temperature,Higher relative humidity,True,2,High relative climate deviation
6777,Maharashtra,Nashik,2023,Rabi,Cotton,419.24,18.7,73.3,Black,Sprinkler,378.34,20.35,929.15,5.7,26922.22,56241.99999999999,Lower relative rainfall,Lower relative temperature,Moderate relative humidity,True,2,High relative climate deviation
6790,Maharashtra,Nagpur,2023,Rabi,Rice,1081.45,18.7,89.4,Laterite,Sprinkler,298.31,28.07,1689.51,4.0,16216.41,82208.0,Moderate relative rainfall,Lower relative temperature,Higher relative humidity,True,2,High relative climate deviation
6795,Maharashtra,Nagpur,2023,Rabi,Maize,1611.87,36.8,88.4,Red,Drip,218.16,18.22,3771.35,6.27,43442.65,196877.0,Moderate relative rainfall,Higher relative temperature,Higher relative humidity,True,2,High relative climate deviation
6813,Maharashtra,Aurangabad,2023,Kharif,Millets,488.88,37.7,74.1,Sandy,Canal,361.35,30.22,151.54,4.74,22872.58,12549.0,Lower relative rainfall,Higher relative temperature,Moderate relative humidity,True,2,High relative climate deviation
6818,Maharashtra,Aurangabad,2023,Rabi,Millets,1232.63,37.3,86.6,Sandy,Rain-fed,397.29,25.28,4477.8,8.44,40855.69,375601.0,Moderate relative rainfall,Higher relative temperature,Higher relative humidity,True,2,High relative climate deviation
6839,Maharashtra,Kolhapur,2023,Kharif,Sugarcane,445.23,18.2,68.6,Red,Sprinkler,285.3,31.81,2693.88,3.51,62226.56,121819.0,Lower relative rainfall,Lower relative temperature,Moderate relative humidity,True,2,High relative climate deviation
6842,Karnataka,Bengaluru,2023,Rabi,Pulses,518.57,18.9,54.1,Alluvial,Drip,429.9,59.35,2489.13,3.6,61782.8,117845.0,Lower relative rainfall,Lower relative temperature,Moderate relative humidity,True,2,High relative climate deviation
6847,Karnataka,Bengaluru,2023,Zaid,Barley,473.79,18.7,68.8,Laterite,Drip,255.62,14.23,1553.98,6.82,45306.97,165656.0,Lower relative rainfall,Lower relative temperature,Moderate relative humidity,True,2,High relative climate deviation
6849,Karnataka,Bengaluru,2023,Rabi,Rice,416.97,36.4,84.7,Black,Rain-fed,155.22,49.52,4459.69,6.55,33300.97,294102.0,Lower relative rainfall,Higher relative temperature,Higher relative humidity,True,3,High relative climate deviation
6854,Karnataka,Bengaluru,2023,Zaid,Wheat,2044.09,36.1,64.8,Red,Tube Well,427.24,31.92,1604.5,3.72,49246.67,98714.0,Higher relative rainfall,Higher relative temperature,Moderate relative humidity,True,2,High relative climate deviation
6858,Karnataka,Bengaluru,2023,Rabi,Cotton,409.31,19.5,55.2,Sandy,Sprinkler,396.77,57.68,3922.57,4.31,40951.74,168138.0,Lower relative rainfall,Lower relative temperature,Moderate relative humidity,True,2,High relative climate deviation
6862,Karnataka,Mysuru,2023,Kharif,Barley,2040.97,21.4,40.2,Red,Canal,101.91,57.9,587.1,6.03,59319.57,60501.0,Higher relative rainfall,Moderate relative temperature,Lower relative humidity,True,2,High relative climate deviation
6902,Karnataka,Belagavi,2023,Rabi,Wheat,2181.34,18.2,59.0,Alluvial,Drip,341.89,26.56,4341.5,6.07,46948.93,219595.0,Higher relative rainfall,Lower relative temperature,Moderate relative humidity,True,2,High relative climate deviation
6903,Karnataka,Belagavi,2023,Zaid,Wheat,2082.57,31.4,38.5,Alluvial,Sprinkler,226.93,13.41,2738.51,3.63,33074.47,167425.0,Higher relative rainfall,Moderate relative temperature,Lower relative humidity,True,2,High relative climate deviation
6905,Karnataka,Belagavi,2023,Zaid,Sugarcane,446.47,37.8,73.6,Red,Sprinkler,67.36,32.53,3454.16,5.89,51544.19,200463.0,Lower relative rainfall,Higher relative temperature,Moderate relative humidity,True,2,High relative climate deviation
6928,Karnataka,Mangalore,2023,Zaid,Millets,875.7,19.4,40.0,Sandy,Rain-fed,66.63,30.67,3627.81,7.71,64673.11,424508.0,Moderate relative rainfall,Lower relative temperature,Lower relative humidity,True,2,High relative climate deviation
6931,Tamil Nadu,Chennai,2023,Kharif,Rice,507.76,29.7,87.4,Red,Sprinkler,354.39,48.23,1385.86,3.13,62444.72,48464.0,Lower relative rainfall,Moderate relative temperature,Higher relative humidity,True,2,High relative climate deviation
6934,Tamil Nadu,Chennai,2023,Kharif,Pulses,2172.38,36.0,41.3,Red,Tube Well,447.73,33.86,2621.54,8.07,17192.33,183695.0,Higher relative rainfall,Higher relative temperature,Moderate relative humidity,True,2,High relative climate deviation
6946,Tamil Nadu,Chennai,2023,Kharif,Maize,1209.81,20.0,37.8,Sandy,Sprinkler,402.03,45.86,3122.31,7.55,54120.76,396041.0,Moderate relative rainfall,Lower relative temperature,Lower relative humidity,True,2,High relative climate deviation
6947,Tamil Nadu,Chennai,2023,Rabi,Wheat,1102.63,38.0,36.8,Sandy,Tube Well,214.69,50.77,2225.44,2.71,25656.31,92235.0,Moderate relative rainfall,Higher relative temperature,Lower relative humidity,True,2,High relative climate deviation
6949,Tamil Nadu,Coimbatore,2023,Zaid,Wheat,439.29,24.0,38.8,Red,Drip,391.72,49.84,4706.78,1.31,38830.09,59255.99999999999,Lower relative rainfall,Moderate relative temperature,Lower relative humidity,True,2,High relative climate deviation
6991,Tamil Nadu,Salem,2023,Kharif,Rice,2069.21,22.8,36.0,Black,Sprinkler,271.28,24.82,3367.0,5.0,25659.91,181170.0,Higher relative rainfall,Moderate relative temperature,Lower relative humidity,True,2,High relative climate deviation
7046,Rajasthan,Jodhpur,2023,Zaid,Sugarcane,550.05,36.4,69.9,Laterite,Tube Well,64.34,29.58,737.19,8.06,47004.27,87263.0,Lower relative rainfall,Higher relative temperature,Moderate relative humidity,True,2,High relative climate deviation
7047,Rajasthan,Jodhpur,2023,Kharif,Cotton,593.31,37.2,37.0,Alluvial,Rain-fed,94.91,52.05,707.11,7.38,22367.72,58035.0,Moderate relative rainfall,Higher relative temperature,Lower relative humidity,True,2,High relative climate deviation
7071,Rajasthan,Udaipur,2023,Rabi,Wheat,417.58,35.3,89.6,Black,Drip,123.87,58.74,874.88,3.57,56546.1,49401.0,Lower relative rainfall,Moderate relative temperature,Higher relative humidity,True,2,High relative climate deviation
7073,Rajasthan,Udaipur,2023,Rabi,Millets,492.05,33.2,85.5,Sandy,Tube Well,291.16,41.85,3256.83,3.86,55883.41,118136.0,Lower relative rainfall,Moderate relative temperature,Higher relative humidity,True,2,High relative climate deviation
7081,Rajasthan,Kota,2023,Kharif,Wheat,2125.2,18.3,82.6,Sandy,Canal,269.94,7.77,1286.16,3.72,27466.37,84414.0,Higher relative rainfall,Lower relative temperature,Moderate relative humidity,True,2,High relative climate deviation
7085,Rajasthan,Kota,2023,Zaid,Sugarcane,596.96,36.6,36.7,Red,Sprinkler,335.63,42.15,4486.93,2.98,61632.57,200568.0,Moderate relative rainfall,Higher relative temperature,Lower relative humidity,True,2,High relative climate deviation
7090,Rajasthan,Kota,2023,Kharif,Wheat,2197.62,35.6,39.5,Red,Sprinkler,114.15,16.65,4399.83,2.99,36095.84,178671.0,Higher relative rainfall,Moderate relative temperature,Lower relative humidity,True,2,High relative climate deviation
7091,Rajasthan,Kota,2023,Rabi,Sugarcane,464.56,37.0,75.8,Alluvial,Tube Well,240.96,53.33,4946.36,2.32,34802.29,175193.0,Lower relative rainfall,Higher relative temperature,Moderate relative humidity,True,2,High relative climate deviation
7093,Rajasthan,Ajmer,2023,Rabi,Wheat,546.62,34.5,35.7,Sandy,Rain-fed,246.52,20.4,3019.07,1.27,55577.7,55109.0,Lower relative rainfall,Moderate relative temperature,Lower relative humidity,True,2,High relative climate deviation
7111,West Bengal,Kolkata,2023,Rabi,Sugarcane,2064.22,37.3,86.8,Sandy,Sprinkler,94.44,39.64,2293.64,4.85,17617.05,129652.0,Higher relative rainfall,Higher relative temperature,Higher relative humidity,True,3,High relative climate deviation
7115,West Bengal,Kolkata,2023,Zaid,Maize,850.71,18.7,35.1,Alluvial,Tube Well,339.59,7.71,2935.2,5.47,30577.24,243146.0,Moderate relative rainfall,Lower relative temperature,Lower relative humidity,True,2,High relative climate deviation
7116,West Bengal,Kolkata,2023,Kharif,Maize,1129.29,37.8,85.9,Alluvial,Tube Well,140.7,41.64,4391.07,2.71,14276.78,149352.0,Moderate relative rainfall,Higher relative temperature,Higher relative humidity,True,2,High relative climate deviation
7117,West Bengal,Kolkata,2023,Kharif,Cotton,1067.7,37.7,86.5,Alluvial,Sprinkler,371.36,12.97,2129.39,4.65,15536.27,82684.0,Moderate relative rainfall,Higher relative temperature,Higher relative humidity,True,2,High relative climate deviation
7121,West Bengal,Kolkata,2023,Rabi,Sugarcane,2158.87,30.2,85.6,Black,Tube Well,70.6,11.77,1792.59,6.79,28797.7,214194.0,Higher relative rainfall,Moderate relative temperature,Higher relative humidity,True,2,High relative climate deviation
7123,West Bengal,Kolkata,2023,Kharif,Cotton,566.7,28.4,89.6,Laterite,Drip,91.88,25.26,2900.45,2.99,38332.54,129082.0,Lower relative rainfall,Moderate relative temperature,Higher relative humidity,True,2,High relative climate deviation
7147,West Bengal,Darjeeling,2023,Rabi,Millets,1023.42,36.1,36.2,Sandy,Canal,121.54,36.06,2607.52,8.48,43837.93,249430.00000000003,Moderate relative rainfall,Higher relative temperature,Lower relative humidity,True,2,High relative climate deviation
7156,West Bengal,Darjeeling,2023,Zaid,Rice,2080.25,37.3,38.7,Sandy,Tube Well,72.55,54.91,2473.01,2.97,55333.03,66100.0,Higher relative rainfall,Higher relative temperature,Lower relative humidity,True,3,High relative climate deviation
7159,West Bengal,Darjeeling,2023,Zaid,Sugarcane,451.35,28.4,86.6,Alluvial,Drip,139.47,54.06,2814.42,1.47,61884.25,53179.0,Lower relative rainfall,Moderate relative temperature,Higher relative humidity,True,2,High relative climate deviation
7164,West Bengal,Darjeeling,2023,Zaid,Barley,412.35,37.4,83.3,Laterite,Drip,134.18,18.51,1616.26,6.82,14324.46,194667.0,Lower relative rainfall,Higher relative temperature,Moderate relative humidity,True,2,High relative climate deviation
7170,West Bengal,Siliguri,2023,Rabi,Millets,1175.73,19.9,87.9,Laterite,Canal,420.15,45.88,4701.61,4.23,24683.06,221477.0,Moderate relative rainfall,Lower relative temperature,Higher relative humidity,True,2,High relative climate deviation
7177,West Bengal,Siliguri,2023,Kharif,Rice,2152.73,37.2,48.4,Laterite,Sprinkler,259.74,34.64,1214.97,3.76,41355.54,78418.0,Higher relative rainfall,Higher relative temperature,Moderate relative humidity,True,2,High relative climate deviation
7190,West Bengal,Malda,2023,Zaid,Sugarcane,514.61,19.7,84.1,Laterite,Tube Well,149.66,49.25,2837.0,5.29,33637.28,210475.0,Lower relative rainfall,Lower relative temperature,Moderate relative humidity,True,2,High relative climate deviation
7197,West Bengal,Malda,2023,Rabi,Wheat,574.06,33.0,39.4,Sandy,Sprinkler,83.6,56.11,1346.34,4.55,62642.63,57354.99999999999,Lower relative rainfall,Moderate relative temperature,Lower relative humidity,True,2,High relative climate deviation
7198,West Bengal,Malda,2023,Rabi,Sugarcane,519.0,19.3,37.0,Black,Tube Well,388.55,41.93,4409.99,7.83,48301.17,619958.0,Lower relative rainfall,Lower relative temperature,Lower relative humidity,True,3,High relative climate deviation
7217,Uttarakhand,Dehradun,2024,Rabi,Pulses,2055.12,19.3,63.3,Laterite,Drip,421.26,32.43,4634.29,7.31,36309.6,282895.0,Higher relative rainfall,Lower relative temperature,Moderate relative humidity,True,2,High relative climate deviation
7221,Uttarakhand,Haridwar,2024,Rabi,Wheat,1303.02,36.9,37.5,Red,Rain-fed,402.45,49.83,482.92,6.35,26365.53,45314.0,Moderate relative rainfall,Higher relative temperature,Lower relative humidity,True,2,High relative climate deviation
7224,Uttarakhand,Haridwar,2024,Kharif,Cotton,1171.37,19.0,35.0,Red,Drip,400.45,23.98,1329.97,8.43,32390.01,176190.0,Moderate relative rainfall,Lower relative temperature,Lower relative humidity,True,2,High relative climate deviation
7243,Uttarakhand,Nainital,2024,Kharif,Pulses,1665.1,18.8,88.6,Laterite,Rain-fed,315.98,9.22,3524.32,4.35,28717.35,143927.0,Moderate relative rainfall,Lower relative temperature,Higher relative humidity,True,2,High relative climate deviation
7253,Uttarakhand,Nainital,2024,Zaid,Pulses,2043.83,27.0,86.4,Alluvial,Canal,393.63,46.98,1973.35,2.52,28022.34,71982.0,Higher relative rainfall,Moderate relative temperature,Higher relative humidity,True,2,High relative climate deviation
7256,Uttarakhand,Almora,2024,Rabi,Sugarcane,970.22,37.4,90.0,Red,Drip,288.16,16.06,3513.95,2.69,60989.88,83350.0,Moderate relative rainfall,Higher relative temperature,Higher relative humidity,True,2,High relative climate deviation
7258,Uttarakhand,Almora,2024,Kharif,Barley,2092.52,25.6,87.3,Red,Rain-fed,257.26,46.2,3200.02,2.92,46857.81,154035.0,Higher relative rainfall,Moderate relative temperature,Higher relative humidity,True,2,High relative climate deviation
7279,Uttarakhand,Pauri,2024,Kharif,Maize,557.0,28.5,88.8,Black,Tube Well,433.41,8.0,4824.83,4.02,19729.77,346493.0,Lower relative rainfall,Moderate relative temperature,Higher relative humidity,True,2,High relative climate deviation
7293,Uttar Pradesh,Lucknow,2024,Zaid,Maize,554.5,36.1,35.7,Laterite,Tube Well,209.88,30.89,753.04,1.38,45464.25,14471.0,Lower relative rainfall,Higher relative temperature,Lower relative humidity,True,3,High relative climate deviation
7299,Uttar Pradesh,Lucknow,2024,Zaid,Sugarcane,554.32,19.3,35.3,Red,Tube Well,125.11,52.01,1534.55,2.32,55315.13,53817.99999999999,Lower relative rainfall,Lower relative temperature,Lower relative humidity,True,3,High relative climate deviation
7300,Uttar Pradesh,Lucknow,2024,Kharif,Cotton,2081.82,31.1,87.7,Alluvial,Tube Well,168.52,43.54,459.84,6.3,54692.72,46282.0,Higher relative rainfall,Moderate relative temperature,Higher relative humidity,True,2,High relative climate deviation
7306,Uttar Pradesh,Lucknow,2024,Kharif,Sugarcane,2101.15,25.1,88.3,Red,Sprinkler,308.93,43.18,727.58,2.34,64496.8,22479.0,Higher relative rainfall,Moderate relative temperature,Higher relative humidity,True,2,High relative climate deviation
7309,Uttar Pradesh,Kanpur,2024,Kharif,Wheat,1110.98,18.7,88.6,Red,Drip,53.17,36.41,3705.08,4.05,54576.66,206321.0,Moderate relative rainfall,Lower relative temperature,Higher relative humidity,True,2,High relative climate deviation
7310,Uttar Pradesh,Kanpur,2024,Zaid,Rice,1124.17,37.0,89.2,Laterite,Rain-fed,329.18,24.87,3709.03,6.77,58907.32,405273.0,Moderate relative rainfall,Higher relative temperature,Higher relative humidity,True,2,High relative climate deviation
7317,Uttar Pradesh,Kanpur,2024,Kharif,Wheat,1001.19,19.4,86.9,Black,Drip,205.53,33.94,3603.27,6.91,20020.83,287273.0,Moderate relative rainfall,Lower relative temperature,Higher relative humidity,True,2,High relative climate deviation
7319,Uttar Pradesh,Kanpur,2024,Rabi,Barley,1890.65,19.5,38.9,Black,Tube Well,196.21,36.65,2426.63,8.36,61143.54,303660.0,Moderate relative rainfall,Lower relative temperature,Lower relative humidity,True,2,High relative climate deviation
7329,Uttar Pradesh,Varanasi,2024,Rabi,Cotton,2036.24,18.0,70.1,Alluvial,Rain-fed,429.06,13.96,3111.37,8.19,34026.26,360650.0,Higher relative rainfall,Lower relative temperature,Moderate relative humidity,True,2,High relative climate deviation
7349,Uttar Pradesh,Agra,2024,Zaid,Rice,2039.05,30.8,39.4,Sandy,Sprinkler,337.32,52.03,3652.17,2.05,35588.76,101961.0,Higher relative rainfall,Moderate relative temperature,Lower relative humidity,True,2,High relative climate deviation
7352,Uttar Pradesh,Agra,2024,Zaid,Barley,2064.35,20.0,84.2,Red,Tube Well,167.36,45.69,1390.69,8.42,20710.21,183940.0,Higher relative rainfall,Lower relative temperature,Moderate relative humidity,True,2,High relative climate deviation
7361,Uttar Pradesh,Agra,2024,Rabi,Cotton,418.0,27.9,86.1,Sandy,Sprinkler,434.35,12.6,651.11,6.28,25120.2,66095.0,Lower relative rainfall,Moderate relative temperature,Higher relative humidity,True,2,High relative climate deviation
7362,Uttar Pradesh,Agra,2024,Rabi,Millets,2145.48,18.5,48.9,Sandy,Sprinkler,106.64,52.3,4484.62,1.34,26063.14,97195.0,Higher relative rainfall,Lower relative temperature,Moderate relative humidity,True,2,High relative climate deviation
7371,Uttar Pradesh,Meerut,2024,Kharif,Cotton,2029.86,36.9,38.5,Alluvial,Drip,192.49,17.91,2582.92,2.33,38574.82,91211.0,Higher relative rainfall,Higher relative temperature,Lower relative humidity,True,3,High relative climate deviation
7388,Punjab,Ludhiana,2024,Rabi,Maize,2170.87,19.5,77.7,Laterite,Drip,307.54,25.92,4239.45,1.66,24118.02,81256.0,Higher relative rainfall,Lower relative temperature,Moderate relative humidity,True,2,High relative climate deviation
7394,Punjab,Ludhiana,2024,Zaid,Wheat,2020.82,18.8,57.0,Black,Sprinkler,376.45,57.19,4953.94,2.51,26845.04,131933.0,Higher relative rainfall,Lower relative temperature,Moderate relative humidity,True,2,High relative climate deviation
7428,Punjab,Patiala,2024,Zaid,Millets,1890.39,37.7,86.2,Red,Rain-fed,247.18,22.28,1022.67,5.78,57999.27,57896.0,Moderate relative rainfall,Higher relative temperature,Higher relative humidity,True,2,High relative climate deviation
7432,Punjab,Patiala,2024,Rabi,Wheat,2091.16,37.7,65.9,Laterite,Rain-fed,160.72,33.84,552.95,4.21,51927.44,32413.0,Higher relative rainfall,Higher relative temperature,Moderate relative humidity,True,2,High relative climate deviation
7435,Punjab,Jalandhar,2024,Rabi,Pulses,1683.96,37.7,36.7,Red,Tube Well,268.7,57.1,3821.88,1.59,47486.63,94083.0,Moderate relative rainfall,Higher relative temperature,Lower relative humidity,True,2,High relative climate deviation
7440,Punjab,Jalandhar,2024,Zaid,Cotton,511.51,26.0,38.9,Alluvial,Tube Well,195.73,42.54,4109.18,2.94,33883.99,194903.0,Lower relative rainfall,Moderate relative temperature,Lower relative humidity,True,2,High relative climate deviation
7442,Punjab,Jalandhar,2024,Zaid,Cotton,2106.29,37.6,84.6,Black,Tube Well,144.37,52.77,1902.62,5.89,19804.55,103422.0,Higher relative rainfall,Higher relative temperature,Higher relative humidity,True,3,High relative climate deviation
7445,Punjab,Jalandhar,2024,Zaid,Maize,1891.95,36.5,36.4,Red,Sprinkler,143.42,30.19,3628.95,6.44,29616.14,232893.0,Moderate relative rainfall,Higher relative temperature,Lower relative humidity,True,2,High relative climate deviation
7446,Punjab,Jalandhar,2024,Zaid,Millets,572.19,22.0,86.6,Alluvial,Drip,302.66,42.9,3900.21,5.34,60240.42,303178.0,Lower relative rainfall,Moderate relative temperature,Higher relative humidity,True,2,High relative climate deviation
7451,Punjab,Jalandhar,2024,Rabi,Millets,536.93,18.2,57.7,Red,Sprinkler,186.05,50.66,1012.45,7.32,59830.93,64973.0,Lower relative rainfall,Lower relative temperature,Moderate relative humidity,True,2,High relative climate deviation
7455,Punjab,Bathinda,2024,Zaid,Maize,2114.07,33.8,35.3,Sandy,Drip,210.83,32.63,1451.57,7.06,37472.93,94502.0,Higher relative rainfall,Moderate relative temperature,Lower relative humidity,True,2,High relative climate deviation
7458,Punjab,Bathinda,2024,Zaid,Barley,2184.98,18.6,80.4,Laterite,Drip,382.26,27.13,3763.87,3.35,44606.13,214193.0,Higher relative rainfall,Lower relative temperature,Moderate relative humidity,True,2,High relative climate deviation
7482,Maharashtra,Pune,2024,Rabi,Sugarcane,402.63,20.5,35.6,Alluvial,Canal,378.67,31.45,3530.19,6.29,49734.12,212752.0,Lower relative rainfall,Moderate relative temperature,Lower relative humidity,True,2,High relative climate deviation
7494,Maharashtra,Nashik,2024,Zaid,Wheat,1638.11,37.2,40.3,Sandy,Canal,433.7,12.48,241.51,2.58,40290.63,5351.0,Moderate relative rainfall,Higher relative temperature,Lower relative humidity,True,2,High relative climate deviation
7500,Maharashtra,Nashik,2024,Kharif,Millets,2126.89,25.3,39.4,Laterite,Sprinkler,50.22,10.49,1444.05,5.57,59546.14,133509.0,Higher relative rainfall,Moderate relative temperature,Lower relative humidity,True,2,High relative climate deviation
7506,Maharashtra,Nashik,2024,Kharif,Sugarcane,2188.93,36.9,43.7,Sandy,Tube Well,217.26,30.2,1410.55,4.68,47113.27,54851.0,Higher relative rainfall,Higher relative temperature,Moderate relative humidity,True,2,High relative climate deviation
7523,Maharashtra,Nagpur,2024,Kharif,Millets,1183.65,37.0,37.9,Black,Drip,440.82,15.25,515.2,3.37,26794.69,19046.0,Moderate relative rainfall,Higher relative temperature,Lower relative humidity,True,2,High relative climate deviation
7534,Maharashtra,Aurangabad,2024,Rabi,Barley,452.12,24.4,37.2,Sandy,Canal,429.86,46.69,3307.59,2.8,31248.69,90882.0,Lower relative rainfall,Moderate relative temperature,Lower relative humidity,True,2,High relative climate deviation
7543,Maharashtra,Kolhapur,2024,Kharif,Barley,2164.82,37.4,83.2,Alluvial,Tube Well,61.81,26.73,3205.14,6.04,20133.92,243874.0,Higher relative rainfall,Higher relative temperature,Moderate relative humidity,True,2,High relative climate deviation
7547,Maharashtra,Kolhapur,2024,Kharif,Maize,2149.28,19.2,84.6,Alluvial,Sprinkler,95.74,58.83,3482.21,4.39,30748.01,270907.0,Higher relative rainfall,Lower relative temperature,Higher relative humidity,True,3,High relative climate deviation
7564,Karnataka,Bengaluru,2024,Kharif,Maize,2047.16,18.7,70.1,Laterite,Tube Well,236.69,58.58,214.18,5.89,54445.16,16102.000000000002,Higher relative rainfall,Lower relative temperature,Moderate relative humidity,True,2,High relative climate deviation
7567,Karnataka,Bengaluru,2024,Zaid,Sugarcane,2141.88,29.3,38.6,Alluvial,Drip,201.94,53.64,4316.9,2.7,61308.49,104949.0,Higher relative rainfall,Moderate relative temperature,Lower relative humidity,True,2,High relative climate deviation
7574,Karnataka,Bengaluru,2024,Kharif,Barley,2089.01,19.2,50.8,Red,Drip,309.27,26.96,1750.87,8.18,53496.25,161191.0,Higher relative rainfall,Lower relative temperature,Moderate relative humidity,True,2,High relative climate deviation
7589,Karnataka,Mysuru,2024,Zaid,Pulses,517.45,26.9,88.2,Alluvial,Sprinkler,193.22,14.23,442.34,3.16,47344.17,12801.0,Lower relative rainfall,Moderate relative temperature,Higher relative humidity,True,2,High relative climate deviation
7599,Karnataka,Hubli,2024,Rabi,Pulses,429.7,27.3,40.5,Laterite,Sprinkler,100.15,32.7,4209.31,3.31,26305.9,191092.0,Lower relative rainfall,Moderate relative temperature,Lower relative humidity,True,2,High relative climate deviation
7600,Karnataka,Hubli,2024,Rabi,Pulses,1569.57,36.3,87.8,Laterite,Drip,377.1,13.48,3815.36,7.39,60110.6,305627.0,Moderate relative rainfall,Higher relative temperature,Higher relative humidity,True,2,High relative climate deviation
7603,Karnataka,Hubli,2024,Rabi,Rice,522.91,19.2,46.2,Laterite,Drip,312.32,49.44,4268.89,2.63,54435.9,168786.0,Lower relative rainfall,Lower relative temperature,Moderate relative humidity,True,2,High relative climate deviation
7607,Karnataka,Hubli,2024,Rabi,Cotton,1498.78,18.8,87.9,Sandy,Sprinkler,55.54,42.0,306.16,7.38,19836.94,22257.0,Moderate relative rainfall,Lower relative temperature,Higher relative humidity,True,2,High relative climate deviation
7609,Karnataka,Hubli,2024,Kharif,Maize,1539.83,36.9,40.6,Alluvial,Canal,202.58,46.05,3653.49,7.75,55194.14,464010.00000000006,Moderate relative rainfall,Higher relative temperature,Lower relative humidity,True,2,High relative climate deviation
7647,Karnataka,Mangalore,2024,Zaid,Pulses,2061.34,18.7,61.0,Red,Canal,361.9,52.55,777.07,7.23,57392.61,69068.0,Higher relative rainfall,Lower relative temperature,Moderate relative humidity,True,2,High relative climate deviation
7654,Tamil Nadu,Chennai,2024,Rabi,Rice,2115.99,18.3,47.9,Black,Canal,402.93,37.74,2787.47,5.54,40819.52,255139.0,Higher relative rainfall,Lower relative temperature,Moderate relative humidity,True,2,High relative climate deviation
7656,Tamil Nadu,Chennai,2024,Rabi,Cotton,1525.08,19.7,39.8,Black,Rain-fed,367.81,51.2,2680.61,7.79,29440.83,194700.0,Moderate relative rainfall,Lower relative temperature,Lower relative humidity,True,2,High relative climate deviation
7658,Tamil Nadu,Chennai,2024,Rabi,Rice,501.97,38.0,72.1,Alluvial,Sprinkler,84.93,49.75,3803.31,6.83,58319.49,261538.0,Lower relative rainfall,Higher relative temperature,Moderate relative humidity,True,2,High relative climate deviation
7662,Tamil Nadu,Chennai,2024,Kharif,Pulses,2135.81,36.2,42.8,Sandy,Rain-fed,344.31,6.68,2678.69,1.69,45044.17,64202.0,Higher relative rainfall,Higher relative temperature,Moderate relative humidity,True,2,High relative climate deviation
7687,Tamil Nadu,Madurai,2024,Zaid,Pulses,527.28,22.3,86.2,Black,Drip,350.02,44.28,2631.48,3.23,46200.59,99838.0,Lower relative rainfall,Moderate relative temperature,Higher relative humidity,True,2,High relative climate deviation
7689,Tamil Nadu,Madurai,2024,Kharif,Maize,499.07,19.1,47.4,Alluvial,Sprinkler,389.16,8.42,236.08,2.4,64131.27,8304.0,Lower relative rainfall,Lower relative temperature,Moderate relative humidity,True,2,High relative climate deviation
7697,Tamil Nadu,Madurai,2024,Zaid,Pulses,445.97,38.0,66.7,Laterite,Rain-fed,419.95,42.44,3360.85,3.67,37428.14,98918.0,Lower relative rainfall,Higher relative temperature,Moderate relative humidity,True,2,High relative climate deviation
7746,Rajasthan,Jaipur,2024,Rabi,Sugarcane,2009.5,37.8,88.2,Alluvial,Drip,332.37,59.21,342.18,4.09,59787.49,13269.999999999998,Moderate relative rainfall,Higher relative temperature,Higher relative humidity,True,2,High relative climate deviation
7749,Rajasthan,Jaipur,2024,Kharif,Wheat,423.83,31.8,87.0,Red,Drip,91.33,46.67,1852.44,2.6,21082.51,70720.0,Lower relative rainfall,Moderate relative temperature,Higher relative humidity,True,2,High relative climate deviation
7752,Rajasthan,Jaipur,2024,Rabi,Maize,2099.65,36.1,58.2,Laterite,Canal,287.99,31.42,2820.47,3.19,59302.74,161657.0,Higher relative rainfall,Higher relative temperature,Moderate relative humidity,True,2,High relative climate deviation
7766,Rajasthan,Jodhpur,2024,Zaid,Maize,1208.12,18.5,86.5,Black,Canal,283.7,58.94,3105.46,8.39,60093.93,315521.0,Moderate relative rainfall,Lower relative temperature,Higher relative humidity,True,2,High relative climate deviation
7769,Rajasthan,Jodhpur,2024,Rabi,Cotton,2139.04,19.0,87.9,Red,Sprinkler,356.9,35.77,2563.62,5.7,37649.2,137981.0,Higher relative rainfall,Lower relative temperature,Higher relative humidity,True,3,High relative climate deviation
7771,Rajasthan,Jodhpur,2024,Kharif,Maize,1791.59,19.7,87.8,Laterite,Canal,89.96,51.26,4701.83,5.5,12548.3,387988.0,Moderate relative rainfall,Lower relative temperature,Higher relative humidity,True,2,High relative climate deviation
7773,Rajasthan,Jodhpur,2024,Zaid,Barley,2074.08,19.1,50.2,Black,Rain-fed,266.55,54.14,4674.93,6.12,44090.53,255954.0,Higher relative rainfall,Lower relative temperature,Moderate relative humidity,True,2,High relative climate deviation
7788,Rajasthan,Udaipur,2024,Kharif,Barley,435.34,36.4,35.2,Black,Drip,402.72,29.53,4026.72,5.88,58422.54,212925.0,Lower relative rainfall,Higher relative temperature,Lower relative humidity,True,3,High relative climate deviation
7791,Rajasthan,Udaipur,2024,Kharif,Cotton,423.25,36.2,40.5,Sandy,Drip,103.22,28.58,4891.23,6.99,59165.35,282403.0,Lower relative rainfall,Higher relative temperature,Lower relative humidity,True,3,High relative climate deviation
7819,Rajasthan,Ajmer,2024,Rabi,Pulses,502.99,37.3,71.8,Red,Sprinkler,367.8,19.16,4822.54,7.31,26134.83,521258.0,Lower relative rainfall,Higher relative temperature,Moderate relative humidity,True,2,High relative climate deviation
7837,West Bengal,Kolkata,2024,Kharif,Wheat,2101.1,19.7,69.0,Sandy,Tube Well,180.68,32.35,1171.4,2.45,43890.01,26885.000000000004,Higher relative rainfall,Lower relative temperature,Moderate relative humidity,True,2,High relative climate deviation
7844,West Bengal,Kolkata,2024,Zaid,Barley,500.14,34.7,36.4,Red,Drip,425.56,14.92,2615.25,7.34,43573.47,160624.0,Lower relative rainfall,Moderate relative temperature,Lower relative humidity,True,2,High relative climate deviation
7854,West Bengal,Howrah,2024,Rabi,Barley,565.76,36.4,53.6,Laterite,Rain-fed,331.27,49.57,1076.2,1.94,22846.62,18302.0,Lower relative rainfall,Higher relative temperature,Moderate relative humidity,True,2,High relative climate deviation
7872,West Bengal,Darjeeling,2024,Zaid,Sugarcane,1138.92,18.4,86.9,Red,Canal,430.59,44.28,630.36,8.31,13006.23,47899.0,Moderate relative rainfall,Lower relative temperature,Higher relative humidity,True,2,High relative climate deviation
7873,West Bengal,Darjeeling,2024,Zaid,Sugarcane,869.9,37.3,85.7,Alluvial,Tube Well,337.0,34.16,931.32,3.63,16289.18,40117.0,Moderate relative rainfall,Higher relative temperature,Higher relative humidity,True,2,High relative climate deviation
7874,West Bengal,Darjeeling,2024,Kharif,Rice,2036.44,31.4,85.7,Laterite,Drip,145.31,15.63,3158.18,5.72,59657.38,179317.0,Higher relative rainfall,Moderate relative temperature,Higher relative humidity,True,2,High relative climate deviation
7889,West Bengal,Siliguri,2024,Kharif,Wheat,1094.16,36.1,85.5,Black,Tube Well,110.04,31.32,1932.03,3.23,21657.21,67995.0,Moderate relative rainfall,Higher relative temperature,Higher relative humidity,True,2,High relative climate deviation
7897,West Bengal,Siliguri,2024,Zaid,Maize,462.0,23.0,37.8,Red,Sprinkler,262.18,45.49,1967.86,8.22,20548.22,182337.0,Lower relative rainfall,Moderate relative temperature,Lower relative humidity,True,2,High relative climate deviation
7910,West Bengal,Malda,2024,Zaid,Millets,774.9,18.3,86.3,Black,Canal,157.99,26.12,895.21,2.24,45790.53,32566.000000000004,Moderate relative rainfall,Lower relative temperature,Higher relative humidity,True,2,High relative climate deviation
7911,West Bengal,Malda,2024,Rabi,Sugarcane,522.14,37.1,60.6,Sandy,Drip,265.92,35.27,761.55,2.13,19541.29,21038.0,Lower relative rainfall,Higher relative temperature,Moderate relative humidity,True,2,High relative climate deviation
7917,West Bengal,Malda,2024,Rabi,Maize,2041.25,18.1,47.8,Black,Tube Well,170.02,31.51,128.4,6.05,52399.35,9334.0,Higher relative rainfall,Lower relative temperature,Moderate relative humidity,True,2,High relative climate deviation
