Record_ID,State,District,Year,Season,Crop_Type,Rainfall_mm,Avg_Temperature_C,Humidity_percent,Soil_Type,Irrigation_Type,Fertilizer_Used_kg,Pesticide_Used_kg,Cultivated_Area_hectares,Yield_ton_per_hectare,Market_Price_per_ton,Farmer_Profit_INR,Estimated_Production_tons,Estimated_Revenue_INR,Profit_per_hectare_INR,Profit_per_ton_INR,Profit_to_Revenue_Ratio,Revenue_per_hectare_INR,Profit_Level,Profit_per_Ha_Level
4,Uttarakhand,Dehradun,2014,Kharif,Cotton,1892.93,30.4,82.4,Alluvial,Tube Well,280.94,43.75,324.54,2.86,27337.56,8166.0,928.1844,25374296.726064,25.1617674246626,8.797820777854056,0.00032182172724464273,78185.4216,Lower relative profit,Lower relative profit/ha
11,Uttarakhand,Dehradun,2014,Rabi,Sugarcane,675.11,33.3,64.7,Black,Canal,361.45,34.17,102.8,3.57,13032.27,6346.0,366.996,4782790.9609199995,61.73151750972763,17.291741599363483,0.001326840343191438,46525.20389999999,Lower relative profit,Moderate relative profit/ha
14,Uttarakhand,Dehradun,2014,Rabi,Sugarcane,515.25,18.4,65.5,Alluvial,Sprinkler,285.38,5.4,3568.42,1.63,15572.22,48359.0,5816.5246,90576200.70661199,13.551936151013614,8.31407125829056,0.0005339040456845949,25382.718599999997,Lower relative profit,Lower relative profit/ha
16,Uttarakhand,Dehradun,2014,Kharif,Pulses,1162.44,27.3,75.1,Black,Drip,319.35,59.13,582.25,4.14,29983.04,40055.0,2410.515,72274567.6656,68.79347359381708,16.616781061308476,0.0005542060131763982,124129.7856,Lower relative profit,Moderate relative profit/ha
26,Uttarakhand,Haridwar,2014,Rabi,Maize,1173.62,18.8,55.1,Sandy,Tube Well,423.24,58.47,295.48,3.81,48149.53,16514.0,1125.7788,54205720.103964,55.88872343305807,14.668956281642538,0.0003046541945818067,183449.7093,Lower relative profit,Moderate relative profit/ha
34,Uttarakhand,Haridwar,2014,Kharif,Rice,910.82,31.3,69.1,Black,Tube Well,87.35,57.36,1250.86,3.47,54747.83,41120.0,4340.4842,237632091.099286,32.87338311241866,9.473597438737364,0.00017304060158617,189974.9701,Lower relative profit,Lower relative profit/ha
36,Uttarakhand,Haridwar,2014,Zaid,Maize,1847.4,31.9,60.6,Sandy,Rain-fed,272.96,55.46,694.66,2.17,36626.09,20066.0,1507.4122,55210614.90429799,28.886073762704058,13.311554729356708,0.0003634446027232694,79478.61529999999,Lower relative profit,Lower relative profit/ha
43,Uttarakhand,Nainital,2014,Kharif,Rice,1246.55,33.0,37.9,Black,Canal,430.77,17.33,436.23,8.19,14133.68,29690.0,3572.7237,50495733.504216,68.0604268390528,8.310186427234774,0.0005879704668023312,115754.8392,Lower relative profit,Moderate relative profit/ha
54,Uttarakhand,Nainital,2014,Zaid,Millets,1261.69,24.8,88.1,Alluvial,Drip,150.99,52.39,659.03,1.68,38062.57,15246.0,1107.1704,42141750.851927996,23.13399996965237,13.770238077174028,0.0003617789885752336,63945.1176,Lower relative profit,Lower relative profit/ha
64,Uttarakhand,Almora,2014,Kharif,Wheat,766.4,29.0,86.0,Red,Sprinkler,225.25,43.4,694.99,8.3,44270.2,59951.0,5768.417,255368974.2734,86.26167282982489,10.392972630099383,0.0002347622696554202,367442.66000000003,Lower relative profit,Higher relative profit/ha
76,Uttarakhand,Pauri,2014,Zaid,Millets,1899.11,36.1,77.7,Black,Canal,142.05,49.11,1173.12,2.59,25283.22,47264.0,3038.3807999999995,76820050.21017599,40.289143480632845,15.555653853526197,0.0006152560414981238,65483.5398,Lower relative profit,Moderate relative profit/ha
80,Uttarakhand,Pauri,2014,Rabi,Millets,445.04,35.7,65.9,Alluvial,Drip,416.1,17.18,409.76,7.21,60197.54,32563.0,2954.3696,177845782.170784,79.46846934791097,11.021979105119414,0.00018309683593581088,434024.2634,Lower relative profit,Moderate relative profit/ha
81,Uttarakhand,Pauri,2014,Zaid,Wheat,2103.27,24.1,62.1,Laterite,Sprinkler,88.88,53.8,764.75,4.51,47535.77,53223.0,3449.0225,163951940.284825,69.59529257927427,15.431328731546401,0.00032462561838267063,214386.3227,Lower relative profit,Moderate relative profit/ha
85,Uttarakhand,Pauri,2014,Kharif,Wheat,899.09,37.7,89.3,Sandy,Rain-fed,266.09,48.92,638.64,7.53,18985.57,55699.0,4808.9592,91300831.518744,87.21501941625955,11.582339895917602,0.0006100601612655086,142961.3421,Lower relative profit,Higher relative profit/ha
87,Uttarakhand,Pauri,2014,Kharif,Wheat,1709.04,36.2,71.2,Laterite,Tube Well,170.65,40.38,252.64,8.49,56906.82,26303.0,2144.9136,122060212.150752,104.11257124762508,12.262964811263261,0.00021549200625273492,483138.9018,Lower relative profit,Higher relative profit/ha
114,Uttar Pradesh,Kanpur,2014,Kharif,Wheat,916.38,34.6,73.3,Sandy,Sprinkler,105.52,43.8,2298.15,1.24,16198.97,30091.000000000004,2849.706,46162302.00282,13.093575267062638,10.55933489279245,0.0006518522407778056,20086.7228,Lower relative profit,Lower relative profit/ha
117,Uttar Pradesh,Kanpur,2014,Zaid,Wheat,1102.82,27.4,70.0,Alluvial,Sprinkler,442.42,18.95,179.59,6.96,30274.53,19161.0,1249.9464,37841539.785192,106.6930229968261,15.329457327130187,0.0005063483174513423,210710.72879999998,Lower relative profit,Higher relative profit/ha
122,Uttar Pradesh,Kanpur,2014,Rabi,Cotton,951.69,30.1,58.4,Alluvial,Canal,325.91,24.34,307.54,7.55,30685.64,41752.0,2321.927,71249816.02828,135.76120179488845,17.981616131773308,0.0005859944955286351,231676.582,Lower relative profit,Higher relative profit/ha
124,Uttar Pradesh,Kanpur,2014,Rabi,Barley,2109.04,18.6,43.4,Red,Drip,229.97,25.4,2275.3,1.76,19297.84,46731.0,4004.5280000000002,77278740.61952001,20.53839054190656,11.669540080628728,0.0006047070594755023,33964.1984,Lower relative profit,Lower relative profit/ha
130,Uttar Pradesh,Varanasi,2014,Zaid,Maize,1178.71,36.2,38.0,Red,Canal,99.66,13.42,906.82,3.56,49594.6,36997.0,3228.2792000000004,160105215.61232,40.798614940120416,11.460285095539442,0.0002310792928169487,176556.77599999998,Lower relative profit,Moderate relative profit/ha
131,Uttar Pradesh,Varanasi,2014,Kharif,Cotton,753.34,37.1,50.1,Sandy,Sprinkler,300.01,38.79,557.8,5.88,43365.85,45283.0,3279.8639999999996,142234090.24439996,81.1814270347795,13.806365141969303,0.0003183695267582511,254991.19799999995,Lower relative profit,Moderate relative profit/ha
136,Uttar Pradesh,Varanasi,2014,Kharif,Pulses,741.7,21.2,89.8,Black,Sprinkler,236.73,53.35,2537.11,1.86,32841.84,59329.0,4719.024600000001,154981450.869264,23.384480767487414,12.572301487896459,0.00038281355392683417,61085.8224,Lower relative profit,Lower relative profit/ha
137,Uttar Pradesh,Varanasi,2014,Rabi,Pulses,487.58,23.6,67.9,Red,Tube Well,387.14,41.99,1500.17,1.26,17697.35,17653.0,1890.2142000000001,33451782.27237,11.7673330355893,9.33915320284865,0.0005277147823176154,22298.661,Lower relative profit,Lower relative profit/ha
142,Uttar Pradesh,Varanasi,2014,Rabi,Millets,877.95,31.1,88.5,Black,Drip,281.39,17.51,351.64,4.71,39784.31,25194.0,1656.2243999999998,65891744.959163986,71.6471391195541,15.211706819438238,0.00038235442111320367,187384.10009999998,Lower relative profit,Moderate relative profit/ha
158,Uttar Pradesh,Agra,2014,Kharif,Cotton,1701.9,25.9,79.9,Laterite,Canal,348.32,36.81,321.92,3.72,15379.28,21485.0,1197.5424,18417339.881472003,66.74018389662028,17.940909649629106,0.0011665636915141088,57210.92160000001,Lower relative profit,Moderate relative profit/ha
162,Uttar Pradesh,Agra,2014,Kharif,Sugarcane,770.95,20.0,36.8,Alluvial,Drip,289.11,43.68,338.51,6.61,33320.06,23144.0,2237.5511,74555336.905066,68.37021062893268,10.343450927221282,0.00031042713990374815,220245.5966,Lower relative profit,Moderate relative profit/ha
165,Uttar Pradesh,Meerut,2014,Rabi,Pulses,1653.36,26.2,51.5,Alluvial,Sprinkler,123.55,34.59,1280.74,2.85,57449.69,34470.0,3650.109,209697630.51621,26.914127769883038,9.443553603467732,0.00016437953979329972,163731.6165,Lower relative profit,Lower relative profit/ha
175,Uttar Pradesh,Meerut,2014,Zaid,Maize,833.74,30.4,48.9,Black,Rain-fed,191.78,48.72,487.19,8.2,36326.88,41676.0,3994.9579999999996,145124359.87104,85.54362774276976,10.43214972472802,0.00028717439330677507,297880.41599999997,Lower relative profit,Higher relative profit/ha
176,Uttar Pradesh,Meerut,2014,Rabi,Rice,1576.72,35.2,76.8,Laterite,Rain-fed,87.4,25.86,2808.24,1.61,12500.86,43919.0,4521.2663999999995,56519718.289104,15.639332820556648,9.713871317115931,0.0007770562438996941,20126.3846,Lower relative profit,Lower relative profit/ha
180,Uttar Pradesh,Meerut,2014,Rabi,Rice,1013.07,33.4,87.5,Sandy,Tube Well,208.68,47.55,245.17,3.2,64607.05,10125.0,784.544,50687073.4352,41.29787494391647,12.905585919973896,0.0001997550719306004,206742.56,Lower relative profit,Moderate relative profit/ha
181,Punjab,Ludhiana,2014,Zaid,Barley,734.33,29.7,55.9,Black,Tube Well,358.87,21.25,1307.6,1.74,26202.52,26848.0,2275.2239999999997,59616602.364479996,20.53227286631998,11.800156819724126,0.0004503443493115977,45592.3848,Lower relative profit,Lower relative profit/ha
182,Punjab,Ludhiana,2014,Zaid,Pulses,1049.26,19.8,86.9,Laterite,Canal,227.89,46.87,600.93,1.84,34841.91,15004.0,1105.7112,38525090.116392,24.967966318872417,13.56954691243066,0.00038946047769570206,64109.114400000006,Lower relative profit,Lower relative profit/ha
183,Punjab,Ludhiana,2014,Zaid,Wheat,561.31,29.1,67.8,Black,Sprinkler,363.78,52.5,160.47,4.22,53295.96,10326.0,677.1834,36091139.399064,64.34847635071976,15.248454111544968,0.0002861090054770562,224908.95119999998,Lower relative profit,Moderate relative profit/ha
184,Punjab,Ludhiana,2014,Rabi,Maize,1633.57,21.4,49.8,Red,Drip,157.36,13.03,919.32,3.21,27886.87,46705.0,2951.0172000000002,82294633.024164,50.803855023278075,15.826746113170739,0.0005675339725530595,89516.8527,Lower relative profit,Moderate relative profit/ha
197,Punjab,Ludhiana,2014,Zaid,Cotton,2053.63,29.8,72.0,Black,Sprinkler,175.27,18.12,673.05,3.93,19492.0,31436.0,2645.0865,51558026.058,46.70678255701657,11.884677495424063,0.0006097207826505265,76603.56,Lower relative profit,Moderate relative profit/ha
198,Punjab,Ludhiana,2014,Rabi,Barley,1161.47,27.7,64.6,Sandy,Canal,417.66,56.19,948.85,2.42,27308.24,22666.0,2296.217,62705644.92808001,23.887864256731834,9.871018287905716,0.0003614666594370679,66085.94080000001,Lower relative profit,Lower relative profit/ha
205,Punjab,Amritsar,2014,Kharif,Sugarcane,663.24,24.4,48.6,Alluvial,Tube Well,387.42,26.6,796.64,5.82,45274.08,54486.0,4636.4448,209910772.79078403,68.39475798353084,11.75167662947265,0.0002595674308450365,263495.14560000005,Lower relative profit,Moderate relative profit/ha
209,Punjab,Amritsar,2014,Rabi,Cotton,568.01,25.2,39.5,Alluvial,Canal,315.8,40.69,353.76,5.77,50477.38,31745.0,2041.1951999999999,103034185.76457599,89.73597919493442,15.552162772085689,0.00030810162437285157,291254.4826,Lower relative profit,Higher relative profit/ha
210,Punjab,Amritsar,2014,Zaid,Wheat,784.16,19.6,67.7,Black,Tube Well,257.78,29.48,139.51,3.71,18391.47,8594.0,517.5821,9519095.664687,61.60131890187084,16.60412908406222,0.0009028168539035879,68232.3537,Lower relative profit,Moderate relative profit/ha
220,Punjab,Patiala,2014,Zaid,Pulses,1852.79,23.4,38.5,Black,Rain-fed,334.93,36.72,477.64,4.52,31086.57,28058.0,2158.9327999999996,67113815.61249599,58.74298634955196,12.996235918042473,0.0004180659338757049,140511.2964,Lower relative profit,Moderate relative profit/ha
221,Punjab,Patiala,2014,Rabi,Maize,859.21,20.1,66.6,Red,Tube Well,339.11,17.56,2593.24,1.52,57735.21,41173.0,3941.7247999999995,227576309.09020796,15.877049559624256,10.445427341858062,0.00018091953492258993,87757.5192,Lower relative profit,Lower relative profit/ha
223,Punjab,Patiala,2014,Rabi,Pulses,614.92,31.5,37.9,Red,Canal,139.27,33.37,325.05,4.13,58480.54,22366.0,1342.4565,78507581.04651,68.807875711429,16.660502593566346,0.0002848896845611608,241524.63019999999,Lower relative profit,Moderate relative profit/ha
227,Punjab,Patiala,2014,Kharif,Millets,2154.2,19.7,40.3,Red,Rain-fed,103.41,50.1,466.67,5.35,35054.09,44047.0,2496.6845,87519003.16460499,94.38575438746865,17.642197081769844,0.0005032849827729045,187539.3815,Lower relative profit,Higher relative profit/ha
230,Punjab,Patiala,2014,Kharif,Wheat,787.04,35.1,43.2,Alluvial,Tube Well,334.46,58.26,2041.6,1.56,27838.56,51598.0,3184.896,88662918.38976,25.273315047021946,16.20084297886022,0.0005819569323578598,43428.153600000005,Lower relative profit,Lower relative profit/ha
231,Punjab,Patiala,2014,Kharif,Millets,1400.72,29.0,40.2,Laterite,Rain-fed,90.76,48.66,695.12,1.65,53390.88,11725.0,1146.9479999999999,61236563.03423999,16.867591207273563,10.222782549862767,0.00019147057605835993,88094.95199999999,Lower relative profit,Lower relative profit/ha
234,Punjab,Patiala,2014,Kharif,Maize,462.37,30.4,48.5,Sandy,Drip,168.04,27.66,2798.37,1.65,26828.13,43275.0,4617.3105,123873806.344365,15.464359609344012,9.372339157178189,0.00034934746317310183,44266.4145,Lower relative profit,Lower relative profit/ha
246,Punjab,Jalandhar,2014,Zaid,Pulses,870.03,20.1,53.8,Laterite,Canal,405.17,13.85,467.51,8.08,63836.2,42986.0,3777.4808,241140019.84495997,91.94669632735129,11.37954162467219,0.00017826157610685144,515796.4959999999,Lower relative profit,Higher relative profit/ha
247,Punjab,Jalandhar,2014,Zaid,Barley,2096.4,21.3,83.9,Sandy,Rain-fed,112.84,10.57,1107.2,2.59,48951.43,43647.0,2867.648,140375470.33664,39.421062138728324,15.220487312250317,0.00031093039186496323,126784.2037,Lower relative profit,Moderate relative profit/ha
248,Punjab,Jalandhar,2014,Zaid,Cotton,935.32,19.9,56.6,Sandy,Tube Well,269.87,32.0,367.07,1.23,16644.3,7331.999999999999,451.4961,7514836.53723,19.974391805377717,16.239342931201396,0.0009756699249113148,20472.489,Lower relative profit,Lower relative profit/ha
250,Punjab,Jalandhar,2014,Zaid,Barley,732.79,35.7,55.3,Alluvial,Canal,228.31,19.48,2378.78,2.85,26233.79,58415.0,6779.523000000001,177852582.68217003,24.55670553813299,8.616387908116838,0.0003284461722121294,74766.3015,Lower relative profit,Lower relative profit/ha
254,Punjab,Bathinda,2014,Kharif,Barley,1401.46,29.0,82.1,Laterite,Drip,257.88,55.44,160.58,6.31,43141.53,16027.000000000002,1013.2598,43713578.059494,99.80694980694982,15.817266213462728,0.00036663665413495366,272223.0543,Lower relative profit,Higher relative profit/ha
262,Punjab,Bathinda,2014,Kharif,Sugarcane,1942.8,30.9,72.3,Black,Sprinkler,157.63,27.52,198.26,6.9,52681.35,11066.0,1367.994,72067770.7119,55.815595682437205,8.08921676557061,0.00015354991406960167,363501.315,Lower relative profit,Moderate relative profit/ha
266,Punjab,Bathinda,2014,Kharif,Maize,1698.31,31.1,89.9,Red,Drip,153.77,28.02,2002.55,1.46,49527.65,40115.0,2923.723,144805129.44095,20.031959251953758,13.720520035584766,0.0002770274793087248,72310.369,Lower relative profit,Lower relative profit/ha
274,Maharashtra,Pune,2014,Rabi,Maize,2106.55,36.4,57.2,Alluvial,Tube Well,141.37,44.99,742.91,6.56,43253.72,47223.0,4873.4896,210796554.581312,63.56490018979419,9.689771370395455,0.00022402168808591388,283744.4032,Lower relative profit,Moderate relative profit/ha
276,Maharashtra,Pune,2014,Rabi,Millets,1663.36,22.1,72.7,Alluvial,Sprinkler,53.72,28.15,594.8,5.0,45008.28,44632.0,2974.0,133854624.72,75.03698722259584,15.007397444519166,0.00033343636869747446,225041.40000000002,Lower relative profit,Moderate relative profit/ha
278,Maharashtra,Pune,2014,Kharif,Millets,2038.64,31.8,61.4,Sandy,Canal,143.8,5.7,536.11,2.01,42430.1,13944.999999999998,1077.5810999999999,45721873.83110999,26.011452873477452,12.941021330088287,0.0003049962486557488,85284.50099999999,Lower relative profit,Lower relative profit/ha
279,Maharashtra,Pune,2014,Rabi,Rice,2028.6,30.9,60.1,Red,Tube Well,440.92,19.53,345.39,7.14,58329.44,40746.0,2466.0845999999997,143845333.71062398,117.97098931642492,16.522547523308813,0.00028326257758190055,416472.2016,Lower relative profit,Higher relative profit/ha
280,Maharashtra,Pune,2014,Zaid,Rice,571.0,33.2,37.5,Alluvial,Rain-fed,390.8,41.48,935.51,3.81,35198.87,50677.0,3564.2931,125459089.468797,54.1704524804652,14.217966530305828,0.00040393247085221276,134107.6947,Lower relative profit,Moderate relative profit/ha
288,Maharashtra,Pune,2014,Zaid,Pulses,1408.27,30.4,61.0,Red,Sprinkler,312.87,44.38,658.71,6.74,23752.6,50673.0,4439.705400000001,105454546.48404,76.92763127931866,11.413595145299503,0.00048051982289515696,160092.524,Lower relative profit,Moderate relative profit/ha
295,Maharashtra,Nashik,2014,Kharif,Barley,1613.64,35.9,64.4,Black,Rain-fed,400.99,28.23,162.58,1.98,32186.13,2746.0,321.90840000000003,10360985.610492,16.8901463894698,8.530376964378686,0.0002650327008676932,63728.537399999994,Lower relative profit,Lower relative profit/ha
299,Maharashtra,Nashik,2014,Rabi,Sugarcane,1797.06,37.3,51.2,Red,Sprinkler,120.97,42.55,1016.19,2.47,39233.88,29548.0,2509.9893,98476618.997484,29.07723949261457,11.772161737900635,0.00030005091869324767,96907.68359999999,Lower relative profit,Lower relative profit/ha
300,Maharashtra,Nashik,2014,Zaid,Cotton,634.12,29.7,49.0,Sandy,Rain-fed,182.23,44.03,858.55,2.32,29099.39,16948.0,1991.8359999999998,57961212.58003999,19.74025974025974,8.508732646663683,0.00029240244028014615,67510.5848,Lower relative profit,Lower relative profit/ha
306,Maharashtra,Nashik,2014,Rabi,Maize,442.76,32.3,37.1,Laterite,Tube Well,79.3,14.79,1334.35,1.71,55545.82,39040.0,2281.7385,126741036.00806999,29.257691010604415,17.10976082491486,0.0003080296739685338,94983.3522,Lower relative profit,Lower relative profit/ha
312,Maharashtra,Nagpur,2014,Zaid,Rice,923.17,19.3,40.4,Alluvial,Drip,340.24,31.8,1721.17,2.14,46740.07,33151.0,3683.3038000000006,172157877.44326603,19.26073542996915,9.000343658864086,0.000192561621299756,100023.74980000002,Lower relative profit,Lower relative profit/ha
315,Maharashtra,Nagpur,2014,Kharif,Cotton,1945.68,20.8,64.6,Sandy,Sprinkler,155.29,53.75,474.67,1.75,12987.41,10858.0,830.6725,10788284.333225,22.87483936208313,13.071336778333217,0.0010064621643832924,22727.9675,Lower relative profit,Lower relative profit/ha
319,Maharashtra,Nagpur,2014,Zaid,Wheat,1603.45,28.4,78.5,Red,Rain-fed,205.24,55.48,4419.6,1.49,46371.81,59479.0,6585.204000000001,305367828.69924,13.458005249343831,9.032218288150222,0.00019477821305983575,69093.9969,Lower relative profit,Lower relative profit/ha
321,Maharashtra,Nagpur,2014,Kharif,Wheat,1303.31,20.8,44.1,Black,Tube Well,80.84,40.39,1136.43,2.56,31197.82,44142.0,2909.2608,90762594.771456,38.84269158681133,15.172926401098175,0.00048634572547370857,79866.4192,Lower relative profit,Moderate relative profit/ha
329,Maharashtra,Aurangabad,2014,Zaid,Rice,1335.57,25.5,46.3,Laterite,Sprinkler,371.71,27.49,622.26,4.31,43024.62,28464.0,2681.9406,115389475.177572,45.742937035965674,10.613210449179972,0.00024667761038168313,185436.1122,Lower relative profit,Moderate relative profit/ha
333,Maharashtra,Aurangabad,2014,Kharif,Barley,2075.23,26.0,71.1,Black,Sprinkler,164.59,57.99,381.57,6.85,21289.37,33832.0,2613.7545,55645186.639665,88.66525146106875,12.943832330083028,0.0006079950853446123,145832.1845,Lower relative profit,Higher relative profit/ha
339,Maharashtra,Aurangabad,2014,Kharif,Sugarcane,917.12,26.0,76.2,Black,Tube Well,186.8,35.5,974.58,3.49,23584.01,46724.0,3401.2842000000005,80215920.58564201,47.94270352356912,13.737164333400894,0.0005824778879164695,82308.1949,Lower relative profit,Moderate relative profit/ha
348,Maharashtra,Kolhapur,2014,Kharif,Maize,2162.87,23.7,52.9,Black,Rain-fed,254.18,47.61,2289.96,1.77,44524.18,51223.0,4053.2292,180466706.48205602,22.36851298712641,12.637577958828482,0.0002838362875819045,78807.79860000001,Lower relative profit,Lower relative profit/ha
349,Maharashtra,Kolhapur,2014,Zaid,Barley,1536.29,29.4,81.7,Laterite,Rain-fed,78.54,13.91,1218.27,3.51,27441.89,45646.0,4276.1277,117345025.96935299,37.46788478744449,10.674611050553986,0.00038898964504828157,96321.0339,Lower relative profit,Moderate relative profit/ha
354,Maharashtra,Kolhapur,2014,Kharif,Pulses,1266.97,22.5,39.9,Red,Rain-fed,173.15,27.67,863.02,1.28,39735.76,17214.0,1104.6656,43894727.161856,19.946235313202475,15.582996338439433,0.000392165554111446,50861.772800000006,Lower relative profit,Lower relative profit/ha
357,Maharashtra,Kolhapur,2014,Zaid,Cotton,1567.22,28.6,49.8,Sandy,Tube Well,125.2,8.77,769.46,2.01,36133.18,19375.0,1546.6145999999999,55884103.732428,25.179996361084395,12.52736137367383,0.00034669966423309074,72627.6918,Lower relative profit,Lower relative profit/ha
358,Maharashtra,Kolhapur,2014,Kharif,Sugarcane,977.16,21.0,88.3,Black,Canal,58.85,58.48,1482.36,2.11,35236.08,25279.0,3127.7795999999994,110210692.20796798,17.053212445020105,8.082091206170666,0.0002293697598078636,74348.12879999999,Lower relative profit,Lower relative profit/ha
362,Karnataka,Bengaluru,2014,Kharif,Rice,855.96,30.8,45.9,Red,Sprinkler,405.01,52.5,1167.16,2.02,45544.18,26512.0,2357.6632,107377837.160176,22.71496624284588,11.245032793488061,0.0002469038369663931,91999.24359999999,Lower relative profit,Lower relative profit/ha
368,Karnataka,Bengaluru,2014,Kharif,Millets,1778.32,21.1,50.6,Alluvial,Drip,213.92,22.71,571.66,6.01,14320.19,59704.99999999999,3435.6766,49199541.690554,104.44145121225903,17.377945293221135,0.0012135275644541822,86064.3419,Lower relative profit,Higher relative profit/ha
375,Karnataka,Bengaluru,2014,Zaid,Maize,2188.14,24.0,51.5,Sandy,Sprinkler,138.75,52.06,206.34,7.2,48555.12,15985.0,1485.6480000000001,72135816.91776001,77.469225550063,10.759614659730971,0.0002215958823648458,349596.86400000006,Lower relative profit,Moderate relative profit/ha
376,Karnataka,Bengaluru,2014,Zaid,Maize,569.72,27.2,43.6,Black,Canal,156.0,53.93,1324.3,3.07,27916.03,55719.00000000001,4065.6009999999997,113495439.48402998,42.07430340557276,13.704984822662139,0.0004909360257408428,85702.21209999999,Lower relative profit,Moderate relative profit/ha
380,Karnataka,Mysuru,2014,Zaid,Rice,799.75,23.8,56.7,Laterite,Drip,102.88,9.54,2900.06,1.56,33157.14,40042.0,4524.0936,150006004.868304,13.807300538609546,8.850833678595862,0.00026693598056394075,51725.1384,Lower relative profit,Lower relative profit/ha
391,Karnataka,Mysuru,2014,Kharif,Maize,1174.12,36.2,77.4,Red,Drip,312.49,36.07,874.43,1.7,40246.96,22587.0,1486.531,59828353.69576,25.830541038162004,15.194435904801178,0.00037753002723189973,68419.832,Lower relative profit,Lower relative profit/ha
394,Karnataka,Mysuru,2014,Rabi,Millets,1681.63,25.5,81.9,Laterite,Drip,246.58,12.56,1046.97,1.44,52520.56,12287.0,1507.6368,79181929.01260799,11.735770843481665,8.149840863528935,0.00015517429485765072,75629.60639999999,Lower relative profit,Lower relative profit/ha
398,Karnataka,Hubli,2014,Zaid,Barley,929.96,36.4,72.9,Sandy,Drip,411.47,30.5,3265.9,1.86,38534.86,59516.99999999999,6074.5740000000005,234082858.64964002,18.223766802412808,9.797724087318713,0.00025425612256846695,71674.8396,Lower relative profit,Lower relative profit/ha
409,Karnataka,Hubli,2014,Zaid,Barley,1145.27,24.7,65.8,Sandy,Rain-fed,305.0,5.62,1085.82,3.26,53880.36,39213.0,3539.7731999999996,190724254.334352,36.11372050616124,11.077828376123081,0.00020560048923435332,175649.9736,Lower relative profit,Lower relative profit/ha
414,Karnataka,Hubli,2014,Kharif,Sugarcane,1345.18,21.5,55.6,Black,Rain-fed,64.96,16.12,553.76,4.89,54348.34,46168.0,2707.8864,147169130.748576,83.3718578445536,17.0494596819128,0.0003137070917329361,265763.38259999995,Lower relative profit,Moderate relative profit/ha
416,Karnataka,Belagavi,2014,Zaid,Barley,1684.62,28.4,35.2,Red,Canal,422.93,42.79,3012.01,1.84,36744.42,46894.0,5542.098400000001,203641191.290928,15.569005414988661,8.46141598640688,0.00023027757647030165,67609.7328,Lower relative profit,Lower relative profit/ha
426,Karnataka,Belagavi,2014,Zaid,Sugarcane,1870.66,35.7,84.7,Laterite,Drip,304.45,5.01,818.95,2.29,40156.56,22317.0,1875.3955,75309431.91948,27.250747908907748,11.899889916553601,0.0002963373833952311,91958.52239999999,Lower relative profit,Lower relative profit/ha
428,Karnataka,Belagavi,2014,Rabi,Barley,1925.75,35.1,38.4,Alluvial,Drip,410.43,58.23,104.13,5.29,63870.9,5011.0,550.8477,35183138.361930005,48.12253913377509,9.096888305061453,0.00014242618007670867,337877.06100000005,Lower relative profit,Moderate relative profit/ha
436,Karnataka,Mangalore,2014,Rabi,Millets,1440.65,29.5,71.1,Red,Drip,166.7,45.56,233.76,4.74,18721.53,9716.0,1108.0224,20743874.602272,41.563997262149215,8.768775793702366,0.00046837922935264185,88740.0522,Lower relative profit,Moderate relative profit/ha
439,Karnataka,Mangalore,2014,Zaid,Maize,779.54,32.7,54.0,Sandy,Drip,306.9,46.55,668.37,2.42,33133.47,17814.0,1617.4554,53591909.972238004,26.652901835809505,11.013595799921283,0.00033240091665380305,80182.99740000001,Lower relative profit,Lower relative profit/ha
441,Karnataka,Mangalore,2014,Zaid,Pulses,2121.13,26.6,85.5,Black,Sprinkler,393.34,23.42,1408.73,1.92,46680.19,32218.0,2704.7616,126258785.392704,22.870244830450122,11.911585849192772,0.000255174322323726,89625.9648,Lower relative profit,Lower relative profit/ha
442,Karnataka,Mangalore,2014,Zaid,Sugarcane,1335.91,31.6,89.6,Laterite,Rain-fed,175.31,5.58,141.53,1.7,33796.18,3189.0,240.601,8131394.70418,22.5323253020561,13.25430900120947,0.0003921836432759404,57453.506,Lower relative profit,Lower relative profit/ha
444,Karnataka,Mangalore,2014,Kharif,Maize,1076.73,33.3,70.6,Laterite,Rain-fed,371.28,15.16,643.14,2.55,27612.14,23952.0,1640.0069999999998,45284102.88497999,37.242280063438756,14.604815711152455,0.000528927338161854,70410.957,Lower relative profit,Moderate relative profit/ha
445,Karnataka,Mangalore,2014,Rabi,Barley,1646.0,31.4,77.4,Red,Drip,152.93,47.94,1458.71,1.66,32595.29,43488.0,2421.4586,78928145.289994,29.81264267743417,17.95942329965914,0.0005509821602955255,54108.1814,Lower relative profit,Lower relative profit/ha
446,Karnataka,Mangalore,2014,Kharif,Millets,524.92,37.6,46.0,Laterite,Rain-fed,207.05,40.5,631.31,5.15,34856.44,45972.0,3251.2464999999997,113326878.55246,72.82000918724557,14.139807609173898,0.0004056583979653085,179510.66600000003,Lower relative profit,Moderate relative profit/ha
450,Karnataka,Mangalore,2014,Kharif,Pulses,544.82,27.2,77.2,Red,Tube Well,309.12,14.71,292.72,4.0,22123.17,17515.0,1170.88,25903577.2896,59.83533752391363,14.958834380978407,0.0006761614353177419,88492.68,Lower relative profit,Moderate relative profit/ha
455,Tamil Nadu,Chennai,2014,Rabi,Pulses,617.44,31.7,65.0,Black,Tube Well,178.64,58.06,1144.84,1.53,21192.73,15119.999999999998,1751.6052,37121296.070195995,13.20708570629957,8.63208216098011,0.00040731336458210487,32424.8769,Lower relative profit,Lower relative profit/ha
462,Tamil Nadu,Chennai,2014,Kharif,Pulses,1154.32,32.9,84.4,Alluvial,Tube Well,142.03,11.06,1216.13,2.93,33867.56,35631.0,3563.2609000000007,120678952.32640402,29.298676950654944,9.999548447322505,0.00029525446909439316,99231.9508,Lower relative profit,Lower relative profit/ha
466,Tamil Nadu,Chennai,2014,Zaid,Barley,1443.04,35.8,67.5,Alluvial,Tube Well,109.59,36.55,124.88,8.36,14123.11,13266.0,1043.9968,14744481.646047998,106.2299807815503,12.706935500185443,0.0008997264412856264,118069.19959999999,Lower relative profit,Higher relative profit/ha
476,Tamil Nadu,Coimbatore,2014,Rabi,Millets,1468.04,31.9,81.3,Red,Rain-fed,228.1,21.72,746.58,6.96,21102.07,55079.99999999999,5196.196800000001,109650508.60737601,73.77642047737683,10.600060413416209,0.0005023232513879543,146870.40720000002,Lower relative profit,Moderate relative profit/ha
480,Tamil Nadu,Coimbatore,2014,Zaid,Cotton,1253.04,23.8,86.9,Alluvial,Tube Well,442.28,36.56,820.71,5.33,60064.68,54334.0,4374.384300000001,262745993.17652404,66.20365293465414,12.420948017758748,0.00020679287757395442,320144.7444,Lower relative profit,Moderate relative profit/ha
484,Tamil Nadu,Coimbatore,2014,Rabi,Millets,919.54,34.1,88.4,Sandy,Rain-fed,219.53,54.3,783.88,5.49,16562.13,43370.0,4303.5012,71275146.329556,55.32734602235036,10.0778408055283,0.0006084870004962102,90926.0937,Lower relative profit,Moderate relative profit/ha
485,Tamil Nadu,Coimbatore,2014,Kharif,Rice,2079.68,29.8,55.7,Black,Drip,52.65,40.13,1439.31,2.48,36492.36,48828.0,3569.4887999999996,130259070.305568,33.92458886549805,13.679269703829862,0.000374852974809792,90501.0528,Lower relative profit,Lower relative profit/ha
487,Tamil Nadu,Madurai,2014,Kharif,Millets,623.52,31.3,50.8,Sandy,Rain-fed,121.75,54.87,3259.45,1.41,52530.07,59426.0,4595.8245,241418982.692715,18.231910291613616,12.930432830931643,0.0002461529716395132,74067.3987,Lower relative profit,Lower relative profit/ha
488,Tamil Nadu,Madurai,2014,Kharif,Millets,1418.03,35.4,69.5,Sandy,Canal,240.42,43.18,685.96,4.94,42488.98,55753.0,3388.6424000000006,143979959.16075203,81.27733395533267,16.452901610391226,0.00038722750252868454,209895.56120000003,Lower relative profit,Moderate relative profit/ha
493,Tamil Nadu,Madurai,2014,Kharif,Maize,1677.81,18.6,79.8,Laterite,Canal,138.94,52.12,797.56,2.85,18643.24,21144.0,2273.046,42376942.10904,26.510858117257637,9.302055479739522,0.0004989505836828535,53133.234000000004,Lower relative profit,Lower relative profit/ha
496,Tamil Nadu,Madurai,2014,Kharif,Pulses,689.0,28.0,75.1,Red,Drip,146.73,36.36,585.62,5.42,12741.17,32280.0,3174.0604,40441243.146667995,55.12106826952631,10.169938795115556,0.0007981950476381335,69057.1414,Lower relative profit,Moderate relative profit/ha
498,Tamil Nadu,Madurai,2014,Zaid,Barley,785.69,22.6,41.2,Alluvial,Canal,443.85,11.8,640.55,2.19,52400.51,21108.0,1402.8045,73507671.230295,32.952931074857545,15.047000490802532,0.0002871537030995029,114757.11690000001,Lower relative profit,Lower relative profit/ha
505,Tamil Nadu,Salem,2014,Zaid,Wheat,2114.64,18.6,58.7,Red,Drip,415.98,26.1,1641.34,3.95,36361.78,53997.0,6483.293,235744073.74153998,32.89811982892027,8.32863793137222,0.0002290492360762378,143629.031,Lower relative profit,Lower relative profit/ha
508,Tamil Nadu,Salem,2014,Rabi,Wheat,1777.35,30.5,55.9,Sandy,Canal,221.26,59.56,2118.46,1.61,24944.13,35288.0,3410.7206,85077458.040078,16.657383193451846,10.346200741274439,0.00041477496875114264,40160.0493,Lower relative profit,Lower relative profit/ha
510,Tamil Nadu,Salem,2014,Zaid,Wheat,2174.38,25.6,56.5,Red,Drip,279.02,49.46,590.28,6.13,29806.28,47140.0,3618.4163999999996,107851532.37499198,79.8604052314156,13.027798569562089,0.00043708233867366505,182712.49639999997,Lower relative profit,Moderate relative profit/ha
516,Tamil Nadu,Salem,2014,Zaid,Cotton,1562.88,23.1,68.1,Laterite,Tube Well,212.35,11.25,1040.39,2.99,55843.13,39325.0,3110.7661000000007,173714915.72189304,37.79832562788954,12.641580477555028,0.00022637664610767748,166970.95870000002,Lower relative profit,Moderate relative profit/ha
525,Tamil Nadu,Tiruchirappalli,2014,Zaid,Rice,1033.34,30.0,79.7,Black,Canal,345.11,29.93,234.02,1.58,46004.4,5288.0,369.75160000000005,17010200.50704,22.59635928553115,14.3014932186906,0.00031087229088284165,72686.952,Lower relative profit,Lower relative profit/ha
532,Tamil Nadu,Tiruchirappalli,2014,Kharif,Pulses,2153.92,26.0,46.7,Laterite,Rain-fed,203.4,28.28,3026.26,1.73,41521.0,44612.0,5235.4298,217380280.7258,14.741628280451778,8.521172416446115,0.00020522560671578513,71831.33,Lower relative profit,Lower relative profit/ha
533,Tamil Nadu,Tiruchirappalli,2014,Kharif,Wheat,409.65,28.1,56.0,Sandy,Tube Well,441.01,41.92,747.97,7.71,14179.62,56479.0,5766.8487000000005,81771723.163494,75.509712956402,9.793737089027495,0.0006906910826261561,109324.8702,Lower relative profit,Moderate relative profit/ha
534,Tamil Nadu,Tiruchirappalli,2014,Rabi,Pulses,1980.21,20.6,52.5,Red,Tube Well,262.17,12.8,672.53,1.52,18777.19,17089.0,1022.2456,19194899.857864,25.41001888391596,16.717117686786814,0.0008902885728262224,28541.3288,Lower relative profit,Lower relative profit/ha
537,Tamil Nadu,Tiruchirappalli,2014,Rabi,Millets,1223.97,20.2,74.6,Sandy,Sprinkler,109.22,24.23,1098.3,3.27,56252.54,55665.0,3591.441,202027678.51014,50.68287353182191,15.499349703921073,0.0002755315529560278,183945.8058,Lower relative profit,Moderate relative profit/ha
538,Tamil Nadu,Tiruchirappalli,2014,Kharif,Sugarcane,1450.39,37.4,63.9,Red,Canal,278.32,27.9,476.49,6.81,47876.15,54753.0,3244.8968999999997,155353170.71893498,114.90902222502046,16.8735715455243,0.00035244211461289807,326036.5815,Lower relative profit,Higher relative profit/ha
548,Rajasthan,Jaipur,2014,Zaid,Rice,1744.65,30.1,82.9,Laterite,Sprinkler,92.53,34.39,128.65,2.05,21101.97,3368.0,263.7325,5565275.303025001,26.179556937427126,12.770515579232745,0.0006051812024769604,43259.0385,Lower relative profit,Lower relative profit/ha
557,Rajasthan,Jaipur,2014,Rabi,Pulses,1618.47,21.5,82.3,Red,Rain-fed,251.39,49.37,1754.9,2.03,24014.58,48520.0,3562.4469999999997,85550668.47726,27.648299048378824,13.619851747969866,0.0005671492796446936,48749.59739999999,Lower relative profit,Lower relative profit/ha
574,Rajasthan,Jodhpur,2014,Rabi,Wheat,2086.28,24.1,50.6,Sandy,Rain-fed,123.23,45.68,110.22,5.2,15580.92,4841.0,573.144,8930110.81248,43.92124841226638,8.446393925435842,0.0005420985362504807,81020.78400000001,Lower relative profit,Moderate relative profit/ha
580,Rajasthan,Udaipur,2014,Zaid,Maize,913.63,21.7,77.3,Alluvial,Rain-fed,111.69,57.37,3425.18,1.63,62939.54,54795.00000000001,5583.0434,351394183.39603597,15.997699390980914,9.814539503669273,0.00015593599037535503,102591.45019999999,Lower relative profit,Lower relative profit/ha
582,Rajasthan,Udaipur,2014,Zaid,Barley,2108.84,23.4,52.5,Sandy,Canal,271.25,8.6,241.64,5.82,60427.96,11513.0,1406.3448,84982547.320608,47.645257407713956,8.186470344968033,0.00013547487528898928,351690.7272,Lower relative profit,Moderate relative profit/ha
585,Rajasthan,Udaipur,2014,Rabi,Cotton,1911.08,25.6,54.3,Alluvial,Tube Well,302.88,37.18,2600.61,1.53,51176.7,54236.0,3978.9333,203628675.81410998,20.855107071033334,13.630788935315904,0.0002663475553389708,78300.351,Lower relative profit,Lower relative profit/ha
587,Rajasthan,Udaipur,2014,Rabi,Cotton,842.67,37.7,53.8,Alluvial,Canal,233.92,37.97,177.79,6.25,46261.49,8912.0,1111.1875,51405189.419374995,50.12655379942629,8.020248607908206,0.00017336771054949176,289134.3125,Lower relative profit,Moderate relative profit/ha
592,Rajasthan,Udaipur,2014,Zaid,Maize,517.65,20.6,38.6,Alluvial,Sprinkler,153.85,36.34,1217.03,5.02,53459.39,60597.0,6109.490599999999,326609640.68673396,49.79088436603864,9.918502861760686,0.00018553340885035699,268366.13779999997,Lower relative profit,Moderate relative profit/ha
595,Rajasthan,Kota,2014,Kharif,Wheat,2182.48,22.5,72.9,Laterite,Tube Well,433.11,55.43,1064.7,3.6,15330.74,54629.99999999999,3832.92,58761499.9608,51.310228233305146,14.252841175918096,0.0009296903591032199,55190.664,Lower relative profit,Moderate relative profit/ha
596,Rajasthan,Kota,2014,Kharif,Wheat,1466.56,30.5,53.4,Alluvial,Sprinkler,150.16,10.93,1267.96,3.69,14884.94,53038.0,4678.7724,69643246.447656,41.829395249061484,11.335879471290376,0.0007615670248781906,54925.4286,Lower relative profit,Moderate relative profit/ha
597,Rajasthan,Kota,2014,Kharif,Millets,1775.38,30.5,66.8,Alluvial,Tube Well,84.21,8.34,263.38,3.49,56927.68,7951.000000000001,919.1962000000001,52327707.130816005,30.188321057027874,8.649948726942084,0.0001519462716018303,198677.6032,Lower relative profit,Lower relative profit/ha
600,Rajasthan,Kota,2014,Zaid,Rice,422.12,32.3,67.6,Laterite,Drip,386.31,54.74,717.31,4.91,30835.73,45131.0,3521.9921,108603197.45773299,62.91700938227545,12.81405486400722,0.0004155586672995003,151403.4343,Lower relative profit,Moderate relative profit/ha
602,Rajasthan,Kota,2014,Kharif,Cotton,1485.99,23.8,88.4,Laterite,Rain-fed,257.07,41.17,808.54,2.93,55416.74,32206.0,2369.0222,131283487.31162798,39.83229030103644,13.594638327998783,0.0002453164572293279,162371.0482,Lower relative profit,Moderate relative profit/ha
604,Rajasthan,Kota,2014,Zaid,Cotton,1153.65,21.2,60.0,Black,Drip,365.68,7.32,1175.09,1.23,23820.33,14891.0,1445.3607,34428968.843031004,12.672220851168847,10.302618578186054,0.0004325136796251795,29299.005900000004,Lower relative profit,Lower relative profit/ha
606,Rajasthan,Kota,2014,Zaid,Maize,923.04,21.9,67.2,Black,Rain-fed,356.21,7.41,245.46,2.64,21229.77,10922.0,648.0144,13757196.668688001,44.49604823596513,16.854563725744367,0.0007939117440153316,56046.592800000006,Lower relative profit,Moderate relative profit/ha
613,Rajasthan,Ajmer,2014,Rabi,Pulses,858.15,19.7,76.3,Laterite,Tube Well,168.02,33.54,1227.87,1.5,39149.89,20930.0,1841.8049999999998,72106463.15145,17.045778461889288,11.363852307926193,0.00029026524232702043,58724.835,Lower relative profit,Lower relative profit/ha
614,Rajasthan,Ajmer,2014,Zaid,Barley,1061.52,28.0,50.0,Sandy,Sprinkler,59.89,29.29,1401.56,1.75,59778.22,26846.0,2452.73,146619833.5406,19.15437084391678,10.945354767952445,0.0001830993757919263,104611.88500000001,Lower relative profit,Lower relative profit/ha
615,Rajasthan,Ajmer,2014,Zaid,Rice,1814.57,36.5,40.4,Red,Drip,78.54,7.11,1081.5,2.64,29449.79,31484.0,2855.1600000000003,84083862.41640002,29.111419325011557,11.02705277462559,0.0003744357013963627,77747.44560000002,Lower relative profit,Lower relative profit/ha
618,Rajasthan,Ajmer,2014,Zaid,Pulses,1825.45,24.3,45.3,Black,Rain-fed,358.05,43.39,1126.97,4.48,41597.68,59309.0,5048.825600000001,210019431.68460804,52.62695546465301,11.747088273360044,0.00028239767874939283,186357.60640000002,Lower relative profit,Moderate relative profit/ha
621,Rajasthan,Ajmer,2014,Zaid,Barley,739.01,20.2,66.3,Sandy,Tube Well,230.61,54.21,556.88,1.96,41304.06,9082.0,1091.4848,45082753.66828799,16.308720011492603,8.320775516067654,0.00020145175840020703,80955.9576,Lower relative profit,Lower relative profit/ha
624,Rajasthan,Ajmer,2014,Zaid,Cotton,1457.49,28.0,72.7,Red,Sprinkler,160.18,5.41,799.19,1.67,33159.56,21455.0,1334.6473,44256317.223188,26.845931505649467,16.07540808721525,0.0004847895474854085,55376.46519999999,Lower relative profit,Lower relative profit/ha
626,Rajasthan,Ajmer,2014,Kharif,Sugarcane,723.24,30.4,58.8,Red,Sprinkler,203.87,41.25,3522.76,1.9,49028.17,56469.00000000001,6693.244,328157504.68347996,16.029760755771044,8.436716187247919,0.00017207895353320182,93153.52299999999,Lower relative profit,Lower relative profit/ha
634,West Bengal,Kolkata,2014,Kharif,Sugarcane,1524.41,36.7,56.7,Laterite,Drip,221.15,17.78,618.84,3.56,12794.71,32032.0,2203.0704,28187646.877584,51.761359963803244,14.539707855000911,0.0011363843225052316,45549.16759999999,Lower relative profit,Moderate relative profit/ha
638,West Bengal,Kolkata,2014,Zaid,Sugarcane,1728.24,33.1,69.1,Sandy,Tube Well,73.97,25.6,1553.41,2.31,22832.42,30067.0,3588.3771,81931333.06558199,19.355482454728627,8.378996733648757,0.0003669780397193446,52742.890199999994,Lower relative profit,Lower relative profit/ha
641,West Bengal,Kolkata,2014,Kharif,Rice,1965.76,19.4,45.6,Black,Sprinkler,303.75,12.78,1100.68,1.87,43409.42,33575.0,2058.2716,89348376.358472,30.50387033470218,16.31223012550919,0.0003757762744931674,81175.6154,Lower relative profit,Lower relative profit/ha
645,West Bengal,Kolkata,2014,Rabi,Millets,529.49,20.7,60.8,Laterite,Rain-fed,111.89,15.43,162.89,4.86,50443.3,10224.0,791.6454,39933206.405820005,62.76628399533428,12.914873250068782,0.00025602752496503556,245154.43800000005,Lower relative profit,Moderate relative profit/ha
651,West Bengal,Howrah,2014,Zaid,Rice,1792.74,26.4,57.9,Alluvial,Tube Well,165.34,28.7,964.37,2.56,19119.6,31760.000000000004,2468.7872,47202223.74912,32.933417671640555,12.864616277984592,0.0006728496557451303,48946.176,Lower relative profit,Lower relative profit/ha
658,West Bengal,Howrah,2014,Zaid,Millets,2176.37,35.1,84.8,Sandy,Canal,343.71,21.16,1055.88,2.25,39562.88,32592.0,2375.7300000000005,93990720.90240002,30.867143993635636,13.718730663838059,0.0003467576340205278,89016.48000000001,Lower relative profit,Lower relative profit/ha
660,West Bengal,Howrah,2014,Rabi,Sugarcane,706.78,36.9,73.5,Black,Rain-fed,92.19,59.63,243.19,7.98,29304.54,22967.0,1940.6562000000001,56870037.239148006,94.44056087832558,11.834656751669872,0.00040385062354399257,233850.22920000003,Lower relative profit,Higher relative profit/ha
665,West Bengal,Howrah,2014,Zaid,Millets,968.67,34.3,51.3,Alluvial,Sprinkler,137.56,42.4,822.38,3.27,51594.18,44348.0,2689.1826,138746171.117268,53.92640871616528,16.491256488123938,0.0003196340457029056,168712.9686,Lower relative profit,Moderate relative profit/ha
667,West Bengal,Darjeeling,2014,Rabi,Maize,1890.19,22.2,75.3,Red,Drip,374.17,43.52,357.57,7.52,21488.07,34620.0,2688.9264,57779838.70804799,96.82020303716754,12.875026999623344,0.000599170935296811,161590.28639999998,Lower relative profit,Higher relative profit/ha
673,West Bengal,Darjeeling,2014,Rabi,Millets,1061.18,20.4,39.5,Alluvial,Sprinkler,245.69,41.78,2597.77,1.37,42368.04,48851.0,3558.9449000000004,150785519.88099602,18.804975036281117,13.726259150570158,0.0003239767322389744,58044.21480000001,Lower relative profit,Lower relative profit/ha
678,West Bengal,Darjeeling,2014,Kharif,Pulses,1491.11,28.2,72.8,Sandy,Sprinkler,315.05,7.46,280.0,2.23,57372.51,6339.0,624.4,35823395.244,22.639285714285716,10.15214606021781,0.0001769514016419677,127940.69730000001,Lower relative profit,Lower relative profit/ha
684,West Bengal,Darjeeling,2014,Zaid,Barley,1258.35,20.6,35.5,Red,Drip,255.43,13.55,719.2,3.97,50977.39,24351.0,2855.224,145551867.38536,33.85845383759733,8.528577792845674,0.00016730118573833762,202380.2383,Lower relative profit,Lower relative profit/ha
690,West Bengal,Siliguri,2014,Kharif,Cotton,938.52,23.9,46.7,Laterite,Sprinkler,345.21,36.29,1165.57,3.43,61454.91,57689.0,3997.9051,245690898.109041,49.494238870252325,14.429807250802426,0.00023480316301500444,210790.34130000003,Lower relative profit,Moderate relative profit/ha
700,West Bengal,Siliguri,2014,Rabi,Cotton,1054.44,36.9,74.1,Laterite,Rain-fed,148.79,54.23,990.58,1.2,47002.83,13333.000000000002,1188.696,55872076.009679995,13.459791233418807,11.216492694515674,0.00023863441189638312,56403.39599999999,Lower relative profit,Lower relative profit/ha
705,West Bengal,Malda,2014,Rabi,Wheat,700.48,23.5,88.2,Sandy,Sprinkler,165.86,57.57,397.89,8.3,22080.12,53320.00000000001,3302.487,72919309.25844,134.00688632536634,16.14540799100799,0.000731219213981083,183264.996,Lower relative profit,Higher relative profit/ha
706,West Bengal,Malda,2014,Zaid,Rice,697.93,33.0,56.1,Alluvial,Sprinkler,361.75,27.05,1430.32,2.54,20480.16,36977.0,3633.0128,74404683.426048,25.85225683763074,10.178053873082968,0.0004969714041825341,52019.6064,Lower relative profit,Lower relative profit/ha
707,West Bengal,Malda,2014,Rabi,Millets,1306.87,32.4,49.2,Alluvial,Drip,390.99,21.3,1415.72,2.07,23868.26,39081.0,2930.5404,69946900.207704,27.605034893905575,13.335765649229748,0.0005587238302762643,49407.2982,Lower relative profit,Lower relative profit/ha
713,West Bengal,Malda,2014,Zaid,Sugarcane,525.02,19.4,48.5,Alluvial,Tube Well,413.65,58.37,591.15,5.05,50518.53,48004.0,2985.3075,150813346.497975,81.20443203924555,16.08008555232585,0.0003183007413779825,255118.5765,Lower relative profit,Moderate relative profit/ha
714,West Bengal,Malda,2014,Kharif,Barley,437.29,34.5,77.0,Alluvial,Canal,307.79,7.41,1316.88,1.81,19559.69,34022.0,2383.5528000000004,46621553.86663201,25.835307696980742,14.273650661315324,0.0007297483069166906,35403.0389,Lower relative profit,Lower relative profit/ha
716,West Bengal,Malda,2014,Rabi,Rice,438.17,18.9,65.0,Black,Rain-fed,91.03,53.76,2134.89,1.21,23888.58,26521.0,2583.2169,61709383.573002,12.422654094590355,10.266656276520953,0.00042977256398333234,28905.181800000002,Lower relative profit,Lower relative profit/ha
717,West Bengal,Malda,2014,Rabi,Cotton,806.59,35.6,56.2,Red,Canal,403.69,50.25,650.8,2.44,17837.19,14319.0,1587.9519999999998,28324601.534879994,22.002151198524896,9.017275081362662,0.0005055322660891465,43522.743599999994,Lower relative profit,Lower relative profit/ha
723,Uttarakhand,Dehradun,2015,Kharif,Sugarcane,2189.03,18.3,65.7,Red,Tube Well,433.05,55.65,391.93,3.75,56983.83,24497.0,1469.7375,83751271.844625,62.503508279539716,16.66760220787726,0.0002924970506172937,213689.3625,Lower relative profit,Moderate relative profit/ha
725,Uttarakhand,Dehradun,2015,Kharif,Barley,1069.03,32.0,71.5,Alluvial,Sprinkler,79.51,51.06,4365.34,1.42,31357.94,54487.0,6198.7828,194381059.115432,12.48173109081996,8.789951472408422,0.00028031023314696124,44528.2748,Lower relative profit,Lower relative profit/ha
727,Uttarakhand,Dehradun,2015,Zaid,Rice,680.6,35.6,36.8,Red,Sprinkler,350.45,32.68,153.25,7.28,48034.89,18698.0,1115.66,53590605.3774,122.00978792822185,16.759586253876627,0.0003489044370430874,349693.9992,Lower relative profit,Higher relative profit/ha
730,Uttarakhand,Dehradun,2015,Zaid,Pulses,1485.74,34.9,36.5,Black,Canal,162.88,34.79,420.06,5.56,52095.64,25904.000000000004,2335.5335999999998,121671117.63350399,61.66738085035472,11.09125554862495,0.0002129018003929878,289651.7584,Lower relative profit,Moderate relative profit/ha
731,Uttarakhand,Dehradun,2015,Rabi,Sugarcane,884.5,37.5,66.1,Red,Tube Well,275.5,48.46,323.84,3.5,62005.98,9164.0,1133.4399999999998,70280057.97119999,28.297924901185773,8.085121400338792,0.00013039260729914747,217020.93,Lower relative profit,Lower relative profit/ha
733,Uttarakhand,Dehradun,2015,Kharif,Barley,1258.52,35.4,37.1,Black,Drip,114.49,42.53,485.89,5.77,62499.37,28921.0,2803.5852999999997,175222314.991261,59.52170244293976,10.31571966082145,0.00016505317830918054,360621.36490000004,Lower relative profit,Moderate relative profit/ha
734,Uttarakhand,Dehradun,2015,Zaid,Pulses,1205.46,20.6,51.0,Sandy,Canal,299.39,56.71,296.06,6.4,48192.29,19689.0,1894.784,91313980.01536001,66.50341147064785,10.391158042288724,0.000215618681790982,308430.656,Lower relative profit,Moderate relative profit/ha
736,Uttarakhand,Dehradun,2015,Rabi,Pulses,705.49,23.9,38.7,Laterite,Drip,280.6,24.44,448.56,6.39,36419.28,51196.0,2866.2983999999997,104388523.99315198,114.13411806670234,17.86136432968738,0.0004904370522889903,232719.19919999994,Lower relative profit,Higher relative profit/ha
745,Uttarakhand,Haridwar,2015,Rabi,Pulses,1595.31,34.5,75.4,Alluvial,Tube Well,380.09,45.32,169.52,7.74,61492.43,17050.0,1312.0848,80683282.71806401,100.57810287871636,12.994586935234674,0.00021132010777968397,475951.4082,Lower relative profit,Higher relative profit/ha
750,Uttarakhand,Haridwar,2015,Rabi,Wheat,1509.27,26.2,62.3,Laterite,Drip,350.69,56.0,588.54,4.44,42805.38,21758.0,2613.1176,111855491.852688,36.969449824990654,8.326452663286183,0.00019451883532598435,190055.8872,Lower relative profit,Lower relative profit/ha
756,Uttarakhand,Haridwar,2015,Rabi,Wheat,1532.01,29.9,36.5,Red,Drip,333.03,55.63,485.99,3.99,51344.0,18044.0,1939.1001,99561155.5344,37.128335973991234,9.305347361902564,0.00018123534126485207,204862.56,Lower relative profit,Moderate relative profit/ha
758,Uttarakhand,Nainital,2015,Kharif,Rice,599.68,36.5,41.7,Laterite,Canal,106.73,19.41,985.08,1.76,56765.05,29694.0,1733.7408,98415883.19904001,30.143744670483613,17.12712765368387,0.0003017195907285182,99906.48800000001,Lower relative profit,Lower relative profit/ha
767,Uttarakhand,Nainital,2015,Zaid,Pulses,2017.74,29.2,56.2,Alluvial,Sprinkler,290.72,34.0,604.31,3.23,44218.93,32858.0,1951.9212999999997,86311871.33020899,54.372755704853475,16.833670496858662,0.0003806892318936406,142827.1439,Lower relative profit,Moderate relative profit/ha
768,Uttarakhand,Nainital,2015,Rabi,Barley,1627.84,26.7,79.7,Black,Sprinkler,129.26,7.73,2520.28,1.54,26544.02,35679.0,3881.2312,103023478.597424,14.156760359960003,9.19270153244156,0.00034631911565925435,40877.790799999995,Lower relative profit,Lower relative profit/ha
769,Uttarakhand,Nainital,2015,Rabi,Pulses,1464.11,22.7,36.2,Alluvial,Sprinkler,57.13,48.08,2921.22,1.23,36473.91,33454.0,3593.1005999999998,131054427.905346,11.452064548373626,9.310621584043599,0.00025526798700889475,44862.90930000001,Lower relative profit,Lower relative profit/ha
770,Uttarakhand,Nainital,2015,Rabi,Wheat,1007.3,18.3,60.8,Laterite,Sprinkler,381.94,27.83,1574.89,3.52,30328.7,48771.0,5543.612800000001,168130569.52736002,30.967877121576745,8.797692364084302,0.0002900781228369268,106757.024,Lower relative profit,Lower relative profit/ha
771,Uttarakhand,Nainital,2015,Kharif,Wheat,1107.99,31.9,60.0,Alluvial,Drip,389.47,58.19,694.92,3.93,44752.78,22648.0,2731.0356,122221435.378968,32.59080181891441,8.292824890309008,0.00018530301112710786,175878.4254,Lower relative profit,Lower relative profit/ha
776,Uttarakhand,Almora,2015,Rabi,Millets,508.48,18.3,46.9,Red,Tube Well,377.4,15.34,612.22,2.72,43297.72,22108.0,1665.2384000000002,72101025.97644801,36.11120185554213,13.276177152772838,0.0003066253177482056,117769.79840000001,Lower relative profit,Lower relative profit/ha
778,Uttarakhand,Almora,2015,Rabi,Maize,1635.28,37.0,66.7,Alluvial,Tube Well,90.83,30.35,625.15,2.0,12879.16,15763.999999999998,1250.3,16102813.748,25.216348076461646,12.608174038230823,0.000978959345037318,25758.32,Lower relative profit,Lower relative profit/ha
782,Uttarakhand,Almora,2015,Zaid,Cotton,1291.31,21.4,46.2,Laterite,Rain-fed,304.76,43.82,1511.1,1.22,21809.18,31484.0,1843.542,40206139.31556,20.83515319965588,17.077994425947445,0.0007830644905469827,26607.1996,Lower relative profit,Lower relative profit/ha
790,Uttarakhand,Almora,2015,Rabi,Millets,2069.02,20.9,72.5,Alluvial,Tube Well,259.27,20.94,2834.89,2.39,37801.71,58580.99999999999,6775.3871,256121218.291941,20.66429385267153,8.6461480555111,0.00022872372851680785,90346.0869,Lower relative profit,Lower relative profit/ha
799,Uttarakhand,Pauri,2015,Zaid,Cotton,1530.83,32.4,86.5,Alluvial,Drip,372.25,39.3,1083.43,1.69,20110.17,30759.0,1830.9967000000001,36821654.906439,28.390389780604192,16.799047207458102,0.000835350830324065,33986.1873,Lower relative profit,Lower relative profit/ha
806,Uttarakhand,Pauri,2015,Kharif,Cotton,632.96,24.5,87.5,Alluvial,Tube Well,189.24,38.96,2078.49,1.53,57157.65,30503.0,3180.0896999999995,181766454.041205,14.67555773662611,9.591867801716413,0.00016781424361772066,87451.2045,Lower relative profit,Lower relative profit/ha
807,Uttarakhand,Pauri,2015,Rabi,Millets,982.59,22.6,77.4,Alluvial,Canal,416.91,48.76,616.62,7.63,50592.65,55709.0,4704.8106,238028836.00209,90.34575589504071,11.840859226086593,0.00023404307198944101,386021.9195,Lower relative profit,Higher relative profit/ha
810,Uttarakhand,Pauri,2015,Zaid,Wheat,1858.02,35.9,54.8,Sandy,Tube Well,213.21,35.06,452.63,2.55,50688.79,19748.0,1154.2065,58505330.895135,43.62945452135298,17.10959000837372,0.0003375418905910699,129256.4145,Lower relative profit,Moderate relative profit/ha
812,Uttar Pradesh,Lucknow,2015,Rabi,Rice,628.95,28.3,40.6,Laterite,Rain-fed,249.48,7.83,2748.64,1.36,55530.37,40742.0,3738.1504,207580874.827648,14.822603178299087,10.898972925219915,0.00019627048991785784,75521.30320000001,Lower relative profit,Lower relative profit/ha
820,Uttar Pradesh,Lucknow,2015,Kharif,Maize,908.67,24.3,68.1,Red,Sprinkler,406.17,59.89,735.61,4.1,46851.89,43931.0,3016.0009999999997,141305347.09188998,59.720504071450904,14.565976602792905,0.00031089410913397316,192092.74899999995,Lower relative profit,Moderate relative profit/ha
824,Uttar Pradesh,Lucknow,2015,Rabi,Barley,940.74,37.3,38.3,Black,Tube Well,391.83,26.12,192.36,3.99,35533.05,7863.0,767.5164000000001,27272198.617020007,40.876481597005615,10.244732229825967,0.0002883155887216539,141776.86950000003,Lower relative profit,Moderate relative profit/ha
829,Uttar Pradesh,Kanpur,2015,Rabi,Pulses,1904.8,35.0,59.4,Alluvial,Sprinkler,56.91,5.49,281.32,3.82,45800.38,14579.0,1074.6424,49219030.28411199,51.823546139627474,13.566373334981014,0.00029620656717217227,174957.45159999997,Lower relative profit,Moderate relative profit/ha
832,Uttar Pradesh,Kanpur,2015,Zaid,Pulses,1372.79,18.9,47.9,Laterite,Canal,93.67,32.88,654.59,1.77,22814.22,15877.000000000002,1158.6243000000002,26433109.677546006,24.2548770986419,13.703320394712936,0.0006006482095251529,40381.169400000006,Lower relative profit,Lower relative profit/ha
835,Uttar Pradesh,Kanpur,2015,Zaid,Barley,1895.31,18.7,74.9,Sandy,Sprinkler,202.44,59.88,484.38,1.76,61582.45,8735.0,852.5088,52499580.55056,18.033362236260785,10.246228543329993,0.00016638228169437873,108385.112,Lower relative profit,Lower relative profit/ha
837,Uttar Pradesh,Kanpur,2015,Rabi,Pulses,837.53,33.4,54.9,Alluvial,Rain-fed,232.33,46.15,665.54,2.96,50838.31,33100.0,1969.9984,100151389.35870399,49.734050545421766,16.80204410318303,0.00033049965868619613,150481.3976,Lower relative profit,Moderate relative profit/ha
839,Uttar Pradesh,Kanpur,2015,Kharif,Cotton,1832.54,24.8,41.5,Laterite,Canal,213.4,32.78,827.15,4.81,58716.39,39710.0,3978.5914999999995,233608530.16468498,48.008220999818654,9.980919126781426,0.0001699852311557544,282425.8359,Lower relative profit,Moderate relative profit/ha
840,Uttar Pradesh,Kanpur,2015,Kharif,Maize,617.42,23.3,65.5,Black,Sprinkler,422.05,45.86,719.35,1.45,34865.25,15541.999999999998,1043.0575,36366460.501875,21.60561618127476,14.900424952603284,0.00042737180868065717,50554.612499999996,Lower relative profit,Lower relative profit/ha
843,Uttar Pradesh,Kanpur,2015,Kharif,Rice,674.06,18.2,67.6,Black,Rain-fed,319.56,29.94,1670.14,2.49,50294.26,44884.0,4158.6486,209156153.93703604,26.87439376339708,10.792929222247823,0.0002145956461482448,125232.70740000001,Lower relative profit,Lower relative profit/ha
845,Uttar Pradesh,Kanpur,2015,Rabi,Barley,1334.44,29.5,68.9,Red,Sprinkler,89.79,20.66,680.9,3.2,35262.59,36722.0,2178.88,76832952.0992,53.931561169040975,16.853612865325303,0.000477945972355556,112840.288,Lower relative profit,Moderate relative profit/ha
850,Uttar Pradesh,Varanasi,2015,Kharif,Wheat,2108.53,30.5,48.5,Laterite,Rain-fed,284.54,52.97,1179.03,2.63,36916.12,39831.0,3100.8489,114471310.09426801,33.78285539808147,12.845192166570902,0.0003479561819219057,97089.3956,Lower relative profit,Lower relative profit/ha
851,Uttar Pradesh,Varanasi,2015,Kharif,Maize,757.43,35.5,87.3,Alluvial,Tube Well,392.86,46.22,115.67,1.69,41560.07,1972.0,195.4823,8124258.071761,17.04850004322642,10.08786984806297,0.00024272985700127478,70236.5183,Lower relative profit,Lower relative profit/ha
859,Uttar Pradesh,Varanasi,2015,Zaid,Wheat,464.93,18.4,86.7,Black,Canal,91.01,26.89,2476.01,2.35,27977.72,59932.00000000001,5818.623500000001,162791819.06842002,24.20507186966127,10.300030582834584,0.0003681511782530736,65747.642,Lower relative profit,Lower relative profit/ha
862,Uttar Pradesh,Varanasi,2015,Rabi,Cotton,893.29,22.1,49.5,Red,Sprinkler,312.42,30.93,1527.07,1.88,63244.98,39073.0,2870.8916,181569481.824168,25.586908262227666,13.610057586291312,0.00021519585564405762,118900.56240000001,Lower relative profit,Lower relative profit/ha
864,Uttar Pradesh,Varanasi,2015,Kharif,Millets,1413.68,30.9,53.3,Alluvial,Drip,373.87,58.67,567.41,2.44,57835.87,17857.0,1384.4804,80072628.431948,31.4710703018981,12.89797963192545,0.00022301003913186487,141119.5228,Lower relative profit,Lower relative profit/ha
871,Uttar Pradesh,Agra,2015,Zaid,Wheat,961.31,21.8,73.2,Black,Rain-fed,265.09,23.21,399.43,4.62,20292.01,21230.0,1845.3666,37446197.500865996,53.15073980422101,11.504489135112774,0.0005669467507217262,93749.08619999999,Lower relative profit,Moderate relative profit/ha
874,Uttar Pradesh,Agra,2015,Kharif,Millets,776.75,18.1,47.8,Alluvial,Drip,136.58,56.13,3113.13,2.25,37199.59,56054.0,7004.5425000000005,260566109.137575,18.005672747363587,8.002521221050483,0.0002151239091896035,83699.0775,Lower relative profit,Lower relative profit/ha
880,Uttar Pradesh,Agra,2015,Zaid,Millets,1282.54,27.5,83.1,Black,Drip,350.23,49.41,287.15,1.41,59396.05,3859.000000000001,404.88149999999996,24048361.818074998,13.438969179871151,9.531183815511456,0.00016046831086429916,83748.4305,Lower relative profit,Lower relative profit/ha
881,Uttar Pradesh,Agra,2015,Zaid,Rice,1155.23,34.9,38.1,Alluvial,Rain-fed,304.99,8.43,577.63,5.17,64120.38,29690.0,2986.3471,191485710.86389798,51.39968491941208,9.941911976675451,0.00015505073389576686,331502.3646,Lower relative profit,Moderate relative profit/ha
882,Uttar Pradesh,Agra,2015,Kharif,Pulses,2015.93,21.4,89.2,Alluvial,Drip,338.85,25.14,169.44,6.05,34068.07,15046.0,1025.1119999999999,34923587.37384,88.79839471199244,14.677420613552473,0.00043082630197579353,206111.82349999997,Lower relative profit,Higher relative profit/ha
884,Uttar Pradesh,Meerut,2015,Rabi,Pulses,611.89,27.3,81.0,Sandy,Canal,84.44,56.17,531.99,7.9,21672.55,37254.0,4202.7210000000005,91083681.00855,70.02763209834771,8.86425722763895,0.000409008502812957,171213.145,Lower relative profit,Moderate relative profit/ha
889,Uttar Pradesh,Meerut,2015,Rabi,Sugarcane,864.78,27.4,36.7,Sandy,Canal,96.12,41.21,1013.49,2.22,43101.5,26376.0,2249.9478000000004,96976125.10170002,26.024923778231656,11.722938638843086,0.000271984470119209,95685.33000000002,Lower relative profit,Lower relative profit/ha
901,Punjab,Ludhiana,2015,Zaid,Millets,1303.71,33.6,74.2,Alluvial,Drip,387.67,58.45,647.19,2.51,34475.45,25335.0,1624.4469,56003537.87860499,39.14615491586705,15.596077655723928,0.000452382134409382,86533.37949999998,Lower relative profit,Moderate relative profit/ha
903,Punjab,Ludhiana,2015,Rabi,Pulses,490.13,30.0,55.3,Alluvial,Tube Well,220.28,42.12,3857.49,1.37,26163.48,57775.0,5284.7613,138267746.577324,14.977355741686953,10.932376453786096,0.00041784871331283514,35843.9676,Lower relative profit,Lower relative profit/ha
904,Punjab,Ludhiana,2015,Kharif,Pulses,935.83,18.7,41.1,Laterite,Tube Well,342.76,34.22,2041.45,2.48,40354.22,46884.0,5062.796,204305183.59912002,22.9660290479806,9.260495583863145,0.0002294802274424619,100078.46560000001,Lower relative profit,Lower relative profit/ha
908,Punjab,Ludhiana,2015,Kharif,Pulses,1432.0,22.3,86.5,Red,Rain-fed,159.91,42.89,1010.0,4.86,14424.34,58838.0,4908.6,70803315.324,58.255445544554455,11.986717190237542,0.0008310062845327788,70102.2924,Lower relative profit,Moderate relative profit/ha
911,Punjab,Ludhiana,2015,Zaid,Pulses,1880.73,21.0,82.0,Alluvial,Tube Well,249.59,34.27,933.07,4.05,33355.73,55199.0,3778.9335,126049085.51395501,59.15847685597007,14.607031322461747,0.0004379167034408105,135090.7065,Lower relative profit,Moderate relative profit/ha
919,Punjab,Amritsar,2015,Rabi,Pulses,1701.51,22.8,61.0,Black,Sprinkler,335.12,15.99,749.99,1.67,13637.16,17254.0,1252.4832999999999,17080315.159427997,23.005640075201,13.775832380359883,0.0010101687140401583,22774.057199999996,Lower relative profit,Lower relative profit/ha
924,Punjab,Amritsar,2015,Rabi,Cotton,574.83,30.8,39.1,Red,Sprinkler,409.68,32.04,1299.17,3.1,27650.48,50128.0,4027.427,111360289.71496001,38.58463480529876,12.446656388806053,0.000450142507067004,85716.488,Lower relative profit,Moderate relative profit/ha
950,Punjab,Patiala,2015,Zaid,Barley,2000.91,26.0,51.2,Red,Sprinkler,299.48,26.45,141.84,3.55,19976.23,8336.0,503.532,10058671.044359999,58.77044557247603,16.55505509083832,0.0008287377093094303,70915.61649999999,Lower relative profit,Moderate relative profit/ha
952,Punjab,Patiala,2015,Kharif,Wheat,1360.16,36.9,37.2,Red,Drip,100.93,24.17,439.41,7.56,61208.67,48439.0,3321.9396,203331504.736332,110.23645342618511,14.581541458490094,0.0002382267325607646,462737.5452,Lower relative profit,Higher relative profit/ha
963,Punjab,Jalandhar,2015,Kharif,Maize,794.76,20.6,86.8,Red,Drip,140.22,9.52,564.47,4.15,59006.65,21205.0,2342.5505000000003,138226057.46082503,37.56621255336864,9.052099410450275,0.00015340812282090704,244877.59750000003,Lower relative profit,Moderate relative profit/ha
965,Punjab,Jalandhar,2015,Rabi,Wheat,1746.28,34.0,69.8,Red,Canal,367.68,58.87,170.18,5.83,56275.09,10297.0,992.1494,55833296.778446,60.506522505582325,10.378477273684789,0.00018442400134206433,328083.77469999995,Lower relative profit,Moderate relative profit/ha
978,Punjab,Bathinda,2015,Rabi,Barley,1159.01,30.8,82.6,Red,Canal,162.08,44.82,1451.74,3.04,38914.65,53826.0,4413.2896,171741620.13264,37.07688704588976,12.196344422990052,0.0003134126716542498,118300.53600000001,Lower relative profit,Lower relative profit/ha
991,Maharashtra,Pune,2015,Zaid,Pulses,2020.1,36.7,52.6,Sandy,Drip,192.83,57.7,759.01,7.48,64271.56,59436.0,5677.3948,364895020.531888,78.30726867893704,10.468886187023667,0.00016288520438937016,480751.2688,Lower relative profit,Moderate relative profit/ha
993,Maharashtra,Pune,2015,Zaid,Millets,884.44,34.7,60.3,Alluvial,Rain-fed,225.15,37.51,416.82,8.47,13172.1,44077.0,3530.4654,46503643.29534,105.7458855141308,12.48475625904732,0.0009478182111468421,111567.687,Lower relative profit,Higher relative profit/ha
996,Maharashtra,Pune,2015,Kharif,Wheat,2147.6,19.1,76.5,Black,Sprinkler,284.98,47.6,447.97,1.66,33926.71,7148.0,743.6302000000001,25228926.142642003,15.956425653503581,9.612304610544326,0.0002833255747623134,56318.3386,Lower relative profit,Lower relative profit/ha
997,Maharashtra,Pune,2015,Rabi,Maize,1904.33,18.6,86.1,Laterite,Tube Well,341.47,23.25,561.39,4.15,49149.22,34605.0,2329.7685,114506304.55557,61.641639501950515,14.853407108903738,0.00030221043403951757,203969.263,Lower relative profit,Moderate relative profit/ha
998,Maharashtra,Pune,2015,Rabi,Maize,1925.08,21.7,52.1,Alluvial,Rain-fed,120.96,28.67,1334.87,1.86,25806.8,24844.0,2482.8582,64074624.99576,18.61155018840786,10.006209778713902,0.000387735394497338,48000.64800000001,Lower relative profit,Lower relative profit/ha
999,Maharashtra,Pune,2015,Zaid,Millets,1753.27,28.5,36.1,Alluvial,Canal,292.46,59.01,389.82,3.92,20931.19,26949.0,1528.0944,31984834.224336,69.1319070340157,17.635690569901964,0.0008425555627702947,82050.26479999999,Lower relative profit,Moderate relative profit/ha
1001,Maharashtra,Pune,2015,Kharif,Maize,1479.49,29.5,84.0,Sandy,Canal,332.55,53.38,969.71,2.29,55406.76,18439.0,2220.6359,123038240.35868402,19.01496323643151,8.30347739582162,0.000149863976811162,126881.48040000001,Lower relative profit,Lower relative profit/ha
1002,Maharashtra,Pune,2015,Rabi,Cotton,2083.06,20.2,72.6,Laterite,Sprinkler,286.04,14.21,588.64,2.61,20228.39,21712.0,1536.3503999999998,31077895.067855995,36.88502310410438,14.132192760193249,0.0006986316142902747,52796.09789999999,Lower relative profit,Lower relative profit/ha
1008,Maharashtra,Pune,2015,Rabi,Maize,1315.74,31.6,37.5,Black,Sprinkler,135.8,30.15,1009.96,2.82,28976.46,43121.0,2848.0872,82527484.827312,42.69575032674561,15.140336995299863,0.0005225047157347676,81713.6172,Lower relative profit,Moderate relative profit/ha
1011,Maharashtra,Nashik,2015,Zaid,Cotton,1136.57,18.2,80.3,Laterite,Canal,200.85,51.34,1028.53,6.89,25431.55,57432.00000000001,7086.5716999999995,180222502.517135,55.83891573410597,8.104341906256309,0.0003186727472865912,175223.3795,Lower relative profit,Moderate relative profit/ha
1015,Maharashtra,Nashik,2015,Rabi,Wheat,1593.18,28.1,88.6,Black,Rain-fed,357.42,44.87,314.41,1.3,20093.66,6783.0,408.73300000000006,8212941.932780001,21.573741293215864,16.595185610166048,0.000825891630004989,26121.758,Lower relative profit,Lower relative profit/ha
1016,Maharashtra,Nashik,2015,Rabi,Millets,761.17,30.9,56.5,Alluvial,Tube Well,111.24,21.05,411.88,2.54,22299.97,15253.0,1046.1752,23329675.574743997,37.03263086335826,14.579775930456009,0.0006538024907861316,56641.9238,Lower relative profit,Lower relative profit/ha
1017,Maharashtra,Nashik,2015,Kharif,Rice,1918.16,30.0,50.8,Sandy,Drip,114.44,35.09,1656.01,2.01,15451.96,43872.0,3328.5800999999997,51433086.56199599,26.49259364375819,13.180394847640892,0.0008529917788837722,31058.439599999994,Lower relative profit,Lower relative profit/ha
1028,Maharashtra,Nagpur,2015,Rabi,Pulses,1450.21,34.6,61.1,Alluvial,Sprinkler,331.44,20.94,597.35,5.3,59743.3,30140.0,3165.955,189144599.3515,50.456181468151,9.520034239273773,0.00015934898539708676,316639.49,Lower relative profit,Moderate relative profit/ha
1032,Maharashtra,Nagpur,2015,Rabi,Cotton,1680.53,37.0,39.6,Black,Sprinkler,291.13,48.96,178.18,7.7,34140.15,13294.999999999998,1371.986,46839807.837900005,74.61555730160511,9.690332117091572,0.0002838397639463087,262879.155,Lower relative profit,Moderate relative profit/ha
1034,Maharashtra,Nagpur,2015,Rabi,Millets,1586.94,24.7,36.7,Laterite,Tube Well,398.82,55.96,152.32,5.39,28043.65,8207.0,821.0047999999999,23023971.259519998,53.87998949579832,9.996287476029373,0.0003564545797722256,151155.27349999998,Lower relative profit,Moderate relative profit/ha
1037,Maharashtra,Nagpur,2015,Zaid,Rice,718.79,19.3,66.5,Alluvial,Drip,144.78,9.81,469.52,6.48,51034.69,34719.0,3042.4896,155272513.564224,73.94573181121146,11.411378365927693,0.00022360042484685793,330704.79120000004,Lower relative profit,Moderate relative profit/ha
1038,Maharashtra,Nagpur,2015,Zaid,Millets,1535.81,24.6,71.6,Alluvial,Canal,295.03,8.09,779.7,7.9,61107.78,60708.00000000001,6159.630000000001,376401314.92140007,77.86071565986919,9.855786792388503,0.0001612853026634007,482751.46200000006,Lower relative profit,Moderate relative profit/ha
1043,Maharashtra,Nagpur,2015,Zaid,Barley,543.91,33.3,74.4,Sandy,Canal,54.8,45.93,532.34,5.49,60565.67,33945.0,2922.5466,177005992.935222,63.76563850170943,11.614870401039969,0.0001917731678860313,332505.5283,Lower relative profit,Moderate relative profit/ha
1046,Maharashtra,Aurangabad,2015,Kharif,Barley,2109.34,35.5,78.4,Black,Sprinkler,202.58,52.86,831.98,3.87,35022.21,52077.0,3219.7626,112763201.92734599,62.59405274165244,16.17417383505231,0.00046182619072446636,135535.9527,Lower relative profit,Moderate relative profit/ha
1050,Maharashtra,Aurangabad,2015,Rabi,Rice,1478.41,28.6,53.8,Laterite,Drip,199.34,42.87,727.85,5.33,37096.72,31723.0,3879.4405,143914517.98516002,43.58452977948753,8.177210089960138,0.00022042946357414176,197725.51760000002,Lower relative profit,Moderate relative profit/ha
1056,Maharashtra,Aurangabad,2015,Kharif,Barley,1661.16,35.1,51.4,Laterite,Tube Well,131.7,21.29,241.22,5.9,34335.43,16632.0,1423.198,48866115.30514,68.94950667440511,11.686357063458493,0.0003403585469428661,202579.037,Lower relative profit,Moderate relative profit/ha
1059,Maharashtra,Aurangabad,2015,Kharif,Wheat,1989.87,19.1,74.4,Alluvial,Rain-fed,102.75,8.51,432.68,2.31,39707.37,17392.0,999.4908,39687151.007196,40.19598779698622,17.400860518175854,0.0004382274756090835,91724.02470000001,Lower relative profit,Moderate relative profit/ha
1061,Maharashtra,Aurangabad,2015,Kharif,Maize,607.45,36.2,49.3,Alluvial,Drip,145.71,40.46,2832.65,1.58,56673.34,45898.0,4475.587,253646463.75058,16.203201948705274,10.25519110677549,0.0001809526508720942,89543.8772,Lower relative profit,Lower relative profit/ha
1068,Maharashtra,Kolhapur,2015,Kharif,Millets,1264.32,29.9,78.7,Alluvial,Rain-fed,316.81,56.58,480.6,1.98,12014.35,7909.999999999999,951.5880000000001,11432711.287800001,16.458593424885557,8.312420921659372,0.0006918743770290837,23788.413,Lower relative profit,Lower relative profit/ha
1069,Maharashtra,Kolhapur,2015,Kharif,Wheat,946.2,25.6,66.2,Red,Tube Well,113.79,7.94,1155.01,2.59,34427.78,50150.0,2991.4759,102989874.16050199,43.41953749318188,16.764300190417714,0.0004869410746326866,89167.95019999999,Lower relative profit,Moderate relative profit/ha
1072,Maharashtra,Kolhapur,2015,Rabi,Rice,1115.57,25.5,37.0,Red,Tube Well,223.0,30.61,957.61,1.3,59562.63,18133.0,1244.893,74149101.14859,18.935683629034784,14.56591048387291,0.0002445478059627809,77431.419,Lower relative profit,Lower relative profit/ha
1073,Maharashtra,Kolhapur,2015,Rabi,Sugarcane,1843.49,18.5,50.0,Sandy,Tube Well,398.8,17.92,2295.15,1.21,46459.66,46476.0,2777.1315,129024585.26529,20.249656885170904,16.735253624108186,0.0003602104196222741,56216.1886,Lower relative profit,Lower relative profit/ha
1082,Karnataka,Bengaluru,2015,Rabi,Pulses,1097.95,22.2,58.6,Red,Canal,285.88,31.31,3112.54,1.51,38040.67,39081.0,4699.9354,178788691.572718,12.555983216279952,8.31522067303308,0.00021858765034982509,57441.4117,Lower relative profit,Lower relative profit/ha
1085,Karnataka,Bengaluru,2015,Kharif,Millets,461.82,24.2,77.7,Sandy,Tube Well,391.86,16.91,2111.97,1.28,18804.36,44949.0,2703.3215999999998,50834232.562176,21.28297276949957,16.62732247617154,0.000884226981198591,24069.5808,Lower relative profit,Lower relative profit/ha
1091,Karnataka,Bengaluru,2015,Zaid,Maize,1596.35,26.9,89.8,Alluvial,Drip,199.33,19.47,427.41,6.97,21832.04,36143.0,2979.0477,65038688.54830801,84.56283194122739,12.132400565455868,0.0005557153873598558,152169.3188,Lower relative profit,Higher relative profit/ha
1094,Karnataka,Bengaluru,2015,Zaid,Maize,1944.12,20.9,76.8,Red,Drip,241.08,59.44,455.69,2.4,45227.87,13272.0,1093.656,49463731.39272,29.125063091136518,12.135442954640217,0.0002683178083478222,108546.88799999999,Lower relative profit,Lower relative profit/ha
1105,Karnataka,Mysuru,2015,Rabi,Maize,1810.97,36.5,72.8,Red,Tube Well,131.96,54.02,2876.18,1.27,29893.11,52028.0,3652.7486,109192015.702146,18.089271186087103,14.243520618966222,0.00047648172501844817,37964.2497,Lower relative profit,Lower relative profit/ha
1114,Karnataka,Mysuru,2015,Rabi,Sugarcane,561.95,36.3,40.1,Red,Drip,328.13,7.75,488.35,8.0,36014.34,42707.0,3906.8,140700823.512,87.45162281150813,10.931452851438516,0.00030353056175508195,288114.72,Lower relative profit,Higher relative profit/ha
1122,Karnataka,Hubli,2015,Kharif,Barley,1795.13,33.0,59.7,Laterite,Rain-fed,286.17,46.73,785.24,6.99,33007.12,51722.0,5488.8276000000005,181170391.25251204,65.86776017523304,9.423141655970392,0.00028548815091926805,230719.76880000005,Lower relative profit,Moderate relative profit/ha
1126,Karnataka,Hubli,2015,Rabi,Millets,1126.14,34.0,60.3,Laterite,Sprinkler,298.71,20.67,349.49,4.97,18534.78,21511.0,1736.9653,32194269.703134,61.549686686314345,12.384242794027031,0.0006681623841247121,92117.8566,Lower relative profit,Moderate relative profit/ha
1128,Karnataka,Hubli,2015,Kharif,Maize,1771.8,21.9,68.9,Laterite,Drip,160.3,17.11,315.67,1.29,19045.93,4961.0,407.21430000000004,7755775.052799,15.715779136439952,12.182774524372055,0.000639652383704658,24569.2497,Lower relative profit,Lower relative profit/ha
1135,Karnataka,Belagavi,2015,Kharif,Sugarcane,1129.57,35.0,50.8,Alluvial,Canal,294.23,14.07,880.04,3.59,31972.93,27893.0,3159.3435999999997,101013471.76874799,31.695150220444525,8.82873265193441,0.0002761314853513397,114782.81869999999,Lower relative profit,Lower relative profit/ha
1138,Karnataka,Belagavi,2015,Zaid,Millets,593.57,29.9,68.8,Sandy,Canal,260.43,50.75,1493.78,1.67,44126.89,26442.0,2494.6126,110079495.792814,17.70140181285062,10.599641804102168,0.00024020822233568166,73691.9063,Lower relative profit,Lower relative profit/ha
1142,Karnataka,Belagavi,2015,Rabi,Cotton,2087.39,22.2,61.0,Laterite,Drip,63.53,13.61,1038.29,1.68,13663.11,28835.000000000004,1744.3272,23832934.409592,27.77162449797263,16.530728867840853,0.0012098803909095992,22954.0248,Lower relative profit,Lower relative profit/ha
1145,Karnataka,Belagavi,2015,Kharif,Wheat,1787.55,30.6,74.1,Black,Rain-fed,370.08,25.52,113.41,4.72,55689.17,6965.000000000001,535.2951999999999,29810145.392983995,61.41433736002117,13.01151215254686,0.0002336452878099433,262852.88239999994,Lower relative profit,Moderate relative profit/ha
1154,Karnataka,Mangalore,2015,Rabi,Millets,1319.4,27.6,68.8,Alluvial,Sprinkler,364.2,24.59,550.95,2.49,54749.9,18456.0,1371.8655000000003,75109498.93845002,33.498502586441596,13.453213890137185,0.0002457212504522782,136327.25100000002,Lower relative profit,Lower relative profit/ha
1157,Karnataka,Mangalore,2015,Zaid,Millets,1097.1,30.9,46.0,Red,Tube Well,66.79,29.91,118.24,3.79,64346.11,7770.0,448.1296,28835396.535855997,65.71380243572395,17.338734151906056,0.0002694604872292367,243871.75689999998,Lower relative profit,Moderate relative profit/ha
1159,Karnataka,Mangalore,2015,Kharif,Wheat,1815.06,30.8,48.5,Red,Tube Well,264.83,28.41,290.8,1.98,61769.58,8434.0,575.784,35565935.85072,29.002751031636862,14.647854056382254,0.00023713701884296856,122303.7684,Lower relative profit,Lower relative profit/ha
1161,Karnataka,Mangalore,2015,Kharif,Rice,1965.11,36.6,68.2,Sandy,Drip,390.63,24.94,566.27,3.13,29690.61,29926.0,1772.4251,52624382.398311,52.84758154237378,16.884211355390985,0.000568671757009741,92931.6093,Lower relative profit,Moderate relative profit/ha
1163,Karnataka,Mangalore,2015,Kharif,Cotton,580.78,26.1,86.2,Sandy,Canal,174.76,53.29,555.54,3.63,51278.0,18893.0,2016.6101999999998,103407737.83559999,34.00835223386255,9.368692075444228,0.0001827039290815599,186139.13999999998,Lower relative profit,Lower relative profit/ha
1168,Karnataka,Mangalore,2015,Rabi,Maize,1866.0,29.6,88.2,Black,Drip,149.51,44.11,1231.19,3.02,14467.9,32430.0,3718.1938,53794456.07902,26.340369886045206,8.721976783458679,0.0006028502259110637,43693.058,Lower relative profit,Lower relative profit/ha
1169,Karnataka,Mangalore,2015,Zaid,Cotton,2126.92,29.5,70.9,Alluvial,Rain-fed,336.89,50.65,167.42,1.98,22935.67,3131.0,331.49159999999995,7602981.9453719985,18.701469358499583,9.44518654469676,0.000411812105105138,45412.626599999996,Lower relative profit,Lower relative profit/ha
1176,Tamil Nadu,Chennai,2015,Rabi,Wheat,989.28,31.8,65.5,Red,Sprinkler,277.18,5.08,1047.75,1.99,28235.92,32613.0,2085.0225,58872528.5082,31.12670007158196,15.641557824915559,0.0005539595601955084,56189.4808,Lower relative profit,Lower relative profit/ha
1179,Tamil Nadu,Chennai,2015,Zaid,Rice,584.71,37.8,65.2,Laterite,Canal,337.37,17.14,1151.22,3.91,13940.64,36537.0,4501.2702,62750587.400928,31.73763485693438,8.11704216289882,0.0005822574977116416,54507.9024,Lower relative profit,Lower relative profit/ha
1185,Tamil Nadu,Chennai,2015,Rabi,Wheat,708.48,18.7,44.6,Black,Drip,387.16,28.12,515.65,2.35,15880.29,14724.0,1211.7775,19243378.115475,28.554251915058664,12.150745495769645,0.0007651463226282168,37318.6815,Lower relative profit,Lower relative profit/ha
1187,Tamil Nadu,Chennai,2015,Kharif,Sugarcane,2116.51,26.5,68.6,Black,Tube Well,367.89,20.35,1375.12,2.76,50870.96,59654.99999999999,3795.3311999999996,193072141.661952,43.381668508930126,15.717995836568887,0.0003089777711403301,140403.84960000002,Lower relative profit,Moderate relative profit/ha
1190,Tamil Nadu,Coimbatore,2015,Kharif,Rice,834.69,29.0,53.7,Black,Drip,265.03,19.28,1727.17,2.19,21450.43,46439.0,3782.5023,81136300.810989,26.887335931031686,12.277322342936843,0.0005723578661563821,46976.4417,Lower relative profit,Lower relative profit/ha
1192,Tamil Nadu,Coimbatore,2015,Kharif,Wheat,1804.09,33.5,73.0,Alluvial,Drip,395.15,44.77,509.81,2.4,51336.5,17583.0,1223.5439999999999,62812466.555999994,34.489319550420745,14.370549812675312,0.000279928507254591,123207.59999999999,Lower relative profit,Lower relative profit/ha
1195,Tamil Nadu,Coimbatore,2015,Zaid,Rice,671.04,34.5,50.9,Alluvial,Canal,298.66,7.34,1959.28,1.49,35038.57,24121.0,2919.3271999999997,102289050.45010398,12.311155118206688,8.262520213561537,0.00023581214112224148,52207.46929999999,Lower relative profit,Lower relative profit/ha
1196,Tamil Nadu,Coimbatore,2015,Rabi,Cotton,1994.43,25.6,70.0,Black,Rain-fed,85.48,44.81,1447.89,2.29,32019.22,30602.0,3315.6681000000003,106165106.34088202,21.135583504271732,9.229512447280232,0.0002882491343411936,73324.0138,Lower relative profit,Lower relative profit/ha
1200,Tamil Nadu,Coimbatore,2015,Kharif,Millets,1297.21,36.6,63.4,Black,Tube Well,201.24,47.01,2688.77,1.67,26193.37,42876.0,4490.2459,117614672.249683,15.946324899489358,9.548697544604407,0.00036454635446314876,43742.927899999995,Lower relative profit,Lower relative profit/ha
1201,Tamil Nadu,Coimbatore,2015,Kharif,Cotton,1706.78,28.4,70.5,Red,Sprinkler,316.79,21.91,1558.17,1.35,58610.64,32741.000000000004,2103.5295,123289210.25388001,21.012469756188352,15.564792411991371,0.0002655625738260386,79124.364,Lower relative profit,Lower relative profit/ha
1203,Tamil Nadu,Coimbatore,2015,Zaid,Wheat,735.86,33.8,74.7,Alluvial,Tube Well,197.62,34.89,1016.08,2.6,57869.81,40400.0,2641.808,152880927.01648,39.76064876781356,15.29255721838983,0.0002642579475963344,150461.506,Lower relative profit,Moderate relative profit/ha
1207,Tamil Nadu,Madurai,2015,Kharif,Rice,562.1,32.2,60.0,Black,Tube Well,236.58,53.32,706.52,1.55,63706.28,11401.0,1095.106,69765129.46568,16.136839721451622,10.410864336420401,0.00016341974977067254,98744.73400000001,Lower relative profit,Lower relative profit/ha
1208,Tamil Nadu,Madurai,2015,Zaid,Sugarcane,642.47,30.9,90.0,Laterite,Rain-fed,65.68,27.37,270.31,1.76,16444.86,7373.999999999999,475.7456,7823569.7876160005,27.279789870888976,15.499880608459645,0.000942536489119375,28942.9536,Lower relative profit,Lower relative profit/ha
1209,Tamil Nadu,Madurai,2015,Kharif,Barley,571.55,37.2,82.2,Alluvial,Sprinkler,361.57,44.62,2669.92,1.26,60310.08,33934.0,3364.0992,202889091.879936,12.709744112183136,10.087098501732648,0.0001672539400002893,75990.7008,Lower relative profit,Lower relative profit/ha
1210,Tamil Nadu,Madurai,2015,Rabi,Rice,1002.26,26.3,65.2,Red,Rain-fed,385.04,33.81,164.29,6.23,29694.15,14706.0,1023.5267,30392755.358805,89.51244750136954,14.367969101343423,0.0004838653102157638,184994.55450000003,Lower relative profit,Higher relative profit/ha
1212,Tamil Nadu,Madurai,2015,Kharif,Rice,1855.32,35.4,70.2,Sandy,Drip,280.01,10.99,1531.99,2.89,40084.09,50604.0,4427.4511,177470348.362999,33.03154720331073,11.429601108412015,0.00028514059090307443,115843.0201,Lower relative profit,Lower relative profit/ha
1213,Tamil Nadu,Madurai,2015,Kharif,Barley,750.47,34.3,43.7,Alluvial,Rain-fed,136.23,38.11,824.62,2.95,26576.04,27676.0,2432.6290000000004,64649645.60916001,33.562125585118,11.37699172376881,0.0004280920605089701,78399.31800000001,Lower relative profit,Lower relative profit/ha
1217,Tamil Nadu,Madurai,2015,Zaid,Sugarcane,857.25,24.8,37.9,Black,Sprinkler,221.92,35.27,2237.58,1.99,45198.05,57229.99999999999,4452.7842,201257162.91081002,25.57673915569499,12.85263274155527,0.0002843625497461786,89944.11950000002,Lower relative profit,Lower relative profit/ha
1219,Tamil Nadu,Madurai,2015,Kharif,Sugarcane,1258.4,31.3,65.3,Alluvial,Rain-fed,407.49,12.51,325.99,2.91,31838.04,14456.0,948.6309000000001,30202548.539436005,44.34491855578392,15.238803627417154,0.0004786351052834016,92648.69640000002,Lower relative profit,Moderate relative profit/ha
1223,Tamil Nadu,Madurai,2015,Kharif,Cotton,1425.07,33.8,82.1,Laterite,Tube Well,431.32,53.98,630.94,7.33,54775.1,47313.0,4624.7902,253323345.68402,74.98811297429232,10.230301906451885,0.00018676920546839505,401501.483,Lower relative profit,Moderate relative profit/ha
1224,Tamil Nadu,Madurai,2015,Rabi,Wheat,1134.07,32.0,89.5,Black,Drip,239.19,26.89,676.81,6.78,63534.16,38111.0,4588.7717999999995,291543761.744688,56.309747196406676,8.305272447847592,0.00013072137017074896,430761.6048,Lower relative profit,Moderate relative profit/ha
1235,Tamil Nadu,Salem,2015,Kharif,Rice,1784.4,23.3,56.9,Red,Rain-fed,259.59,34.34,429.07,2.63,22741.32,11647.0,1128.4541,25662535.793411996,27.144754935092177,10.321199595092082,0.0004538522651759917,59809.671599999994,Lower relative profit,Lower relative profit/ha
1238,Tamil Nadu,Salem,2015,Kharif,Sugarcane,792.86,19.5,71.7,Laterite,Rain-fed,168.69,19.55,341.0,8.22,57821.57,31479.000000000004,2803.0200000000004,162075017.14140004,92.31378299120236,11.230387225207098,0.00019422487533989646,475293.3054000001,Lower relative profit,Higher relative profit/ha
1239,Tamil Nadu,Salem,2015,Kharif,Wheat,2151.54,19.9,50.1,Black,Tube Well,447.97,18.01,1103.96,3.03,17385.62,42495.0,3344.9988,58154878.037255995,38.49324250878655,12.704040431942756,0.0007307211610481972,52678.42859999999,Lower relative profit,Moderate relative profit/ha
1240,Tamil Nadu,Salem,2015,Kharif,Millets,1601.1,21.4,45.3,Alluvial,Drip,55.61,13.88,552.12,4.79,55493.65,35339.0,2644.6548000000003,146761547.84202,64.00601318553937,13.362424464621999,0.0002407919548384725,265814.5835,Lower relative profit,Moderate relative profit/ha
1242,Tamil Nadu,Salem,2015,Kharif,Sugarcane,1977.96,35.0,44.7,Laterite,Sprinkler,322.61,22.51,242.87,2.87,51764.38,12266.0,697.0369000000001,36081682.965622,50.504385061967305,17.597346711486864,0.00033995088343542155,148563.7706,Lower relative profit,Moderate relative profit/ha
1248,Tamil Nadu,Tiruchirappalli,2015,Zaid,Cotton,1567.07,24.0,68.3,Sandy,Sprinkler,388.45,38.54,2812.35,1.68,16452.75,54182.00000000001,4724.748,77735097.65699999,19.265738617170697,11.467701557839701,0.0006970081936356963,27640.62,Lower relative profit,Lower relative profit/ha
1250,Tamil Nadu,Tiruchirappalli,2015,Zaid,Maize,447.19,30.3,50.1,Laterite,Tube Well,362.1,57.99,411.06,5.78,63587.94,30766.000000000004,2375.9268,151080290.802792,74.84552133508491,12.949052134097734,0.00020364006341607756,367538.2932,Lower relative profit,Moderate relative profit/ha
1254,Tamil Nadu,Tiruchirappalli,2015,Zaid,Barley,1229.23,25.9,42.7,Sandy,Rain-fed,380.59,38.63,1009.88,3.0,62436.91,44945.0,3029.64,189161360.0124,44.50528775696122,14.835095918987076,0.00023760137903985117,187310.73,Lower relative profit,Moderate relative profit/ha
1255,Tamil Nadu,Tiruchirappalli,2015,Zaid,Barley,1894.56,22.4,86.7,Red,Drip,268.47,54.58,2905.71,1.95,33459.76,60102.0,5666.1345,189587500.49772,20.684101303984225,10.607231437940628,0.0003170145702760757,65246.532,Lower relative profit,Lower relative profit/ha
1257,Tamil Nadu,Tiruchirappalli,2015,Rabi,Pulses,584.0,35.2,86.7,Sandy,Rain-fed,92.48,44.08,1909.23,1.39,46228.5,35002.0,2653.8297,122682566.28644998,18.333045259083505,13.189241193585257,0.0002853054110253471,64257.61499999999,Lower relative profit,Lower relative profit/ha
1258,Tamil Nadu,Tiruchirappalli,2015,Zaid,Wheat,1497.79,33.1,77.5,Sandy,Canal,164.92,19.39,137.25,3.44,45028.56,7920.999999999999,472.14,21259784.3184,57.71220400728597,16.776803490490106,0.00037258139035514586,154898.2464,Lower relative profit,Moderate relative profit/ha
1259,Tamil Nadu,Tiruchirappalli,2015,Rabi,Rice,2044.98,30.0,44.1,Black,Tube Well,129.66,50.82,1734.71,2.92,54052.93,44880.0,5065.3532,273797181.94487596,25.871759544823053,8.860191624939404,0.00016391695371443146,157834.55559999996,Lower relative profit,Lower relative profit/ha
1260,Tamil Nadu,Tiruchirappalli,2015,Rabi,Cotton,558.77,23.9,40.9,Laterite,Sprinkler,381.04,16.13,1161.32,2.47,44827.11,29100.0,2868.4604,128584789.88144399,25.057692970068544,10.144814967639086,0.00022630981492313663,110722.9617,Lower relative profit,Lower relative profit/ha
1266,Rajasthan,Jaipur,2015,Kharif,Barley,2173.69,18.5,86.3,Alluvial,Drip,52.5,7.17,864.12,3.44,45875.75,41210.0,2972.5728,136369006.6296,47.690135629310745,13.863411520148473,0.0003021947656473948,157812.58,Lower relative profit,Moderate relative profit/ha
1267,Rajasthan,Jaipur,2015,Zaid,Maize,1556.77,34.5,89.5,Black,Tube Well,96.29,22.93,1655.15,2.72,29170.76,57650.0,4502.008000000001,131326994.88608001,34.830679998791645,12.805397058379281,0.00043898057707030197,79344.4672,Lower relative profit,Lower relative profit/ha
1273,Rajasthan,Jaipur,2015,Zaid,Pulses,1411.67,23.3,42.5,Laterite,Tube Well,111.9,36.42,260.2,2.24,16782.41,9423.0,582.8480000000001,9781594.103680002,36.21445042275173,16.167165367299877,0.000963339911687289,37592.59840000001,Lower relative profit,Lower relative profit/ha
1274,Rajasthan,Jaipur,2015,Kharif,Sugarcane,1713.2,25.8,65.2,Laterite,Drip,122.66,29.17,692.56,4.62,15356.06,47594.0,3199.6272,49133667.260832,68.7218435947788,14.874857920947791,0.0009686637015580684,70944.9972,Lower relative profit,Moderate relative profit/ha
1285,Rajasthan,Jodhpur,2015,Kharif,Sugarcane,502.04,34.5,85.1,Black,Tube Well,280.62,59.57,504.97,6.21,38492.86,44175.0,3135.8637000000003,120708362.38318202,87.48044438283462,14.087028080971757,0.0003659647030896576,239040.66060000003,Lower relative profit,Higher relative profit/ha
1287,Rajasthan,Jodhpur,2015,Zaid,Rice,608.68,25.7,40.7,Sandy,Tube Well,415.31,7.3,3125.79,1.43,19207.3,51088.0,4469.8796999999995,85854320.36180998,16.34402822966354,11.429390370394087,0.0005950545037769018,27466.438999999995,Lower relative profit,Lower relative profit/ha
1292,Rajasthan,Jodhpur,2015,Rabi,Pulses,1097.26,33.3,42.2,Alluvial,Tube Well,388.54,19.26,467.25,6.62,20277.04,29102.0,3093.195,62720838.742800005,62.28357410379882,9.408394879727918,0.0004639925196048298,134234.00480000002,Lower relative profit,Moderate relative profit/ha
1294,Rajasthan,Jodhpur,2015,Zaid,Wheat,1142.21,20.6,82.3,Alluvial,Drip,262.42,56.98,624.49,3.53,62504.47,21132.0,2204.4497,137787960.140159,33.838812470976315,9.586065855800657,0.00015336608495041483,220640.7791,Lower relative profit,Lower relative profit/ha
1297,Rajasthan,Udaipur,2015,Rabi,Barley,404.92,18.9,38.3,Sandy,Drip,97.4,48.1,700.92,2.71,54723.13,29189.0,1899.4932,103946213.31771599,41.64383952519546,15.366730452101645,0.0002808086900749582,148299.6823,Lower relative profit,Moderate relative profit/ha
1298,Rajasthan,Udaipur,2015,Rabi,Rice,1208.79,23.5,86.9,Laterite,Canal,245.59,28.31,308.85,1.3,17163.7,6130.0,401.50500000000005,6891311.368500001,19.847822567589443,15.267555821222647,0.0008895259076552636,22312.81,Lower relative profit,Lower relative profit/ha
1299,Rajasthan,Udaipur,2015,Kharif,Maize,1466.95,35.4,40.9,Laterite,Drip,187.09,8.34,513.73,4.91,33655.1,22744.0,2522.4143000000004,84892105.50793001,44.27228310591166,9.016758270043107,0.00026791654964754546,165246.54100000003,Lower relative profit,Moderate relative profit/ha
1300,Rajasthan,Udaipur,2015,Zaid,Pulses,543.47,19.0,82.9,Black,Canal,194.45,34.19,1450.18,3.39,54454.41,47931.0,4916.1102,267703880.43598202,33.05175909197479,9.74978144306041,0.0001790448458271866,184600.4499,Lower relative profit,Lower relative profit/ha
1303,Rajasthan,Udaipur,2015,Rabi,Maize,542.08,29.7,63.9,Alluvial,Rain-fed,382.28,43.47,2427.52,1.43,63930.61,41760.0,3471.3536,221925753.173696,17.202741892960717,12.029889435636866,0.00018817104100268814,91420.77230000001,Lower relative profit,Lower relative profit/ha
1310,Rajasthan,Udaipur,2015,Kharif,Sugarcane,1241.08,28.3,80.1,Red,Canal,266.22,14.43,536.21,1.6,20393.0,12572.0,857.9360000000001,17495888.848000005,23.446037932899422,14.653773708062138,0.0007185688083196261,32628.800000000007,Lower relative profit,Lower relative profit/ha
1322,Rajasthan,Kota,2015,Kharif,Millets,672.41,37.8,64.0,Sandy,Drip,290.78,8.75,208.07,7.28,16726.64,13237.0,1514.7496,25336671.249344002,63.61801316864517,8.738738072616094,0.0005224443207133109,121769.93920000002,Lower relative profit,Moderate relative profit/ha
1323,Rajasthan,Kota,2015,Rabi,Pulses,1590.13,37.7,70.2,Alluvial,Rain-fed,115.3,50.14,1102.4,4.17,24330.39,58616.99999999999,4597.008000000001,111846997.47312002,53.17216981132074,12.751119858829913,0.0005240820167218822,101457.72630000001,Lower relative profit,Moderate relative profit/ha
1329,Rajasthan,Kota,2015,Zaid,Rice,989.19,29.8,88.8,Laterite,Rain-fed,371.43,7.71,708.17,2.18,43752.73,15138.0,1543.8106,67545928.35293801,21.37622322323736,9.805606983136403,0.00022411417489003318,95380.95140000002,Lower relative profit,Lower relative profit/ha
1330,Rajasthan,Kota,2015,Zaid,Sugarcane,1654.58,25.6,73.2,Sandy,Tube Well,190.5,8.87,485.17,6.18,15278.96,48949.0,2998.3505999999998,45811678.883375995,100.89040954716903,16.325308988215056,0.0010684829980715346,94423.97279999999,Lower relative profit,Higher relative profit/ha
1335,Rajasthan,Ajmer,2015,Kharif,Barley,1809.9,35.1,45.1,Alluvial,Canal,217.49,43.53,365.54,4.09,29702.11,21054.0,1495.0586,44406394.993646,57.59697981069103,14.082391151758198,0.0004741209008975523,121481.6299,Lower relative profit,Moderate relative profit/ha
1339,Rajasthan,Ajmer,2015,Rabi,Rice,711.2,29.9,86.8,Red,Drip,227.64,48.21,166.74,7.05,35644.11,21091.0,1175.517,41900257.254870005,126.49034424853063,17.94189280121002,0.0005033620646218974,251290.97550000003,Lower relative profit,Higher relative profit/ha
1348,Rajasthan,Ajmer,2015,Zaid,Barley,1021.61,21.4,49.0,Red,Canal,416.72,57.55,1382.1,4.32,55770.15,60320.00000000001,5970.672,332985273.0408,43.64373055495262,10.102715406239032,0.00018114915248101417,240927.048,Lower relative profit,Moderate relative profit/ha
1351,West Bengal,Kolkata,2015,Kharif,Wheat,950.94,37.7,61.5,Alluvial,Canal,331.23,51.06,612.81,7.33,48094.26,47335.0,4491.8973,216034476.639498,77.24253847032523,10.537863365665107,0.0002191085457113823,352530.9258,Lower relative profit,Moderate relative profit/ha
1352,West Bengal,Kolkata,2015,Kharif,Barley,1678.85,21.5,42.3,Black,Canal,131.49,35.62,1209.28,4.48,39637.56,56249.0,5417.5744,214739430.334464,46.51445488224398,10.38269082192946,0.0002619407153702059,177576.26880000002,Lower relative profit,Moderate relative profit/ha
1354,West Bengal,Kolkata,2015,Kharif,Maize,618.03,34.3,35.8,Alluvial,Canal,142.01,53.89,179.76,6.25,32454.81,13863.999999999998,1123.5,36462979.035000004,77.12505562972852,12.340008900756562,0.0003802212646062806,202842.56250000003,Lower relative profit,Moderate relative profit/ha
1355,West Bengal,Kolkata,2015,Zaid,Millets,1686.76,20.4,65.1,Red,Rain-fed,377.13,15.41,1980.21,1.88,15270.73,56754.0,3722.7947999999997,56849794.23620399,28.660596603390548,15.244998193292847,0.0009983149589635105,28708.972399999995,Lower relative profit,Lower relative profit/ha
1359,West Bengal,Kolkata,2015,Kharif,Cotton,565.65,18.3,70.6,Red,Canal,416.46,21.45,524.05,1.86,56558.34,17478.0,974.733,55129280.42321999,33.35177941036161,17.931064199119145,0.00031703660678724207,105198.51239999999,Lower relative profit,Lower relative profit/ha
1366,West Bengal,Kolkata,2015,Zaid,Maize,904.6,30.2,67.6,Alluvial,Tube Well,425.99,28.97,967.43,2.23,61980.33,24470.0,2157.3689,133714436.353737,25.29381970788584,11.342520048379301,0.0001830019305863538,138216.1359,Lower relative profit,Lower relative profit/ha
1367,West Bengal,Kolkata,2015,Rabi,Wheat,1860.09,35.6,85.2,Red,Tube Well,155.73,45.23,1405.37,2.16,55635.3,34807.0,3035.5992,168886472.17176002,24.76714317226069,11.466269987157725,0.00020609702809471186,120172.24800000002,Lower relative profit,Lower relative profit/ha
1373,West Bengal,Howrah,2015,Rabi,Pulses,809.34,34.3,78.7,Alluvial,Canal,71.3,36.32,1078.09,1.44,15756.65,19098.0,1552.4496,24461404.989839997,17.714662041202498,12.301848639723957,0.000780740109079275,22689.575999999997,Lower relative profit,Lower relative profit/ha
1381,West Bengal,Howrah,2015,Kharif,Maize,1712.54,18.2,36.9,Sandy,Canal,424.77,54.63,1690.31,1.51,45334.04,28318.0,2552.3681,115709157.54012401,16.753139956576014,11.094794673229147,0.00024473430281592254,68454.40040000001,Lower relative profit,Lower relative profit/ha
1382,West Bengal,Howrah,2015,Rabi,Sugarcane,579.51,19.7,40.5,Laterite,Tube Well,361.56,56.78,564.3,8.4,13012.12,53494.00000000001,4740.12,61679010.2544,94.79709374446219,11.285368302912165,0.000867296666716274,109301.808,Lower relative profit,Higher relative profit/ha
1386,West Bengal,Howrah,2015,Rabi,Wheat,1188.51,18.9,80.9,Sandy,Rain-fed,89.96,29.36,1037.19,2.14,43532.9,18856.0,2219.5866,96625041.49914001,18.179889894811943,8.495275651781283,0.00019514609988724118,93160.406,Lower relative profit,Lower relative profit/ha
1393,West Bengal,Darjeeling,2015,Rabi,Sugarcane,689.22,25.0,35.6,Sandy,Rain-fed,247.29,59.2,1634.21,2.15,32731.64,38153.0,3513.5515,115004302.81946,23.34644874281763,10.858813368752386,0.00033175280458762183,70373.026,Lower relative profit,Lower relative profit/ha
1394,West Bengal,Darjeeling,2015,Kharif,Maize,1447.8,30.6,71.4,Alluvial,Sprinkler,279.07,47.85,1172.29,2.82,29544.59,29596.0,3305.8577999999998,97670213.299302,25.246312772436855,8.952593181715198,0.0003030197129733463,83315.7438,Lower relative profit,Lower relative profit/ha
1396,West Bengal,Darjeeling,2015,Rabi,Maize,1995.52,20.3,56.1,Red,Sprinkler,227.63,48.7,3119.7,1.25,59508.39,44242.0,3899.625,232060405.35375,14.181491810109947,11.345193448087958,0.00019064863707601496,74385.4875,Lower relative profit,Lower relative profit/ha
1400,West Bengal,Darjeeling,2015,Kharif,Pulses,2032.43,28.5,41.8,Sandy,Tube Well,279.14,31.89,120.95,3.87,17006.56,4243.0,468.0765,7960371.081840001,35.08061182306738,9.064757577019995,0.0005330153527238898,65815.38720000001,Lower relative profit,Lower relative profit/ha
1403,West Bengal,Darjeeling,2015,Rabi,Millets,2018.59,34.1,50.2,Black,Canal,434.58,22.1,361.76,1.9,39237.42,6654.000000000001,687.3439999999999,26969605.212479997,18.39340999557718,9.680742102935358,0.0002467221877211947,74551.098,Lower relative profit,Lower relative profit/ha
1410,West Bengal,Siliguri,2015,Zaid,Cotton,1080.62,30.2,82.3,Sandy,Rain-fed,113.65,46.2,2701.34,2.07,53613.38,59478.0,5591.7738,299793893.613444,22.017961456166198,10.636696355635845,0.00019839630248336975,110979.69659999998,Lower relative profit,Lower relative profit/ha
1413,West Bengal,Siliguri,2015,Rabi,Pulses,508.8,29.6,77.8,Sandy,Drip,363.29,21.53,277.27,8.25,32750.36,22791.0,2287.4775,74915711.6169,82.19785768384608,9.963376688951039,0.0003042218982921421,270190.47000000003,Lower relative profit,Moderate relative profit/ha
1423,West Bengal,Malda,2015,Rabi,Sugarcane,424.38,35.4,50.2,Alluvial,Rain-fed,145.84,47.73,2983.66,2.07,21624.41,56978.0,6176.176199999999,133556166.38104197,19.096679916612484,9.225449235078496,0.00042662200888156,44762.528699999995,Lower relative profit,Lower relative profit/ha
1424,West Bengal,Malda,2015,Zaid,Sugarcane,846.06,35.9,86.8,Laterite,Drip,376.63,21.55,1652.0,3.46,50074.9,48919.0,5715.92,286224122.408,29.611985472154963,8.55837730409103,0.00017091152062392596,173259.154,Lower relative profit,Lower relative profit/ha
1426,West Bengal,Malda,2015,Kharif,Rice,1063.05,29.0,40.1,Laterite,Sprinkler,423.01,20.45,866.45,3.85,63381.43,36006.0,3335.8325000000004,211429834.09047502,41.555773558774305,10.793707417863455,0.00017029763162275537,244018.5055,Lower relative profit,Moderate relative profit/ha
1435,West Bengal,Malda,2015,Kharif,Maize,807.95,26.5,62.9,Laterite,Sprinkler,438.8,30.82,549.03,1.56,63734.53,7242.0,856.4868,54587783.649204,13.190536036282172,8.455471818129595,0.00013266704591890135,99425.8668,Lower relative profit,Lower relative profit/ha
1436,West Bengal,Malda,2015,Kharif,Millets,1818.24,20.4,62.8,Red,Sprinkler,113.36,51.94,1967.55,1.92,38043.79,36114.0,3777.696,143717873.30784,18.354806739345886,9.55979517674265,0.00025128398555303375,73044.0768,Lower relative profit,Lower relative profit/ha
1443,Uttarakhand,Dehradun,2016,Zaid,Millets,1582.33,25.7,52.3,Alluvial,Rain-fed,160.74,31.19,1871.51,3.04,15854.24,55430.99999999999,5689.3904,90200960.855296,29.618329584132596,9.742871573727827,0.0006145278218147213,48196.8896,Lower relative profit,Lower relative profit/ha
1449,Uttarakhand,Dehradun,2016,Rabi,Cotton,765.43,30.1,69.6,Black,Drip,202.89,21.98,251.3,4.94,50429.3,17110.0,1241.4220000000003,62604042.46460002,68.08595304417031,13.782581587888725,0.00027330503472958623,249120.74200000006,Lower relative profit,Moderate relative profit/ha
1460,Uttarakhand,Haridwar,2016,Rabi,Sugarcane,683.85,37.3,89.9,Red,Rain-fed,354.1,29.5,399.9,2.47,57602.33,15426.0,987.753,56896874.26449,38.57464366091523,15.61726464004665,0.0002711220994019973,142277.7551,Lower relative profit,Moderate relative profit/ha
1462,Uttarakhand,Haridwar,2016,Kharif,Barley,1926.86,25.6,38.5,Black,Canal,339.41,17.29,367.58,1.4,59553.66,8618.0,514.612,30647028.07992,23.44523641112139,16.74659743651528,0.00028120181759635387,83375.12400000001,Lower relative profit,Lower relative profit/ha
1466,Uttarakhand,Haridwar,2016,Zaid,Sugarcane,750.83,27.2,45.1,Laterite,Sprinkler,212.63,41.08,191.71,2.89,35890.4,7643.000000000001,554.0419,19884785.40776,39.86750821553388,13.794985541707225,0.00038436421833435195,103723.25600000001,Lower relative profit,Moderate relative profit/ha
1468,Uttarakhand,Haridwar,2016,Rabi,Millets,1188.68,23.7,60.6,Alluvial,Drip,125.33,7.06,1118.41,3.53,20223.79,52766.99999999999,3947.9873000000002,79843266.077867,47.18037213544227,13.365544514289596,0.000660882283404327,71389.97869999999,Lower relative profit,Moderate relative profit/ha
1472,Uttarakhand,Haridwar,2016,Kharif,Pulses,1751.63,24.3,84.4,Sandy,Sprinkler,72.67,20.29,1913.96,1.61,61902.79,29984.0,3081.4756,190751936.95692402,15.665949131643295,9.730403187356083,0.00015718844315992998,99663.49190000001,Lower relative profit,Lower relative profit/ha
1478,Uttarakhand,Nainital,2016,Rabi,Millets,848.39,21.8,66.5,Sandy,Canal,426.2,48.69,588.68,1.82,63904.3,9849.0,1071.3976,68466913.64968,16.73065162736971,9.192665729324016,0.0001438505034766677,116305.82600000002,Lower relative profit,Lower relative profit/ha
1479,Uttarakhand,Nainital,2016,Kharif,Sugarcane,1654.4,37.7,65.4,Laterite,Rain-fed,372.94,45.85,344.98,7.89,63727.89,23788.0,2721.8922000000002,173460446.713458,68.9547220128703,8.739508493392941,0.0001371378919558288,502813.0521,Lower relative profit,Moderate relative profit/ha
1486,Uttarakhand,Nainital,2016,Zaid,Millets,974.03,21.4,85.2,Black,Canal,276.9,5.96,494.71,4.12,40765.06,19195.0,2038.2051999999999,83087557.270312,38.80050938933921,9.417599366344469,0.0002310213542269892,167952.0472,Lower relative profit,Moderate relative profit/ha
1498,Uttarakhand,Almora,2016,Kharif,Pulses,748.11,25.9,83.0,Sandy,Canal,51.54,39.75,1700.52,2.51,24946.4,56745.00000000001,4268.3052,106478848.84128,33.36920471385224,13.294503870060653,0.000532922741159472,62615.464,Lower relative profit,Lower relative profit/ha
1508,Uttarakhand,Almora,2016,Rabi,Sugarcane,1484.22,31.4,69.6,Laterite,Drip,53.61,29.44,1559.52,2.2,57667.62,28219.0,3430.9440000000004,197854374.83328003,18.094670154919463,8.224850070417936,0.0001426251000200448,126868.76400000002,Lower relative profit,Lower relative profit/ha
1509,Uttarakhand,Almora,2016,Rabi,Barley,1161.49,37.8,51.7,Red,Tube Well,355.79,36.58,2042.15,1.36,12203.9,43933.0,2777.3240000000005,33894184.36360001,21.513111181842664,15.818464104296075,0.0012961810654213877,16597.304000000004,Lower relative profit,Lower relative profit/ha
1513,Uttarakhand,Pauri,2016,Rabi,Maize,2130.12,18.8,57.0,Sandy,Canal,271.15,54.6,188.58,5.17,26339.66,15927.000000000002,974.9586,25680078.038076002,84.4575246579701,16.336078270400407,0.0006202083956436949,136176.0422,Lower relative profit,Higher relative profit/ha
1514,Uttarakhand,Pauri,2016,Kharif,Sugarcane,400.98,35.5,66.5,Sandy,Sprinkler,125.98,41.61,301.63,4.72,47338.14,19090.0,1423.6935999999998,67395006.95390399,63.289460597420685,13.408784024877264,0.0002832554051527429,223436.02079999997,Lower relative profit,Moderate relative profit/ha
1518,Uttarakhand,Pauri,2016,Zaid,Wheat,1576.53,28.6,43.9,Alluvial,Canal,401.27,49.2,253.03,5.81,22814.38,17235.0,1470.1043,33539518.139834,68.11445283168004,11.723657974471607,0.0005138714255864769,132551.5478,Lower relative profit,Moderate relative profit/ha
1523,Uttarakhand,Pauri,2016,Kharif,Pulses,410.99,34.6,88.3,Alluvial,Drip,164.99,45.08,1168.99,2.41,55931.67,47879.0,2817.2659000000003,157574386.621053,40.95757876457455,16.994845960404376,0.00030385014358420506,134795.3247,Lower relative profit,Moderate relative profit/ha
1539,Uttar Pradesh,Lucknow,2016,Zaid,Sugarcane,1165.82,33.2,43.8,Sandy,Rain-fed,447.97,59.01,613.57,2.53,23534.8,12879.0,1552.3321,36533825.50708,20.99027005883599,8.296549430369957,0.000352522623110031,59543.044,Lower relative profit,Lower relative profit/ha
1544,Uttar Pradesh,Lucknow,2016,Kharif,Wheat,1642.15,24.6,64.4,Laterite,Drip,90.43,32.63,702.78,3.27,15232.82,21502.0,2298.0906,35006400.453492,30.595634480207178,9.356463143794244,0.0006142305327440516,49811.3214,Lower relative profit,Lower relative profit/ha
1549,Uttar Pradesh,Kanpur,2016,Zaid,Barley,2194.18,31.0,57.5,Laterite,Canal,187.25,18.72,967.74,1.8,54783.61,18402.0,1741.932,95429323.33452,19.015438030876062,10.56413223937559,0.00019283380995475819,98610.49799999999,Lower relative profit,Lower relative profit/ha
1551,Uttar Pradesh,Kanpur,2016,Rabi,Wheat,2155.56,37.3,37.1,Black,Tube Well,317.71,35.08,763.31,8.35,12438.45,60085.0,6373.638499999999,79278183.80032499,78.71637997668051,9.427111374452757,0.0007579008135622008,103861.0575,Lower relative profit,Moderate relative profit/ha
1554,Uttar Pradesh,Kanpur,2016,Zaid,Maize,1310.18,33.3,50.3,Black,Rain-fed,295.47,29.99,1421.15,3.54,62928.57,45876.0,5030.871,316585517.88447,32.280899271716564,9.118898099354963,0.0001449087131545332,222767.13779999997,Lower relative profit,Lower relative profit/ha
1557,Uttar Pradesh,Kanpur,2016,Rabi,Sugarcane,786.01,23.7,61.1,Black,Sprinkler,55.57,18.81,1239.49,1.26,12660.19,26755.0,1561.7574,19772145.417906,21.585490806702758,17.131341910081552,0.0013531662565950079,15951.8394,Lower relative profit,Lower relative profit/ha
1558,Uttar Pradesh,Kanpur,2016,Kharif,Barley,2144.78,21.7,42.0,Black,Canal,103.3,19.55,917.61,1.49,25884.2,19896.0,1367.2389,35389885.13538,21.682414097492398,14.551955770129126,0.0005621945345086627,38567.458,Lower relative profit,Lower relative profit/ha
1559,Uttar Pradesh,Kanpur,2016,Zaid,Wheat,1703.49,25.1,60.4,Red,Canal,52.93,46.69,424.8,1.61,48577.49,10187.0,683.9280000000001,33223505.580720004,23.98069679849341,14.89484273198348,0.0003066202624298514,78209.7589,Lower relative profit,Lower relative profit/ha
1560,Uttar Pradesh,Kanpur,2016,Zaid,Sugarcane,687.21,25.4,77.9,Black,Drip,386.08,40.38,391.54,4.72,44654.66,16610.0,1848.0688,82524883.92060801,42.42223016805435,8.987760628825074,0.00020127262482404014,210769.99520000003,Lower relative profit,Moderate relative profit/ha
1563,Uttar Pradesh,Kanpur,2016,Zaid,Wheat,463.8,24.1,63.9,Black,Canal,89.69,25.98,346.28,1.29,40946.23,5578.0,446.7012,18290730.076476,16.108351622964076,12.4870942813675,0.0003049632232654264,52820.6367,Lower relative profit,Lower relative profit/ha
1566,Uttar Pradesh,Kanpur,2016,Zaid,Millets,561.06,33.1,36.9,Laterite,Canal,230.59,13.81,634.87,5.15,32175.76,27506.0,3269.5805,105201237.46868,43.32540520106478,8.412700039041706,0.00026146080276088916,165705.164,Lower relative profit,Moderate relative profit/ha
1569,Uttar Pradesh,Varanasi,2016,Zaid,Maize,730.6,20.9,70.6,Alluvial,Sprinkler,56.16,23.83,1151.9,5.49,52032.43,59566.0,6323.9310000000005,329049497.08233005,51.71108603177359,9.41914135369282,0.00018102443713839274,285658.0407,Lower relative profit,Moderate relative profit/ha
1571,Uttar Pradesh,Varanasi,2016,Rabi,Sugarcane,2061.31,27.4,39.3,Red,Sprinkler,236.25,50.01,3628.98,1.38,63445.75,46771.0,5007.9924,317735833.8123,12.888194478889385,9.339271361514047,0.00014720089779873428,87555.13500000001,Lower relative profit,Lower relative profit/ha
1575,Uttar Pradesh,Varanasi,2016,Kharif,Wheat,1283.25,30.4,66.2,Laterite,Sprinkler,84.3,21.54,346.72,5.37,50483.28,24746.0,1861.8864,93994132.459392,71.37171204430088,13.290821609739455,0.00026327175274149097,271095.21359999996,Lower relative profit,Moderate relative profit/ha
1578,Uttar Pradesh,Varanasi,2016,Zaid,Pulses,2024.79,18.0,46.4,Laterite,Tube Well,137.12,8.35,189.05,4.99,25179.34,10299.0,943.3595000000001,23753169.592730004,54.47765141496958,10.917365013019955,0.0004335842406123415,125644.90660000002,Lower relative profit,Moderate relative profit/ha
1584,Uttar Pradesh,Varanasi,2016,Rabi,Wheat,740.4,23.2,81.6,Laterite,Sprinkler,54.82,24.97,1687.32,2.95,33882.27,41313.0,4977.594,168652183.85838,24.48438944598535,8.299793032537407,0.0002449597690041844,99952.69649999999,Lower relative profit,Lower relative profit/ha
1591,Uttar Pradesh,Agra,2016,Kharif,Maize,1422.04,37.8,69.5,Laterite,Tube Well,77.46,9.93,243.89,7.8,62164.71,28827.0,1902.3419999999999,118258538.75082,118.1967280331297,15.153426670914063,0.0002437625249263459,484884.738,Lower relative profit,Higher relative profit/ha
1593,Uttar Pradesh,Agra,2016,Zaid,Millets,1154.13,22.4,69.9,Black,Rain-fed,203.13,58.15,624.65,1.84,24539.68,13401.0,1149.356,28204828.44608,21.45361402385336,11.659572839050737,0.0004751314132478801,45153.0112,Lower relative profit,Lower relative profit/ha
1597,Uttar Pradesh,Agra,2016,Rabi,Maize,1440.73,30.8,54.9,Black,Drip,64.6,58.62,633.38,4.92,38531.72,39993.0,3116.2296,120073686.402912,63.14218952287726,12.833778358308386,0.00033307047695530813,189576.06240000002,Lower relative profit,Moderate relative profit/ha
1600,Uttar Pradesh,Agra,2016,Rabi,Rice,1607.05,30.2,77.6,Black,Rain-fed,268.68,9.42,819.08,3.02,57430.25,30402.0,2473.6216,142060706.89339998,37.11725350393124,12.290481292692464,0.00021400710066023506,173439.35499999998,Lower relative profit,Moderate relative profit/ha
1603,Uttar Pradesh,Meerut,2016,Zaid,Wheat,613.23,26.0,52.1,Sandy,Tube Well,347.59,34.03,120.54,8.11,38323.58,8803.0,977.5794,37464342.342252,73.02969968475195,9.00489515225055,0.00023497009288408203,310804.2338,Lower relative profit,Moderate relative profit/ha
1611,Uttar Pradesh,Meerut,2016,Rabi,Wheat,1612.73,32.3,55.1,Black,Drip,190.76,52.69,2552.46,1.31,46520.59,49124.0,3343.7226,155551948.148334,19.24574723991757,14.691410106807306,0.00031580446651272704,60941.9729,Lower relative profit,Lower relative profit/ha
1612,Uttar Pradesh,Meerut,2016,Zaid,Sugarcane,1977.41,37.3,43.9,Red,Tube Well,379.7,26.49,286.45,8.45,43930.64,37843.0,2420.5024999999996,106334223.94659998,132.11031593646362,15.634356915557825,0.0003558873013358746,371213.90799999994,Lower relative profit,Higher relative profit/ha
1613,Uttar Pradesh,Meerut,2016,Rabi,Cotton,1117.14,27.4,56.4,Black,Canal,226.99,42.55,424.84,5.72,18274.89,33488.0,2430.0847999999996,44409532.410671994,78.8249694002448,13.780589055986855,0.0007540723394771106,104532.37079999999,Lower relative profit,Moderate relative profit/ha
1614,Uttar Pradesh,Meerut,2016,Kharif,Pulses,498.85,20.3,57.4,Sandy,Rain-fed,169.28,12.99,456.23,4.71,12511.25,21437.0,2148.8433,26884715.737125,46.98726519518664,9.976064797279541,0.000797367552984677,58927.9875,Lower relative profit,Moderate relative profit/ha
1615,Uttar Pradesh,Meerut,2016,Kharif,Maize,907.72,22.2,76.1,Black,Canal,95.0,34.6,1188.44,2.2,40716.95,28573.0,2614.568,106457234.5276,24.042442193127123,10.928382815057782,0.0002683988563745021,89577.29,Lower relative profit,Lower relative profit/ha
1616,Uttar Pradesh,Meerut,2016,Kharif,Wheat,942.57,20.1,58.4,Laterite,Tube Well,373.75,9.1,175.8,7.46,14483.09,11815.0,1311.468,18994109.07612,67.2070534698521,9.008988400784464,0.0006220349663493401,108043.8514,Lower relative profit,Moderate relative profit/ha
1622,Punjab,Ludhiana,2016,Zaid,Pulses,516.38,20.0,60.3,Black,Tube Well,74.46,32.5,700.26,4.01,25969.45,40782.0,2808.0425999999998,72923321.89857,58.23836860594636,14.52328394163251,0.0005592449567331041,104137.4945,Lower relative profit,Moderate relative profit/ha
1628,Punjab,Ludhiana,2016,Rabi,Cotton,410.85,33.8,72.8,Sandy,Tube Well,427.44,38.22,809.47,2.66,34160.36,19030.0,2153.1902,73553752.380472,23.509209729823215,8.838048770610232,0.00025872235452466637,90866.5576,Lower relative profit,Lower relative profit/ha
1629,Punjab,Ludhiana,2016,Rabi,Barley,2112.78,33.5,52.3,Laterite,Rain-fed,322.72,45.58,2116.32,1.62,37105.57,47840.0,3428.4384000000005,127214161.04188801,22.605277084750888,13.953874743673387,0.00037605876270525927,60111.0234,Lower relative profit,Lower relative profit/ha
1636,Punjab,Ludhiana,2016,Rabi,Barley,1903.24,21.7,85.4,Laterite,Drip,200.69,17.31,654.35,7.1,20475.21,50112.0,4645.885,95125471.01085,76.5828684954535,10.7863195064019,0.0005267989684306975,145373.99099999998,Lower relative profit,Moderate relative profit/ha
1637,Punjab,Ludhiana,2016,Zaid,Wheat,1371.88,37.2,36.8,Red,Canal,209.08,56.13,1374.54,2.34,30539.08,49164.0,3216.4235999999996,98226617.634288,35.76760225238989,15.28530010785893,0.0005005160636096087,71461.4472,Lower relative profit,Lower relative profit/ha
1641,Punjab,Amritsar,2016,Kharif,Barley,1746.73,37.9,76.4,Sandy,Canal,388.6,6.19,318.51,1.27,49888.03,3654.0,404.5077,20180092.272831,11.472167278892343,9.033202581804995,0.0001810695387612017,63357.7981,Lower relative profit,Lower relative profit/ha
1643,Punjab,Amritsar,2016,Zaid,Maize,2017.75,25.0,45.6,Red,Rain-fed,132.52,5.36,922.09,3.81,14159.06,56547.0,3513.1629000000003,49743084.290874004,61.324816449587345,16.095752348973058,0.0011367811386471317,53946.0186,Lower relative profit,Moderate relative profit/ha
1653,Punjab,Amritsar,2016,Kharif,Millets,1547.88,23.2,68.3,Red,Rain-fed,100.74,43.08,1331.49,2.16,63449.63,37438.0,2876.0184000000004,182482303.35319203,28.117372267159347,13.017301975536734,0.0002051596199305927,137051.20080000002,Lower relative profit,Lower relative profit/ha
1658,Punjab,Patiala,2016,Zaid,Rice,1814.32,25.8,65.5,Laterite,Drip,119.05,52.83,142.25,1.98,21717.6,4307.0,281.655,6116870.627999999,30.27768014059754,15.291757646766436,0.0007041182104268629,43000.84799999999,Lower relative profit,Lower relative profit/ha
1660,Punjab,Patiala,2016,Rabi,Cotton,1425.52,21.5,35.6,Laterite,Canal,55.38,43.62,2145.78,2.44,48762.08,43967.0,5235.7032,255303778.294656,20.489984993801787,8.397534833525324,0.000172214450932473,118979.47519999999,Lower relative profit,Lower relative profit/ha
1663,Punjab,Patiala,2016,Rabi,Sugarcane,1088.18,18.1,37.6,Alluvial,Tube Well,436.04,56.25,803.47,4.75,13975.41,45797.0,3816.4825,53336907.695325,56.99901676478275,11.999793003112158,0.0008586362048134659,66383.1975,Lower relative profit,Moderate relative profit/ha
1666,Punjab,Patiala,2016,Zaid,Cotton,909.61,19.9,58.9,Black,Tube Well,104.89,16.0,585.79,3.75,59696.19,23894.0,2196.7124999999996,131135366.77537498,40.789361375236865,10.877163033396497,0.00018220866412741748,223860.71249999997,Lower relative profit,Moderate relative profit/ha
1672,Punjab,Patiala,2016,Zaid,Pulses,808.85,35.5,69.4,Sandy,Canal,175.18,45.81,1412.79,1.87,50483.99,27329.000000000004,2641.9173,133374526.55402699,19.343993091683835,10.344381332451247,0.00020490419502205054,94405.0613,Lower relative profit,Lower relative profit/ha
1676,Punjab,Jalandhar,2016,Rabi,Wheat,2089.09,21.0,61.1,Sandy,Tube Well,328.31,36.73,638.98,6.87,28327.47,36919.0,4389.7926,124351718.182722,57.77802122132148,8.410192317514044,0.00029689175621804714,194609.7189,Lower relative profit,Moderate relative profit/ha
1691,Punjab,Jalandhar,2016,Rabi,Wheat,1323.72,28.8,63.5,Sandy,Drip,409.3,57.85,421.39,2.36,19961.8,9603.0,994.4803999999999,19851618.84872,22.788865421580958,9.656298907449559,0.00048373888664597175,47109.848,Lower relative profit,Lower relative profit/ha
1692,Punjab,Jalandhar,2016,Rabi,Cotton,1899.26,34.8,52.9,Sandy,Drip,428.61,41.33,194.28,2.28,38905.04,6110.0,442.9584,17233314.270336,31.44945439571752,13.793620348998914,0.00035454584673345446,88703.49119999999,Lower relative profit,Lower relative profit/ha
1699,Punjab,Bathinda,2016,Zaid,Rice,1659.84,34.3,78.4,Sandy,Drip,361.55,20.31,179.71,2.97,33205.71,8015.000000000001,533.7387000000001,17723172.487977,44.59963274163931,15.016711360821315,0.0004522328045634716,98620.9587,Lower relative profit,Moderate relative profit/ha
1701,Punjab,Bathinda,2016,Rabi,Wheat,1086.09,34.1,68.2,Black,Drip,299.97,34.09,1490.15,1.74,31760.16,28791.000000000004,2592.8610000000003,82349680.21776001,19.320873737543202,11.103950423875402,0.00034961884398174956,55262.678400000004,Lower relative profit,Lower relative profit/ha
1709,Punjab,Bathinda,2016,Rabi,Cotton,2035.46,24.6,88.3,Laterite,Tube Well,309.59,8.06,994.99,3.66,24302.76,49899.0,3641.6634000000004,88502471.610984,50.15025276635946,13.702254854196573,0.0005638147623642983,88948.1016,Lower relative profit,Moderate relative profit/ha
1713,Maharashtra,Pune,2016,Zaid,Pulses,805.97,19.5,45.7,Black,Canal,314.19,22.37,2083.05,1.29,38298.63,34822.0,2687.1345,102913569.975735,16.71683348935455,12.958785650662444,0.0003383615980692376,49405.23269999999,Lower relative profit,Lower relative profit/ha
1718,Maharashtra,Pune,2016,Zaid,Pulses,541.22,25.0,45.6,Alluvial,Canal,152.32,38.28,459.54,7.0,38970.82,36810.0,3216.78,125360554.35960001,80.10184097140619,11.443120138772311,0.0002936330346339213,272795.74,Lower relative profit,Moderate relative profit/ha
1722,Maharashtra,Pune,2016,Zaid,Barley,1632.09,23.6,88.5,Red,Canal,347.5,41.3,2717.47,1.29,32762.33,33564.0,3505.5362999999998,114849537.087579,12.3511943094128,9.574569232102945,0.00029224323276467047,42263.4057,Lower relative profit,Lower relative profit/ha
1724,Maharashtra,Pune,2016,Rabi,Cotton,1930.01,28.1,62.9,Alluvial,Sprinkler,71.37,47.27,2216.81,1.51,50151.22,47035.0,3347.3831,167875346.272382,21.21742503868171,14.051274860054113,0.0002801781264753701,75728.3422,Lower relative profit,Lower relative profit/ha
1730,Maharashtra,Nashik,2016,Zaid,Barley,723.64,24.5,76.7,Red,Canal,200.37,5.15,1237.24,1.3,51699.14,14052.000000000002,1608.412,83153517.16568,11.357537745304064,8.736567496387742,0.00016898864268124656,67208.882,Lower relative profit,Lower relative profit/ha
1731,Maharashtra,Nashik,2016,Kharif,Maize,1073.15,34.3,84.9,Alluvial,Tube Well,52.38,54.88,2632.99,1.55,61190.7,34764.0,4081.1344999999997,249727476.84914997,13.203240422485464,8.518219627409977,0.0001392077493378892,94845.58499999999,Lower relative profit,Lower relative profit/ha
1741,Maharashtra,Nashik,2016,Rabi,Wheat,1024.35,26.8,38.4,Alluvial,Tube Well,101.58,19.06,467.76,2.99,29299.05,17375.0,1398.6024,40977721.64772,37.14511715409612,12.42311610504887,0.0004240108844842706,87604.15950000001,Lower relative profit,Moderate relative profit/ha
1745,Maharashtra,Nashik,2016,Kharif,Rice,1375.71,22.9,35.3,Black,Sprinkler,306.96,36.0,903.32,5.61,34921.79,52799.0,5067.6252,176970543.03310803,58.449940220519856,10.418884174780723,0.00029834908734004535,195911.24190000002,Lower relative profit,Moderate relative profit/ha
1746,Maharashtra,Nashik,2016,Kharif,Millets,782.86,31.7,46.6,Black,Tube Well,449.32,27.27,1369.47,2.56,41715.56,32723.0,3505.8432000000003,146248212.360192,23.89464537375773,9.333845849124113,0.00022374974347998957,106791.8336,Lower relative profit,Lower relative profit/ha
1748,Maharashtra,Nagpur,2016,Kharif,Wheat,645.99,31.7,36.2,Sandy,Rain-fed,87.57,42.88,100.65,4.29,22011.64,6741.0,431.78850000000006,9504373.018140001,66.9746646795827,15.611809948620676,0.0007092524659053427,94429.93560000001,Lower relative profit,Moderate relative profit/ha
1749,Maharashtra,Nagpur,2016,Rabi,Cotton,648.94,37.2,62.2,Alluvial,Rain-fed,78.24,37.5,831.82,5.64,54383.86,60204.0,4691.4648,255139964.878128,72.37623524320165,12.832665823262705,0.00023596460095445056,306724.9704,Lower relative profit,Moderate relative profit/ha
1757,Maharashtra,Nagpur,2016,Zaid,Millets,1747.41,34.8,73.9,Sandy,Rain-fed,386.85,37.9,479.2,5.57,49421.48,32757.0,2669.1440000000002,131913046.81312002,68.3576794657763,12.272473871773121,0.00024832267005709096,275277.64360000007,Lower relative profit,Moderate relative profit/ha
1762,Maharashtra,Nagpur,2016,Rabi,Maize,2036.19,20.6,59.8,Sandy,Canal,307.18,40.69,383.26,6.0,63544.15,25068.0,2299.56,146123585.574,65.40729530866774,10.901215884777958,0.00017155341419749823,381264.9,Lower relative profit,Moderate relative profit/ha
1765,Maharashtra,Aurangabad,2016,Rabi,Maize,762.4,34.1,37.8,Red,Rain-fed,267.2,36.57,789.47,1.81,33241.13,11537.0,1428.9407,47499603.570991,14.613601530140473,8.073813000077608,0.00024288623762422064,60166.4453,Lower relative profit,Lower relative profit/ha
1771,Maharashtra,Aurangabad,2016,Kharif,Wheat,1835.16,24.7,37.7,Red,Sprinkler,294.59,34.41,248.94,5.64,58250.47,21716.0,1404.0215999999998,81784918.090152,87.23387161565036,15.466998513413186,0.0002655257290355457,328532.6508,Lower relative profit,Higher relative profit/ha
1774,Maharashtra,Aurangabad,2016,Kharif,Wheat,1431.47,28.0,70.2,Black,Tube Well,139.11,18.82,192.31,3.66,55904.51,10989.0,703.8546,39348646.524246,57.14211429462846,15.612599534051492,0.00027927262995510545,204610.5066,Lower relative profit,Moderate relative profit/ha
1775,Maharashtra,Aurangabad,2016,Zaid,Wheat,703.45,30.3,49.9,Black,Rain-fed,310.27,49.48,317.05,2.9,16771.23,15735.0,919.445,15420223.56735,49.62939599432266,17.113584825628504,0.0010204132210713528,48636.566999999995,Lower relative profit,Moderate relative profit/ha
1780,Maharashtra,Aurangabad,2016,Kharif,Barley,1909.56,23.9,63.4,Alluvial,Rain-fed,89.46,59.02,1043.1,1.22,33351.32,20914.0,1272.5819999999999,42442289.50823999,20.049851404467454,16.434304429891355,0.0004927632378535949,40688.6104,Lower relative profit,Lower relative profit/ha
1783,Maharashtra,Kolhapur,2016,Rabi,Wheat,2165.25,35.7,47.5,Sandy,Tube Well,321.72,36.53,275.97,7.13,52434.24,24171.0,1967.6661000000001,103173076.527264,87.58560713120991,12.284096371838697,0.00023427623575432194,373856.13119999995,Lower relative profit,Higher relative profit/ha
1787,Maharashtra,Kolhapur,2016,Kharif,Barley,769.65,18.5,43.6,Sandy,Canal,56.76,31.34,488.44,2.94,33154.85,13050.0,1436.0136,47610815.505959995,26.71771353697486,9.087657665637707,0.00027409738441397586,97475.25899999999,Lower relative profit,Lower relative profit/ha
1799,Maharashtra,Kolhapur,2016,Zaid,Maize,1592.58,22.7,63.0,Red,Rain-fed,434.69,47.57,1121.05,1.48,41941.55,14744.999999999998,1659.154,69587490.44870001,13.152847776637973,8.88705930853917,0.0002118915325861626,62073.49400000001,Lower relative profit,Lower relative profit/ha
1809,Karnataka,Bengaluru,2016,Kharif,Rice,989.32,30.7,50.2,Laterite,Rain-fed,211.44,20.09,231.82,2.4,25001.6,9227.0,556.3679999999999,13910090.188799998,39.80243292209473,16.584347050872804,0.0006633314288234676,60003.83999999999,Lower relative profit,Moderate relative profit/ha
1810,Karnataka,Bengaluru,2016,Rabi,Barley,2034.34,26.7,51.9,Black,Canal,397.42,25.73,357.48,5.21,25055.64,28898.0,1862.4708,46665397.875312,80.83808884413114,15.515947954727666,0.0006192596938145529,130539.8844,Lower relative profit,Moderate relative profit/ha
1812,Karnataka,Bengaluru,2016,Zaid,Wheat,447.39,36.5,88.3,Black,Rain-fed,417.7,35.12,112.15,2.51,54483.83,3218.0,281.49649999999997,15337007.451594999,28.6937137761926,11.431758476570758,0.000209819289072937,136754.4133,Lower relative profit,Lower relative profit/ha
1816,Karnataka,Bengaluru,2016,Kharif,Barley,570.57,21.9,73.4,Red,Drip,371.76,32.61,392.9,6.48,40403.42,44938.0,2545.992,102866784.09264,114.37515907355562,17.650487511351173,0.0004368562738340263,261814.16160000002,Lower relative profit,Higher relative profit/ha
1817,Karnataka,Bengaluru,2016,Zaid,Rice,984.23,36.8,48.8,Alluvial,Sprinkler,223.25,34.42,937.07,1.96,54409.95,23617.0,1836.6572,99932426.41914,25.2030264548006,12.858686966735,0.00023632969643851907,106643.502,Lower relative profit,Lower relative profit/ha
1818,Karnataka,Bengaluru,2016,Zaid,Millets,575.17,30.3,57.3,Alluvial,Drip,259.8,28.28,731.48,6.76,56464.33,59661.0,4944.8048,279205090.012784,81.56203860666047,12.065390326429064,0.00021368163451915685,381698.8708,Lower relative profit,Moderate relative profit/ha
1822,Karnataka,Mysuru,2016,Zaid,Barley,2007.11,22.1,75.7,Black,Drip,106.26,12.46,769.49,1.47,64534.33,11675.0,1131.1503,72998026.73979901,15.17238690561281,10.321351636471299,0.00015993583006860531,94865.46510000002,Lower relative profit,Lower relative profit/ha
1827,Karnataka,Mysuru,2016,Kharif,Cotton,1591.37,29.0,69.4,Laterite,Tube Well,120.94,30.95,1237.06,4.15,53043.04,58249.0,5133.799,272312305.70896,47.08664090666581,11.3461785317267,0.00021390513310939004,220128.616,Lower relative profit,Moderate relative profit/ha
1831,Karnataka,Mysuru,2016,Rabi,Cotton,764.59,36.2,76.5,Laterite,Drip,205.3,55.81,838.6,1.95,37165.52,15644.0,1635.27,60775659.89039999,18.654901025518722,9.56661591052242,0.00025740567898747073,72472.764,Lower relative profit,Lower relative profit/ha
1834,Karnataka,Mysuru,2016,Kharif,Rice,1108.57,33.6,71.1,Laterite,Drip,327.86,9.86,1299.73,4.83,23035.62,58433.00000000001,6277.695900000001,144610617.227958,44.957798927469554,9.308032904238003,0.00040407129932851834,111262.0446,Lower relative profit,Moderate relative profit/ha
1837,Karnataka,Hubli,2016,Zaid,Maize,1099.48,32.1,53.9,Red,Canal,212.18,55.44,1037.15,1.99,19350.82,35721.0,2063.9285,39938708.89637,34.441498336788314,17.307285596376037,0.0008943954621238809,38508.131799999996,Lower relative profit,Lower relative profit/ha
1838,Karnataka,Hubli,2016,Rabi,Sugarcane,1111.74,29.5,62.8,Sandy,Tube Well,315.98,59.64,638.2,5.89,49233.34,44479.0,3758.998,185068026.59331998,69.69445314948291,11.832674558486065,0.0002403386517852753,289984.37259999994,Lower relative profit,Moderate relative profit/ha
1839,Karnataka,Hubli,2016,Rabi,Rice,1516.76,27.0,72.0,Alluvial,Drip,214.68,53.9,1198.56,3.6,43804.36,35936.0,4314.816,189007753.39776,29.98264584167668,8.328512733799078,0.00019012976639309597,157695.696,Lower relative profit,Lower relative profit/ha
1842,Karnataka,Hubli,2016,Rabi,Cotton,559.5,19.2,38.9,Alluvial,Rain-fed,223.66,38.03,284.72,8.46,60161.61,21465.0,2408.7312000000006,144913147.04923204,75.38985670132058,8.911330579352313,0.0001481232064659226,508967.22060000006,Lower relative profit,Moderate relative profit/ha
1849,Karnataka,Hubli,2016,Kharif,Barley,930.22,26.6,68.3,Laterite,Canal,145.54,48.37,490.49,7.9,38463.8,54816.0,3874.871,149042263.1698,111.75763012497706,14.146535458857857,0.0003677882959785007,303864.02,Lower relative profit,Higher relative profit/ha
1853,Karnataka,Hubli,2016,Rabi,Cotton,1312.03,37.6,67.9,Red,Tube Well,442.46,6.68,619.24,8.43,49140.08,59548.0,5220.1932,256520711.463456,96.16303856340029,11.407240636227794,0.00023213720116507325,414250.87440000003,Lower relative profit,Higher relative profit/ha
1856,Karnataka,Belagavi,2016,Rabi,Barley,1950.06,23.2,78.3,Laterite,Sprinkler,254.78,47.79,602.78,1.24,63325.98,13308.000000000002,747.4472,47332826.438256,22.07770662596636,17.804602117714808,0.000281157940512169,78524.2152,Lower relative profit,Lower relative profit/ha
1857,Karnataka,Belagavi,2016,Kharif,Wheat,1610.17,37.8,79.2,Alluvial,Rain-fed,90.12,12.46,789.52,4.64,20930.53,47679.0,3663.3727999999996,76676334.29158399,60.389857128381806,13.015055415599527,0.00062182158863629,97117.65919999998,Lower relative profit,Moderate relative profit/ha
1858,Karnataka,Belagavi,2016,Kharif,Maize,652.01,20.9,43.1,Red,Sprinkler,120.0,13.53,164.54,3.23,29317.33,5078.0,531.4642,15581111.334586002,30.86179652364167,9.554735765833334,0.0003259074331064027,94694.97590000002,Lower relative profit,Lower relative profit/ha
1867,Karnataka,Belagavi,2016,Kharif,Wheat,1901.41,30.1,58.6,Laterite,Canal,305.05,42.92,1860.5,2.32,44210.06,57978.0,4316.36,190826534.58159998,31.16259070142435,13.432151164407047,0.0003038256714514083,102567.33919999999,Lower relative profit,Lower relative profit/ha
1868,Karnataka,Belagavi,2016,Rabi,Wheat,1099.31,26.4,48.2,Alluvial,Drip,230.94,20.04,2275.86,1.52,33150.88,32652.0,3459.3072,114679077.870336,14.347103951912683,9.438884178889923,0.0002847249961053801,50389.3376,Lower relative profit,Lower relative profit/ha
1869,Karnataka,Belagavi,2016,Rabi,Barley,1594.99,19.4,67.3,Sandy,Sprinkler,270.73,12.7,1177.76,1.35,26858.7,20334.0,1589.976,42704688.391200006,17.264977584567315,12.788872284864675,0.0004761538080720465,36259.245,Lower relative profit,Lower relative profit/ha
1873,Karnataka,Mangalore,2016,Rabi,Wheat,691.87,21.3,59.9,Red,Drip,145.66,46.96,1185.95,2.25,54125.9,39376.0,2668.3875000000003,144428874.98625,33.20207428643703,14.75647746063868,0.00027263246358284445,121783.27500000001,Lower relative profit,Lower relative profit/ha
1874,Karnataka,Mangalore,2016,Rabi,Sugarcane,1926.98,24.4,64.6,Laterite,Drip,374.17,33.89,1209.16,3.24,60317.37,36819.0,3917.6784000000007,236304057.59380805,30.450064507592046,9.39816805789878,0.0001558119668993986,195428.27880000003,Lower relative profit,Lower relative profit/ha
1875,Karnataka,Mangalore,2016,Kharif,Rice,1196.72,20.0,51.3,Alluvial,Rain-fed,112.79,12.64,742.01,3.4,33585.36,33846.0,2522.834,84730288.11024,45.613940512931094,13.41586485674444,0.0003994557407377631,114190.224,Lower relative profit,Moderate relative profit/ha
1877,Karnataka,Mangalore,2016,Kharif,Sugarcane,1455.46,28.0,51.6,Alluvial,Sprinkler,362.09,50.17,137.19,2.3,34153.3,4643.0,315.537,10776629.8221,33.84357460456302,14.714597654157833,0.0004308397037521362,78552.59000000001,Lower relative profit,Lower relative profit/ha
1878,Karnataka,Mangalore,2016,Zaid,Sugarcane,1557.38,22.2,69.0,Red,Tube Well,245.76,31.8,3058.14,1.22,46244.77,36705.0,3730.9307999999996,172536036.73191598,12.002393611803253,9.838027550658405,0.00021273816586520823,56418.619399999996,Lower relative profit,Lower relative profit/ha
1881,Karnataka,Mangalore,2016,Zaid,Millets,1237.85,33.6,77.3,Alluvial,Sprinkler,163.95,25.73,2261.35,3.3,24988.33,60658.00000000001,7462.454999999999,186474288.15015,26.82379994251222,8.128424225003704,0.00032528881381843855,82461.489,Lower relative profit,Lower relative profit/ha
1882,Karnataka,Mangalore,2016,Zaid,Cotton,2100.97,25.1,72.3,Laterite,Rain-fed,329.72,10.74,493.37,4.49,38444.52,39192.0,2215.2313,85163504.01747599,79.43733911668727,17.692057709729905,0.0004601971284783867,172615.89479999998,Lower relative profit,Moderate relative profit/ha
1883,Karnataka,Mangalore,2016,Zaid,Wheat,1020.28,31.2,70.6,Red,Tube Well,353.87,8.68,229.86,5.4,41350.04,20125.0,1241.2440000000001,51325489.04976001,87.55329330897067,16.21357283499457,0.000392105372449327,223290.21600000001,Lower relative profit,Higher relative profit/ha
1884,Karnataka,Mangalore,2016,Rabi,Wheat,1132.2,19.5,74.7,Alluvial,Tube Well,73.95,12.26,439.31,2.03,37358.4,12013.0,891.7992999999999,33316194.969119996,27.34515490200542,13.470519656160306,0.00036057539017089345,75837.552,Lower relative profit,Lower relative profit/ha
1885,Karnataka,Mangalore,2016,Rabi,Millets,1538.7,22.1,48.5,Sandy,Rain-fed,110.47,42.62,703.21,3.8,20231.56,44599.0,2672.198,54062734.16888,63.4220218711338,16.69000575556153,0.0008249490279326719,76879.928,Lower relative profit,Moderate relative profit/ha
1886,Karnataka,Mangalore,2016,Rabi,Pulses,1145.35,36.2,39.6,Red,Drip,164.43,13.37,1626.69,1.36,13532.65,34212.0,2212.2984,29938259.942760002,21.031665529387897,15.464459948079336,0.00114275178535463,18404.404000000002,Lower relative profit,Lower relative profit/ha
1889,Karnataka,Mangalore,2016,Kharif,Rice,577.05,23.5,82.9,Red,Canal,375.81,49.21,901.97,4.32,27520.37,47969.0,3896.5104000000006,107233407.91684802,53.18247835293857,12.310758877995037,0.0004473326077372883,118887.99840000001,Lower relative profit,Moderate relative profit/ha
1895,Tamil Nadu,Chennai,2016,Kharif,Wheat,916.37,24.9,62.1,Laterite,Canal,276.9,52.19,771.01,2.05,39546.88,23679.0,1580.5704999999998,62506631.89503999,30.711663921349917,14.98129947382923,0.0003788238028848099,81071.10399999999,Lower relative profit,Lower relative profit/ha
1898,Tamil Nadu,Chennai,2016,Zaid,Barley,760.83,20.3,89.4,Sandy,Rain-fed,403.31,50.4,232.63,8.13,14597.55,31927.0,1891.2819000000002,27608082.099345002,137.24369169926493,16.88114289043849,0.0011564367233157953,118678.08150000001,Lower relative profit,Higher relative profit/ha
1900,Tamil Nadu,Chennai,2016,Zaid,Maize,2089.31,31.8,68.3,Red,Sprinkler,249.51,45.7,520.39,2.71,12462.53,16013.999999999998,1410.2568999999999,17575368.923956998,30.773074040623374,11.355377874768774,0.0009111615277771668,33773.4563,Lower relative profit,Lower relative profit/ha
1903,Tamil Nadu,Chennai,2016,Zaid,Rice,1255.35,33.7,64.2,Sandy,Canal,326.37,43.97,394.07,7.61,23487.07,39703.0,2998.8727,70434733.025989,100.75113558504835,13.239308224053659,0.0005636849647083974,178736.6027,Lower relative profit,Higher relative profit/ha
1905,Tamil Nadu,Chennai,2016,Rabi,Rice,893.99,30.9,61.3,Sandy,Rain-fed,233.23,24.37,344.7,1.51,45875.57,4701.0,520.497,23878096.558289997,13.637946040034814,9.031752344393917,0.000196874989114989,69272.11069999999,Lower relative profit,Lower relative profit/ha
1911,Tamil Nadu,Coimbatore,2016,Rabi,Barley,1386.5,30.1,46.4,Black,Tube Well,375.91,47.7,131.65,6.96,30071.54,8774.0,916.284,27554070.95736,66.64641093809342,9.575633755473193,0.0003184284461478592,209297.9184,Lower relative profit,Moderate relative profit/ha
1915,Tamil Nadu,Coimbatore,2016,Kharif,Pulses,630.89,32.6,70.9,Alluvial,Drip,418.62,15.91,3923.14,1.65,35457.03,57154.99999999999,6473.181,229519772.91243,14.568687326988075,8.829507470901863,0.0002490199396537686,58504.0995,Lower relative profit,Lower relative profit/ha
1916,Tamil Nadu,Coimbatore,2016,Zaid,Cotton,653.46,23.9,51.0,Laterite,Tube Well,136.64,42.28,353.96,6.59,37621.71,37827.0,2332.5964,87756265.307844,106.86800768448413,16.21669312359395,0.0004310461465891356,247927.0689,Lower relative profit,Higher relative profit/ha
1920,Tamil Nadu,Coimbatore,2016,Kharif,Rice,1443.02,33.2,48.4,Alluvial,Rain-fed,299.51,5.73,204.13,6.26,37346.76,13331.0,1277.8537999999999,47723699.183688,65.30642237789644,10.432335843114448,0.0002793371056315045,233790.7176,Lower relative profit,Moderate relative profit/ha
1923,Tamil Nadu,Coimbatore,2016,Rabi,Pulses,920.24,28.0,46.4,Laterite,Drip,246.8,9.91,1015.77,3.27,33354.74,45510.0,3321.5679,110790033.696846,44.80344959981098,13.70136073388715,0.0004107770210137195,109069.99979999999,Lower relative profit,Moderate relative profit/ha
1924,Tamil Nadu,Coimbatore,2016,Zaid,Barley,2172.91,25.7,50.6,Black,Tube Well,382.7,49.68,212.43,2.72,61947.8,10110.0,577.8096,35794033.538880005,47.592148001694675,17.49711323591716,0.0002824493078998311,168498.01600000003,Lower relative profit,Moderate relative profit/ha
1938,Tamil Nadu,Madurai,2016,Zaid,Maize,1390.53,30.8,72.2,Sandy,Canal,335.65,58.21,103.31,3.33,42937.8,5533.0,344.02230000000003,14771560.712940002,53.55725486400155,16.083259718919383,0.00037457111726542537,142982.874,Lower relative profit,Moderate relative profit/ha
1942,Tamil Nadu,Madurai,2016,Rabi,Barley,470.88,35.5,54.9,Sandy,Tube Well,67.43,44.51,999.81,3.17,49312.32,31090.0,3169.3976999999995,156290353.58966398,31.09590822256229,9.809434770524382,0.0001989246251347408,156320.0544,Lower relative profit,Lower relative profit/ha
1945,Tamil Nadu,Salem,2016,Kharif,Barley,1488.51,34.4,69.9,Red,Drip,56.27,14.25,305.05,6.91,38419.17,20985.0,2107.8955,80983595.556735,68.79200131126045,9.95542710727358,0.0002591265534178272,265476.46469999995,Lower relative profit,Moderate relative profit/ha
1948,Tamil Nadu,Salem,2016,Zaid,Millets,1820.17,25.2,51.7,Sandy,Tube Well,425.9,17.04,1718.5,1.68,32183.31,35486.0,2887.08,92915790.6348,20.649403549607214,12.291311636670962,0.0003819157083802431,54067.9608,Lower relative profit,Lower relative profit/ha
1952,Tamil Nadu,Salem,2016,Kharif,Sugarcane,1968.28,32.6,89.8,Red,Canal,326.2,52.66,255.2,1.37,50375.17,3865.0,349.624,17612368.43608,15.14498432601881,11.05473308468526,0.00021944805515664286,69013.9829,Lower relative profit,Lower relative profit/ha
1953,Tamil Nadu,Salem,2016,Kharif,Maize,1357.62,26.0,44.1,Sandy,Canal,379.09,7.81,1065.66,2.46,64248.01,36793.0,2621.5236,168427674.468036,34.526021432727134,14.034968062084202,0.00021844984867366634,158050.1046,Lower relative profit,Lower relative profit/ha
1962,Tamil Nadu,Salem,2016,Kharif,Barley,1694.46,33.2,76.1,Sandy,Tube Well,354.42,19.15,597.37,6.7,13523.61,42327.0,4002.3790000000004,54126612.66819001,70.85558364162914,10.575460245019274,0.0007819997948047358,90608.18700000002,Lower relative profit,Moderate relative profit/ha
1968,Tamil Nadu,Tiruchirappalli,2016,Kharif,Wheat,1747.28,30.6,45.7,Alluvial,Canal,84.03,51.8,1095.3,3.38,35101.57,52386.0,3702.1139999999996,129950013.71897998,47.827992330868256,14.150293589014279,0.00040312423601036304,118643.3066,Lower relative profit,Moderate relative profit/ha
1969,Tamil Nadu,Tiruchirappalli,2016,Rabi,Maize,1596.05,29.7,61.6,Sandy,Drip,321.28,10.9,177.42,2.27,42980.97,7043.000000000001,402.74339999999995,17310301.993098,39.69676473903732,17.48756155904728,0.00040686754065920983,97566.80189999999,Lower relative profit,Moderate relative profit/ha
1970,Tamil Nadu,Tiruchirappalli,2016,Kharif,Barley,2025.85,37.2,79.5,Alluvial,Sprinkler,413.88,16.75,892.45,2.01,34650.12,26644.0,1793.8245,62156234.18394,29.8548938315872,14.853181010739902,0.00042866174809033566,69646.7412,Lower relative profit,Lower relative profit/ha
1971,Tamil Nadu,Tiruchirappalli,2016,Rabi,Millets,811.46,30.4,43.6,Laterite,Tube Well,287.48,18.54,2879.28,1.75,29079.94,51286.0,5038.740000000001,146526256.8756,17.812091911866855,10.178338235352488,0.0003500123533732356,50889.895,Lower relative profit,Lower relative profit/ha
1973,Tamil Nadu,Tiruchirappalli,2016,Zaid,Sugarcane,501.66,23.5,37.8,Laterite,Sprinkler,373.55,14.77,741.57,5.92,51347.27,57982.00000000001,4390.0944,225419362.48228797,78.18816834553718,13.207460869178577,0.0002572183656342115,303975.83839999995,Lower relative profit,Moderate relative profit/ha
1976,Tamil Nadu,Tiruchirappalli,2016,Rabi,Rice,480.38,35.8,80.7,Laterite,Canal,316.01,29.55,451.19,7.56,28619.32,35600.0,3410.9964,97620397.490448,78.90245794454664,10.436833061447969,0.0003646778840813817,216362.0592,Lower relative profit,Moderate relative profit/ha
1978,Tamil Nadu,Tiruchirappalli,2016,Zaid,Barley,1341.35,32.5,70.0,Laterite,Drip,138.91,51.26,1264.04,5.33,47380.91,59690.0,6737.3332,319220977.98921204,47.2216069111737,8.859588538681745,0.0001869864580203661,252540.25030000004,Lower relative profit,Moderate relative profit/ha
1989,Rajasthan,Jaipur,2016,Kharif,Maize,1803.04,32.1,87.1,Alluvial,Rain-fed,95.45,40.41,2464.52,1.62,29481.02,40846.0,3992.5224000000003,117703632.72484802,16.573612711603072,10.23062513061918,0.0003470241236775111,47759.252400000005,Lower relative profit,Lower relative profit/ha
1990,Rajasthan,Jaipur,2016,Kharif,Wheat,1078.82,36.7,43.0,Alluvial,Canal,87.68,34.88,934.66,4.95,26880.59,42753.0,4626.567,124364850.63453001,45.741767059679454,9.240761022157466,0.000343770766272521,133058.9205,Lower relative profit,Moderate relative profit/ha
2002,Rajasthan,Jodhpur,2016,Rabi,Cotton,575.8,22.2,77.5,Sandy,Tube Well,150.68,17.86,1638.36,2.79,14794.23,47647.0,4571.024399999999,67624786.30921198,29.082130911399204,10.423702835626957,0.000704578936222227,41275.901699999995,Lower relative profit,Lower relative profit/ha
2009,Rajasthan,Jodhpur,2016,Zaid,Barley,1583.27,37.6,57.9,Sandy,Canal,159.59,38.7,2922.19,1.95,38234.62,56550.0,5698.2705,217871207.22471,19.351924412854743,9.924063801463971,0.0002595570140742597,74557.50899999999,Lower relative profit,Lower relative profit/ha
2013,Rajasthan,Jodhpur,2016,Rabi,Sugarcane,1495.89,18.3,69.2,Laterite,Drip,142.2,48.67,721.4,5.97,57509.07,47118.0,4306.758,247677647.29505998,65.31466592736346,10.940480054834751,0.0001902392101773642,343329.1479,Lower relative profit,Moderate relative profit/ha
2014,Rajasthan,Jodhpur,2016,Zaid,Sugarcane,886.29,21.8,79.3,Sandy,Tube Well,319.82,34.63,1227.35,2.94,23060.41,42252.0,3608.4089999999997,83211390.98768999,34.425388031123966,11.709315656844888,0.000507767019616949,67797.6054,Lower relative profit,Lower relative profit/ha
2020,Rajasthan,Udaipur,2016,Kharif,Cotton,1222.57,26.2,40.9,Red,Sprinkler,330.11,52.03,209.02,7.5,57321.1,21700.0,1567.65,89859422.415,103.81781647689216,13.842375530252287,0.00024148830937041139,429908.25,Lower relative profit,Higher relative profit/ha
2024,Rajasthan,Udaipur,2016,Rabi,Pulses,1806.77,26.2,73.9,Black,Sprinkler,366.4,17.61,1781.46,1.53,55715.67,42231.0,2725.6338,151860513.341646,23.705836785557914,15.494010970952884,0.0002780907233270799,85244.9751,Lower relative profit,Lower relative profit/ha
2029,Rajasthan,Udaipur,2016,Rabi,Millets,1030.5,25.5,61.1,Red,Rain-fed,406.61,26.3,2133.27,1.58,22298.06,41204.0,3370.5666,75157096.280796,19.314948412531,12.22465089400696,0.0005482383173247789,35230.9348,Lower relative profit,Lower relative profit/ha
2033,Rajasthan,Udaipur,2016,Rabi,Millets,876.94,27.9,77.5,Black,Sprinkler,199.73,19.99,1505.59,2.95,27118.77,57848.0,4441.4905,120447759.326685,38.42214679959352,13.02445654223509,0.0004802746047197233,80000.37150000001,Lower relative profit,Moderate relative profit/ha
2034,Rajasthan,Udaipur,2016,Rabi,Pulses,1927.19,26.9,60.3,Sandy,Tube Well,151.5,50.42,234.73,6.7,24721.39,18704.0,1572.691,38879107.56049,79.68304008861246,11.892991058001858,0.000481081001432438,165633.313,Lower relative profit,Moderate relative profit/ha
2036,Rajasthan,Kota,2016,Kharif,Millets,1779.76,31.0,46.4,Laterite,Rain-fed,298.8,8.2,258.36,6.44,42261.69,17932.0,1663.8384,70316622.67089601,69.40702895185012,10.777488967678591,0.00025501793628410484,272165.2836,Lower relative profit,Moderate relative profit/ha
2048,Rajasthan,Kota,2016,Rabi,Rice,766.82,37.4,85.5,Red,Sprinkler,80.54,42.09,142.45,3.79,31816.07,5763.0,539.8855,17177034.859984998,40.45630045630046,10.674485608522549,0.00033550610142995505,120582.9053,Lower relative profit,Moderate relative profit/ha
2049,Rajasthan,Kota,2016,Zaid,Rice,1028.67,37.0,86.5,Sandy,Canal,360.33,25.06,922.16,2.07,41170.0,21530.0,1908.8711999999998,78588227.30399999,23.347358375986815,11.278917089848703,0.00027395960869197724,85221.9,Lower relative profit,Lower relative profit/ha
2051,Rajasthan,Kota,2016,Zaid,Pulses,1764.22,21.6,64.6,Alluvial,Canal,426.99,10.34,1179.66,5.09,62593.48,53541.99999999999,6004.4694,375840635.299512,45.38765406981672,8.917024375209571,0.00014245931645292083,318600.8132,Lower relative profit,Moderate relative profit/ha
2054,Rajasthan,Ajmer,2016,Kharif,Rice,932.3,26.0,45.8,Alluvial,Drip,83.54,53.55,1846.16,2.63,14860.61,41891.0,4855.4008,72154217.68248801,22.690882697057674,8.627712052113184,0.0005805759018043797,39083.4043,Lower relative profit,Lower relative profit/ha
2055,Rajasthan,Ajmer,2016,Rabi,Wheat,1855.24,23.9,59.7,Sandy,Sprinkler,263.13,41.94,589.06,1.55,64990.27,14065.0,913.0429999999999,59338911.09160999,23.877024411774695,15.404531878564319,0.00023702827944189675,100734.9185,Lower relative profit,Lower relative profit/ha
2057,Rajasthan,Ajmer,2016,Zaid,Rice,654.45,36.8,82.2,Alluvial,Canal,289.18,23.77,369.87,3.44,16347.81,18044.0,1272.3528,20800181.827368,48.78470814069808,14.181601203691304,0.0008674924166412078,56236.4664,Lower relative profit,Moderate relative profit/ha
2060,Rajasthan,Ajmer,2016,Zaid,Maize,1570.69,25.6,69.0,Alluvial,Canal,361.64,57.5,249.34,2.61,26362.47,8935.0,650.7774,17156099.684178,35.83460335285153,13.729733085383728,0.0005208060202774523,68806.04669999999,Lower relative profit,Lower relative profit/ha
2062,Rajasthan,Ajmer,2016,Kharif,Sugarcane,684.22,18.6,87.8,Sandy,Tube Well,314.4,55.21,1409.92,3.68,38147.33,48192.0,5188.5056,197927635.33004802,34.18066273263731,9.288223568651443,0.00024348292707907586,140382.17440000002,Lower relative profit,Lower relative profit/ha
2063,Rajasthan,Ajmer,2016,Zaid,Rice,660.55,25.0,51.2,Alluvial,Drip,124.51,44.45,319.01,6.14,39121.14,33798.0,1958.7214,76627414.110396,105.94652205260023,17.25513388478831,0.00044106930127261914,240203.7996,Lower relative profit,Higher relative profit/ha
2068,Rajasthan,Ajmer,2016,Zaid,Maize,1918.02,18.5,39.9,Red,Tube Well,89.07,44.98,1048.3,3.99,60871.56,53622.0,4182.717,254608508.82851997,51.15138796146142,12.819896732195843,0.00021060568732255005,242877.5244,Lower relative profit,Moderate relative profit/ha
2071,West Bengal,Kolkata,2016,Kharif,Maize,1409.43,29.8,83.5,Laterite,Tube Well,432.93,27.49,1153.76,1.61,41913.17,28397.000000000004,1857.5536000000002,77855959.820912,24.612571071973377,15.287311224828183,0.00036473765226605824,67480.2037,Lower relative profit,Lower relative profit/ha
2082,West Bengal,Kolkata,2016,Rabi,Rice,1848.04,35.5,88.4,Black,Tube Well,159.84,48.65,1063.02,3.39,12265.43,59046.0,3603.6378,44200167.181254,55.54552125077609,16.38510951350327,0.001335877300143841,41579.8077,Lower relative profit,Moderate relative profit/ha
2087,West Bengal,Kolkata,2016,Rabi,Wheat,1612.44,27.1,83.1,Laterite,Tube Well,269.61,9.91,877.7,2.53,25770.55,38691.0,2220.581,57225593.689550005,44.0822604534579,17.423818361050554,0.0006761135622270596,65199.491500000004,Lower relative profit,Moderate relative profit/ha
2092,West Bengal,Howrah,2016,Kharif,Millets,1583.04,20.0,82.3,Laterite,Tube Well,370.28,14.61,790.23,1.22,42859.92,15113.999999999998,964.0806,41320417.389552,19.12607721802513,15.67711247379109,0.0003657755887969714,52289.102399999996,Lower relative profit,Lower relative profit/ha
2100,West Bengal,Howrah,2016,Kharif,Wheat,1332.76,22.3,86.6,Alluvial,Canal,199.15,47.16,281.69,4.57,22121.07,20914.0,1287.3233,28476968.831931,74.24473712236856,16.246113155879335,0.0007344180528283368,101093.2899,Lower relative profit,Moderate relative profit/ha
2104,West Bengal,Howrah,2016,Kharif,Wheat,1280.29,27.1,42.3,Sandy,Canal,265.33,19.85,518.34,2.76,54444.81,23180.0,1430.6184,77889746.970504,44.71968206196705,16.20278335578516,0.0002976001450971206,150267.6756,Lower relative profit,Moderate relative profit/ha
2108,West Bengal,Darjeeling,2016,Rabi,Sugarcane,2014.47,27.4,67.5,Sandy,Canal,155.77,47.81,434.72,7.67,57791.12,44116.0,3334.3024,192693070.114688,101.48141332351858,13.230953497199295,0.0002289444035208055,443257.8904,Lower relative profit,Higher relative profit/ha
2111,West Bengal,Darjeeling,2016,Zaid,Barley,2046.48,32.0,44.9,Sandy,Rain-fed,324.58,22.44,1503.41,1.76,39600.91,42264.0,2646.0016,104784071.221456,28.11209184454008,15.972779457125045,0.0004033437478362251,69697.6016,Lower relative profit,Lower relative profit/ha
2112,West Bengal,Darjeeling,2016,Kharif,Rice,784.89,36.4,45.3,Sandy,Drip,436.55,42.79,807.48,2.7,55753.06,31470.0,2180.1960000000004,121552598.39976002,38.97310150096597,14.434482037394801,0.0002589002655171716,150533.26200000002,Lower relative profit,Moderate relative profit/ha
2116,West Bengal,Darjeeling,2016,Zaid,Rice,2148.38,22.7,60.6,Laterite,Drip,107.75,38.2,112.66,4.27,37587.36,7881.0,481.05819999999994,18081707.744351998,69.95384342268774,16.382633120067386,0.0004358548490787165,160498.02719999998,Lower relative profit,Moderate relative profit/ha
2117,West Bengal,Darjeeling,2016,Kharif,Rice,1298.18,18.8,65.0,Alluvial,Drip,388.22,26.71,341.7,3.39,38553.21,18695.0,1158.363,44658611.995230004,54.71173544044483,16.139154997181365,0.00041862026526925684,130695.38190000002,Lower relative profit,Moderate relative profit/ha
2118,West Bengal,Darjeeling,2016,Rabi,Maize,1096.82,23.9,53.1,Black,Sprinkler,210.24,38.81,2389.61,2.0,44482.34,57412.0,4779.22,212590888.9748,24.02567783027356,12.01283891513678,0.00027005861011666156,88964.68,Lower relative profit,Lower relative profit/ha
2120,West Bengal,Darjeeling,2016,Rabi,Millets,1628.82,20.5,38.8,Alluvial,Tube Well,395.35,35.73,589.22,4.1,40875.95,33328.0,2415.8019999999997,98748201.76189998,56.5629136824955,13.79583260548671,0.0003375048801431333,167591.39499999996,Lower relative profit,Moderate relative profit/ha
2123,West Bengal,Darjeeling,2016,Rabi,Pulses,1381.43,33.1,80.5,Alluvial,Tube Well,126.85,51.16,3230.01,1.23,31190.65,41291.0,3972.9123000000004,123917717.02999502,12.78355175370974,10.393131507081089,0.00033321304644440204,38364.499500000005,Lower relative profit,Lower relative profit/ha
2124,West Bengal,Darjeeling,2016,Kharif,Cotton,1008.53,23.1,66.6,Black,Sprinkler,358.6,43.83,698.38,7.6,50923.45,58611.0,5307.688,270285784.48359996,83.92422463415333,11.042661136072805,0.00021684825234882568,387018.22,Lower relative profit,Higher relative profit/ha
2128,West Bengal,Siliguri,2016,Rabi,Rice,1760.9,27.1,80.8,Sandy,Tube Well,233.0,52.61,2234.36,1.64,32552.01,37539.0,3664.3504,119281970.86430399,16.800784117152116,10.244380559239096,0.00031470807975418706,53385.29639999999,Lower relative profit,Lower relative profit/ha
2131,West Bengal,Siliguri,2016,Rabi,Rice,1374.52,37.8,56.3,Sandy,Rain-fed,392.58,51.48,894.77,1.58,43500.63,23308.0,1413.7366,61498432.754057996,26.04915229612079,16.486805250709363,0.0003790015282700357,68730.9954,Lower relative profit,Lower relative profit/ha
2143,West Bengal,Malda,2016,Kharif,Millets,1379.84,18.5,44.9,Alluvial,Sprinkler,141.47,37.46,737.3,2.09,59048.83,26459.0,1540.9569999999999,90991707.93031,35.88634205886342,17.170498592757617,0.00029078473854194265,123412.05470000001,Lower relative profit,Lower relative profit/ha
2150,West Bengal,Malda,2016,Rabi,Millets,1362.2,33.3,51.1,Black,Drip,267.14,56.64,1024.33,1.3,63282.55,17414.0,1331.629,84268878.77395,17.000380736676657,13.077215951289737,0.0002066480562380899,82267.315,Lower relative profit,Lower relative profit/ha
2152,West Bengal,Malda,2016,Rabi,Cotton,1734.75,28.6,62.5,Sandy,Tube Well,89.89,39.88,134.14,3.86,50285.44,7070.0,517.7804,26036815.237376,52.706127926047415,13.65443728654078,0.0002715385862496337,194101.79840000003,Lower relative profit,Moderate relative profit/ha
2156,West Bengal,Malda,2016,Zaid,Cotton,2046.53,24.0,79.6,Black,Canal,380.69,37.06,876.41,2.15,43868.38,24818.0,1884.2814999999998,82660376.86896999,28.317796465124772,13.171068123313848,0.00030024058611952044,94317.01699999999,Lower relative profit,Lower relative profit/ha
2161,Uttarakhand,Dehradun,2017,Kharif,Rice,1154.11,25.1,47.5,Black,Rain-fed,216.08,20.84,922.18,3.99,53297.91,54966.99999999999,3679.4982,196109563.908762,59.60550001084386,14.938721807229038,0.00028028719713829375,212658.66090000002,Lower relative profit,Moderate relative profit/ha
2166,Uttarakhand,Dehradun,2017,Rabi,Pulses,848.55,29.9,78.4,Alluvial,Canal,116.47,47.3,901.28,3.4,50615.49,31755.0,3064.352,155103678.01248,35.23322385939996,10.362712899823519,0.000204734023118684,172092.666,Lower relative profit,Lower relative profit/ha
2168,Uttarakhand,Dehradun,2017,Kharif,Maize,1212.9,27.8,81.3,Alluvial,Tube Well,332.27,22.5,3327.43,1.58,60817.08,51314.0,5257.3394,319736030.876952,15.421511496860942,9.760450314468951,0.00016048863764042847,96090.98640000001,Lower relative profit,Lower relative profit/ha
2173,Uttarakhand,Dehradun,2017,Zaid,Wheat,835.11,24.9,52.8,Alluvial,Rain-fed,79.05,7.65,1317.84,2.16,17079.39,23579.0,2846.5344,48617071.166016,17.8921568627451,8.283405954974583,0.0004849942506713989,36891.4824,Lower relative profit,Lower relative profit/ha
2175,Uttarakhand,Dehradun,2017,Rabi,Barley,949.99,19.6,69.1,Sandy,Canal,198.53,25.47,529.25,3.54,39066.66,30214.0,1873.545,73193145.50970002,57.08833254605574,16.126647611880152,0.0004127982175051604,138295.97640000004,Lower relative profit,Moderate relative profit/ha
2177,Uttarakhand,Dehradun,2017,Zaid,Millets,598.14,31.8,82.2,Black,Rain-fed,175.62,32.29,694.25,8.0,34908.86,57240.0,5554.0,193883808.44,82.44868563197696,10.30608570399712,0.00029522836620838146,279270.88,Lower relative profit,Moderate relative profit/ha
2179,Uttarakhand,Haridwar,2017,Rabi,Pulses,636.56,35.5,35.0,Sandy,Rain-fed,224.33,9.02,303.52,2.32,28662.79,9593.0,704.1664,20183373.648256,31.6058249868213,13.623200425354009,0.0004752921967943109,66497.6728,Lower relative profit,Lower relative profit/ha
2180,Uttarakhand,Haridwar,2017,Zaid,Barley,1472.16,27.2,39.3,Alluvial,Canal,125.94,16.87,4825.33,1.38,61463.39,56071.0,6658.9554,409281972.74280596,11.620137897304433,8.420389780655386,0.00013699846006956967,84819.4782,Lower relative profit,Lower relative profit/ha
2183,Uttarakhand,Haridwar,2017,Rabi,Rice,1349.4,31.7,86.3,Sandy,Sprinkler,422.39,7.52,1817.54,1.46,43334.24,30094.0,2653.6084,114992103.271616,16.5575448133191,11.340784118711714,0.0002617049270671809,63267.9904,Lower relative profit,Lower relative profit/ha
2186,Uttarakhand,Haridwar,2017,Kharif,Millets,2114.14,28.4,67.9,Laterite,Tube Well,301.52,36.33,605.88,3.06,63777.95,26096.0,1853.9928,118243860.09876,43.071235228097976,14.075567068005874,0.00022069644866299206,195160.527,Lower relative profit,Moderate relative profit/ha
2194,Uttarakhand,Haridwar,2017,Zaid,Rice,923.89,24.3,68.8,Sandy,Tube Well,297.38,17.43,187.02,6.25,49835.08,10594.0,1168.875,58250979.135000005,56.64634798417281,9.06341567746765,0.00018186818757926445,311469.25,Lower relative profit,Moderate relative profit/ha
2195,Uttarakhand,Haridwar,2017,Kharif,Pulses,2182.67,26.3,56.3,Red,Drip,254.79,32.31,1053.79,1.93,44098.68,23950.0,2033.8147,89688543.63459599,22.72748839901688,11.775900724879214,0.0002670352202124693,85110.4524,Lower relative profit,Lower relative profit/ha
2198,Uttarakhand,Nainital,2017,Rabi,Rice,1143.07,26.6,74.0,Laterite,Sprinkler,370.42,51.74,1165.8,2.13,39941.83,27164.0,2483.154,99181714.93182,23.300737690856064,10.939313469885477,0.0002738811283780807,85076.09790000001,Lower relative profit,Lower relative profit/ha
2202,Uttarakhand,Nainital,2017,Zaid,Cotton,1818.38,30.1,48.7,Sandy,Canal,279.5,5.35,517.82,3.12,61326.01,25655.0,1615.5984000000003,99078203.63438402,49.54424317330346,15.879565119648543,0.0002589368706630114,191337.15120000002,Lower relative profit,Moderate relative profit/ha
2206,Uttarakhand,Nainital,2017,Zaid,Pulses,1145.33,29.5,50.1,Black,Canal,69.11,59.96,1993.32,1.93,47010.85,50140.0,3847.1076,180855798.31746,25.154014408123132,13.03316808711043,0.00027723744810209623,90730.9405,Lower relative profit,Lower relative profit/ha
2207,Uttarakhand,Nainital,2017,Zaid,Wheat,756.28,23.3,79.4,Laterite,Sprinkler,355.17,26.43,1642.04,2.11,52522.24,43576.0,3464.7043999999996,181974036.02585596,26.537721370977565,12.577119133164723,0.00023946273299015283,110821.92639999998,Lower relative profit,Lower relative profit/ha
2213,Uttarakhand,Nainital,2017,Kharif,Rice,1241.13,36.0,48.6,Laterite,Tube Well,373.25,6.39,362.43,7.71,54290.42,22464.0,2794.3353,151705637.057826,61.98162403774522,8.039121146270457,0.00014807623787530943,418579.13820000004,Lower relative profit,Moderate relative profit/ha
2221,Uttarakhand,Almora,2017,Rabi,Sugarcane,1823.86,35.9,61.5,Black,Rain-fed,293.58,29.22,263.55,1.24,31283.39,4709.0,326.802,10223474.41878,17.867577309808386,14.409336540168052,0.0004606066203236942,38791.403600000005,Lower relative profit,Lower relative profit/ha
2228,Uttarakhand,Almora,2017,Rabi,Barley,1260.53,21.9,86.3,Black,Tube Well,79.43,19.5,1385.76,2.11,47842.26,50992.0,2923.9536,139888548.359136,36.797136589308394,17.439401227160378,0.0003645187586698534,100947.16859999999,Lower relative profit,Lower relative profit/ha
2233,Uttarakhand,Pauri,2017,Rabi,Sugarcane,1229.97,23.2,81.5,Red,Rain-fed,277.07,51.51,910.54,2.56,21805.48,32981.0,2330.9824,50828190.103552,36.22136314714346,14.148969979352913,0.0006488722091581066,55822.0288,Lower relative profit,Lower relative profit/ha
2236,Uttarakhand,Pauri,2017,Zaid,Barley,1657.48,21.3,61.5,Red,Tube Well,241.56,38.54,941.48,3.8,17192.35,34057.0,3577.624,61507763.97639999,36.173896418405064,9.51944642589607,0.0005537024563771719,65330.929999999986,Lower relative profit,Lower relative profit/ha
2239,Uttarakhand,Pauri,2017,Kharif,Millets,1934.89,24.3,54.0,Laterite,Drip,275.73,40.39,815.64,6.45,26279.91,46577.0,5260.878,138255400.36098,57.10485017900054,8.853465144031093,0.00033689099939958285,169505.41950000002,Lower relative profit,Moderate relative profit/ha
2244,Uttarakhand,Pauri,2017,Rabi,Millets,1920.92,29.0,42.6,Black,Tube Well,237.98,50.63,439.84,6.18,20488.79,38410.0,2718.2111999999997,55692858.452447996,87.32720989450709,14.130616487784321,0.0006896755000067998,126620.7222,Lower relative profit,Higher relative profit/ha
2245,Uttarakhand,Pauri,2017,Zaid,Pulses,519.2,30.5,75.2,Alluvial,Sprinkler,191.39,10.03,3575.94,1.33,31261.91,41889.0,4756.0002,148681650.21238202,11.71412272017987,8.807611067804412,0.0002817361788772475,41578.3403,Lower relative profit,Lower relative profit/ha
2246,Uttarakhand,Pauri,2017,Rabi,Cotton,1639.54,33.4,74.1,Black,Drip,101.53,53.24,1119.16,1.55,23119.61,14063.999999999998,1734.698,40105541.22778001,12.566567782980089,8.107463085793606,0.00035067473395068537,35835.395500000006,Lower relative profit,Lower relative profit/ha
2247,Uttarakhand,Pauri,2017,Rabi,Sugarcane,980.03,21.1,71.0,Black,Tube Well,142.37,43.8,1032.96,3.18,19544.31,53190.0,3284.8128,64199399.655168004,51.492797397769515,16.19270358420425,0.0008285124204540478,62150.9058,Lower relative profit,Moderate relative profit/ha
2250,Uttarakhand,Pauri,2017,Rabi,Cotton,515.7,18.4,40.5,Sandy,Canal,206.39,36.92,120.99,6.21,27231.9,11937.0,751.3479,20460630.87801,98.66104636746839,15.88744708010763,0.0005834130956748384,169110.09900000002,Lower relative profit,Higher relative profit/ha
2261,Uttar Pradesh,Lucknow,2017,Zaid,Rice,1797.86,22.0,74.0,Alluvial,Drip,288.05,25.68,138.04,4.95,26431.61,8422.0,683.298,18060666.24978,61.011301072153,12.325515368111716,0.0004663172378872009,130836.4695,Lower relative profit,Moderate relative profit/ha
2262,Uttar Pradesh,Lucknow,2017,Zaid,Sugarcane,412.66,37.8,62.3,Laterite,Sprinkler,206.17,10.82,672.48,3.0,56366.38,28331.0,2017.44,113715789.6672,42.12913395193909,14.043044650646364,0.000249138664761625,169099.13999999998,Lower relative profit,Moderate relative profit/ha
2265,Uttar Pradesh,Lucknow,2017,Zaid,Millets,1112.67,22.9,74.1,Red,Rain-fed,408.62,5.47,119.96,2.93,43131.43,4975.0,351.4828,15159955.784404,41.47215738579527,14.154319926892581,0.00032816718404403894,126375.0899,Lower relative profit,Moderate relative profit/ha
2273,Uttar Pradesh,Kanpur,2017,Zaid,Sugarcane,556.6,38.0,42.6,Red,Canal,378.54,49.06,1643.8,2.36,24608.32,57972.0,3879.3679999999995,95464729.14175999,35.2670641197226,14.943671237170593,0.0006072609278963615,58075.6352,Lower relative profit,Lower relative profit/ha
2274,Uttar Pradesh,Kanpur,2017,Zaid,Cotton,1521.52,21.1,67.7,Red,Canal,71.45,12.68,727.0,3.16,37826.84,25087.0,2297.32,86900356.0688,34.507565337001374,10.920115612975119,0.00028868696441402766,119532.8144,Lower relative profit,Lower relative profit/ha
2277,Uttar Pradesh,Kanpur,2017,Kharif,Rice,2121.79,20.9,72.2,Black,Drip,352.33,5.78,2150.53,1.42,50951.97,27587.0,3053.7526000000003,155594710.86262202,12.828000539401915,9.03380319676191,0.0001773003712469196,72351.79740000001,Lower relative profit,Lower relative profit/ha
2295,Uttar Pradesh,Varanasi,2017,Zaid,Rice,1438.24,19.7,68.9,Sandy,Tube Well,322.37,35.59,2659.27,1.22,49229.92,41244.0,3244.3094,159717092.217248,15.50951952979577,12.712720926062106,0.0002582315983057073,60060.5024,Lower relative profit,Lower relative profit/ha
2296,Uttar Pradesh,Varanasi,2017,Kharif,Millets,1970.0,20.1,44.4,Black,Tube Well,241.82,40.69,3650.2,1.6,55831.54,50123.0,5840.32,326074059.6928,13.731576351980713,8.582235219987947,0.00015371661286770787,89330.464,Lower relative profit,Lower relative profit/ha
2298,Uttar Pradesh,Varanasi,2017,Rabi,Wheat,1617.31,19.0,40.8,Sandy,Tube Well,272.11,24.92,3659.91,1.29,14547.46,54201.0,4721.2839,68682688.68389401,14.809380558538326,11.480139967859166,0.0007891508186212002,18766.223400000003,Lower relative profit,Lower relative profit/ha
2304,Uttar Pradesh,Varanasi,2017,Zaid,Pulses,1018.31,33.3,79.5,Sandy,Canal,233.12,37.93,327.49,3.85,27808.56,19210.0,1260.8365000000001,35062047.46044,58.65827964212647,15.23591679016272,0.0005478858592520691,107062.956,Lower relative profit,Moderate relative profit/ha
2308,Uttar Pradesh,Agra,2017,Zaid,Pulses,1473.62,34.4,39.2,Black,Rain-fed,192.79,36.73,677.14,6.06,14772.71,59873.0,4103.4684,60619348.667363994,88.42041527601383,14.590827603302612,0.0009876879464433142,89522.62259999999,Lower relative profit,Higher relative profit/ha
2311,Uttar Pradesh,Agra,2017,Kharif,Millets,2149.14,23.1,75.1,Laterite,Sprinkler,162.02,21.78,124.11,2.47,25139.05,3849.0,306.55170000000004,7706418.513885001,31.0128112158569,12.555794014516962,0.000499453798553126,62093.4535,Lower relative profit,Lower relative profit/ha
2314,Uttar Pradesh,Agra,2017,Zaid,Cotton,992.9,23.2,59.9,Sandy,Drip,167.96,8.81,1460.41,2.04,44349.96,53480.99999999999,2979.2364000000002,132129015.17054401,36.62053806807677,17.951244151018024,0.000404763480080208,90473.91840000001,Lower relative profit,Lower relative profit/ha
2318,Uttar Pradesh,Agra,2017,Kharif,Pulses,1503.92,28.4,82.7,Black,Canal,437.12,10.62,272.1,6.36,35824.07,29831.0,1730.5560000000003,61995559.28292001,109.63248805586181,17.237812587399652,0.0004811796255255099,227841.08520000003,Lower relative profit,Higher relative profit/ha
2320,Uttar Pradesh,Agra,2017,Zaid,Millets,1969.97,25.0,45.3,Black,Sprinkler,75.05,49.36,737.29,1.76,40811.14,10567.0,1297.6304,52957775.922656,14.332216631176335,8.143304904077462,0.00019953632523074492,71827.6064,Lower relative profit,Lower relative profit/ha
2324,Uttar Pradesh,Meerut,2017,Kharif,Maize,2188.36,34.8,89.5,Sandy,Sprinkler,229.6,6.98,855.17,2.97,47501.99,41647.0,2539.8549000000003,120648162.06125101,48.70025842814879,16.397393410151107,0.00034519382051470066,141080.91030000002,Lower relative profit,Moderate relative profit/ha
2325,Uttar Pradesh,Meerut,2017,Rabi,Millets,564.11,32.7,82.6,Black,Tube Well,133.84,13.76,182.18,7.53,62066.2,18148.0,1371.8154000000002,85143368.97948001,99.6157646283895,13.229185209613478,0.00021314636967646606,467358.48600000003,Lower relative profit,Higher relative profit/ha
2326,Uttar Pradesh,Meerut,2017,Kharif,Millets,1381.25,20.7,87.0,Black,Drip,330.97,47.78,1012.15,2.25,36526.73,26843.0,2277.3375,83183691.98137501,26.520772612755028,11.787010050113345,0.0003226954630242933,82185.14250000002,Lower relative profit,Lower relative profit/ha
2341,Punjab,Ludhiana,2017,Rabi,Millets,606.52,28.3,83.1,Black,Rain-fed,432.83,20.74,464.1,2.84,30283.62,12659.0,1318.044,39915143.63928,27.276449041154923,9.604383465195395,0.00031714780020339036,86005.48079999999,Lower relative profit,Lower relative profit/ha
2344,Punjab,Ludhiana,2017,Kharif,Cotton,1233.81,18.5,75.2,Alluvial,Drip,268.77,21.51,377.75,7.2,31205.93,45101.0,2719.8,84873888.414,119.39377895433488,16.582469299213177,0.0005313884027559241,224682.69600000003,Lower relative profit,Higher relative profit/ha
2353,Punjab,Ludhiana,2017,Zaid,Wheat,2185.06,37.5,74.1,Alluvial,Sprinkler,328.31,8.81,2472.84,1.28,46725.32,47187.0,3165.2352,147896627.59526402,19.082108021546077,14.907896891832872,0.00031905392818781916,59808.409600000006,Lower relative profit,Lower relative profit/ha
2354,Punjab,Ludhiana,2017,Kharif,Rice,1998.14,33.9,61.4,Red,Rain-fed,64.31,49.72,247.85,2.95,22915.05,7011.0,731.1575,16754510.670375,28.287270526528143,9.588905263229877,0.00041845447700222685,67599.3975,Lower relative profit,Lower relative profit/ha
2355,Punjab,Ludhiana,2017,Zaid,Pulses,1173.74,37.2,39.2,Black,Rain-fed,407.75,31.11,2015.12,1.62,49924.59,40930.0,3264.4944,162978544.477296,20.31144547222994,12.537929303845642,0.0002511373514303401,80877.8358,Lower relative profit,Lower relative profit/ha
2356,Punjab,Ludhiana,2017,Zaid,Millets,673.64,19.5,55.8,Alluvial,Canal,348.55,11.47,227.88,2.63,38365.55,8645.0,599.3244,22993410.23442,37.936633315780234,14.424575405239635,0.0003759772870515249,100901.3965,Lower relative profit,Moderate relative profit/ha
2368,Punjab,Amritsar,2017,Rabi,Pulses,1015.05,32.2,49.8,Black,Tube Well,438.54,55.04,959.7,4.11,63398.16,46535.0,3944.3670000000006,250065610.16472006,48.48911118057726,11.797837270213444,0.00018609116211280332,260566.43760000006,Lower relative profit,Moderate relative profit/ha
2374,Punjab,Amritsar,2017,Rabi,Cotton,1411.55,21.8,76.0,Sandy,Rain-fed,239.54,30.49,176.42,4.27,54954.96,13016.999999999998,753.3133999999999,41398307.76446399,73.78415145675093,17.279660762705138,0.00031443314238978863,234657.67919999996,Lower relative profit,Moderate relative profit/ha
2377,Punjab,Patiala,2017,Kharif,Cotton,950.86,29.6,78.1,Sandy,Drip,328.85,22.54,1002.21,3.49,18229.78,42298.0,3497.7129000000004,63762536.67016201,42.20472755210984,12.093045143871011,0.0006633675855589597,63621.9322,Lower relative profit,Moderate relative profit/ha
2379,Punjab,Patiala,2017,Zaid,Maize,1629.56,30.5,70.0,Red,Sprinkler,185.14,27.28,466.97,6.59,14170.57,32945.0,3077.3323,43607552.770411,70.55057070047326,10.705701168508842,0.000755488393798474,93384.0563,Lower relative profit,Moderate relative profit/ha
2383,Punjab,Patiala,2017,Kharif,Wheat,1615.24,28.4,67.7,Alluvial,Rain-fed,79.19,44.68,109.94,6.51,18403.52,12803.0,715.7094,13171572.257088,116.45442968892124,17.888545267115397,0.0009720175959335712,119806.9152,Lower relative profit,Higher relative profit/ha
2386,Punjab,Patiala,2017,Zaid,Millets,1225.28,19.1,65.8,Sandy,Canal,404.94,39.79,1769.12,2.46,61365.34,41641.0,4352.035199999999,267064119.73996794,23.537691055439993,9.568167095707315,0.0001559213571652551,150958.73639999997,Lower relative profit,Lower relative profit/ha
2393,Punjab,Patiala,2017,Kharif,Maize,1303.86,26.9,67.2,Black,Canal,249.36,36.76,117.11,7.91,14138.98,10258.0,926.3401,13097504.147098,87.59286141234736,11.073686651371348,0.0007832026533294021,111839.3318,Lower relative profit,Higher relative profit/ha
2400,Punjab,Jalandhar,2017,Zaid,Cotton,656.63,22.2,86.5,Alluvial,Sprinkler,63.61,45.87,154.59,2.64,24360.74,6373.0,408.11760000000004,9942046.743024,41.22517627272139,15.615597073000526,0.0006410148900649375,64312.3536,Lower relative profit,Moderate relative profit/ha
2403,Punjab,Jalandhar,2017,Rabi,Cotton,1065.15,32.1,51.9,Sandy,Drip,341.16,43.01,569.71,4.77,48926.6,43251.0,2717.5167,132958852.57422,75.91757209808499,15.91563356353983,0.00032529612855869465,233379.88199999998,Lower relative profit,Moderate relative profit/ha
2405,Punjab,Jalandhar,2017,Zaid,Cotton,1706.49,20.7,89.6,Sandy,Drip,135.35,49.15,286.28,5.6,44521.28,22560.0,1603.1679999999997,71375091.41503999,78.80396814307672,14.072137168406558,0.00031607665297149045,249319.16799999998,Lower relative profit,Moderate relative profit/ha
2414,Punjab,Bathinda,2017,Zaid,Barley,1696.0,32.5,76.1,Sandy,Drip,133.15,52.24,855.83,3.46,60970.66,36934.0,2961.1718,180544599.01938802,43.15576691632684,12.47276500471874,0.00020456995224783097,210958.4836,Lower relative profit,Moderate relative profit/ha
2415,Punjab,Bathinda,2017,Zaid,Millets,1325.38,30.3,69.7,Black,Tube Well,161.76,31.64,2210.65,1.63,55252.8,53002.0,3603.3595,199095701.7816,23.97575373758849,14.709051372753676,0.0002662136827953276,90062.064,Lower relative profit,Lower relative profit/ha
2421,Punjab,Bathinda,2017,Rabi,Pulses,852.04,26.1,53.1,Alluvial,Canal,448.7,15.27,600.4,3.8,13706.26,23617.0,2281.52,31271106.3152,39.335443037974684,10.35143237841439,0.0007552339134391431,52083.788,Lower relative profit,Moderate relative profit/ha
2423,Punjab,Bathinda,2017,Kharif,Millets,1174.56,36.3,41.7,Sandy,Tube Well,346.67,9.51,497.21,2.5,55061.95,10495.0,1243.0249999999999,68443380.39874999,21.107781420325416,8.443112568130168,0.00015333842277889118,137654.875,Lower relative profit,Lower relative profit/ha
2424,Punjab,Bathinda,2017,Rabi,Pulses,2162.26,29.0,57.5,Alluvial,Rain-fed,251.08,55.94,443.64,5.31,45858.02,19845.0,2355.7284,108029040.08176799,44.732215309710575,8.42414600936169,0.00018370060480940283,243506.0862,Lower relative profit,Moderate relative profit/ha
2425,Punjab,Bathinda,2017,Zaid,Sugarcane,786.74,25.5,81.5,Alluvial,Canal,216.39,44.33,2065.35,1.93,23841.5,44397.0,3986.1254999999996,95035211.10824999,21.496114460018884,11.137883139906158,0.00046716369103899327,46014.095,Lower relative profit,Lower relative profit/ha
2429,Punjab,Bathinda,2017,Zaid,Millets,414.02,18.2,52.1,Red,Canal,429.17,37.86,1099.64,2.39,56285.61,46209.0,2628.1396000000004,147926440.551156,42.02193445127496,17.58239935199789,0.00031237823223374307,134522.6079,Lower relative profit,Moderate relative profit/ha
2431,Maharashtra,Pune,2017,Kharif,Maize,475.76,35.4,82.3,Laterite,Tube Well,373.35,7.27,355.59,8.44,23299.46,50203.0,3001.1795999999995,69925864.04301599,141.18226046851711,16.727755979682126,0.0007179460802817802,196647.44239999997,Lower relative profit,Higher relative profit/ha
2434,Maharashtra,Pune,2017,Zaid,Barley,486.52,30.9,64.8,Sandy,Sprinkler,409.69,41.7,745.62,6.08,46188.7,46695.0,4533.3696,209390448.44351998,62.62573428824334,10.300285244776866,0.00022300444144946418,280827.296,Lower relative profit,Moderate relative profit/ha
2437,Maharashtra,Pune,2017,Kharif,Barley,1948.32,19.0,50.9,Sandy,Canal,62.34,13.98,419.0,6.71,56655.07,44776.0,2811.49,159285162.7543,106.86396181384248,15.926074785967584,0.00028110590607279424,380155.5197,Lower relative profit,Higher relative profit/ha
2447,Maharashtra,Pune,2017,Zaid,Rice,1690.24,21.0,43.1,Red,Sprinkler,121.72,16.17,841.72,7.24,32684.75,50815.0,6094.0528,199182592.25480002,60.37043197262747,8.3384574547828,0.00025511767582076655,236637.59000000003,Lower relative profit,Moderate relative profit/ha
2448,Maharashtra,Pune,2017,Zaid,Cotton,1480.37,35.6,59.9,Black,Rain-fed,93.2,57.57,377.17,6.84,12437.5,29926.0,2579.8428,32086794.825,79.34353209428109,11.599931592731155,0.0009326578165009973,85072.5,Lower relative profit,Moderate relative profit/ha
2449,Maharashtra,Nashik,2017,Zaid,Sugarcane,1781.58,21.8,41.5,Black,Drip,158.88,55.52,181.63,5.67,55954.01,10607.0,1029.8421,57623795.16182101,58.39894290590762,10.299637196809103,0.00018407326296737448,317259.23670000007,Lower relative profit,Moderate relative profit/ha
2459,Maharashtra,Nashik,2017,Kharif,Maize,571.51,31.1,61.4,Alluvial,Tube Well,168.21,54.42,502.78,6.97,25956.39,28168.0,3504.3765999999996,90960965.73647399,56.02450375909941,8.037948889397333,0.00030967129440562935,180916.0383,Lower relative profit,Moderate relative profit/ha
2464,Maharashtra,Nashik,2017,Kharif,Maize,1298.45,23.1,60.1,Black,Canal,441.05,17.08,725.06,7.79,42918.69,47729.0,5648.2173999999995,242414091.643206,65.82765564229167,8.45027671916453,0.00019689036918798145,334336.59510000004,Lower relative profit,Moderate relative profit/ha
2471,Maharashtra,Nagpur,2017,Rabi,Rice,602.44,28.4,52.0,Black,Tube Well,394.09,28.81,580.58,8.26,21609.73,39760.0,4795.5908,103631422.378484,68.483240897034,8.290949261142131,0.00038366741561056666,178496.3698,Lower relative profit,Moderate relative profit/ha
2474,Maharashtra,Nagpur,2017,Rabi,Sugarcane,1773.51,26.2,85.0,Red,Sprinkler,207.55,36.69,968.6,4.12,34666.5,51574.0,3990.632,138341244.22800002,53.245921949205034,12.923767463399281,0.0003728027768421756,142825.98,Lower relative profit,Moderate relative profit/ha
2476,Maharashtra,Nagpur,2017,Kharif,Cotton,722.48,33.7,82.0,Alluvial,Canal,126.8,38.43,163.63,7.12,57024.82,10660.0,1165.0456,66436515.631791994,65.14697793803093,9.149856451970637,0.00016045392956910056,406016.71839999995,Lower relative profit,Moderate relative profit/ha
2480,Maharashtra,Nagpur,2017,Kharif,Barley,1231.22,22.6,59.9,Laterite,Rain-fed,441.12,37.12,2032.58,1.53,21604.95,30902.0,3109.8474,67188097.58463,15.203337630007184,9.936821980396852,0.00045993265341492815,33055.5735,Lower relative profit,Lower relative profit/ha
2482,Maharashtra,Nagpur,2017,Kharif,Pulses,2047.01,26.9,45.8,Laterite,Tube Well,357.29,31.89,134.85,2.04,29789.07,4065.0,275.094,8194794.42258,30.14460511679644,14.776767214115903,0.0004960466108581403,60769.7028,Lower relative profit,Lower relative profit/ha
2487,Maharashtra,Aurangabad,2017,Kharif,Cotton,1936.6,36.1,82.5,Sandy,Canal,309.11,44.43,735.57,1.37,31320.88,12523.0,1007.7309000000001,31563018.591192007,17.024892260423886,12.426928657243712,0.0003967617977925177,42909.60560000001,Lower relative profit,Lower relative profit/ha
2504,Maharashtra,Kolhapur,2017,Zaid,Pulses,1743.0,28.1,49.7,Sandy,Drip,154.44,19.69,304.07,5.3,42344.41,17976.0,1611.571,68241023.16811,59.117966257769595,11.154333256182943,0.00026341926257050086,224425.373,Lower relative profit,Moderate relative profit/ha
2522,Karnataka,Bengaluru,2017,Rabi,Maize,1623.17,25.9,45.9,Alluvial,Canal,75.1,20.57,1902.31,2.03,45263.6,41564.0,3861.6892999999995,174793959.79947996,21.849225415415994,10.763165229268964,0.00023778853713069586,91885.10799999998,Lower relative profit,Lower relative profit/ha
2525,Karnataka,Bengaluru,2017,Rabi,Cotton,2179.32,32.9,40.0,Laterite,Sprinkler,251.1,46.75,348.99,2.67,37103.42,10907.0,931.8033,34573089.197286,31.253044499842403,11.705260112300525,0.00031547658173560617,99066.1314,Lower relative profit,Lower relative profit/ha
2528,Karnataka,Bengaluru,2017,Kharif,Rice,567.1,25.4,46.3,Black,Sprinkler,67.48,27.32,337.59,5.66,22062.55,28238.0,1910.7594,42156224.800469995,83.64584259012412,14.778417418749845,0.0006698417643812635,124874.033,Lower relative profit,Moderate relative profit/ha
2538,Karnataka,Bengaluru,2017,Zaid,Barley,1285.49,24.0,83.6,Laterite,Rain-fed,258.33,22.97,2557.07,1.58,26071.25,45642.0,4040.1706000000004,105332297.75525,17.849335372125125,11.297047703876663,0.000433314386685589,41192.575,Lower relative profit,Lower relative profit/ha
2541,Karnataka,Mysuru,2017,Zaid,Pulses,1139.96,23.1,58.9,Sandy,Tube Well,127.15,18.82,1340.65,1.51,27467.48,17972.0,2024.3815000000002,55604658.363620006,13.40543766083616,8.877773285321961,0.0003232103303732982,41475.8948,Lower relative profit,Lower relative profit/ha
2542,Karnataka,Mysuru,2017,Zaid,Millets,850.11,32.3,82.6,Alluvial,Rain-fed,104.92,18.73,505.83,5.39,42297.41,36198.0,2726.4237,115320661.07261701,71.56159183915545,13.276733179806206,0.0003138899800201999,227983.03990000003,Lower relative profit,Moderate relative profit/ha
2543,Karnataka,Mysuru,2017,Kharif,Barley,1073.32,20.0,47.3,Black,Sprinkler,401.65,35.1,343.34,1.84,25944.9,6239.0,631.7456,16390576.41744,18.1714918156929,9.875810769398315,0.000380645551511022,47738.61600000001,Lower relative profit,Lower relative profit/ha
2554,Karnataka,Mysuru,2017,Kharif,Sugarcane,430.06,35.3,50.0,Laterite,Sprinkler,162.75,37.05,1666.39,1.8,58143.33,33920.0,2999.5020000000004,174401034.62166002,20.355378992912822,11.308543884951566,0.00019449425901391557,104657.994,Lower relative profit,Lower relative profit/ha
2557,Karnataka,Hubli,2017,Rabi,Sugarcane,742.65,25.8,55.1,Red,Drip,149.13,58.93,1095.11,2.94,28732.59,48573.0,3219.6233999999995,92508119.10660599,44.3544484115751,15.08654707876704,0.0005250674261793678,84473.8146,Lower relative profit,Moderate relative profit/ha
2564,Karnataka,Hubli,2017,Zaid,Cotton,1105.52,35.4,60.8,Black,Tube Well,402.29,22.62,821.3,8.08,21661.25,60432.00000000001,6636.103999999999,143746307.76999998,73.58090831608428,9.106548058921321,0.0004204073199340445,175022.9,Lower relative profit,Moderate relative profit/ha
2566,Karnataka,Hubli,2017,Kharif,Sugarcane,1184.81,18.1,70.7,Black,Tube Well,285.83,51.44,117.09,5.26,46645.07,5229.0,615.8934,28728390.755538,44.65795541890853,8.490105592948389,0.00018201506810791343,245353.0682,Lower relative profit,Moderate relative profit/ha
2573,Karnataka,Hubli,2017,Zaid,Cotton,789.09,22.7,56.3,Black,Canal,281.48,30.83,708.56,3.76,52970.13,43755.0,2664.1856,141122257.57612798,61.75200406458169,16.42340533632492,0.000310050312059361,199167.68879999997,Lower relative profit,Moderate relative profit/ha
2574,Karnataka,Hubli,2017,Kharif,Barley,2005.71,26.5,66.8,Black,Rain-fed,109.48,49.54,648.49,1.85,34272.12,16619.0,1199.7065,41116485.13278,25.627226325772178,13.852554770687664,0.00040419311004652366,63403.422,Lower relative profit,Lower relative profit/ha
2575,Karnataka,Belagavi,2017,Zaid,Sugarcane,1620.84,22.3,39.2,Laterite,Rain-fed,355.86,31.31,1162.07,3.54,32845.69,38365.0,4113.7278,135118228.063182,33.01436230175463,9.3260910456934,0.0002839365239607814,116273.7426,Lower relative profit,Lower relative profit/ha
2587,Karnataka,Belagavi,2017,Zaid,Maize,943.4,36.8,85.0,Red,Tube Well,163.53,59.4,115.91,2.5,18542.35,2986.0,289.775,5373109.4712499995,25.76136657751704,10.304546631006817,0.0005557303486886407,46355.875,Lower relative profit,Lower relative profit/ha
2589,Karnataka,Belagavi,2017,Kharif,Pulses,1899.76,23.2,72.7,Alluvial,Tube Well,338.3,7.78,348.55,6.98,61095.9,32248.0,2432.8790000000004,148638932.09610003,92.52044183044039,13.25507762613759,0.00021695527238550525,426449.3820000001,Lower relative profit,Higher relative profit/ha
2590,Karnataka,Belagavi,2017,Zaid,Pulses,595.04,21.8,42.3,Alluvial,Tube Well,153.9,46.94,518.5,2.49,60369.41,12465.0,1291.065,77940832.32165001,24.04050144648023,9.654819858024188,0.0001599290080526576,150319.83090000003,Lower relative profit,Lower relative profit/ha
2596,Karnataka,Mangalore,2017,Rabi,Rice,1891.93,34.4,36.7,Laterite,Sprinkler,230.09,53.95,845.52,5.72,38822.7,53332.00000000001,4836.3744,187761112.41888,63.0759769136153,11.027268691191486,0.0002840417768777413,222065.84399999998,Lower relative profit,Moderate relative profit/ha
2601,Karnataka,Mangalore,2017,Rabi,Wheat,2190.98,24.3,86.6,Laterite,Tube Well,437.01,53.46,878.74,5.12,35373.6,37764.0,4499.1488,159151089.99168,42.97516899196577,8.393587693743314,0.0002372839545238063,181112.832,Lower relative profit,Moderate relative profit/ha
2605,Karnataka,Mangalore,2017,Zaid,Millets,1847.79,20.8,50.2,Black,Sprinkler,222.9,20.91,417.18,6.64,47320.6,36893.0,2770.0751999999998,131081620.50911999,88.43424900522557,13.318410994762887,0.0002814505943450186,314208.784,Lower relative profit,Higher relative profit/ha
2609,Karnataka,Mangalore,2017,Zaid,Pulses,1441.86,19.4,39.4,Laterite,Canal,220.55,36.82,1016.72,1.79,22131.97,19099.0,1819.9288000000001,40278609.603736006,18.78491620111732,10.49436659280297,0.0004741722762502827,39616.2263,Lower relative profit,Lower relative profit/ha
2611,Tamil Nadu,Chennai,2017,Rabi,Barley,756.08,24.9,55.8,Sandy,Rain-fed,216.46,57.7,713.7,1.72,40982.2,9961.0,1227.564,50308273.3608,13.956844612582316,8.11444454219902,0.0001979992421636472,70489.38399999999,Lower relative profit,Lower relative profit/ha
2620,Tamil Nadu,Chennai,2017,Kharif,Wheat,838.22,26.3,65.1,Red,Canal,198.89,10.1,283.43,1.53,15589.28,4133.0,433.6479,6760258.534512,14.582083759658468,9.530773699123182,0.0006113671509603511,23851.5984,Lower relative profit,Lower relative profit/ha
2622,Tamil Nadu,Chennai,2017,Kharif,Millets,1951.38,35.1,46.5,Red,Rain-fed,101.34,6.13,1019.77,3.47,38265.5,35848.0,3538.6019,135406371.00445,35.15302470164841,10.130554669062942,0.00026474382064948696,132781.285,Lower relative profit,Lower relative profit/ha
2623,Tamil Nadu,Chennai,2017,Kharif,Maize,588.05,26.2,38.6,Alluvial,Drip,67.99,6.14,4232.93,1.21,12635.31,55946.0,5121.8453,64716103.137543,13.216849794350484,10.923016358967343,0.0008644834482863771,15288.7251,Lower relative profit,Lower relative profit/ha
2629,Tamil Nadu,Coimbatore,2017,Rabi,Wheat,1297.54,37.5,71.2,Red,Sprinkler,361.54,45.04,296.25,5.77,54154.04,19621.0,1709.3625,92568885.1995,66.23122362869198,11.478548289201385,0.00021196107047971645,312468.8108,Lower relative profit,Moderate relative profit/ha
2630,Tamil Nadu,Coimbatore,2017,Rabi,Pulses,1515.67,36.1,40.8,Red,Sprinkler,443.78,40.07,1268.29,4.06,19431.08,59819.00000000001,5149.2573999999995,100055632.479992,47.16508054151654,11.617014911703581,0.0005978573971031759,78890.1848,Lower relative profit,Moderate relative profit/ha
2631,Tamil Nadu,Coimbatore,2017,Rabi,Sugarcane,1780.97,29.7,59.6,Alluvial,Drip,319.71,22.39,252.37,4.2,39377.79,17462.0,1059.954,41738646.02166,69.19205927804414,16.47429982810575,0.0004183652721015006,165386.718,Lower relative profit,Moderate relative profit/ha
2666,Tamil Nadu,Salem,2017,Kharif,Sugarcane,1494.24,33.4,66.8,Alluvial,Rain-fed,81.92,57.72,686.5,1.29,32105.84,11422.0,885.585,28432450.316400003,16.638018936635106,12.897689098166747,0.0004017240819167711,41416.5336,Lower relative profit,Lower relative profit/ha
2668,Tamil Nadu,Salem,2017,Kharif,Rice,1050.15,25.1,48.7,Alluvial,Sprinkler,437.84,24.59,121.08,5.34,22310.91,8768.0,646.5672,14425502.608151998,72.41493227618103,13.560848740857873,0.0006078124442641682,119140.2594,Lower relative profit,Moderate relative profit/ha
2671,Tamil Nadu,Salem,2017,Kharif,Maize,1141.55,32.3,35.0,Sandy,Sprinkler,73.52,13.29,234.84,5.98,37312.22,23472.0,1404.3432,52399162.433904,99.94890137966274,16.713863106967015,0.0004479460913064678,223127.07559999998,Lower relative profit,Higher relative profit/ha
2673,Tamil Nadu,Salem,2017,Kharif,Millets,2102.94,20.3,54.8,Laterite,Canal,365.82,6.63,920.01,1.3,61605.17,15856.0,1196.013,73680584.18721,17.234595276138304,13.257380981644848,0.0002151991623697305,80086.72099999999,Lower relative profit,Lower relative profit/ha
2674,Tamil Nadu,Salem,2017,Zaid,Cotton,2090.13,27.3,35.6,Sandy,Tube Well,431.9,45.38,696.64,2.81,13272.99,24346.0,1957.5584,25982653.067615997,34.94774919614148,12.436921422114406,0.0009370097786643708,37297.101899999994,Lower relative profit,Lower relative profit/ha
2681,Tamil Nadu,Salem,2017,Kharif,Sugarcane,1575.61,27.0,68.6,Laterite,Rain-fed,176.81,30.0,356.69,8.26,26773.2,29839.0,2946.2594,78880792.16808,83.6552748885587,10.127757250430834,0.0003782796696110601,221146.632,Lower relative profit,Moderate relative profit/ha
2685,Tamil Nadu,Tiruchirappalli,2017,Zaid,Pulses,1100.91,27.7,45.2,Red,Sprinkler,78.95,51.89,123.81,5.23,30094.91,9452.0,647.5263000000001,19487245.721133005,76.34278329698732,14.597090496555891,0.00048503519354455254,157396.37930000003,Lower relative profit,Moderate relative profit/ha
2686,Tamil Nadu,Tiruchirappalli,2017,Rabi,Rice,1061.34,20.8,51.8,Laterite,Sprinkler,186.17,26.36,196.63,5.44,53577.46,17693.0,1069.6672,57310051.62131201,89.98118293241113,16.540658627281456,0.00030872420281367305,291461.38240000006,Lower relative profit,Higher relative profit/ha
2693,Tamil Nadu,Tiruchirappalli,2017,Zaid,Millets,711.62,22.1,49.2,Black,Canal,278.78,9.52,889.06,2.7,23596.55,40076.0,2400.462,56642621.6061,45.07682271162801,16.69511952282519,0.0007075237491423615,63710.685000000005,Lower relative profit,Moderate relative profit/ha
2700,Tamil Nadu,Tiruchirappalli,2017,Rabi,Millets,1810.55,22.6,63.9,Black,Sprinkler,364.05,20.16,402.35,7.04,19403.71,34412.0,2832.5440000000003,54961862.338240005,85.5275257860072,12.148796276421477,0.0006261068773147753,136602.1184,Lower relative profit,Higher relative profit/ha
2704,Rajasthan,Jaipur,2017,Rabi,Millets,2123.76,35.6,46.0,Sandy,Tube Well,250.67,44.19,536.06,2.96,30502.17,19000.0,1586.7376,48398940.020592,35.44379360519345,11.97425459634914,0.0003925705809242142,90286.4232,Lower relative profit,Lower relative profit/ha
2709,Rajasthan,Jaipur,2017,Kharif,Wheat,1623.42,37.9,52.2,Alluvial,Drip,338.12,42.19,723.31,1.27,40621.4,13415.0,918.6036999999999,37314968.33918,18.546681229348412,14.603686007360956,0.0003595072057428093,51589.17800000001,Lower relative profit,Lower relative profit/ha
2711,Rajasthan,Jaipur,2017,Kharif,Maize,670.91,19.9,53.5,Red,Drip,213.21,39.77,1255.53,2.75,47940.01,28881.0,3452.7075,165522832.077075,23.003034575040022,8.3647398454691,0.00017448348144835803,131835.0275,Lower relative profit,Lower relative profit/ha
2718,Rajasthan,Jaipur,2017,Kharif,Millets,1674.04,34.6,87.9,Sandy,Canal,188.3,56.36,581.29,7.66,56016.85,45532.0,4452.6813999999995,249425186.08158997,78.32923325706618,10.22574846697992,0.00018254772388986385,429089.071,Lower relative profit,Moderate relative profit/ha
2719,Rajasthan,Jodhpur,2017,Kharif,Barley,683.68,30.4,75.7,Black,Sprinkler,438.97,40.42,1719.76,2.52,27265.14,54019.00000000001,4333.7952,118161532.85932799,31.41077824812765,12.464594542907799,0.0004571623157962071,68708.1528,Lower relative profit,Lower relative profit/ha
2720,Rajasthan,Jodhpur,2017,Zaid,Rice,1896.42,30.1,68.2,Black,Sprinkler,67.36,29.75,648.42,5.58,19846.03,44924.0,3618.1836,71806580.27110799,69.28225532833657,12.416174790024476,0.000625625114444777,110740.84739999998,Lower relative profit,Moderate relative profit/ha
2722,Rajasthan,Jodhpur,2017,Kharif,Pulses,1476.47,18.9,74.4,Sandy,Tube Well,383.66,15.43,1330.81,2.77,26153.42,38743.0,3686.3437,96410495.05045399,29.112345113126594,10.50987188199516,0.00040185459041284697,72444.9734,Lower relative profit,Lower relative profit/ha
2723,Rajasthan,Jodhpur,2017,Rabi,Rice,855.19,21.1,76.8,Laterite,Sprinkler,419.31,5.41,376.23,5.79,20752.95,36797.0,2178.3717,45207638.97151501,97.80453446030353,16.891974863610283,0.0008139553588097249,120159.58050000001,Lower relative profit,Higher relative profit/ha
2725,Rajasthan,Jodhpur,2017,Zaid,Sugarcane,1372.73,25.4,37.2,Laterite,Tube Well,67.44,7.39,393.99,4.29,45609.22,15897.0,1690.2171,77089483.561662,40.34873981573136,9.405300656347636,0.000206214898135676,195663.5538,Lower relative profit,Moderate relative profit/ha
2729,Rajasthan,Jodhpur,2017,Kharif,Barley,1046.16,34.3,54.9,Black,Tube Well,281.97,23.0,2118.02,1.5,61216.33,54694.00000000001,3177.0299999999997,194486116.8999,25.823174474273145,17.21544964951543,0.0002812231580938523,91824.495,Lower relative profit,Lower relative profit/ha
2730,Rajasthan,Jodhpur,2017,Kharif,Pulses,676.2,29.4,56.7,Red,Canal,158.82,19.1,784.39,1.26,20467.06,17501.0,988.3314,20228238.063684,22.311605196394652,17.707623171741787,0.0008651766874060947,25788.495600000002,Lower relative profit,Lower relative profit/ha
2731,Rajasthan,Jodhpur,2017,Rabi,Cotton,1009.32,27.6,67.3,Alluvial,Rain-fed,197.31,44.62,2320.48,2.15,37687.66,60528.0,4989.032,188024941.74512002,26.084258429290493,12.13221322292581,0.0003219147387480626,81028.46900000001,Lower relative profit,Lower relative profit/ha
2735,Rajasthan,Jodhpur,2017,Rabi,Sugarcane,1586.62,31.1,76.3,Laterite,Tube Well,211.15,42.79,217.83,8.14,35229.99,16948.0,1773.1362000000001,62467570.594638005,77.80379194784923,9.558205398998677,0.00027130877411542486,286772.1186,Lower relative profit,Moderate relative profit/ha
2736,Rajasthan,Jodhpur,2017,Rabi,Barley,1079.11,24.2,65.9,Sandy,Drip,222.57,42.64,123.88,8.26,45590.48,10339.0,1023.2488,46650403.951424,83.45979980626413,10.104091986230523,0.00022162723415569484,376577.36480000004,Lower relative profit,Moderate relative profit/ha
2740,Rajasthan,Udaipur,2017,Kharif,Rice,482.75,20.0,87.6,Sandy,Sprinkler,289.8,45.9,525.98,1.55,32056.71,10706.0,815.269,26134841.90499,20.354386098330735,13.131861998923055,0.0004096447202137417,49687.900499999996,Lower relative profit,Lower relative profit/ha
2742,Rajasthan,Udaipur,2017,Zaid,Pulses,550.09,37.1,69.2,Black,Drip,179.6,49.0,1224.78,3.39,14493.65,56527.0,4152.0042,60177695.67333,46.15277845817208,13.614388925714477,0.0009393347380207524,49133.4735,Lower relative profit,Moderate relative profit/ha
2745,Rajasthan,Udaipur,2017,Zaid,Maize,455.94,30.5,48.2,Black,Canal,89.76,13.35,458.66,2.62,55125.5,14360.0,1201.6892,66243717.9946,31.30859460166572,11.949845267811344,0.0002167752722027255,144428.81,Lower relative profit,Lower relative profit/ha
2749,Rajasthan,Udaipur,2017,Rabi,Sugarcane,862.92,22.4,82.5,Sandy,Canal,413.87,31.45,1926.32,1.73,27087.94,43083.0,3332.5335999999998,90271470.20478399,22.365442917064662,12.928001686164546,0.0004772604223933066,46862.13619999999,Lower relative profit,Lower relative profit/ha
2750,Rajasthan,Udaipur,2017,Rabi,Rice,1237.35,30.5,84.4,Alluvial,Canal,325.98,29.87,753.53,2.23,63270.2,28669.0,1680.3718999999999,106317466.18737999,38.04626225896779,17.061104152003495,0.00026965465814875715,141092.54599999997,Lower relative profit,Moderate relative profit/ha
2752,Rajasthan,Udaipur,2017,Zaid,Rice,1084.79,31.6,36.4,Red,Drip,394.45,52.87,1152.01,3.14,16032.23,37383.0,3617.3114,57993568.346422,32.450239147229624,10.334471065996695,0.0006446059634870942,50341.2022,Lower relative profit,Lower relative profit/ha
2753,Rajasthan,Udaipur,2017,Rabi,Millets,1091.88,25.2,71.1,Black,Sprinkler,67.17,14.02,1179.19,1.92,36768.09,25953.0,2264.0448,83244602.970432,22.00917579016104,11.463112390708876,0.00031176795941015366,70594.7328,Lower relative profit,Lower relative profit/ha
2757,Rajasthan,Kota,2017,Rabi,Cotton,1802.75,19.2,53.8,Laterite,Tube Well,228.94,48.75,112.88,3.09,28955.23,4701.0,348.7992,10099561.059816,41.645995747696674,13.477668526762677,0.00046546577342893415,89471.6607,Lower relative profit,Moderate relative profit/ha
2759,Rajasthan,Kota,2017,Kharif,Cotton,1587.78,34.6,53.7,Laterite,Sprinkler,253.97,22.71,3617.64,1.26,38370.18,43915.0,4558.2264,174899967.448752,12.139129377163012,9.63422966441509,0.00025108638177916,48346.4268,Lower relative profit,Lower relative profit/ha
2763,Rajasthan,Kota,2017,Kharif,Millets,1420.13,36.2,65.6,Laterite,Sprinkler,430.85,39.69,538.87,7.73,53627.7,43930.0,4165.4651,223384312.74327,81.52244511663295,10.54624128287619,0.00019665660251840355,414542.12100000004,Lower relative profit,Moderate relative profit/ha
2765,Rajasthan,Kota,2017,Rabi,Millets,1832.31,26.0,59.1,Alluvial,Sprinkler,410.85,37.15,1757.81,3.16,33152.61,46048.0,5554.6796,184152126.453756,26.19623281242,8.289947092537973,0.00025005413125958934,104762.2476,Lower relative profit,Lower relative profit/ha
2771,Rajasthan,Kota,2017,Kharif,Pulses,1701.11,25.9,72.2,Black,Tube Well,102.35,18.19,479.46,6.55,34064.32,39381.0,3140.4629999999997,106977736.58015999,82.13615317231886,12.539870713331124,0.00036812332415063985,223121.296,Lower relative profit,Moderate relative profit/ha
2772,Rajasthan,Kota,2017,Rabi,Sugarcane,1000.28,37.6,47.4,Laterite,Drip,143.87,22.15,114.57,4.05,20375.99,7666.0,464.00849999999997,9454632.555915,66.91105874138081,16.52124907194588,0.0008108194532852578,82522.7595,Lower relative profit,Moderate relative profit/ha
2774,Rajasthan,Ajmer,2017,Zaid,Barley,708.39,35.4,65.6,Alluvial,Rain-fed,122.78,16.94,1885.74,1.43,26624.71,31383.0,2696.6081999999997,71796411.30862199,16.64227305991282,11.637953188750224,0.0004371109840726988,38073.33529999999,Lower relative profit,Lower relative profit/ha
2779,Rajasthan,Ajmer,2017,Zaid,Pulses,1857.14,23.2,89.0,Black,Canal,310.37,48.83,1179.18,3.23,58822.5,37228.0,3808.7514,224040279.2265,31.5710917756407,9.774331819083807,0.0001661665488390294,189996.675,Lower relative profit,Lower relative profit/ha
2787,Rajasthan,Ajmer,2017,Rabi,Cotton,695.07,36.6,70.6,Black,Drip,164.37,20.3,1421.46,3.08,12733.55,55851.0,4378.0968,55748714.50764,39.29129205183403,12.756913003842216,0.0010018347596579286,39219.333999999995,Lower relative profit,Moderate relative profit/ha
2789,Rajasthan,Ajmer,2017,Rabi,Barley,784.01,33.1,61.9,Sandy,Sprinkler,355.95,32.71,3005.86,1.41,28662.75,54159.0,4238.2626,121480261.33815,18.01780522046935,12.778585262744219,0.00044582551439566057,40414.47749999999,Lower relative profit,Lower relative profit/ha
2791,West Bengal,Kolkata,2017,Zaid,Cotton,1871.15,22.6,38.1,Laterite,Sprinkler,144.55,58.52,2224.89,1.39,19068.5,35737.0,3092.5970999999995,58971187.80134999,16.062367128262522,11.555659804505412,0.0006060078036817481,26505.214999999997,Lower relative profit,Lower relative profit/ha
2797,West Bengal,Kolkata,2017,Rabi,Pulses,1791.14,35.0,81.9,Red,Drip,285.6,39.9,958.26,3.2,48339.58,50520.0,3066.4320000000002,148230034.97856003,52.720556007764074,16.475173752426272,0.0003408216155876048,154686.65600000005,Lower relative profit,Moderate relative profit/ha
2798,West Bengal,Kolkata,2017,Zaid,Sugarcane,1815.77,25.9,49.0,Red,Rain-fed,399.37,57.26,2862.32,1.58,15191.69,46313.0,4522.4656,68703895.430864,16.180231420665752,10.240652797889716,0.0006740956929669916,24002.8702,Lower relative profit,Lower relative profit/ha
2799,West Bengal,Kolkata,2017,Rabi,Wheat,1187.78,19.2,49.4,Laterite,Rain-fed,85.87,36.37,502.53,2.14,19605.61,14671.0,1075.4142,21084151.393662,29.194276958589537,13.64218549466801,0.0006958307083874467,41956.0054,Lower relative profit,Lower relative profit/ha
2801,West Bengal,Kolkata,2017,Rabi,Rice,962.13,32.5,76.1,Alluvial,Canal,58.71,8.28,1835.42,1.36,53901.98,25074.0,2496.1712,134548570.09897602,13.661178367893996,10.044984094039703,0.00018635649551351736,73306.6928,Lower relative profit,Lower relative profit/ha
2804,West Bengal,Kolkata,2017,Zaid,Pulses,925.38,19.7,70.8,Black,Canal,149.92,40.9,4338.59,1.6,21578.92,56637.0,6941.744000000001,149795338.43648002,13.054241124420606,8.158900702762878,0.0003780958779569542,34526.272000000004,Lower relative profit,Lower relative profit/ha
2805,West Bengal,Kolkata,2017,Zaid,Sugarcane,1248.21,29.1,37.7,Laterite,Tube Well,113.34,54.97,253.93,2.95,34021.72,11423.0,749.0935000000001,25485449.310820002,44.98483834127515,15.249097742805136,0.0004482165435141179,100364.07400000001,Lower relative profit,Moderate relative profit/ha
2817,West Bengal,Howrah,2017,Kharif,Millets,657.85,30.8,53.9,Laterite,Tube Well,67.78,12.05,2567.19,1.4,54265.21,39879.0,3594.066,195032746.24385998,15.534105383707477,11.095789559791056,0.00020447335520844858,75971.294,Lower relative profit,Lower relative profit/ha
2820,West Bengal,Howrah,2017,Kharif,Barley,1281.79,36.0,53.6,Red,Rain-fed,86.12,24.53,355.92,7.82,32736.86,48305.0,2783.2944,91116319.11158401,135.71870083164757,17.355332587167204,0.0005301465255729232,256002.2452,Lower relative profit,Higher relative profit/ha
2825,West Bengal,Howrah,2017,Kharif,Barley,1731.15,19.7,58.4,Black,Rain-fed,139.79,24.11,2523.84,1.57,49556.93,47101.0,3962.4288000000006,196365806.67158404,18.66243501965259,11.886901286402924,0.00023986355261318494,77804.38010000001,Lower relative profit,Lower relative profit/ha
2827,West Bengal,Darjeeling,2017,Rabi,Rice,1427.2,28.0,58.4,Alluvial,Tube Well,236.68,42.52,183.2,5.03,47369.92,9457.0,921.496,43651191.80032,51.62117903930131,10.262659848767656,0.00021664929661624203,238270.6976,Lower relative profit,Moderate relative profit/ha
2829,West Bengal,Darjeeling,2017,Kharif,Cotton,1840.7,18.0,51.4,Black,Rain-fed,53.36,58.59,273.14,7.44,20445.4,20387.0,2032.1616,41548356.77664,74.63937907300286,10.032174606586405,0.0004906812586981134,152113.776,Lower relative profit,Moderate relative profit/ha
2832,West Bengal,Darjeeling,2017,Rabi,Rice,1411.93,22.0,70.7,Laterite,Sprinkler,315.85,8.52,604.58,5.99,20669.7,56571.0,3621.4342000000006,74853958.48374002,93.57074332594527,15.6211591529124,0.000755751614823263,123811.50300000003,Lower relative profit,Higher relative profit/ha
2838,West Bengal,Darjeeling,2017,Zaid,Sugarcane,1313.82,36.0,85.0,Alluvial,Drip,412.77,9.06,691.94,5.49,35411.01,46104.0,3798.7506000000003,134517595.484106,66.63005462901407,12.13662197249801,0.0003427358319488207,194406.4449,Lower relative profit,Moderate relative profit/ha
2844,West Bengal,Darjeeling,2017,Zaid,Wheat,1669.85,27.9,37.3,Black,Sprinkler,424.42,12.47,3377.81,1.41,57469.56,48746.0,4762.7121,273710968.79367596,14.431243912475836,10.23492476062116,0.0001780929723599965,81032.07959999998,Lower relative profit,Lower relative profit/ha
2851,West Bengal,Siliguri,2017,Rabi,Wheat,473.59,19.4,66.9,Laterite,Drip,72.24,53.89,271.12,2.73,38842.8,8291.0,740.1576,28749793.625280004,30.580554735910297,11.201668401432343,0.0002883846787932987,106040.84400000001,Lower relative profit,Lower relative profit/ha
2859,West Bengal,Siliguri,2017,Rabi,Maize,1979.42,27.4,54.2,Sandy,Tube Well,173.57,9.39,1695.95,2.82,55719.87,43303.0,4782.579,266484680.14473,25.533181992393644,9.05431985545874,0.00016249714608915526,157130.0334,Lower relative profit,Lower relative profit/ha
2867,West Bengal,Malda,2017,Rabi,Sugarcane,1307.21,22.2,38.7,Alluvial,Drip,283.16,19.25,1685.69,1.64,52248.31,30964.0,2764.5316,144442104.041596,18.368739210649643,11.200450738201004,0.00021436962723198134,85687.22839999999,Lower relative profit,Lower relative profit/ha
2872,West Bengal,Malda,2017,Zaid,Cotton,1245.25,33.1,76.4,Black,Drip,328.03,27.73,570.32,8.43,22028.14,44369.0,4807.7976,105906838.62446399,77.7966755505681,9.228549887374626,0.0004189436732912823,185697.22019999995,Lower relative profit,Moderate relative profit/ha
2875,West Bengal,Malda,2017,Rabi,Sugarcane,553.97,33.3,37.8,Black,Rain-fed,142.9,27.13,237.15,7.8,20401.21,17585.0,1849.77,37737546.2217,74.15138098250053,9.506587305448786,0.00046598154253834874,159129.438,Lower relative profit,Moderate relative profit/ha
2877,West Bengal,Malda,2017,Rabi,Maize,566.28,21.0,75.7,Black,Rain-fed,196.67,33.85,945.83,5.14,60082.82,54145.00000000001,4861.5662,292096606.912684,57.246016726050144,11.137357339698472,0.00018536675441829247,308825.6948,Lower relative profit,Moderate relative profit/ha
2879,West Bengal,Malda,2017,Kharif,Cotton,1111.11,36.7,71.5,Laterite,Drip,207.17,9.29,1091.55,1.32,41367.79,17109.0,1440.846,59604614.75034,15.674041500618387,11.874273864104838,0.0002870415331373718,54605.482800000005,Lower relative profit,Lower relative profit/ha
2888,Uttarakhand,Dehradun,2018,Rabi,Millets,1760.71,30.3,55.6,Laterite,Tube Well,117.57,41.37,225.12,3.73,61296.97,6973.0,839.6976,51470918.596272,30.97459132906894,8.30417998098363,0.00013547455903584844,228637.69809999998,Lower relative profit,Lower relative profit/ha
2895,Uttarakhand,Dehradun,2018,Kharif,Cotton,677.85,32.6,76.7,Red,Sprinkler,344.95,6.05,1201.35,1.39,33777.01,17612.0,1669.8764999999999,56403435.239264995,14.66017397094935,10.546887748884425,0.00031225048483819094,46950.0439,Lower relative profit,Lower relative profit/ha
2896,Uttarakhand,Dehradun,2018,Zaid,Barley,1579.65,34.6,67.5,Sandy,Tube Well,68.72,22.56,199.73,8.31,51959.29,17799.0,1659.7563,86239758.921027,89.11530566264457,10.723863497309816,0.0002063897235183509,431781.69990000007,Lower relative profit,Higher relative profit/ha
2897,Uttarakhand,Dehradun,2018,Rabi,Rice,1002.24,18.6,52.3,Red,Rain-fed,272.84,55.12,2386.46,2.44,15145.76,49611.0,5822.9624,88193190.99942401,20.788531967851963,8.519890150759002,0.0005625264199854614,36955.65440000001,Lower relative profit,Lower relative profit/ha
2900,Uttarakhand,Haridwar,2018,Kharif,Sugarcane,1108.76,32.6,77.2,Laterite,Sprinkler,390.48,48.72,1390.25,2.28,41591.43,42577.0,3169.7699999999995,131835267.07109998,30.62542708146017,13.43220486028955,0.00032295607196697855,94828.46039999998,Lower relative profit,Lower relative profit/ha
2915,Uttarakhand,Haridwar,2018,Zaid,Rice,1183.37,30.4,49.0,Red,Canal,268.97,55.71,567.84,6.67,12120.13,32539.0,3787.4928,45904905.110064,57.30311355311355,8.591171447243411,0.0007088349256355675,80841.2671,Lower relative profit,Moderate relative profit/ha
2921,Uttarakhand,Nainital,2018,Rabi,Pulses,751.07,26.0,77.2,Laterite,Canal,92.73,20.92,1199.56,1.35,15247.18,27930.0,1619.406,24691374.77508,23.283537297008905,17.24706466445104,0.0011311642326286592,20583.693,Lower relative profit,Lower relative profit/ha
2922,Uttarakhand,Nainital,2018,Kharif,Wheat,928.33,22.0,40.5,Black,Tube Well,322.83,51.57,2377.76,2.28,53149.78,43403.0,5421.2928,288140519.635584,18.253734607361547,8.006023950597172,0.00015063136574783886,121181.49839999998,Lower relative profit,Lower relative profit/ha
2932,Uttarakhand,Nainital,2018,Zaid,Pulses,465.01,26.0,62.1,Sandy,Sprinkler,369.14,20.91,720.87,2.59,61204.47,25890.0,1867.0532999999998,114272007.68825099,35.91493611885638,13.866770702261153,0.00022656467251919922,158519.57729999998,Lower relative profit,Lower relative profit/ha
2937,Uttarakhand,Almora,2018,Kharif,Sugarcane,672.1,20.8,81.6,Alluvial,Rain-fed,366.35,54.66,3891.52,1.49,47854.92,51883.00000000001,5798.3648,277480283.634816,13.332322588602914,8.947867509129471,0.0001869790506206984,71303.8308,Lower relative profit,Lower relative profit/ha
2940,Uttarakhand,Almora,2018,Kharif,Wheat,993.46,31.1,89.4,Sandy,Canal,66.72,11.64,178.79,2.78,49757.11,4101.0,497.03619999999995,24731084.877382,22.93752447004866,8.250908082751318,0.00016582370002500782,138324.7658,Lower relative profit,Lower relative profit/ha
2944,Uttarakhand,Almora,2018,Zaid,Cotton,1452.62,31.8,52.7,Red,Tube Well,79.94,14.47,122.05,5.42,12025.84,6773.999999999999,661.511,7955225.44424,55.50184350675952,10.240192528922421,0.0008515157800970594,65180.052800000005,Lower relative profit,Moderate relative profit/ha
2952,Uttarakhand,Almora,2018,Rabi,Barley,1369.97,19.7,44.6,Red,Tube Well,186.18,54.82,701.55,2.7,51195.09,28483.0,1894.185,96972971.55164999,40.600099779060656,15.037073992244686,0.0002937210187977927,138226.743,Lower relative profit,Moderate relative profit/ha
2953,Uttarakhand,Pauri,2018,Kharif,Wheat,689.8,37.2,86.1,Laterite,Drip,390.08,12.38,2618.22,1.84,36080.56,42426.0,4817.5248,173818992.597888,16.20413868964411,8.806597113937016,0.00024408149745838248,66388.2304,Lower relative profit,Lower relative profit/ha
2955,Uttarakhand,Pauri,2018,Rabi,Sugarcane,1518.31,18.6,46.9,Sandy,Canal,429.91,45.48,706.11,5.06,56412.9,55324.0,3572.9166,201558586.86414,78.35039866309782,15.48426851049364,0.0002744809876906459,285449.274,Lower relative profit,Moderate relative profit/ha
2956,Uttarakhand,Pauri,2018,Kharif,Barley,1159.65,27.7,76.0,Red,Canal,238.28,40.52,765.14,1.58,61116.03,10632.0,1208.9212,73884464.326836,13.895496249052462,8.794617879147127,0.00014390034626180932,96563.32740000001,Lower relative profit,Lower relative profit/ha
2959,Uttarakhand,Pauri,2018,Kharif,Maize,1220.78,23.0,59.5,Alluvial,Rain-fed,185.63,14.07,622.59,7.07,39853.63,50368.0,4401.711300000001,175424173.51701903,80.90075330474309,11.442822249610053,0.0002871212045078467,281765.16410000005,Lower relative profit,Moderate relative profit/ha
2967,Uttarakhand,Pauri,2018,Kharif,Rice,1674.4,29.1,69.7,Alluvial,Rain-fed,374.04,48.69,199.59,5.22,46174.64,8577.0,1041.8598,48107501.195471995,42.97309484443108,8.232393648358446,0.0001782882042688031,241031.62079999998,Lower relative profit,Moderate relative profit/ha
2968,Uttarakhand,Pauri,2018,Zaid,Maize,1308.3,26.2,57.9,Alluvial,Sprinkler,73.08,15.02,520.45,4.77,43067.19,22534.0,2482.5465,106916301.799335,43.29714669997117,9.076969958065236,0.00021076299517254867,205430.4963,Lower relative profit,Moderate relative profit/ha
2969,Uttarakhand,Pauri,2018,Zaid,Barley,1201.55,30.6,78.1,Laterite,Drip,446.36,5.77,2605.14,1.21,26053.96,54851.0,3152.2194,82127798.158824,21.05491451515082,17.400755797645303,0.0006678737434787381,31525.2916,Lower relative profit,Lower relative profit/ha
2971,Uttar Pradesh,Lucknow,2018,Zaid,Cotton,1869.0,22.0,37.5,Black,Rain-fed,447.64,11.32,709.06,4.59,51375.94,28118.0,3254.5853999999995,167207384.23527598,39.65531830874679,8.639502899509106,0.00016816242971922472,235815.56459999998,Lower relative profit,Moderate relative profit/ha
2975,Uttar Pradesh,Lucknow,2018,Kharif,Millets,1898.55,23.5,43.3,Red,Tube Well,387.87,55.41,541.5,2.07,61593.83,12216.0,1120.905,69040832.01615,22.559556786703602,10.898336611934107,0.00017693877149601035,127499.2281,Lower relative profit,Lower relative profit/ha
2985,Uttar Pradesh,Lucknow,2018,Kharif,Cotton,1666.85,21.7,80.2,Black,Tube Well,241.3,7.73,723.73,3.01,53124.31,35408.0,2178.4273,115727447.19766298,48.924322606496894,16.25392777624482,0.0003059602614367099,159904.17309999996,Lower relative profit,Moderate relative profit/ha
2989,Uttar Pradesh,Kanpur,2018,Rabi,Maize,1384.49,35.4,44.8,Alluvial,Rain-fed,421.35,48.86,1848.39,2.25,57254.67,55195.00000000001,4158.8775000000005,238115158.83292502,29.861122382181254,13.271609947636112,0.00023179960599958242,128823.0075,Lower relative profit,Lower relative profit/ha
2992,Uttar Pradesh,Kanpur,2018,Zaid,Wheat,2082.33,27.6,57.2,Alluvial,Rain-fed,174.2,56.46,1818.04,1.39,47915.41,33937.0,2527.0755999999997,121085863.47499599,18.666806010868846,13.429356842351691,0.00028027218889187613,66602.4199,Lower relative profit,Lower relative profit/ha
2999,Uttar Pradesh,Kanpur,2018,Rabi,Rice,1190.35,24.0,88.7,Red,Sprinkler,142.74,28.97,1104.43,4.42,40022.14,56141.99999999999,4881.5806,195371302.194484,50.833461604628624,11.500783168468015,0.00028736052516102373,176897.8588,Lower relative profit,Moderate relative profit/ha
3003,Uttar Pradesh,Kanpur,2018,Kharif,Pulses,1287.0,35.4,64.6,Red,Sprinkler,439.36,11.98,1018.26,5.54,45880.28,46735.0,5641.1604,258818018.67691198,45.896922200616736,8.284642996501217,0.00018057089007523966,254176.75119999997,Lower relative profit,Moderate relative profit/ha
3004,Uttar Pradesh,Kanpur,2018,Kharif,Wheat,975.44,25.0,41.2,Red,Rain-fed,142.05,22.71,1885.17,1.44,50655.92,23540.0,2714.6448,137512829.817216,12.48693751757136,8.671484387202334,0.00017118402720160512,72944.5248,Lower relative profit,Lower relative profit/ha
3011,Uttar Pradesh,Varanasi,2018,Rabi,Millets,1501.88,32.2,72.9,Sandy,Rain-fed,109.03,24.56,2298.33,2.36,27351.4,56279.99999999999,5424.0588,148355601.86232,24.487345159311324,10.375993711572594,0.0003793587791327901,64549.304000000004,Lower relative profit,Lower relative profit/ha
3026,Uttar Pradesh,Agra,2018,Zaid,Wheat,2056.57,22.5,71.0,Alluvial,Tube Well,134.47,16.96,1535.12,2.22,20731.37,39629.0,3407.9664000000002,70651812.385968,25.814920006253583,11.62834234515927,0.0005609056393841445,46023.6414,Lower relative profit,Lower relative profit/ha
3040,Uttar Pradesh,Agra,2018,Kharif,Rice,1953.56,25.2,39.0,Laterite,Rain-fed,53.56,41.69,1438.54,2.17,63290.33,36274.0,3121.6317999999997,197569106.760494,25.215843841672807,11.620204535333093,0.00018360157918805435,137340.0161,Lower relative profit,Lower relative profit/ha
3046,Uttar Pradesh,Meerut,2018,Kharif,Sugarcane,1127.81,26.5,59.2,Alluvial,Tube Well,250.56,46.98,255.57,1.75,18542.44,6768.000000000001,447.2475,8293059.9339,26.481981453222215,15.132560830412693,0.0008161040742433409,32449.27,Lower relative profit,Lower relative profit/ha
3048,Uttar Pradesh,Meerut,2018,Zaid,Wheat,589.72,26.1,64.7,Sandy,Sprinkler,54.53,18.72,762.34,1.63,18319.4,17359.0,1242.6142,22763946.575480003,22.770679749193274,13.969742177419187,0.0007625654867200446,29860.622000000003,Lower relative profit,Lower relative profit/ha
3052,Uttar Pradesh,Meerut,2018,Zaid,Maize,1963.89,35.9,87.9,Red,Canal,89.72,48.56,1299.1,1.51,34037.99,16969.0,1961.6409999999998,66770316.74158999,13.062119929181742,8.650410549126981,0.0002541398757425742,51397.3649,Lower relative profit,Lower relative profit/ha
3053,Uttar Pradesh,Meerut,2018,Kharif,Rice,981.54,27.6,68.7,Sandy,Sprinkler,282.77,55.78,186.54,2.19,44601.81,5407.0,408.52259999999995,18220847.385905996,28.985740323791145,13.235497864744817,0.000296747998898359,97677.96389999999,Lower relative profit,Lower relative profit/ha
3058,Uttar Pradesh,Meerut,2018,Rabi,Rice,2001.56,36.8,43.4,Red,Canal,363.87,16.4,762.4,4.51,47987.08,60655.99999999999,3438.4239999999995,164999927.56192,79.55928646379853,17.640640014146015,0.00036761228260077537,216421.7308,Lower relative profit,Moderate relative profit/ha
3068,Punjab,Ludhiana,2018,Kharif,Sugarcane,1547.84,21.1,57.9,Black,Canal,140.33,37.9,526.44,7.04,24647.45,36399.0,3706.1376000000005,91346841.18912001,69.14178253932072,9.821275928880782,0.00039847026482986203,173518.048,Lower relative profit,Moderate relative profit/ha
3070,Punjab,Ludhiana,2018,Kharif,Maize,2140.35,25.3,59.5,Black,Drip,227.52,9.46,1574.97,1.52,36953.39,31083.0,2393.9544,88464730.585416,19.73561401169546,12.98395658664175,0.00035136036468215096,56169.1528,Lower relative profit,Lower relative profit/ha
3078,Punjab,Ludhiana,2018,Zaid,Wheat,1677.29,35.5,65.4,Black,Rain-fed,433.71,51.85,468.09,4.27,26848.47,21411.0,1998.7442999999996,53663226.37622099,45.74120361468948,10.712225670887468,0.0003989883099814428,114642.9669,Lower relative profit,Moderate relative profit/ha
3080,Punjab,Amritsar,2018,Zaid,Wheat,1559.6,35.9,83.5,Sandy,Rain-fed,100.52,9.03,488.25,7.92,25870.71,33055.0,3866.94,100040483.3274,67.70097286226319,8.54810263412414,0.0003304162365131896,204896.0232,Lower relative profit,Moderate relative profit/ha
3081,Punjab,Amritsar,2018,Rabi,Rice,1530.24,24.8,43.2,Red,Rain-fed,161.63,42.92,2015.46,2.27,56811.56,59259.0,4575.0942000000005,259918238.648952,29.40222083296121,12.952520190731809,0.00022799092633139822,128962.2412,Lower relative profit,Lower relative profit/ha
3082,Punjab,Amritsar,2018,Rabi,Sugarcane,1770.25,22.7,87.1,Alluvial,Canal,350.83,19.87,3983.3,1.27,13787.83,56839.0,5058.791,69749750.31353,14.269324429493134,11.235688527159947,0.0008148989744695103,17510.5441,Lower relative profit,Lower relative profit/ha
3092,Punjab,Amritsar,2018,Kharif,Pulses,1484.82,35.6,43.2,Red,Canal,380.4,13.81,1282.94,1.79,29454.16,29534.0,2296.4626000000003,67640376.85441601,23.02056214632017,12.860649243754283,0.00043663269445654815,52722.94640000001,Lower relative profit,Lower relative profit/ha
3095,Punjab,Amritsar,2018,Zaid,Wheat,1496.56,21.7,59.2,Red,Drip,145.38,31.46,648.47,5.94,36133.24,54604.99999999999,3851.9118000000003,139182053.528232,84.20590004163645,14.176077448086945,0.0003923278800375207,214631.4456,Lower relative profit,Higher relative profit/ha
3098,Punjab,Patiala,2018,Rabi,Pulses,1216.9,22.5,74.7,Alluvial,Canal,89.82,57.85,3945.89,1.72,42898.75,60069.00000000001,6786.9308,291150847.6565,15.223181588944449,8.85068697031654,0.00020631573111842513,73785.84999999999,Lower relative profit,Lower relative profit/ha
3112,Punjab,Patiala,2018,Rabi,Wheat,916.23,36.4,63.5,Black,Rain-fed,68.03,12.91,572.85,2.53,26325.97,25707.0,1449.3105,38154504.743685,44.875621890547265,17.73739995673805,0.0006737605473506978,66604.7041,Lower relative profit,Moderate relative profit/ha
3114,Punjab,Patiala,2018,Zaid,Pulses,1689.71,22.4,79.4,Alluvial,Sprinkler,426.02,39.33,686.27,1.38,35865.7,9081.0,947.0525999999999,33966704.43581999,13.232401241493873,9.588696551807155,0.0002673500461947531,49494.66599999999,Lower relative profit,Lower relative profit/ha
3120,Punjab,Jalandhar,2018,Rabi,Cotton,1810.17,23.4,58.8,Laterite,Rain-fed,173.73,19.16,4883.74,1.3,59141.38,53166.0,6348.862,375480460.10956,10.88632892004898,8.374099169268446,0.0001415945852002176,76883.79400000001,Lower relative profit,Lower relative profit/ha
3124,Punjab,Jalandhar,2018,Rabi,Cotton,832.48,24.8,36.2,Laterite,Tube Well,397.21,56.13,446.13,4.83,15771.28,26565.0,2154.8079,33984078.737112,59.545423979557526,12.328245130343175,0.0007816895730938246,76175.2824,Lower relative profit,Moderate relative profit/ha
3126,Punjab,Jalandhar,2018,Rabi,Barley,1249.26,21.2,51.9,Sandy,Sprinkler,200.3,27.73,1344.5,3.34,32125.4,54760.0,4490.63,144263285.002,40.72889550018594,12.194280089876031,0.00037958375895322797,107298.83600000001,Lower relative profit,Moderate relative profit/ha
3129,Punjab,Jalandhar,2018,Zaid,Cotton,2047.81,24.0,64.2,Red,Tube Well,418.33,59.58,198.07,1.24,47009.13,2909.0,245.6068,11545761.990084,14.686726914727117,11.8441346086509,0.0002519539206245872,58291.3212,Lower relative profit,Lower relative profit/ha
3133,Punjab,Bathinda,2018,Rabi,Rice,1458.99,30.0,84.2,Laterite,Sprinkler,115.47,51.12,718.28,5.41,46378.09,39271.0,3885.8948,180220378.76493198,54.67366486606895,10.106037868034925,0.00021790543483000112,250905.46689999997,Lower relative profit,Moderate relative profit/ha
3141,Punjab,Bathinda,2018,Zaid,Wheat,822.56,36.5,79.6,Black,Sprinkler,266.12,48.34,1018.26,4.59,48111.23,51703.0,4673.8134,224862911.464482,50.77583328422996,11.062273046673194,0.00022993120414242565,220830.54570000002,Lower relative profit,Moderate relative profit/ha
3143,Punjab,Bathinda,2018,Kharif,Maize,900.75,20.1,89.7,Laterite,Drip,275.7,8.55,647.31,2.61,48058.75,23348.0,1689.4790999999998,81194253.69712499,36.069271291962124,13.819644173165566,0.0002875572954595275,125433.3375,Lower relative profit,Lower relative profit/ha
3147,Punjab,Bathinda,2018,Rabi,Rice,612.37,31.9,66.5,Sandy,Canal,170.21,54.56,293.19,1.7,17669.88,4763.0,498.423,8807074.599240001,16.24543811180463,9.55614006576743,0.0005408152214824,30038.796000000006,Lower relative profit,Lower relative profit/ha
3148,Punjab,Bathinda,2018,Zaid,Cotton,1182.36,25.1,54.2,Alluvial,Rain-fed,440.91,40.94,234.72,2.58,24215.88,9772.0,605.5776,14664594.492287999,41.632583503749146,16.13666027277099,0.0006663668746612136,62476.9704,Lower relative profit,Moderate relative profit/ha
3154,Maharashtra,Pune,2018,Kharif,Millets,698.33,27.8,49.1,Sandy,Tube Well,365.38,26.1,3121.22,1.58,12954.64,58162.0,4931.5276,63886164.708064005,18.634380146224874,11.793911484952451,0.0009104005580203271,20468.331200000004,Lower relative profit,Lower relative profit/ha
3155,Maharashtra,Pune,2018,Rabi,Barley,964.29,34.7,50.5,Alluvial,Canal,347.46,31.73,464.11,4.95,19458.45,24941.0,2297.3445,44702763.08602501,53.739415224838936,10.856447520169482,0.0005579297179461613,96319.32750000001,Lower relative profit,Moderate relative profit/ha
3157,Maharashtra,Pune,2018,Kharif,Rice,923.99,25.9,79.0,Red,Sprinkler,177.14,9.34,1126.62,2.73,15344.31,27049.0,3075.6726,47194073.83290599,24.00898262058192,8.794499128418286,0.0005731439946415502,41889.9663,Lower relative profit,Lower relative profit/ha
3162,Maharashtra,Pune,2018,Rabi,Sugarcane,1343.59,24.7,81.6,Black,Rain-fed,287.42,55.96,359.71,7.88,28593.89,25086.0,2834.5148,81049804.39457199,69.73951238497679,8.850191927027511,0.00030951339349166945,225319.85319999998,Lower relative profit,Moderate relative profit/ha
3163,Maharashtra,Pune,2018,Kharif,Wheat,1902.17,34.6,39.6,Red,Drip,382.02,44.12,251.6,6.94,62713.28,19887.0,1746.104,109503909.06112,79.04213036565977,11.389355960469707,0.00018160995502818075,435230.1632,Lower relative profit,Moderate relative profit/ha
3170,Maharashtra,Nashik,2018,Kharif,Cotton,1778.36,33.0,62.2,Black,Tube Well,301.66,34.15,396.87,3.73,14312.24,16704.0,1480.3251,21186768.109224,42.089349157154736,11.284007816931565,0.0007884166152140801,53384.655199999994,Lower relative profit,Moderate relative profit/ha
3179,Maharashtra,Nashik,2018,Zaid,Wheat,563.09,31.4,44.1,Sandy,Canal,352.14,48.87,398.06,2.78,17089.94,9014.0,1106.6068,18911843.815592,22.64482741295282,8.145621371565763,0.00047663253186177153,47510.0332,Lower relative profit,Lower relative profit/ha
3183,Maharashtra,Nashik,2018,Kharif,Millets,738.41,20.9,38.3,Laterite,Sprinkler,109.27,22.94,1451.95,1.54,41127.73,39024.0,2236.003,91961727.66319,26.876958572953612,17.45257050191793,0.00042435044438187883,63336.7042,Lower relative profit,Lower relative profit/ha
3187,Maharashtra,Nagpur,2018,Zaid,Barley,896.66,35.2,72.6,Red,Sprinkler,238.12,39.31,126.04,3.26,58829.62,7304.000000000001,410.8904,24172526.093648,57.94985718819423,17.77602981232952,0.00030216122103677564,191784.5612,Lower relative profit,Moderate relative profit/ha
3188,Maharashtra,Nagpur,2018,Kharif,Sugarcane,503.83,27.4,42.0,Alluvial,Canal,311.94,36.73,883.05,4.52,25932.92,36465.0,3991.3859999999995,103508293.82711998,41.29437744182096,9.135924212792249,0.00035229061026649717,117216.79839999999,Lower relative profit,Moderate relative profit/ha
3191,Maharashtra,Nagpur,2018,Kharif,Pulses,1648.24,37.2,54.8,Laterite,Sprinkler,177.84,25.34,374.82,2.58,20321.06,12263.0,967.0356,19651188.449736003,32.71703751133877,12.681022291216578,0.0006240335047097237,52428.33480000001,Lower relative profit,Lower relative profit/ha
3195,Maharashtra,Nagpur,2018,Rabi,Cotton,1206.53,28.2,81.1,Alluvial,Rain-fed,131.23,36.2,839.18,3.9,57090.87,45909.0,3272.8019999999997,186847113.51773998,54.70697585738459,14.02742970702169,0.00024570355482447,222654.39299999998,Lower relative profit,Moderate relative profit/ha
3201,Maharashtra,Nagpur,2018,Rabi,Maize,983.91,30.2,74.3,Laterite,Tube Well,111.42,5.89,128.26,6.88,24993.42,14428.0,882.4287999999999,22054913.618495997,112.49025417121473,16.35032764116493,0.000654185287214192,171954.7296,Lower relative profit,Higher relative profit/ha
3204,Maharashtra,Nagpur,2018,Rabi,Wheat,568.06,33.9,66.9,Black,Canal,117.89,30.53,346.84,6.22,31182.67,28555.0,2157.3448,67271770.97461599,82.32902779379542,13.23617810189637,0.0004244722501920576,193956.20739999998,Lower relative profit,Moderate relative profit/ha
3208,Maharashtra,Aurangabad,2018,Zaid,Maize,682.21,23.7,71.6,Black,Rain-fed,293.86,30.1,3062.07,1.26,18535.5,52379.0,3858.2082,71513818.0911,17.10574872553534,13.575991052012174,0.0007324318767776523,23354.73,Lower relative profit,Lower relative profit/ha
3213,Maharashtra,Aurangabad,2018,Zaid,Barley,1722.92,35.5,64.0,Alluvial,Drip,59.25,59.61,493.45,6.94,28961.76,45906.0,3424.543,99180792.47568,93.03070219880433,13.405000316830595,0.0004628517160846094,200994.6144,Lower relative profit,Higher relative profit/ha
3219,Maharashtra,Aurangabad,2018,Zaid,Cotton,478.61,31.3,40.4,Laterite,Sprinkler,445.62,19.29,1215.56,2.39,50015.29,50196.0,2905.1884,145303840.330636,41.29454736911383,17.278053292516244,0.00034545542558118216,119536.5431,Lower relative profit,Moderate relative profit/ha
3222,Maharashtra,Aurangabad,2018,Kharif,Rice,1670.86,34.6,66.9,Black,Tube Well,214.17,31.46,3171.79,1.23,33135.8,33250.0,3901.3017,129272752.87086001,10.48303954549324,8.522796378449788,0.0002572081065931647,40757.03400000001,Lower relative profit,Lower relative profit/ha
3223,Maharashtra,Kolhapur,2018,Kharif,Barley,1951.19,35.1,70.0,Alluvial,Canal,64.55,48.97,469.8,5.62,13921.76,45071.0,2640.2760000000003,36757288.80576,95.9365687526607,17.070563834993006,0.0012261785747630333,78240.2912,Lower relative profit,Higher relative profit/ha
3227,Maharashtra,Kolhapur,2018,Rabi,Wheat,1749.07,19.2,64.3,Alluvial,Drip,317.13,46.31,422.05,2.06,38218.45,8811.0,869.423,33227999.45435,20.876673379931287,10.134307465986062,0.0002651679350153149,78730.007,Lower relative profit,Lower relative profit/ha
3240,Maharashtra,Kolhapur,2018,Rabi,Wheat,1736.37,22.2,73.0,Black,Canal,383.1,13.58,901.34,5.85,54089.85,51804.99999999999,5272.839,285207070.58415,57.475536423547155,9.824878021119172,0.00018163995687026625,316425.6225,Lower relative profit,Moderate relative profit/ha
3242,Karnataka,Bengaluru,2018,Rabi,Wheat,1519.09,36.9,74.7,Black,Drip,305.38,56.3,1985.67,2.79,35520.59,54254.0,5540.0193,196784754.14738697,27.322767630069446,9.793106677444246,0.0002757022526214865,99102.44609999999,Lower relative profit,Lower relative profit/ha
3247,Karnataka,Bengaluru,2018,Kharif,Millets,2123.94,25.2,53.2,Black,Rain-fed,139.55,57.87,446.32,5.93,42429.0,41660.0,2646.6776,112295883.89039999,93.34110055565513,15.740489132488218,0.0003709842120363011,251603.97,Lower relative profit,Higher relative profit/ha
3252,Karnataka,Bengaluru,2018,Kharif,Maize,722.17,36.2,72.2,Sandy,Tube Well,240.29,15.69,475.88,7.64,20666.49,38544.0,3635.7232,75137637.155568,80.99520887618728,10.601467130391004,0.0005129786011263162,157891.9836,Lower relative profit,Moderate relative profit/ha
3258,Karnataka,Bengaluru,2018,Rabi,Rice,1695.86,19.1,49.9,Laterite,Rain-fed,158.84,5.08,497.76,8.41,32787.2,49063.0,4186.1616,137252517.61152,98.56758277081325,11.720283325899315,0.0003574652097739153,275740.352,Lower relative profit,Higher relative profit/ha
3263,Karnataka,Mysuru,2018,Zaid,Wheat,2082.2,34.1,55.8,Alluvial,Drip,190.65,8.09,646.61,7.35,34887.03,43807.0,4752.5835,165803523.142005,67.74872024868158,9.217512959004297,0.0002642103085015921,256419.67049999998,Lower relative profit,Moderate relative profit/ha
3271,Karnataka,Mysuru,2018,Zaid,Wheat,1422.22,31.4,44.2,Alluvial,Drip,374.1,16.91,618.58,7.82,33640.6,50105.0,4837.2956,162729526.36136,81.00003233211548,10.358060400526277,0.00030790355702711237,263069.492,Lower relative profit,Moderate relative profit/ha
3274,Karnataka,Mysuru,2018,Zaid,Maize,1290.12,29.3,40.1,Sandy,Canal,396.15,39.43,455.96,8.34,20508.32,60448.0,3802.7063999999996,77987119.717248,132.57303272216862,15.896047088989043,0.0007751023530444738,171039.3888,Lower relative profit,Higher relative profit/ha
3278,Karnataka,Hubli,2018,Rabi,Millets,717.95,38.0,36.8,Sandy,Sprinkler,73.49,9.59,416.05,6.94,57836.87,25766.000000000004,2887.387,166997426.55869,61.93005648359573,8.923639262765954,0.00015428980272905423,401387.8778,Lower relative profit,Moderate relative profit/ha
3282,Karnataka,Hubli,2018,Rabi,Sugarcane,1649.42,23.1,78.3,Sandy,Rain-fed,86.56,33.74,120.5,2.08,46341.55,2854.0,250.64000000000001,11615046.092000002,23.684647302904565,11.386849664857962,0.00024571577050957425,96390.42400000001,Lower relative profit,Lower relative profit/ha
3284,Karnataka,Hubli,2018,Kharif,Wheat,1307.63,22.3,62.2,Red,Drip,96.96,22.58,917.49,3.53,48115.68,49144.0,3238.7396999999996,155834163.008496,53.563526577946355,15.173803563157609,0.00031536088782612256,169848.3504,Lower relative profit,Moderate relative profit/ha
3295,Karnataka,Belagavi,2018,Kharif,Rice,777.46,19.1,39.1,Sandy,Sprinkler,321.11,56.85,317.39,6.52,42225.96,33057.0,2069.3828,87381675.337488,104.15261980528688,15.97432819099492,0.0003783058618677922,275313.2592,Lower relative profit,Higher relative profit/ha
3297,Karnataka,Belagavi,2018,Kharif,Wheat,951.03,21.7,62.9,Red,Tube Well,330.44,48.72,618.47,1.62,34339.99,9926.0,1001.9214000000001,34405970.856786,16.049282907820913,9.906964757914142,0.0002884964368922106,55630.7838,Lower relative profit,Lower relative profit/ha
3299,Karnataka,Belagavi,2018,Kharif,Wheat,1619.25,36.9,83.9,Laterite,Canal,353.88,33.54,1979.64,1.43,15635.26,47683.0,2830.8852,44261626.132152006,24.086702632801924,16.843847994966378,0.0010772988741451295,22358.421800000004,Lower relative profit,Lower relative profit/ha
3302,Karnataka,Belagavi,2018,Zaid,Sugarcane,1955.18,33.6,47.3,Red,Drip,427.1,44.33,472.02,7.93,14905.55,41340.0,3743.1186,55793241.44822999,87.5810347019194,11.044266671112158,0.0007409499596534284,118201.01149999998,Lower relative profit,Higher relative profit/ha
3305,Karnataka,Belagavi,2018,Rabi,Millets,956.51,18.1,38.1,Black,Drip,324.42,10.88,453.62,5.05,35731.82,35534.0,2290.781,81853774.35142,78.33428861161325,15.511740319131336,0.00043411559554288963,180445.691,Lower relative profit,Moderate relative profit/ha
3307,Karnataka,Belagavi,2018,Kharif,Pulses,634.52,27.1,83.2,Alluvial,Tube Well,85.77,53.85,604.32,5.4,23938.08,56591.99999999999,3263.3280000000004,78117806.73024002,93.64575059571087,17.341805665872382,0.0007244443023781515,129265.63200000001,Lower relative profit,Higher relative profit/ha
3308,Karnataka,Belagavi,2018,Kharif,Maize,1763.93,19.3,56.8,Black,Canal,304.89,13.59,2761.77,1.33,23412.44,45870.0,3673.1541,85997499.977004,16.608913848727447,12.487905149419133,0.0005333875986193294,31138.545200000004,Lower relative profit,Lower relative profit/ha
3313,Karnataka,Mangalore,2018,Kharif,Sugarcane,499.2,35.3,67.3,Red,Sprinkler,424.75,48.61,1537.74,1.2,28398.17,26530.0,1845.288,52402802.32296,17.25259146539727,14.377159554497727,0.0005062706348506867,34077.804,Lower relative profit,Lower relative profit/ha
3323,Karnataka,Mangalore,2018,Zaid,Cotton,1053.99,25.4,35.8,Red,Rain-fed,273.97,7.8,811.22,5.71,12978.62,56814.0,4632.0662,60117827.02464401,70.03525554103696,12.265368746241148,0.0009450441376849885,74107.92020000001,Lower relative profit,Moderate relative profit/ha
3325,Karnataka,Mangalore,2018,Rabi,Maize,869.93,19.1,63.7,Red,Canal,155.65,28.68,1555.92,1.5,56310.07,28435.000000000004,2333.88,131420946.1716,18.275361201090032,12.183574134060022,0.00021636581403752512,84465.105,Lower relative profit,Lower relative profit/ha
3327,Karnataka,Mangalore,2018,Kharif,Barley,735.66,21.7,36.5,Laterite,Sprinkler,280.4,21.45,439.39,3.9,47985.27,15358.000000000002,1713.6209999999999,82228566.36266999,34.953003026923696,8.962308468441973,0.0001867720754398584,187142.55299999999,Lower relative profit,Lower relative profit/ha
3329,Karnataka,Mangalore,2018,Rabi,Maize,1842.44,26.5,71.4,Red,Tube Well,191.58,57.37,769.43,1.64,56559.1,14925.0,1261.8651999999997,71369960.03331998,19.397476053702093,11.827729301037863,0.00020912159671985345,92756.92399999998,Lower relative profit,Lower relative profit/ha
3330,Karnataka,Mangalore,2018,Kharif,Millets,1076.84,27.3,79.9,Red,Drip,202.97,23.2,333.91,3.11,30708.55,16041.0,1038.4601,31889603.903855,48.03989098858974,15.446910285720174,0.0005030165958900754,95503.59049999999,Lower relative profit,Moderate relative profit/ha
3331,Tamil Nadu,Chennai,2018,Kharif,Maize,1041.13,35.7,83.4,Red,Drip,281.58,14.38,2216.46,1.26,39611.25,39898.0,2792.7396,110623906.4805,18.000776012199633,14.286330168412409,0.00036066345213575456,49910.174999999996,Lower relative profit,Lower relative profit/ha
3334,Tamil Nadu,Chennai,2018,Rabi,Wheat,1721.11,28.8,79.7,Sandy,Drip,140.8,54.57,1518.59,1.96,34830.59,37942.0,2976.4363999999996,103671035.90947598,24.985018997886197,12.747458672390918,0.00036598457483467603,68267.9564,Lower relative profit,Lower relative profit/ha
3336,Tamil Nadu,Chennai,2018,Rabi,Pulses,2085.17,23.5,81.7,Black,Sprinkler,286.44,59.36,670.15,3.46,39021.24,37064.0,2318.719,90479290.59155999,55.30702081623517,15.984688097177795,0.0004096407007357479,135013.49039999998,Lower relative profit,Moderate relative profit/ha
3338,Tamil Nadu,Chennai,2018,Zaid,Barley,724.1,26.2,44.0,Sandy,Canal,240.35,14.21,1395.91,2.87,52070.44,39688.0,4006.2617000000005,208607809.47414804,28.431632411831707,9.906492129558085,0.00019025174608776276,149442.16280000002,Lower relative profit,Lower relative profit/ha
3340,Tamil Nadu,Chennai,2018,Zaid,Sugarcane,670.56,29.5,62.9,Alluvial,Sprinkler,203.86,43.23,520.66,5.82,34867.08,52502.0,3030.2412,105655662.339696,100.8373986862828,17.326013519979863,0.0004969161030972442,202926.40560000003,Lower relative profit,Higher relative profit/ha
3343,Tamil Nadu,Chennai,2018,Kharif,Barley,623.8,20.2,89.9,Red,Rain-fed,234.51,55.89,935.82,4.45,25532.94,55748.0,4164.399,106329349.80306001,59.57128507618986,13.386805635098845,0.0005242955035769028,113621.583,Lower relative profit,Moderate relative profit/ha
3347,Tamil Nadu,Chennai,2018,Kharif,Wheat,1751.9,31.4,50.5,Red,Tube Well,429.2,49.35,1004.46,5.05,21035.07,43908.0,5072.523,106700876.38161,43.713039842303324,8.656047493525412,0.0004115055235625748,106227.1035,Lower relative profit,Moderate relative profit/ha
3348,Tamil Nadu,Chennai,2018,Kharif,Wheat,2069.51,34.2,60.2,Black,Tube Well,355.64,28.87,1087.92,3.11,22342.78,30237.0,3383.4312,75595258.946736,27.793403926759318,8.936785828539975,0.000399985401482715,69486.04579999999,Lower relative profit,Lower relative profit/ha
3356,Tamil Nadu,Coimbatore,2018,Kharif,Pulses,849.87,24.3,80.5,Red,Sprinkler,218.7,33.41,828.36,8.11,53142.98,56615.0,6717.999599999999,357014518.38280797,68.34588826114249,8.427359834912762,0.0001585789851248982,430989.56779999996,Lower relative profit,Moderate relative profit/ha
3365,Tamil Nadu,Coimbatore,2018,Zaid,Cotton,634.95,23.3,35.2,Black,Sprinkler,190.56,51.6,2533.01,1.65,18388.74,53472.0,4179.4665,76855122.80721001,21.110062731690753,12.79397741314591,0.0006957506285447458,30341.421000000002,Lower relative profit,Lower relative profit/ha
3366,Tamil Nadu,Coimbatore,2018,Kharif,Pulses,1821.07,29.8,65.1,Black,Sprinkler,78.65,26.89,631.29,1.22,24409.81,11713.0,770.1737999999999,18799796.124978,18.55407182119153,15.208255591140599,0.0006230386713841934,29779.9682,Lower relative profit,Lower relative profit/ha
3372,Tamil Nadu,Madurai,2018,Rabi,Barley,2070.59,34.6,57.4,Alluvial,Drip,439.51,42.07,427.51,3.7,64121.5,19622.0,1581.787,101426555.1205,45.89834155926177,12.404957178178856,0.00019346018384128346,237249.55,Lower relative profit,Moderate relative profit/ha
3373,Tamil Nadu,Madurai,2018,Rabi,Cotton,925.37,25.5,68.0,Sandy,Tube Well,330.95,10.03,514.65,2.75,52234.8,24004.0,1415.2875,73927259.505,46.64140678130769,16.96051155683916,0.00032469754946585724,143645.69999999998,Lower relative profit,Moderate relative profit/ha
3375,Tamil Nadu,Madurai,2018,Zaid,Maize,1863.17,24.2,73.7,Alluvial,Sprinkler,431.04,37.36,1948.12,1.57,49322.82,50617.0,3058.5484,150856232.19448802,25.9824856785003,16.549353935350506,0.00033553138152584355,77436.82740000001,Lower relative profit,Lower relative profit/ha
3389,Tamil Nadu,Salem,2018,Zaid,Pulses,1362.89,27.6,35.0,Black,Rain-fed,337.83,24.7,620.93,5.4,47634.39,34050.0,3353.022,159719157.62658,54.83709918992479,10.15501836850459,0.00021318669911600822,257225.70600000003,Lower relative profit,Moderate relative profit/ha
3394,Tamil Nadu,Salem,2018,Zaid,Pulses,917.08,20.6,70.9,Sandy,Drip,202.12,7.66,2750.29,1.43,16041.61,38410.0,3932.9147,63090283.780667,13.965799970184962,9.76629368544403,0.0006088100686554548,22939.5023,Lower relative profit,Lower relative profit/ha
3395,Tamil Nadu,Salem,2018,Kharif,Cotton,2052.2,21.3,35.5,Red,Rain-fed,59.43,42.08,898.21,1.34,25043.05,14266.999999999998,1203.6014,30141850.04027,15.883813362131347,11.853592061292051,0.0004733286105842559,33557.687,Lower relative profit,Lower relative profit/ha
3396,Tamil Nadu,Salem,2018,Kharif,Barley,1344.35,30.4,67.9,Red,Canal,65.34,9.38,930.1,2.79,16742.12,44274.0,2594.9790000000003,43445449.81548,47.60133318997957,17.06140974551239,0.0010190710462899795,46710.5148,Lower relative profit,Moderate relative profit/ha
3402,Tamil Nadu,Salem,2018,Zaid,Cotton,1727.37,26.2,72.1,Black,Sprinkler,224.24,21.65,353.82,7.57,62002.68,41614.0,2678.4174000000003,166069056.95863202,117.61347577864451,15.53678676071922,0.0002505825032195257,469360.2876000001,Lower relative profit,Higher relative profit/ha
3405,Tamil Nadu,Tiruchirappalli,2018,Zaid,Rice,840.75,33.3,77.6,Black,Rain-fed,235.28,20.03,532.23,7.55,28816.47,47187.0,4018.3365,115794273.202155,88.65903838566034,11.74291899147819,0.00040750719957989963,217564.3485,Lower relative profit,Higher relative profit/ha
3406,Tamil Nadu,Tiruchirappalli,2018,Zaid,Wheat,1764.78,31.4,52.3,Laterite,Canal,157.77,44.18,482.59,1.63,44691.57,11499.0,786.6216999999999,35155358.76906899,23.827679811019706,14.618208473018226,0.0003270909586084854,72847.2591,Lower relative profit,Lower relative profit/ha
3409,Tamil Nadu,Tiruchirappalli,2018,Rabi,Maize,1803.33,32.6,46.6,Black,Sprinkler,280.0,56.37,334.37,4.65,38315.03,12673.0,1554.8205,59572994.102115,37.90112749349523,8.150780106128007,0.0002127306204935245,178164.8895,Lower relative profit,Moderate relative profit/ha
3412,Tamil Nadu,Tiruchirappalli,2018,Zaid,Sugarcane,1901.74,34.2,67.7,Sandy,Sprinkler,290.94,47.51,1116.85,1.42,48148.05,13947.0,1585.9269999999997,76359292.49234998,12.487800510363972,8.794225711523925,0.0001826496755636817,68370.23099999999,Lower relative profit,Lower relative profit/ha
3416,Tamil Nadu,Tiruchirappalli,2018,Zaid,Millets,1042.03,27.0,53.1,Black,Canal,367.87,35.37,256.14,2.16,37738.77,9328.0,553.2624,20879442.463247996,36.4175841336769,16.859992654480045,0.00044675522425558775,81515.74319999998,Lower relative profit,Lower relative profit/ha
3417,Tamil Nadu,Tiruchirappalli,2018,Zaid,Cotton,1120.7,35.9,85.1,Red,Tube Well,404.67,58.95,1119.97,1.35,33141.72,16022.0,1511.9595000000002,50108938.400340006,14.30574033233033,10.596844690615058,0.0003197433534112007,44741.32200000001,Lower relative profit,Lower relative profit/ha
3419,Tamil Nadu,Tiruchirappalli,2018,Zaid,Rice,2036.07,31.1,76.2,Alluvial,Tube Well,50.17,8.72,383.83,2.63,33070.88,17260.0,1009.4728999999999,33384157.139151994,44.96782429721492,17.09803205217297,0.0005170117049250873,86976.4144,Lower relative profit,Moderate relative profit/ha
3423,Rajasthan,Jaipur,2018,Kharif,Barley,1977.3,32.2,49.7,Laterite,Tube Well,429.76,35.24,218.58,3.37,41479.63,10780.0,736.6146000000001,30554501.060598,49.31832738585415,14.634518512122892,0.00035281217581070257,139786.3531,Lower relative profit,Moderate relative profit/ha
3424,Rajasthan,Jaipur,2018,Kharif,Maize,782.07,35.0,51.5,Laterite,Tube Well,384.71,18.87,1475.79,2.04,32181.33,47891.0,3010.6116,96885485.40142801,32.45109399033738,15.907399014871263,0.000494305207860311,65649.91320000001,Lower relative profit,Lower relative profit/ha
3425,Rajasthan,Jaipur,2018,Zaid,Sugarcane,1284.6,27.1,64.2,Alluvial,Sprinkler,297.42,8.98,699.02,2.06,15178.04,13837.0,1439.9812,21856092.252848,19.79485565505994,9.609153230611621,0.000633095790405851,31266.7624,Lower relative profit,Lower relative profit/ha
3429,Rajasthan,Jaipur,2018,Kharif,Cotton,1371.88,35.1,52.3,Alluvial,Rain-fed,136.88,7.36,121.85,3.51,23342.37,4553.0,427.6935,9983379.923594998,37.365613459171115,10.64547391999177,0.00045605797183369864,81931.71869999998,Lower relative profit,Moderate relative profit/ha
3432,Rajasthan,Jaipur,2018,Kharif,Pulses,1312.52,19.8,79.1,Red,Sprinkler,120.11,26.36,1203.11,3.01,13546.87,56735.0,3621.3610999999996,49058108.044757,47.15695156718837,15.666761318002782,0.001156485691381314,40776.078700000005,Lower relative profit,Moderate relative profit/ha
3433,Rajasthan,Jaipur,2018,Kharif,Wheat,1363.48,31.8,74.2,Alluvial,Tube Well,402.22,9.35,914.7,3.88,13096.99,39201.0,3549.036,46481689.00164,42.856674319449,11.04553461841469,0.0008433643622248082,50816.3212,Lower relative profit,Moderate relative profit/ha
3437,Rajasthan,Jaipur,2018,Zaid,Barley,1388.66,24.7,70.0,Laterite,Tube Well,166.73,15.22,944.73,4.55,61045.33,57529.99999999999,4298.5215,262404663.479595,60.89570565135011,13.3836715717253,0.00021924153037956057,277756.2515,Lower relative profit,Moderate relative profit/ha
3438,Rajasthan,Jaipur,2018,Rabi,Sugarcane,1624.93,29.5,39.9,Alluvial,Canal,300.6,26.22,1200.31,2.38,47407.81,29972.000000000004,2856.7378,135431682.84221798,24.970216027526227,10.491687406523624,0.00022130715184952914,112830.5878,Lower relative profit,Lower relative profit/ha
3449,Rajasthan,Jodhpur,2018,Kharif,Cotton,1121.68,30.2,63.4,Black,Rain-fed,182.43,46.94,2119.89,2.5,37263.2,46222.0,5299.724999999999,197484712.61999997,21.80396152630561,8.721584610522244,0.00023405355982637684,93158.0,Lower relative profit,Lower relative profit/ha
3455,Rajasthan,Jodhpur,2018,Rabi,Pulses,1335.6,23.6,89.1,Alluvial,Rain-fed,334.01,42.08,759.88,4.67,19179.52,44090.0,3548.6396,68061204.180992,58.02231931357583,12.424479510401676,0.0006477992937467505,89568.35840000001,Lower relative profit,Moderate relative profit/ha
3466,Rajasthan,Udaipur,2018,Zaid,Cotton,1120.0,22.3,63.4,Laterite,Rain-fed,293.59,53.81,500.06,5.58,30557.67,49111.0,2790.3348,85266130.007916,98.2102147742271,17.60039691294392,0.0005759731325373932,170511.7986,Lower relative profit,Higher relative profit/ha
3473,Rajasthan,Udaipur,2018,Zaid,Barley,1872.31,32.6,35.1,Black,Rain-fed,185.78,40.93,644.98,6.9,32149.55,42383.0,4450.362,143077135.6371,65.71211510434432,9.523494942658598,0.00029622482873503973,221831.89500000002,Lower relative profit,Moderate relative profit/ha
3474,Rajasthan,Udaipur,2018,Kharif,Cotton,1812.5,31.6,35.3,Red,Rain-fed,439.24,23.97,2903.55,1.49,59502.56,54013.0,4326.2895,257425300.55111998,18.60240050972086,12.484832556859637,0.00020982009104918574,88658.81439999999,Lower relative profit,Lower relative profit/ha
3475,Rajasthan,Kota,2018,Rabi,Barley,491.11,36.8,79.5,Black,Canal,239.22,31.65,880.74,3.3,37397.84,31647.000000000004,2906.442,108694652.88527998,35.93228421554602,10.888570974407886,0.0002911550767212194,123412.87199999997,Lower relative profit,Lower relative profit/ha
3477,Rajasthan,Kota,2018,Rabi,Millets,953.31,33.4,39.4,Sandy,Tube Well,55.74,19.53,3896.95,1.53,20161.04,59311.0,5962.3335,120206844.18684,15.219851422266132,9.947615308670674,0.0004934078454618747,30846.391200000002,Lower relative profit,Lower relative profit/ha
3479,Rajasthan,Kota,2018,Rabi,Pulses,1024.68,24.6,57.7,Sandy,Tube Well,179.51,26.13,2748.97,1.38,62693.94,59263.0,3793.5785999999994,237834389.13368398,21.558256365111298,15.621924902254564,0.0002491775904059398,86517.6372,Lower relative profit,Lower relative profit/ha
3480,Rajasthan,Kota,2018,Rabi,Maize,1584.12,24.2,88.5,Red,Drip,239.19,17.33,351.23,2.48,30674.58,10498.0,871.0504000000001,26719105.178832006,29.88924636278222,12.052115468863798,0.00039290237939244144,76072.95840000002,Lower relative profit,Lower relative profit/ha
3484,Rajasthan,Kota,2018,Zaid,Maize,919.86,30.3,68.8,Laterite,Tube Well,388.86,53.97,3622.12,1.79,12307.86,58866.99999999999,6483.5948,79799177.095128,16.25208441465219,9.079376767962119,0.0007376893113800545,22031.0694,Lower relative profit,Lower relative profit/ha
3496,Rajasthan,Ajmer,2018,Zaid,Maize,1466.35,28.9,86.8,Black,Rain-fed,65.09,14.41,838.66,3.83,50269.03,28528.0,3212.0678,161467532.60023397,34.01616864998927,8.881506174931925,0.00017667948187844335,192530.38489999998,Lower relative profit,Lower relative profit/ha
3498,Rajasthan,Ajmer,2018,Rabi,Maize,1879.5,37.8,53.4,Black,Canal,312.06,13.46,925.44,1.46,28936.51,20595.0,1351.1424,39097345.569024,22.254279045643152,15.242656880577503,0.0005267621036737846,42247.304599999996,Lower relative profit,Lower relative profit/ha
3503,Rajasthan,Ajmer,2018,Rabi,Barley,401.74,31.5,35.6,Laterite,Rain-fed,150.75,53.65,1914.33,1.95,54787.16,30443.0,3732.9435,204517372.80546,15.902691803398579,8.155226565845425,0.00014885288023408085,106834.96200000001,Lower relative profit,Lower relative profit/ha
3506,Rajasthan,Ajmer,2018,Kharif,Sugarcane,1087.24,22.8,67.5,Sandy,Tube Well,354.71,48.83,545.46,3.4,50093.25,30292.0,1854.564,92901138.09300001,55.534777985553475,16.333758231045138,0.0003260670495734483,170317.05000000002,Lower relative profit,Moderate relative profit/ha
3508,Rajasthan,Ajmer,2018,Kharif,Cotton,645.46,23.2,67.7,Alluvial,Drip,118.32,18.19,828.45,6.25,53021.88,44308.0,5177.8125,274537353.03749996,53.48301044118534,8.557281670589655,0.00016139151743751177,331386.74999999994,Lower relative profit,Moderate relative profit/ha
3512,West Bengal,Kolkata,2018,Kharif,Rice,2029.19,18.1,45.4,Laterite,Drip,306.78,7.19,363.39,3.0,61284.17,12828.0,1090.17,66810163.6089,35.30091637084124,11.766972123613748,0.0001920067143540289,183852.51,Lower relative profit,Lower relative profit/ha
3517,West Bengal,Kolkata,2018,Zaid,Cotton,533.94,24.2,85.8,Sandy,Drip,124.21,59.3,1333.04,3.9,35467.09,42957.0,5198.856,184388293.64903998,32.22483946468223,8.262779349918521,0.00023297032121661295,138321.65099999998,Lower relative profit,Lower relative profit/ha
3521,West Bengal,Kolkata,2018,Kharif,Maize,1021.65,36.2,42.1,Sandy,Tube Well,122.76,43.4,1036.33,1.24,12237.36,15694.999999999998,1285.0492,15725609.678112,15.144789787036947,12.213540150836247,0.0009980535140615497,15174.326400000002,Lower relative profit,Lower relative profit/ha
3528,West Bengal,Kolkata,2018,Zaid,Pulses,668.84,34.8,49.7,Alluvial,Sprinkler,367.95,7.37,418.3,6.13,61601.63,34193.0,2564.179,157957606.01177,81.74276834807554,13.334872487451149,0.0002164694747111586,377617.9919,Lower relative profit,Moderate relative profit/ha
3533,West Bengal,Howrah,2018,Zaid,Maize,1657.54,31.8,75.3,Laterite,Rain-fed,372.24,55.46,947.64,1.42,42127.33,13563.999999999998,1345.6488,56688591.061704,14.313452365877335,10.079896032307984,0.00023927213123423635,59820.808600000004,Lower relative profit,Lower relative profit/ha
3535,West Bengal,Howrah,2018,Kharif,Rice,1055.98,28.4,60.1,Red,Canal,176.6,26.29,175.55,4.34,63233.3,8821.0,761.8870000000001,48176629.237100005,50.24779265166619,11.577832408218015,0.00018309707714476417,274432.522,Lower relative profit,Moderate relative profit/ha
3536,West Bengal,Howrah,2018,Zaid,Cotton,1340.3,24.9,39.0,Black,Canal,211.26,36.17,690.16,6.45,61360.59,56717.99999999999,4451.532,273148629.92388,82.1809435493219,12.7412315580344,0.00020764519307970151,395775.8055,Lower relative profit,Moderate relative profit/ha
3537,West Bengal,Howrah,2018,Kharif,Pulses,1801.19,28.8,41.3,Red,Drip,435.85,11.72,488.44,6.38,21230.8,47520.0,3116.2472,66160421.05375999,97.28932929326018,15.249111174492192,0.0007182541955315952,135452.504,Lower relative profit,Higher relative profit/ha
3539,West Bengal,Howrah,2018,Zaid,Pulses,787.81,35.0,37.0,Red,Rain-fed,130.03,54.32,1015.77,1.25,19686.67,19473.0,1269.7125,24996410.982375,19.170678401606665,15.33654272128533,0.0007790318383599324,24608.3375,Lower relative profit,Lower relative profit/ha
3541,West Bengal,Howrah,2018,Zaid,Wheat,578.44,18.3,86.2,Red,Canal,344.15,38.72,1264.0,1.74,58186.72,39217.0,2199.36,127973544.49920002,31.026107594936708,17.83109631892914,0.00030644614989346606,101244.89280000002,Lower relative profit,Lower relative profit/ha
3543,West Bengal,Howrah,2018,Rabi,Millets,1943.72,24.1,39.2,Red,Canal,333.99,52.5,1358.78,2.3,30864.92,44875.0,3125.1939999999995,96458862.79447998,33.02594974903958,14.35910858653895,0.00046522422823512744,70989.31599999999,Lower relative profit,Lower relative profit/ha
3546,West Bengal,Howrah,2018,Kharif,Millets,1295.84,28.3,71.5,Sandy,Sprinkler,232.21,32.92,156.7,1.22,48631.79,1787.0,191.17399999999998,9297133.82146,11.403956604977665,9.347505413916119,0.0001922097750034724,59330.7838,Lower relative profit,Lower relative profit/ha
3552,West Bengal,Darjeeling,2018,Zaid,Pulses,1037.6,28.5,36.5,Sandy,Drip,64.77,50.73,338.47,5.64,41065.13,16094.0,1908.9708,78392134.068204,47.5492658138092,8.430720888973262,0.0002053012102719086,231607.3332,Lower relative profit,Moderate relative profit/ha
3563,West Bengal,Darjeeling,2018,Zaid,Wheat,905.25,33.7,50.9,Black,Tube Well,318.56,54.05,2053.53,1.75,62806.35,33828.0,3593.6775000000002,225705766.85212502,16.473097544228718,9.413198596702124,0.0001498765426856062,109911.1125,Lower relative profit,Lower relative profit/ha
3566,West Bengal,Siliguri,2018,Rabi,Sugarcane,1603.62,27.0,50.1,Laterite,Canal,126.08,38.36,410.62,1.51,24363.76,6783.0,620.0362,15106413.168111999,16.51892260484146,10.939683844265867,0.0004490145956234123,36789.277599999994,Lower relative profit,Lower relative profit/ha
3570,West Bengal,Siliguri,2018,Kharif,Rice,1821.09,35.9,43.8,Alluvial,Canal,352.2,28.46,2075.89,1.23,39721.17,35965.0,2553.3446999999996,101421838.89729898,17.32509911411491,14.085446434239765,0.0003546080448848754,48857.039099999995,Lower relative profit,Lower relative profit/ha
3572,West Bengal,Siliguri,2018,Kharif,Maize,1759.83,22.4,80.0,Black,Sprinkler,150.22,40.12,303.38,6.01,50260.65,26001.0,1823.3138,91640936.74197,85.70439712571692,14.260299022581851,0.00028372691205907306,302066.5065,Lower relative profit,Higher relative profit/ha
3577,West Bengal,Siliguri,2018,Kharif,Pulses,892.07,19.7,46.5,Red,Canal,361.5,35.8,629.45,5.95,51896.44,56496.0,3745.2275000000004,194363974.24010003,89.75454762093891,15.08479791948553,0.0002906711504582112,308783.818,Lower relative profit,Higher relative profit/ha
3583,West Bengal,Malda,2018,Rabi,Rice,1286.68,23.1,39.7,Sandy,Drip,201.14,6.41,3655.92,1.65,50605.72,57613.0,6032.268,305267265.37296003,15.75882404428981,9.550802451084733,0.00018872970192074595,83499.43800000001,Lower relative profit,Lower relative profit/ha
3588,West Bengal,Malda,2018,Rabi,Pulses,992.62,26.0,51.4,Laterite,Tube Well,425.64,14.97,340.56,5.42,35215.81,20889.0,1845.8352,65002581.694511995,61.33720930232558,11.316828284561915,0.000321356467011888,190869.69019999998,Lower relative profit,Moderate relative profit/ha
3595,West Bengal,Malda,2018,Zaid,Millets,1920.54,22.7,64.0,Alluvial,Tube Well,248.1,8.47,198.26,5.87,23421.53,10187.0,1163.7862,27257653.396886,51.38202360536669,8.753325997507103,0.00037372989712914154,137484.3811,Lower relative profit,Moderate relative profit/ha
3601,Uttarakhand,Dehradun,2019,Zaid,Rice,1887.98,24.7,59.5,Sandy,Drip,362.88,58.24,2309.64,1.39,36179.16,46652.0,3210.3995999999997,116149560.792336,20.198818863545835,14.531524362263191,0.00040165455367850413,50289.032400000004,Lower relative profit,Lower relative profit/ha
3605,Uttarakhand,Dehradun,2019,Rabi,Wheat,1048.68,28.7,74.9,Red,Tube Well,197.88,15.79,301.45,7.76,54485.44,23776.0,2339.252,127455174.49088,78.87211809586996,10.16393274431314,0.00018654401514079982,422807.0144,Lower relative profit,Moderate relative profit/ha
3608,Uttarakhand,Dehradun,2019,Kharif,Maize,1961.59,29.6,43.1,Red,Canal,293.93,12.71,474.21,5.68,21270.75,33585.0,2693.5128,57293037.390599996,70.82305307775037,12.468847372843374,0.0005861968841175499,120817.86,Lower relative profit,Moderate relative profit/ha
3609,Uttarakhand,Dehradun,2019,Kharif,Barley,1483.69,27.7,84.5,Black,Sprinkler,73.9,36.85,1114.53,4.7,58367.18,46851.0,5238.291,305744273.68938,42.03655352480418,8.943947558468974,0.00015323590343869575,274325.746,Lower relative profit,Moderate relative profit/ha
3611,Uttarakhand,Dehradun,2019,Kharif,Pulses,2092.42,27.8,58.4,Alluvial,Rain-fed,223.83,59.32,398.46,5.78,32577.14,19218.0,2303.0987999999998,75028372.041432,48.2306881493751,8.344409714424758,0.00025614310263039536,188295.8692,Lower relative profit,Moderate relative profit/ha
3612,Uttarakhand,Dehradun,2019,Rabi,Wheat,411.04,37.4,72.5,Black,Drip,328.79,52.86,2651.97,1.78,49139.1,47232.0,4720.5066,231961445.86806,17.810156223486693,10.00570574353185,0.0002036200448020385,87467.598,Lower relative profit,Lower relative profit/ha
3617,Uttarakhand,Dehradun,2019,Kharif,Wheat,1523.32,23.8,68.5,Alluvial,Sprinkler,195.57,51.45,1058.49,3.15,44211.31,33595.0,3334.2435,147411272.993985,31.738608772874567,10.075748816785577,0.00022789980248912725,139265.62649999998,Lower relative profit,Lower relative profit/ha
3620,Uttarakhand,Haridwar,2019,Rabi,Cotton,1141.24,29.0,73.6,Alluvial,Rain-fed,179.08,58.99,576.61,4.15,50807.64,23044.0,2392.9315,121579202.19666001,39.96462080088795,9.630029108647697,0.00018953899666758183,210851.706,Lower relative profit,Moderate relative profit/ha
3624,Uttarakhand,Haridwar,2019,Kharif,Pulses,1271.32,33.8,68.5,Black,Canal,377.56,34.94,1039.47,1.37,35966.34,14328.0,1424.0739,51218726.072526,13.783947588674998,10.061275612171531,0.0002797414363588714,49273.8858,Lower relative profit,Lower relative profit/ha
3626,Uttarakhand,Haridwar,2019,Zaid,Cotton,2155.1,32.5,54.2,Laterite,Canal,311.53,55.83,169.86,1.62,15810.53,2479.0,275.17320000000007,4350634.133796001,14.59437183562934,9.0088715034749,0.0005698019929423555,25613.058600000004,Lower relative profit,Lower relative profit/ha
3631,Uttarakhand,Haridwar,2019,Zaid,Barley,1749.02,36.6,42.5,Red,Sprinkler,320.71,49.74,745.4,4.03,53758.0,53958.00000000001,3003.962,161486989.196,72.38797960826403,17.9622778184278,0.0003341321815995349,216644.74000000002,Lower relative profit,Moderate relative profit/ha
3637,Uttarakhand,Nainital,2019,Rabi,Pulses,1734.08,36.1,66.5,Red,Drip,349.09,46.23,511.97,3.68,16827.02,20950.0,1884.0496000000003,31702940.300192006,40.920366427720374,11.119664790141405,0.0006608219869080446,61923.43360000001,Lower relative profit,Moderate relative profit/ha
3641,Uttarakhand,Nainital,2019,Rabi,Wheat,793.62,35.7,50.4,Black,Canal,76.14,5.86,666.28,2.74,26929.64,20125.0,1825.6072000000001,49162944.677408,30.205018910968363,11.023729529550495,0.00040935302252649857,73787.2136,Lower relative profit,Lower relative profit/ha
3645,Uttarakhand,Nainital,2019,Rabi,Millets,702.21,26.9,57.2,Laterite,Rain-fed,137.11,27.6,228.82,1.49,17998.67,3089.0,340.9418,6136498.9474059995,13.49969408268508,9.060197370929584,0.0005033814926841586,26818.0183,Lower relative profit,Lower relative profit/ha
3650,Uttarakhand,Nainital,2019,Kharif,Wheat,2044.31,27.9,52.7,Red,Rain-fed,197.58,55.73,2063.19,2.53,27975.51,52733.00000000001,5219.8706999999995,146028544.96655697,25.5589645161134,10.102357516250358,0.0003611143287915165,70778.04029999998,Lower relative profit,Lower relative profit/ha
3662,Uttarakhand,Almora,2019,Zaid,Millets,1154.87,30.5,59.8,Sandy,Rain-fed,142.75,14.36,264.39,5.39,64539.74,25284.0,1425.0620999999999,91973137.417854,95.63145353455124,17.7423847002878,0.0002749063553755841,347869.1986,Lower relative profit,Higher relative profit/ha
3663,Uttarakhand,Almora,2019,Rabi,Barley,1697.21,37.8,45.7,Alluvial,Rain-fed,121.75,25.6,105.24,6.52,14208.85,11621.0,686.1647999999999,9749612.718479998,110.42379323451159,16.936164606520187,0.00119194478135248,92641.70199999999,Lower relative profit,Higher relative profit/ha
3664,Uttarakhand,Almora,2019,Zaid,Cotton,890.55,25.0,47.0,Black,Canal,150.02,54.88,453.73,7.81,13444.41,29527.0,3543.6313,47642032.086033,65.07614660701297,8.33241313790179,0.0006197678542905036,105000.8421,Lower relative profit,Moderate relative profit/ha
3665,Uttarakhand,Almora,2019,Rabi,Barley,1285.01,32.9,51.4,Red,Canal,429.06,27.66,1300.27,2.56,56334.88,30618.0,3328.6912,187521419.309056,23.54741707491521,9.198209794888752,0.0001632773477974703,144217.29280000002,Lower relative profit,Lower relative profit/ha
3667,Uttarakhand,Almora,2019,Rabi,Maize,459.05,34.5,84.6,Red,Sprinkler,136.8,48.45,321.73,4.52,20923.73,13719.0,1454.2196,30427698.271107998,42.64134522736456,9.433925935257646,0.00045087209284662183,94575.25959999999,Lower relative profit,Moderate relative profit/ha
3669,Uttarakhand,Almora,2019,Zaid,Millets,2119.75,36.1,77.0,Black,Drip,256.37,11.49,412.33,2.71,46604.52,10863.0,1117.4143,52076557.09263599,26.345402953944657,9.721550905514635,0.00020859673923290348,126298.24919999998,Lower relative profit,Lower relative profit/ha
3671,Uttarakhand,Almora,2019,Zaid,Cotton,1390.47,30.2,65.2,Red,Rain-fed,213.9,20.33,637.26,8.03,20973.72,46302.0,5117.1978,107326673.84181601,72.65794181338858,9.048311558329834,0.0004314118600958644,168418.97160000002,Lower relative profit,Moderate relative profit/ha
3675,Uttarakhand,Pauri,2019,Rabi,Maize,827.79,27.0,45.3,Sandy,Rain-fed,351.2,26.83,1415.76,3.58,64511.47,60679.99999999999,5068.4208,326971276.386576,42.86037181443182,11.972170897885983,0.00018558205072502585,230951.0626,Lower relative profit,Moderate relative profit/ha
3684,Uttarakhand,Pauri,2019,Rabi,Cotton,1973.26,24.6,43.7,Sandy,Sprinkler,379.29,45.78,717.21,3.0,50631.93,22518.0,2151.63,108941179.5459,31.396662065503826,10.465554021834608,0.00020669869826875272,151895.79,Lower relative profit,Lower relative profit/ha
3686,Uttarakhand,Pauri,2019,Kharif,Wheat,1461.14,28.1,76.3,Laterite,Drip,289.92,35.87,405.75,1.34,23016.36,6492.0,543.705,12514110.0138,16.0,11.940298507462686,0.0005187744068767905,30841.922400000003,Lower relative profit,Lower relative profit/ha
3687,Uttarakhand,Pauri,2019,Zaid,Cotton,1799.88,24.6,42.0,Laterite,Drip,243.56,38.13,766.82,4.77,54254.76,54482.00000000001,3657.7314,198449339.251464,71.04926840718814,14.895024823309882,0.0002745385810076366,258795.2052,Lower relative profit,Moderate relative profit/ha
3688,Uttarakhand,Pauri,2019,Kharif,Maize,2012.17,20.0,52.3,Sandy,Tube Well,189.32,13.03,345.9,1.9,44780.47,9059.0,657.2099999999999,29430172.688699998,26.189650187915586,13.784026414692413,0.00030781334842381984,85082.893,Lower relative profit,Lower relative profit/ha
3695,Uttar Pradesh,Lucknow,2019,Rabi,Wheat,1728.31,21.9,72.4,Laterite,Rain-fed,439.53,21.32,607.58,4.25,34780.74,23747.0,2582.215,89811348.5391,39.084564995556136,9.196368234248503,0.0002644097921507278,147818.145,Lower relative profit,Moderate relative profit/ha
3702,Uttar Pradesh,Lucknow,2019,Rabi,Cotton,1023.83,20.4,65.6,Black,Rain-fed,279.16,42.77,589.9,5.32,46153.45,55605.99999999999,3138.268,144841895.2246,94.2634344804204,17.718690691808344,0.0003839082602017476,245536.354,Lower relative profit,Higher relative profit/ha
3704,Uttar Pradesh,Lucknow,2019,Zaid,Millets,1646.2,35.0,39.5,Black,Tube Well,90.19,50.43,1661.72,2.96,35991.79,40325.0,4918.6912,177032500.74524802,24.267024528801482,8.198319097568069,0.00022778303322974676,106535.69840000001,Lower relative profit,Lower relative profit/ha
3708,Uttar Pradesh,Lucknow,2019,Rabi,Cotton,1284.52,23.2,83.9,Red,Canal,403.4,38.41,804.72,3.85,25078.45,28524.0,3098.172,77697351.5934,35.44586937071279,9.206719317068258,0.00036711676028894363,96552.0325,Lower relative profit,Lower relative profit/ha
3711,Uttar Pradesh,Kanpur,2019,Kharif,Barley,753.92,31.5,38.1,Black,Sprinkler,253.78,40.55,886.27,6.72,21860.31,54548.0,5955.734399999999,130194200.26166399,61.54783530978145,9.158904063955573,0.0004189741162845162,146901.28319999998,Lower relative profit,Moderate relative profit/ha
3713,Uttar Pradesh,Kanpur,2019,Kharif,Barley,845.02,25.2,86.2,Laterite,Tube Well,331.45,41.16,825.35,3.64,46299.14,53724.0,3004.2740000000003,139095302.52436,65.09238504876718,17.88252336504593,0.00038623878035414763,168528.8696,Lower relative profit,Moderate relative profit/ha
3718,Uttar Pradesh,Kanpur,2019,Kharif,Millets,1916.74,20.9,85.0,Laterite,Tube Well,270.1,57.36,2523.66,1.44,13197.28,57346.0,3634.0703999999996,47959844.608512,22.723346251079782,15.78010156324985,0.001195708628084715,19004.0832,Lower relative profit,Lower relative profit/ha
3722,Uttar Pradesh,Kanpur,2019,Kharif,Maize,650.48,29.8,80.3,Alluvial,Rain-fed,85.22,43.5,3129.1,1.23,43012.57,44488.0,3848.7929999999997,165546478.32801,14.217506631299734,11.558948480731493,0.00026873419748532797,52905.4611,Lower relative profit,Lower relative profit/ha
3729,Uttar Pradesh,Varanasi,2019,Zaid,Maize,565.64,25.7,35.9,Sandy,Canal,223.53,15.36,908.31,2.8,39988.48,29914.0,2543.2679999999996,101701421.55263999,32.93369003974414,11.76203215705148,0.0002941355149545939,111967.74399999999,Lower relative profit,Lower relative profit/ha
3733,Uttar Pradesh,Varanasi,2019,Kharif,Cotton,2142.12,20.9,47.4,Black,Sprinkler,239.95,23.98,468.99,3.54,44181.85,23268.0,1660.2246,73351794.24351,49.612998144949785,14.014971227386946,0.00031721105448022087,156403.74899999998,Lower relative profit,Moderate relative profit/ha
3737,Uttar Pradesh,Varanasi,2019,Zaid,Cotton,944.93,24.2,81.7,Sandy,Tube Well,246.51,12.77,2288.26,1.62,17556.95,56636.0,3706.9812000000006,65083283.57934001,24.75068392577766,15.27819995418374,0.0008702080916209103,28442.259000000002,Lower relative profit,Lower relative profit/ha
3739,Uttar Pradesh,Varanasi,2019,Kharif,Sugarcane,1433.51,18.5,89.2,Alluvial,Drip,120.38,43.01,618.55,1.58,45914.91,9101.0,977.309,44873054.77719,14.713442728962898,9.312305524660061,0.00020281659105201474,72545.55780000001,Lower relative profit,Lower relative profit/ha
3741,Uttar Pradesh,Varanasi,2019,Zaid,Barley,1786.22,36.6,76.0,Sandy,Sprinkler,133.14,6.27,985.35,3.75,36748.87,45428.0,3695.0625,135789371.454375,46.103415030192316,12.294244008051285,0.0003345475386876191,137808.26249999998,Lower relative profit,Moderate relative profit/ha
3742,Uttar Pradesh,Varanasi,2019,Kharif,Maize,612.54,21.3,50.7,Sandy,Rain-fed,114.15,51.93,1149.01,3.86,59199.44,50899.0,4435.1786,262560089.419984,44.2981349161452,11.47620075547803,0.00019385657626960713,228509.8384,Lower relative profit,Moderate relative profit/ha
3747,Uttar Pradesh,Agra,2019,Zaid,Wheat,963.43,20.7,89.9,Laterite,Sprinkler,182.55,32.67,113.61,7.57,34511.81,10130.0,860.0277,29681112.577136997,89.16468620720008,11.778690384042282,0.0003412944839474453,261254.4017,Lower relative profit,Higher relative profit/ha
3748,Uttar Pradesh,Agra,2019,Zaid,Pulses,483.5,32.6,37.6,Black,Sprinkler,360.66,42.88,2095.44,1.25,62455.06,31163.0,2619.3,163588538.658,14.871816897644408,11.897453518115526,0.00019049623069957065,78068.825,Lower relative profit,Lower relative profit/ha
3757,Uttar Pradesh,Agra,2019,Rabi,Cotton,702.45,18.3,51.5,Red,Rain-fed,56.68,32.99,1542.6,1.86,39224.69,38601.0,2869.236,112544892.63684,25.02333722287048,13.45340710907015,0.00034298313406862235,72957.9234,Lower relative profit,Lower relative profit/ha
3765,Uttar Pradesh,Meerut,2019,Zaid,Rice,836.94,28.8,61.0,Alluvial,Canal,332.69,32.39,113.32,5.3,16694.06,9510.0,600.5959999999999,10026385.659759998,83.92163783974586,15.834271290518089,0.0009484973272240598,88478.518,Lower relative profit,Moderate relative profit/ha
3766,Uttar Pradesh,Meerut,2019,Rabi,Sugarcane,820.57,27.5,52.9,Alluvial,Tube Well,317.4,13.79,1089.98,3.14,20820.51,30171.0,3422.5372,71258969.997972,27.680324409622195,8.815389939370124,0.00042339932784404063,65376.401399999995,Lower relative profit,Lower relative profit/ha
3769,Uttar Pradesh,Meerut,2019,Kharif,Millets,1326.83,35.5,65.9,Red,Sprinkler,216.15,19.05,1830.96,2.01,52220.88,58928.0,3680.2295999999997,192184828.31404796,32.18420937650195,16.012044465921367,0.00030662149825742824,104963.96879999997,Lower relative profit,Lower relative profit/ha
3770,Uttar Pradesh,Meerut,2019,Zaid,Wheat,426.75,33.6,69.8,Black,Canal,254.48,14.02,1447.47,1.91,14316.76,25557.0,2764.6677,39581083.940652,17.656324483408984,9.244148944193185,0.0006456872186299962,27345.011599999998,Lower relative profit,Lower relative profit/ha
3772,Uttar Pradesh,Meerut,2019,Kharif,Millets,801.82,22.9,54.1,Sandy,Tube Well,96.09,27.47,900.13,2.38,16329.97,35960.0,2142.3094,34983848.232718,39.94978503105107,16.7856239626265,0.0010279029271104908,38865.3286,Lower relative profit,Moderate relative profit/ha
3781,Punjab,Ludhiana,2019,Rabi,Barley,1665.23,30.3,62.5,Alluvial,Rain-fed,154.25,17.03,1151.81,4.74,59459.29,50911.0,5459.5794,324622714.822626,44.20086646235056,9.325077312732187,0.00015683129268331637,281837.0346,Lower relative profit,Moderate relative profit/ha
3783,Punjab,Ludhiana,2019,Rabi,Maize,918.35,20.7,47.6,Black,Tube Well,395.98,30.04,816.57,4.45,60442.03,50843.0,3633.7365000000004,219630410.54509503,62.264104730764046,13.991933647362707,0.00023149344334336068,268967.0335,Lower relative profit,Moderate relative profit/ha
3788,Punjab,Ludhiana,2019,Zaid,Barley,859.37,22.0,85.5,Laterite,Canal,348.08,54.13,1663.88,2.57,28361.06,42231.0,4276.1716,121276759.317896,25.381037094021202,9.875889919852609,0.0003482200566499492,72887.9242,Lower relative profit,Lower relative profit/ha
3790,Punjab,Ludhiana,2019,Zaid,Rice,1625.24,37.3,60.3,Laterite,Drip,94.64,15.6,755.51,5.93,12201.38,58949.0,4480.1743,54664309.10053399,78.02543976916256,13.157747009976823,0.0010783818723764708,72354.1834,Lower relative profit,Moderate relative profit/ha
3791,Punjab,Ludhiana,2019,Rabi,Cotton,858.09,28.1,81.1,Sandy,Sprinkler,344.7,55.75,682.27,2.19,60267.84,14449.0,1494.1713,90050476.84099199,21.17783282278277,9.670243298074324,0.00016045445295657395,131986.5696,Lower relative profit,Lower relative profit/ha
3802,Punjab,Amritsar,2019,Rabi,Maize,2178.71,23.1,58.3,Red,Tube Well,396.77,45.99,715.85,4.19,48991.79,35688.0,2999.4115,146946538.33158502,49.854019696863865,11.898334056530755,0.0002428638360943896,205275.6001,Lower relative profit,Moderate relative profit/ha
3808,Punjab,Amritsar,2019,Zaid,Millets,1071.5,30.3,66.6,Alluvial,Rain-fed,358.78,44.12,1373.71,3.75,27499.77,49558.0,5151.4125,141662658.925125,36.07602769143414,9.620274051049105,0.00034983107317076127,103124.1375,Lower relative profit,Lower relative profit/ha
3813,Punjab,Amritsar,2019,Kharif,Pulses,532.73,33.3,81.6,Black,Canal,190.35,8.06,1099.16,2.52,41823.85,28964.0,2769.8832,115847179.47432001,26.3510316969322,10.45675860989373,0.0002500190348304551,105396.102,Lower relative profit,Lower relative profit/ha
3817,Punjab,Patiala,2019,Rabi,Wheat,1393.4,27.5,73.4,Sandy,Drip,240.32,58.41,617.33,4.24,42269.25,24688.0,2617.4792,110638882.6746,39.99157662838352,9.431975619901774,0.0002231403590057021,179221.62,Lower relative profit,Moderate relative profit/ha
3823,Punjab,Patiala,2019,Rabi,Cotton,542.84,33.8,86.7,Red,Drip,446.94,17.62,979.42,2.29,20045.86,20457.0,2242.8718,44960294.100748,20.886851401850077,9.120895808668156,0.00045500147205797877,45905.019400000005,Lower relative profit,Lower relative profit/ha
3835,Punjab,Jalandhar,2019,Zaid,Cotton,1565.75,21.8,75.1,Red,Rain-fed,338.03,13.54,590.61,3.39,32391.57,22552.0,2002.1679000000001,64853361.684603006,38.184250182015205,11.263790614163776,0.0003477383348248873,109807.4223,Lower relative profit,Moderate relative profit/ha
3840,Punjab,Jalandhar,2019,Zaid,Cotton,688.82,19.5,54.7,Laterite,Rain-fed,235.06,44.73,2084.55,1.49,53116.45,36538.0,3105.9795000000004,164978604.81277502,17.52800364587081,11.763760836154905,0.00022147114191846227,79143.5105,Lower relative profit,Lower relative profit/ha
3854,Punjab,Bathinda,2019,Rabi,Sugarcane,1056.71,21.9,42.8,Black,Sprinkler,167.59,35.97,964.16,3.66,30009.04,48668.0,3528.8256,105896668.583424,50.47709923664122,13.791557168481207,0.0004595800854836145,109833.0864,Lower relative profit,Moderate relative profit/ha
3856,Punjab,Bathinda,2019,Zaid,Wheat,2045.17,33.7,50.3,Laterite,Rain-fed,408.64,47.69,953.11,4.36,50243.98,53354.0,4155.5596000000005,208791853.43120804,55.97884819170925,12.839185365070927,0.0002555367899810271,219063.75280000005,Lower relative profit,Moderate relative profit/ha
3860,Punjab,Bathinda,2019,Rabi,Rice,1156.67,34.4,48.0,Alluvial,Drip,89.74,54.79,527.04,3.99,45772.48,28219.0,2102.8896,96254472.15820801,53.54242562234366,13.4191542913142,0.0002931707937021153,182632.19520000005,Lower relative profit,Moderate relative profit/ha
3862,Punjab,Bathinda,2019,Rabi,Rice,1389.76,35.3,43.0,Black,Sprinkler,313.67,28.51,1835.11,1.88,48848.35,29733.0,3450.0067999999997,168527139.66877997,16.202298499817452,8.618243882881623,0.00017642855660184273,91834.89799999999,Lower relative profit,Lower relative profit/ha
3868,Punjab,Bathinda,2019,Rabi,Barley,1773.84,23.1,49.9,Black,Sprinkler,92.92,44.0,414.15,6.11,12742.01,39287.0,2530.4565,32243102.027565,94.86176506096825,15.525657129454707,0.0012184621680138932,77853.6811,Lower relative profit,Higher relative profit/ha
3869,Punjab,Bathinda,2019,Kharif,Barley,1336.7,28.3,46.6,Alluvial,Sprinkler,283.23,47.46,345.41,1.24,15564.51,6254.0,428.3084,6666410.374884,18.106018934020437,14.601628172597128,0.000938136065484691,19299.9924,Lower relative profit,Lower relative profit/ha
3871,Maharashtra,Pune,2019,Kharif,Sugarcane,1406.26,35.1,87.4,Laterite,Rain-fed,263.71,53.14,730.02,4.22,12144.56,50759.0,3080.6843999999996,37413556.536864,69.53097175419852,16.476533591042305,0.0013567007442873437,51250.0432,Lower relative profit,Moderate relative profit/ha
3874,Maharashtra,Pune,2019,Zaid,Millets,761.65,22.1,81.5,Laterite,Tube Well,357.1,30.35,1519.25,3.0,24682.34,42735.0,4557.75,112495935.135,28.129011025176897,9.3763370083923,0.0003798803925556612,74047.02,Lower relative profit,Lower relative profit/ha
3875,Maharashtra,Pune,2019,Rabi,Maize,1810.15,24.9,68.9,Laterite,Rain-fed,430.98,28.27,1912.48,1.88,39489.8,33349.0,3595.4624,141984091.08352,17.437567974567052,9.275302114131412,0.0002348784271921208,74240.824,Lower relative profit,Lower relative profit/ha
3897,Maharashtra,Nashik,2019,Rabi,Rice,2158.71,27.0,46.8,Black,Rain-fed,336.56,15.08,1293.88,4.78,25157.25,54279.0,6184.746400000001,155591211.37140003,41.95056728599251,8.776269306692994,0.00034885646510222673,120251.65500000001,Lower relative profit,Moderate relative profit/ha
3899,Maharashtra,Nashik,2019,Zaid,Maize,2131.28,30.8,44.8,Red,Canal,64.03,10.7,765.35,7.71,40725.04,55077.0,5900.8485,240312291.19644,71.96315411249755,9.333742427042484,0.00022918927586179126,313990.0584,Lower relative profit,Moderate relative profit/ha
3900,Maharashtra,Nashik,2019,Zaid,Millets,1779.93,37.7,75.3,Red,Sprinkler,246.13,36.21,1256.12,2.84,26514.54,30693.0,3567.3807999999995,94587460.91683199,24.434767378912845,8.603791330603116,0.0003244933282117327,75301.29359999999,Lower relative profit,Lower relative profit/ha
3901,Maharashtra,Nashik,2019,Rabi,Barley,1869.65,30.4,58.1,Laterite,Canal,307.55,39.82,551.12,4.09,21100.1,20104.0,2254.0807999999997,47561330.28807999,36.47844389606619,8.918934937913496,0.0004226963349895733,86299.40899999999,Lower relative profit,Lower relative profit/ha
3911,Maharashtra,Nagpur,2019,Kharif,Sugarcane,576.48,33.4,43.3,Sandy,Drip,432.89,28.2,812.89,6.0,38039.54,59916.99999999999,4877.34,185531770.0236,73.70861986246601,12.284769977077667,0.00032294738519649994,228237.24000000002,Lower relative profit,Moderate relative profit/ha
3915,Maharashtra,Nagpur,2019,Rabi,Millets,778.71,35.4,58.9,Sandy,Sprinkler,265.41,55.11,1956.58,2.52,19528.69,55845.00000000001,4930.5815999999995,96287799.58610399,28.542150078197675,11.326250031030824,0.0005799800207300554,49212.2988,Lower relative profit,Lower relative profit/ha
3917,Maharashtra,Nagpur,2019,Zaid,Sugarcane,2073.21,36.6,44.7,Black,Tube Well,413.48,47.9,3651.03,1.62,32914.37,56424.0,5914.668600000001,194677590.72778204,15.454269069276341,9.539672264985395,0.000289833050578984,53321.27940000001,Lower relative profit,Lower relative profit/ha
3920,Maharashtra,Nagpur,2019,Kharif,Wheat,1050.79,31.8,50.4,Red,Sprinkler,317.45,13.68,1355.81,4.03,14932.61,56573.0,5463.9143,81590501.31532301,41.72634808712135,10.353932527821675,0.0006933772815215608,60178.41830000001,Lower relative profit,Moderate relative profit/ha
3921,Maharashtra,Nagpur,2019,Kharif,Millets,1296.58,25.8,41.0,Black,Sprinkler,264.62,47.9,644.05,5.12,33669.41,39355.0,3297.536,111026091.57376002,61.10550423103797,11.934668795124601,0.00035446622899316027,172387.37920000005,Lower relative profit,Moderate relative profit/ha
3928,Maharashtra,Aurangabad,2019,Zaid,Barley,1648.83,22.9,64.6,Alluvial,Canal,65.48,22.56,1335.51,2.95,41366.72,57090.0,3939.7545,162974721.27024,42.74771435631332,14.490750629258752,0.00035029972473666634,122031.82400000001,Lower relative profit,Moderate relative profit/ha
3929,Maharashtra,Aurangabad,2019,Zaid,Barley,1328.3,35.5,43.5,Alluvial,Rain-fed,432.63,7.06,1776.0,1.25,13340.76,31343.0,2220.0,29616487.2,17.648085585585587,14.118468468468468,0.0010582956644500366,16675.95,Lower relative profit,Lower relative profit/ha
3934,Maharashtra,Aurangabad,2019,Kharif,Millets,924.28,32.1,62.6,Sandy,Drip,95.23,29.94,1034.67,1.38,31915.04,22772.0,1427.8446,45569717.522783995,22.0089497134352,15.948514285097973,0.0004997178222273253,44042.75519999999,Lower relative profit,Lower relative profit/ha
3936,Maharashtra,Aurangabad,2019,Zaid,Maize,1394.49,19.1,42.9,Alluvial,Drip,250.98,7.6,1978.29,1.58,61591.21,48262.0,3125.6982000000003,192515534.232822,24.395816589074403,15.44039024624962,0.00025069145818453024,97314.1118,Lower relative profit,Lower relative profit/ha
3937,Maharashtra,Aurangabad,2019,Rabi,Barley,496.08,32.0,65.0,Red,Canal,347.72,34.06,2163.09,3.12,61594.47,58577.0,6748.840800000001,415691272.19037604,27.080241691284225,8.67956464464238,0.00014091467374656165,192174.7464,Lower relative profit,Lower relative profit/ha
3947,Maharashtra,Kolhapur,2019,Zaid,Barley,790.36,21.9,83.5,Laterite,Tube Well,255.99,19.53,851.71,3.86,28954.18,58007.00000000001,3287.6006,95189779.540508,68.10651512838878,17.644174903727663,0.0006093826488516568,111763.1348,Lower relative profit,Moderate relative profit/ha
3962,Karnataka,Bengaluru,2019,Rabi,Barley,826.41,28.9,35.3,Red,Sprinkler,435.12,51.47,526.93,4.5,59209.84,34384.0,2371.185,140397484.4604,65.25344922475472,14.500766494389936,0.00024490467284474904,266444.27999999997,Lower relative profit,Moderate relative profit/ha
3964,Karnataka,Bengaluru,2019,Zaid,Rice,1083.28,36.9,89.7,Sandy,Canal,190.28,31.07,1020.17,4.31,63502.9,47053.0,4396.932699999999,279217977.55482996,46.12270503935619,10.70132367502464,0.00016851708622794612,273697.49899999995,Lower relative profit,Moderate relative profit/ha
3965,Karnataka,Bengaluru,2019,Rabi,Sugarcane,880.83,30.6,62.9,Red,Canal,56.24,5.32,645.25,3.93,46044.74,36947.0,2535.8325,116761748.14604999,57.25997675319643,14.569968639490186,0.0003164306854483311,180955.8282,Lower relative profit,Moderate relative profit/ha
3971,Karnataka,Bengaluru,2019,Kharif,Barley,1503.6,24.5,49.4,Red,Drip,133.02,55.42,1990.61,1.53,43012.31,32295.0,3045.6333,130999723.64592299,16.223670131266296,10.603705968147905,0.00024652723762448256,65808.8343,Lower relative profit,Lower relative profit/ha
3979,Karnataka,Mysuru,2019,Kharif,Sugarcane,1170.68,26.2,54.1,Sandy,Tube Well,231.63,16.56,3702.45,1.77,18763.87,57104.99999999999,6553.336499999999,122965954.15225498,15.423570878742453,8.713881852396867,0.00046439683564194735,33212.0499,Lower relative profit,Lower relative profit/ha
3984,Karnataka,Mysuru,2019,Zaid,Rice,430.93,18.9,85.1,Red,Rain-fed,65.56,16.73,199.28,2.51,17437.78,4701.0,500.1928,8722252.003983999,23.58992372541148,9.398375986219714,0.0005389663125822046,43768.82779999999,Lower relative profit,Lower relative profit/ha
3985,Karnataka,Mysuru,2019,Kharif,Rice,721.96,35.2,58.0,Black,Tube Well,254.81,12.5,851.13,3.79,25746.26,34250.0,3225.7827,83051840.097702,40.24062129169457,10.617578177228118,0.00041239303018100954,97578.3254,Lower relative profit,Moderate relative profit/ha
3988,Karnataka,Mysuru,2019,Kharif,Maize,1160.89,24.0,45.8,Black,Drip,119.96,42.74,1031.85,3.79,26242.03,55173.0,3910.7115,102625008.504345,53.46998110190435,14.108174433220144,0.0005376174950344979,99457.29370000001,Lower relative profit,Moderate relative profit/ha
3989,Karnataka,Mysuru,2019,Zaid,Barley,1880.41,29.3,45.4,Sandy,Canal,64.04,53.33,1772.0,1.8,36114.59,31130.0,3189.6,115191096.26399998,17.567720090293452,9.759844494607474,0.0002702465816338349,65006.26199999999,Lower relative profit,Lower relative profit/ha
3999,Karnataka,Hubli,2019,Zaid,Sugarcane,860.53,21.2,40.5,Laterite,Canal,276.95,47.3,918.63,1.94,30317.68,29759.0,1782.1422,54030416.934096,32.394979480313076,16.698443031089212,0.0005507823498067534,58816.2992,Lower relative profit,Lower relative profit/ha
4005,Karnataka,Hubli,2019,Rabi,Millets,1828.28,36.9,58.8,Laterite,Canal,392.46,6.05,579.7,5.93,17411.63,32740.0,3437.621,59854584.93223,56.47748835604622,9.524028390564288,0.0005469923488245666,103250.9659,Lower relative profit,Moderate relative profit/ha
4007,Karnataka,Hubli,2019,Kharif,Sugarcane,1044.31,36.3,80.7,Black,Rain-fed,324.52,39.25,466.53,3.69,23300.91,15791.0,1721.4957,40112416.371087,33.84776970398474,9.172837318153046,0.0003936686300300308,85980.3579,Lower relative profit,Lower relative profit/ha
4009,Karnataka,Hubli,2019,Rabi,Sugarcane,1240.94,27.8,37.0,Sandy,Tube Well,95.94,17.67,1213.1,1.25,61022.84,14957.0,1516.375,92533509.005,12.329568873134944,9.863655098507955,0.00016163874212521008,76278.55,Lower relative profit,Lower relative profit/ha
4010,Karnataka,Hubli,2019,Kharif,Cotton,1201.07,23.0,84.6,Sandy,Rain-fed,126.34,54.84,442.75,1.93,16846.26,10379.0,854.5074999999999,14395255.516949998,23.442123094297006,12.146177769065808,0.0007210014429948136,32513.281799999997,Lower relative profit,Lower relative profit/ha
4011,Karnataka,Hubli,2019,Kharif,Cotton,684.19,26.2,58.8,Red,Sprinkler,84.76,21.64,1140.11,5.53,56185.53,52289.0,6304.8083,354238995.883899,45.86311847102473,8.293511477581324,0.0001476093840812986,310705.9809,Lower relative profit,Moderate relative profit/ha
4017,Karnataka,Belagavi,2019,Rabi,Sugarcane,1571.33,29.4,48.9,Red,Drip,396.26,42.17,714.31,8.12,45312.37,58060.0,5800.197199999999,262820681.59936395,81.28123643796111,10.010004487433637,0.00022091107764686852,367936.4444,Lower relative profit,Moderate relative profit/ha
4018,Karnataka,Belagavi,2019,Rabi,Millets,2078.61,32.6,45.3,Sandy,Tube Well,399.49,57.1,1381.35,3.49,27099.76,57249.0,4820.9115,130645544.63124,41.44423933108916,11.875140209481131,0.00043820093644671143,94578.1624,Lower relative profit,Moderate relative profit/ha
4023,Karnataka,Belagavi,2019,Zaid,Pulses,1679.25,19.4,77.8,Black,Drip,351.33,36.11,1963.78,1.71,61588.56,47517.0,3358.0638,206818313.83012798,24.196702278259277,14.150118291379693,0.0002297523808216931,105316.43759999999,Lower relative profit,Lower relative profit/ha
4024,Karnataka,Belagavi,2019,Zaid,Pulses,2115.73,27.0,68.0,Black,Rain-fed,414.44,32.76,4004.59,1.52,42128.07,60336.0,6086.9768,256432584.71877602,15.06671094918581,9.912309834990664,0.00023528991085968723,64034.6664,Lower relative profit,Lower relative profit/ha
4025,Karnataka,Belagavi,2019,Kharif,Millets,1726.08,34.4,87.8,Black,Sprinkler,343.77,9.31,341.4,4.62,13299.38,25914.0,1577.268,20976686.493839998,75.90509666080844,16.429674601906587,0.0012353714685877529,61443.135599999994,Lower relative profit,Moderate relative profit/ha
4026,Karnataka,Belagavi,2019,Kharif,Pulses,1549.18,34.6,73.6,Black,Drip,378.33,43.18,782.55,5.77,64022.23,37712.0,4515.313499999999,289080439.419105,48.191169893297555,8.352022511836665,0.0001304550390049935,369408.2671,Lower relative profit,Moderate relative profit/ha
4030,Karnataka,Belagavi,2019,Zaid,Cotton,1833.24,25.5,60.3,Sandy,Rain-fed,129.18,54.41,860.6,1.37,39975.33,13080.000000000002,1179.0220000000002,47131793.527260005,15.198698582384385,11.093940571083492,0.0002775196745363576,54766.2021,Lower relative profit,Lower relative profit/ha
4031,Karnataka,Belagavi,2019,Kharif,Rice,1457.69,32.1,42.8,Black,Sprinkler,119.27,37.46,487.76,2.72,52237.68,17482.0,1326.7072,69304106.167296,35.84139740856159,13.176984341382935,0.0002522505659015281,142086.48960000003,Lower relative profit,Lower relative profit/ha
4032,Karnataka,Belagavi,2019,Kharif,Rice,2199.42,36.0,66.9,Alluvial,Rain-fed,269.88,46.51,469.77,8.21,35214.74,46676.0,3856.8117,135816621.244458,99.35926091491581,12.102224228369769,0.00034366927679630095,289113.0154,Lower relative profit,Higher relative profit/ha
4033,Karnataka,Mangalore,2019,Zaid,Wheat,2197.63,33.1,50.4,Black,Sprinkler,433.79,7.9,1483.21,2.95,58286.12,54300.0,4375.4695,255029140.33334002,36.60978553272969,12.410096790755826,0.000212916845224143,171944.054,Lower relative profit,Lower relative profit/ha
4034,Karnataka,Mangalore,2019,Kharif,Wheat,655.75,28.4,88.7,Laterite,Drip,309.94,46.92,646.23,6.92,16582.89,52669.00000000001,4471.9116,74157218.15252401,81.5019420330223,11.777737288009003,0.0007102343010180374,114753.5988,Lower relative profit,Moderate relative profit/ha
4036,Karnataka,Mangalore,2019,Zaid,Millets,425.11,36.0,52.6,Red,Sprinkler,334.77,21.18,284.53,4.67,61141.6,12958.000000000002,1328.7550999999999,81242212.82215999,45.54177063929991,9.751985147601694,0.00015949836359535396,285531.272,Lower relative profit,Moderate relative profit/ha
4037,Karnataka,Mangalore,2019,Zaid,Cotton,619.91,24.5,54.8,Alluvial,Canal,400.8,34.37,2679.29,1.81,34876.85,54063.0,4849.5149,169135803.740065,20.178106886525907,11.148125351671773,0.00031964255234265054,63127.09850000001,Lower relative profit,Lower relative profit/ha
4047,Karnataka,Mangalore,2019,Kharif,Wheat,510.13,20.1,55.0,Laterite,Canal,316.65,15.9,314.54,1.39,53131.08,7253.0,437.2106,23229471.365448,23.059070388503844,16.589259272304925,0.0003122326757202173,73852.2012,Lower relative profit,Lower relative profit/ha
4049,Karnataka,Mangalore,2019,Rabi,Millets,627.66,24.2,63.8,Red,Rain-fed,383.33,8.9,617.42,4.04,32839.38,23439.0,2494.3768,81913787.598384,37.96281299601568,9.39673589010289,0.0002861423050649218,132671.0952,Lower relative profit,Moderate relative profit/ha
4055,Tamil Nadu,Chennai,2019,Kharif,Barley,1155.27,19.9,60.2,Sandy,Canal,367.08,11.17,507.4,2.07,14065.99,13593.0,1050.318,14773762.484819999,26.78951517540402,12.941794770726581,0.000920077063237396,29116.599299999998,Lower relative profit,Lower relative profit/ha
4059,Tamil Nadu,Chennai,2019,Zaid,Maize,689.89,30.1,71.6,Black,Drip,248.39,25.55,740.82,7.54,48619.82,44873.0,5585.7828,271579754.295096,60.57206878863961,8.033430873824884,0.00016522954782277851,366593.44279999996,Lower relative profit,Moderate relative profit/ha
4062,Tamil Nadu,Chennai,2019,Zaid,Pulses,1499.05,20.9,85.4,Sandy,Canal,344.18,36.0,1429.05,2.61,44045.64,32375.0,3729.8205,164282331.00761998,22.654910604947343,8.68004237737446,0.00019706927580969336,114959.12039999999,Lower relative profit,Lower relative profit/ha
4063,Tamil Nadu,Chennai,2019,Zaid,Sugarcane,1783.05,26.4,49.7,Black,Tube Well,351.67,15.32,752.1,5.48,62286.73,36250.0,4121.508000000001,256715255.98884004,48.19837787528254,8.795324429796082,0.00014120703446458152,341331.28040000005,Lower relative profit,Moderate relative profit/ha
4064,Tamil Nadu,Chennai,2019,Rabi,Millets,1609.18,27.5,38.7,Black,Tube Well,416.87,30.17,1007.56,4.2,60915.67,57998.0,4231.7519999999995,257780008.35383996,57.56282504267736,13.705434533970802,0.00022499029451651442,255845.81399999998,Lower relative profit,Moderate relative profit/ha
4065,Tamil Nadu,Chennai,2019,Kharif,Rice,1043.53,23.4,64.7,Red,Rain-fed,295.65,55.88,2766.55,1.84,45736.16,45625.0,5090.452,232817727.14432004,16.491659286837397,8.962858308063803,0.00019596875443989617,84154.5344,Lower relative profit,Lower relative profit/ha
4072,Tamil Nadu,Coimbatore,2019,Rabi,Wheat,1957.5,29.9,51.3,Sandy,Canal,290.52,35.92,598.45,4.56,50051.43,26967.0,2728.932,136586948.97276,45.06140863898404,9.881887859426326,0.0001974346758809154,228234.52079999997,Lower relative profit,Moderate relative profit/ha
4075,Tamil Nadu,Coimbatore,2019,Zaid,Maize,524.13,37.6,74.9,Red,Rain-fed,288.03,12.84,226.62,4.51,60512.81,14210.0,1022.0562,61847492.639922,62.70408613538081,13.903345041104393,0.0002297587079678566,272912.7731,Lower relative profit,Moderate relative profit/ha
4077,Tamil Nadu,Coimbatore,2019,Zaid,Millets,1071.33,21.1,83.6,Black,Sprinkler,398.15,6.2,656.71,3.53,42116.88,37610.0,2318.1863,97634774.21474399,57.27033241461223,16.223890202439726,0.0003852111125619877,148672.58639999997,Lower relative profit,Moderate relative profit/ha
4080,Tamil Nadu,Coimbatore,2019,Zaid,Cotton,2083.94,25.8,65.0,Sandy,Sprinkler,131.8,15.24,672.11,6.77,38783.57,43509.0,4550.1847,176472406.82537898,64.73493922125843,9.562029427069191,0.00024654845923336073,262564.76889999997,Lower relative profit,Moderate relative profit/ha
4083,Tamil Nadu,Coimbatore,2019,Kharif,Rice,1117.32,20.9,71.7,Red,Canal,246.21,53.67,1698.56,1.83,36746.8,41350.0,3108.3648,114222459.63264,24.344150339110776,13.302814392956709,0.00036201286623479347,67246.644,Lower relative profit,Lower relative profit/ha
4087,Tamil Nadu,Madurai,2019,Rabi,Barley,715.8,34.5,57.3,Black,Canal,154.75,27.38,553.95,6.46,57450.51,56251.0,3578.5170000000003,205587626.69367003,101.54526581821463,15.719081396008457,0.00027361082427307355,371130.2946,Lower relative profit,Higher relative profit/ha
4089,Tamil Nadu,Madurai,2019,Zaid,Barley,966.87,20.2,70.1,Red,Sprinkler,224.68,27.54,360.02,6.96,38189.69,40088.0,2505.7392,95693403.268848,111.34936947947337,15.998472626361115,0.00041892124880723344,265800.24240000005,Lower relative profit,Higher relative profit/ha
4092,Tamil Nadu,Madurai,2019,Kharif,Barley,1377.4,20.8,86.7,Alluvial,Drip,121.96,48.9,2369.31,2.11,23358.58,44030.0,4999.2441,116775243.24937801,18.583469448911288,8.807331492375017,0.00037704909683615256,49286.603800000004,Lower relative profit,Lower relative profit/ha
4094,Tamil Nadu,Madurai,2019,Zaid,Sugarcane,922.2,30.9,43.2,Black,Tube Well,122.19,53.59,434.63,2.13,47109.26,16662.0,925.7619,43611958.045194,38.33605595564043,17.998148335981423,0.0003820511792369785,100342.7238,Lower relative profit,Moderate relative profit/ha
4095,Tamil Nadu,Madurai,2019,Rabi,Barley,1444.27,32.5,49.4,Black,Drip,257.01,24.71,2613.53,1.27,26391.56,46483.0,3319.1831,87598419.93463601,17.78552379349003,14.004349443692936,0.0005306374251348891,33517.281200000005,Lower relative profit,Lower relative profit/ha
4100,Tamil Nadu,Madurai,2019,Kharif,Sugarcane,1633.86,34.5,67.4,Black,Sprinkler,86.82,9.4,778.1,2.53,51850.36,22466.0,1968.5929999999998,102072255.74348,28.87289551471533,11.41221166589539,0.0002200989861188117,131181.41079999998,Lower relative profit,Lower relative profit/ha
4102,Tamil Nadu,Madurai,2019,Rabi,Millets,1296.69,25.4,68.8,Sandy,Rain-fed,350.36,16.31,876.27,6.5,13408.95,59345.00000000001,5695.755,76374094.00725001,67.72455978180243,10.419163043354219,0.0007770304940621165,87158.17500000002,Lower relative profit,Moderate relative profit/ha
4110,Tamil Nadu,Salem,2019,Rabi,Cotton,1068.13,22.3,40.5,Black,Tube Well,55.02,36.49,1042.64,3.73,48002.76,50691.0,3889.0472000000004,186684999.37027204,48.61793140489526,13.03429796377889,0.00027153226114037793,179050.29480000003,Lower relative profit,Moderate relative profit/ha
4115,Tamil Nadu,Salem,2019,Zaid,Wheat,472.16,35.4,44.8,Red,Tube Well,445.26,24.74,743.16,2.42,40714.99,18615.0,1798.4471999999998,73223759.76352799,25.048441789116747,10.350595780626755,0.00025422076195098553,98530.27579999999,Lower relative profit,Lower relative profit/ha
4116,Tamil Nadu,Salem,2019,Zaid,Wheat,1352.45,28.6,51.0,Black,Rain-fed,203.19,51.71,671.03,7.4,57817.88,53927.0,4965.622,287101736.92136,80.36451425420623,10.86006949381165,0.00018783237112484323,427852.31200000003,Lower relative profit,Moderate relative profit/ha
4118,Tamil Nadu,Salem,2019,Kharif,Pulses,1231.69,26.6,37.1,Red,Rain-fed,235.94,55.58,693.48,1.35,55945.08,10751.0,936.1980000000001,52375672.00584,15.502970525465766,11.483681870715381,0.00020526705602557692,75525.85800000001,Lower relative profit,Lower relative profit/ha
4124,Tamil Nadu,Tiruchirappalli,2019,Rabi,Millets,1288.86,25.4,64.6,Sandy,Canal,218.62,49.81,484.68,6.3,14674.55,25008.0,3053.484,44808503.632199995,51.59692993315177,8.18998887827806,0.0005581083493720802,92449.665,Lower relative profit,Moderate relative profit/ha
4129,Tamil Nadu,Tiruchirappalli,2019,Rabi,Pulses,1686.84,36.1,51.4,Laterite,Canal,93.66,56.75,967.13,2.85,62408.24,42443.0,2756.3205000000003,172017111.28092,43.88551694187958,15.398426997150729,0.0002467370814679397,177863.484,Lower relative profit,Moderate relative profit/ha
4132,Tamil Nadu,Tiruchirappalli,2019,Zaid,Pulses,1153.12,33.5,75.0,Laterite,Canal,292.19,38.78,101.29,6.27,27935.9,8291.0,635.0883,17741763.239970002,81.85408233784183,13.054877565843993,0.0004673154459259946,175158.09300000002,Lower relative profit,Moderate relative profit/ha
4134,Tamil Nadu,Tiruchirappalli,2019,Rabi,Barley,947.6,25.2,79.5,Sandy,Drip,58.94,32.12,1193.74,2.65,32003.34,28878.0,3163.411,101239717.79274,24.19119741317205,9.12875374081964,0.0002852437820808591,84808.851,Lower relative profit,Lower relative profit/ha
4140,Tamil Nadu,Tiruchirappalli,2019,Kharif,Rice,2089.96,19.8,71.4,Alluvial,Tube Well,84.41,58.58,2314.4,1.88,12358.64,47187.0,4351.072,53773332.46208,20.388437608019355,10.844913621286892,0.0008775167511382233,23234.2432,Lower relative profit,Lower relative profit/ha
4146,Rajasthan,Jaipur,2019,Zaid,Cotton,1327.62,32.8,72.8,Black,Tube Well,291.3,43.35,3083.96,1.31,39077.84,41379.0,4039.9876000000004,157873989.034784,13.41748920219458,10.242358169614183,0.00026210144085789245,51191.9704,Lower relative profit,Lower relative profit/ha
4147,Rajasthan,Jaipur,2019,Zaid,Pulses,1159.71,29.3,64.4,Sandy,Canal,371.31,36.94,2762.91,1.71,31980.81,57235.0,4724.576099999999,151095770.58464098,20.715477521888154,12.114314340285471,0.00037879948444975194,54687.185099999995,Lower relative profit,Lower relative profit/ha
4150,Rajasthan,Jaipur,2019,Kharif,Millets,785.09,31.3,79.3,Black,Tube Well,252.78,7.16,2365.61,1.45,55193.06,45431.0,3430.1345,189319619.26657,19.204771707931567,13.244670143401082,0.0002399698466329115,80029.93699999999,Lower relative profit,Lower relative profit/ha
4151,Rajasthan,Jaipur,2019,Zaid,Sugarcane,1908.15,22.5,48.1,Laterite,Rain-fed,237.05,20.54,557.34,6.05,21312.76,43793.0,3371.907,71864644.63332,78.57501704525065,12.987606123181926,0.0006093817095102617,128942.198,Lower relative profit,Moderate relative profit/ha
4152,Rajasthan,Jaipur,2019,Kharif,Millets,493.96,22.9,80.0,Laterite,Drip,411.88,25.24,4216.56,1.22,51401.72,59641.99999999999,5144.2032,264420892.509504,14.14470563682243,11.594021013788879,0.00022555706333929836,62710.098399999995,Lower relative profit,Lower relative profit/ha
4154,Rajasthan,Jaipur,2019,Kharif,Pulses,1000.6,33.0,79.9,Laterite,Sprinkler,209.34,46.61,370.28,5.02,23410.26,30005.0,1858.8055999999997,43515122.38545599,81.0332721183969,16.14208607936193,0.0006895304058716962,117519.50519999997,Lower relative profit,Moderate relative profit/ha
4158,Rajasthan,Jaipur,2019,Zaid,Barley,2080.27,30.6,77.9,Laterite,Canal,358.95,58.02,974.65,1.28,44163.34,12026.0,1247.552,55096063.14367999,12.338788282973375,9.63967834607295,0.00021827330872332008,56529.07519999999,Lower relative profit,Lower relative profit/ha
4159,Rajasthan,Jodhpur,2019,Zaid,Rice,2002.73,22.9,81.6,Laterite,Canal,198.87,51.92,2176.85,1.65,47876.6,50993.0,3591.8025,171963291.57149997,23.425132645795532,14.197050088360928,0.0002965342168901077,78996.38999999998,Lower relative profit,Lower relative profit/ha
4160,Rajasthan,Jodhpur,2019,Zaid,Millets,600.16,23.4,53.3,Sandy,Sprinkler,294.05,49.12,877.62,7.7,37245.28,59366.99999999999,6757.674,251691460.27872,67.64545019484514,8.78512340192794,0.00023587212666753855,286788.656,Lower relative profit,Moderate relative profit/ha
4161,Rajasthan,Jodhpur,2019,Zaid,Wheat,669.73,19.6,40.8,Alluvial,Tube Well,272.1,40.63,258.54,1.46,60698.54,4472.0,377.46840000000003,22911780.776136003,17.29713003790516,11.847349341030931,0.00019518343177662807,88619.8684,Lower relative profit,Lower relative profit/ha
4164,Rajasthan,Jodhpur,2019,Rabi,Barley,759.66,28.3,74.3,Alluvial,Canal,253.59,23.3,367.07,8.04,25881.23,33218.0,2951.2427999999995,76381793.69264399,90.49500095349661,11.25559713351948,0.0004348942122735079,208085.08919999996,Lower relative profit,Higher relative profit/ha
4167,Rajasthan,Jodhpur,2019,Rabi,Sugarcane,1022.98,18.5,36.0,Black,Sprinkler,156.19,57.99,3700.87,1.75,39599.04,54355.99999999999,6476.5225,256464073.5384,14.687357297067985,8.392775598324564,0.00021194391576979046,69298.32,Lower relative profit,Lower relative profit/ha
4170,Rajasthan,Jodhpur,2019,Kharif,Maize,1564.8,25.2,86.1,Laterite,Drip,88.03,26.08,1135.23,5.34,50929.93,57675.0,6062.1282,308743764.877026,50.80468275151291,9.513985533991182,0.00018680539191770303,271965.8262,Lower relative profit,Moderate relative profit/ha
4174,Rajasthan,Jodhpur,2019,Kharif,Maize,1503.29,36.3,43.2,Red,Drip,141.36,59.06,1698.73,2.1,50777.7,41430.0,3567.333,181140964.8741,24.38880810958775,11.613718147422738,0.00022871690028147668,106633.17,Lower relative profit,Lower relative profit/ha
4175,Rajasthan,Jodhpur,2019,Rabi,Pulses,1177.19,32.2,64.9,Alluvial,Sprinkler,234.16,12.55,1624.37,3.78,55935.82,50470.0,6140.118599999999,343452568.78825194,31.070507335151476,8.21971093522526,0.00014694896642661643,211437.39959999998,Lower relative profit,Lower relative profit/ha
4180,Rajasthan,Udaipur,2019,Kharif,Cotton,1238.07,31.9,59.4,Laterite,Rain-fed,174.87,20.02,482.0,3.71,43069.7,26246.0,1788.22,77018098.934,54.45228215767635,14.677165002069096,0.0003407770428414662,159788.587,Lower relative profit,Moderate relative profit/ha
4183,Rajasthan,Udaipur,2019,Rabi,Wheat,2040.91,26.5,54.0,Laterite,Canal,335.28,10.69,2201.12,2.47,13392.7,54105.99999999999,5436.7664,72812981.36528,24.581122337718977,9.951871391789059,0.0007430817827465006,33079.969000000005,Lower relative profit,Lower relative profit/ha
4185,Rajasthan,Udaipur,2019,Kharif,Pulses,1752.66,29.0,75.0,Sandy,Sprinkler,394.02,35.78,330.63,2.48,50402.06,11819.0,819.9624,41327794.082544,35.74690741916947,14.414075572245752,0.0002859818739997086,124997.1088,Lower relative profit,Lower relative profit/ha
4186,Rajasthan,Udaipur,2019,Kharif,Maize,707.88,18.7,80.5,Red,Rain-fed,192.57,39.44,119.17,6.33,43449.22,11823.0,754.3461,32775749.655042,99.21121087522027,15.673177073494514,0.000360724014688745,275033.5626,Lower relative profit,Higher relative profit/ha
4187,Rajasthan,Udaipur,2019,Kharif,Millets,1416.82,22.2,75.1,Alluvial,Canal,245.96,47.82,740.45,7.37,42750.8,52799.0,5457.1165,233296096.06820002,71.30663785535822,9.67525615405132,0.00022631754619916632,315073.396,Lower relative profit,Moderate relative profit/ha
4190,Rajasthan,Udaipur,2019,Zaid,Sugarcane,1266.11,28.7,62.0,Sandy,Sprinkler,364.79,7.71,1960.97,3.59,27565.37,57270.00000000001,7039.8823,194056960.355951,29.204934292722484,8.135079190173393,0.00029511953549592814,98959.6783,Lower relative profit,Lower relative profit/ha
4192,Rajasthan,Udaipur,2019,Zaid,Wheat,2134.7,29.7,74.5,Alluvial,Drip,436.68,20.94,1475.23,2.0,53300.51,26849.0,2950.46,157261022.7346,18.199873917965334,9.099936958982667,0.00017072889094274458,106601.02,Lower relative profit,Lower relative profit/ha
4196,Rajasthan,Kota,2019,Zaid,Millets,547.1,29.6,59.2,Alluvial,Drip,397.82,32.32,317.89,8.39,43810.18,23563.0,2667.0971,116846004.028478,74.12312435119067,8.834698969152642,0.00020165858640965734,367567.4102,Lower relative profit,Moderate relative profit/ha
4201,Rajasthan,Kota,2019,Kharif,Sugarcane,558.75,33.8,84.6,Alluvial,Tube Well,59.28,47.05,103.0,1.88,40981.33,3274.0,193.64,7935624.7412,31.78640776699029,16.907663705845902,0.00041256991185610375,77044.9004,Lower relative profit,Lower relative profit/ha
4205,Rajasthan,Kota,2019,Kharif,Wheat,1494.92,19.4,87.6,Alluvial,Tube Well,216.56,22.92,3104.8,1.88,40396.53,59301.0,5837.024,235795515.12672,19.0997809842824,10.159457970362979,0.0002514933329759506,75945.4764,Lower relative profit,Lower relative profit/ha
4207,Rajasthan,Kota,2019,Kharif,Wheat,1579.87,26.6,36.1,Alluvial,Rain-fed,96.13,25.65,640.27,5.4,35405.46,40654.0,3457.458,122412890.92068,63.49508800974589,11.758349631434424,0.00033210554619074077,191189.484,Lower relative profit,Moderate relative profit/ha
4213,Rajasthan,Ajmer,2019,Rabi,Cotton,959.9,23.3,60.8,Sandy,Tube Well,363.28,48.81,195.22,3.05,46898.02,5591.0,595.4209999999999,27924065.966419995,28.63948365946112,9.38999464244627,0.00020022155823308255,143038.96099999998,Lower relative profit,Lower relative profit/ha
4218,Rajasthan,Ajmer,2019,Zaid,Wheat,2141.25,22.8,81.1,Alluvial,Canal,356.54,31.44,3009.26,1.27,60816.55,43842.0,3821.7602,232426270.29131,14.569030259931012,11.47167737002442,0.00018862755894611614,77237.0185,Lower relative profit,Lower relative profit/ha
4219,Rajasthan,Ajmer,2019,Zaid,Maize,899.42,33.1,78.8,Alluvial,Canal,225.06,17.86,1196.32,1.51,54263.8,22066.0,1806.4432,98024472.51616,18.4448976862378,12.215164030621057,0.0002251070516738794,81938.338,Lower relative profit,Lower relative profit/ha
4221,Rajasthan,Ajmer,2019,Kharif,Millets,2195.3,37.2,44.5,Black,Rain-fed,216.66,23.47,429.94,7.75,18740.21,58973.0,3332.035,62443035.627349995,137.1656510210727,17.698793680138415,0.0009444287806880721,145236.6275,Lower relative profit,Higher relative profit/ha
4225,Rajasthan,Ajmer,2019,Kharif,Pulses,747.99,20.1,63.0,Sandy,Tube Well,267.17,56.33,1260.31,3.96,41823.75,45454.0,4990.8276,208735125.83549997,36.065729860113784,9.107507540432774,0.0002177592286782695,165622.05,Lower relative profit,Lower relative profit/ha
4231,West Bengal,Kolkata,2019,Kharif,Barley,1020.12,35.3,69.0,Black,Tube Well,427.74,16.45,128.49,8.03,21800.53,18345.0,1031.7747,22493235.300590996,142.77375671258463,17.780044422488746,0.0008155785397184725,175058.25589999996,Lower relative profit,Higher relative profit/ha
4235,West Bengal,Kolkata,2019,Kharif,Wheat,540.03,30.3,41.3,Red,Sprinkler,432.3,47.13,2022.57,1.55,29571.86,45404.0,3134.9835,92707293.16431,22.44866679521599,14.483010835623219,0.0004897565062063469,45836.383,Lower relative profit,Lower relative profit/ha
4236,West Bengal,Kolkata,2019,Zaid,Pulses,1890.49,36.0,64.4,Black,Drip,210.2,24.05,202.26,5.2,43650.02,10629.0,1051.752,45908995.835039996,52.55117175912193,10.105994569061908,0.0002315232517433419,226980.104,Lower relative profit,Moderate relative profit/ha
4240,West Bengal,Kolkata,2019,Rabi,Barley,461.31,28.2,72.3,Red,Sprinkler,236.2,42.44,690.66,2.35,20657.77,23419.0,1623.051,33528614.25627,33.90814583152347,14.4289982261802,0.000698478017045412,48545.7595,Lower relative profit,Lower relative profit/ha
4246,West Bengal,Kolkata,2019,Zaid,Barley,689.62,32.3,53.9,Black,Sprinkler,428.88,16.67,667.19,5.58,52320.45,58940.0,3722.9202000000005,194784860.17809,88.34065258771864,15.831658169842049,0.00030259025237439757,291948.111,Lower relative profit,Higher relative profit/ha
4248,West Bengal,Kolkata,2019,Rabi,Pulses,1011.51,25.3,56.5,Laterite,Drip,97.59,10.17,524.56,4.23,36412.14,28895.0,2218.8888,80794489.630032,55.08426109501297,13.022283946811575,0.00035763577605742413,154023.35220000002,Lower relative profit,Moderate relative profit/ha
4251,West Bengal,Howrah,2019,Zaid,Sugarcane,839.4,23.2,52.8,Sandy,Sprinkler,183.46,5.18,713.05,2.24,15889.95,22634.0,1597.232,25379936.6184,31.742514550171798,14.170765424183838,0.0008918067976415179,35593.488000000005,Lower relative profit,Lower relative profit/ha
4253,West Bengal,Howrah,2019,Zaid,Maize,1576.7,21.7,74.2,Laterite,Canal,115.97,57.5,1612.92,1.7,38489.83,33110.0,2741.964,105537728.22612,20.527986508940305,12.075286181729593,0.00031372666966129995,65432.710999999996,Lower relative profit,Lower relative profit/ha
4254,West Bengal,Howrah,2019,Kharif,Barley,1967.43,22.0,65.1,Sandy,Tube Well,271.08,25.8,2102.93,3.31,48234.96,56966.0,6960.6983,335749004.072568,27.088871241553452,8.183949015575061,0.00016966841095286615,159657.7176,Lower relative profit,Lower relative profit/ha
4257,West Bengal,Howrah,2019,Zaid,Barley,1256.03,24.6,58.9,Red,Rain-fed,166.19,16.58,522.9,4.96,21724.35,22669.0,2593.584,56343926.57039999,43.35245744884299,8.740414808234474,0.0004023326271319729,107752.77599999998,Lower relative profit,Moderate relative profit/ha
4268,West Bengal,Darjeeling,2019,Rabi,Cotton,1613.74,24.2,61.3,Sandy,Canal,211.52,17.96,156.19,5.75,63820.48,12410.0,898.0925,57316694.4344,79.45451053204431,13.818175744703359,0.0002165163243006533,366967.76,Lower relative profit,Moderate relative profit/ha
4273,West Bengal,Darjeeling,2019,Kharif,Rice,448.73,31.2,79.2,Alluvial,Canal,272.67,16.17,674.39,3.16,47348.23,18490.0,2131.0724,100902506.141852,27.41736977120064,8.676382838987545,0.00018324619186372,149620.40680000003,Lower relative profit,Lower relative profit/ha
4278,West Bengal,Darjeeling,2019,Kharif,Millets,1795.19,21.5,60.3,Sandy,Tube Well,102.62,46.46,1253.91,2.05,61398.17,37220.0,2570.5155,157824947.656635,29.683151103348724,14.479585904072549,0.0002358309034955366,125866.24849999999,Lower relative profit,Lower relative profit/ha
4282,West Bengal,Darjeeling,2019,Zaid,Millets,1539.37,21.3,84.2,Sandy,Drip,57.16,46.77,203.22,5.14,54371.67,9706.0,1044.5508,56793971.395835996,47.76104714102943,9.292032517710005,0.00017089842040367723,279470.38379999995,Lower relative profit,Moderate relative profit/ha
4283,West Bengal,Darjeeling,2019,Zaid,Wheat,2124.41,18.3,72.5,Red,Tube Well,118.92,30.99,141.96,5.86,50729.65,11249.0,831.8856000000001,42201265.328040004,79.24063116370809,13.522292007458717,0.00026655598860742615,297275.749,Lower relative profit,Moderate relative profit/ha
4284,West Bengal,Darjeeling,2019,Kharif,Pulses,1536.75,22.1,68.5,Red,Sprinkler,109.69,57.39,692.62,4.95,17485.19,48802.0,3428.469,59947431.87411,70.4599924922757,14.234341917631456,0.0008140799109206967,86551.6905,Lower relative profit,Moderate relative profit/ha
4285,West Bengal,Siliguri,2019,Rabi,Sugarcane,1792.46,36.1,74.4,Alluvial,Sprinkler,109.79,14.15,803.82,3.43,19323.89,24026.0,2757.1026,53277947.361114,29.88977631808116,8.714220500898298,0.00045095581173864566,66280.9427,Lower relative profit,Lower relative profit/ha
4290,West Bengal,Siliguri,2019,Rabi,Cotton,1790.09,21.3,44.6,Alluvial,Sprinkler,187.29,42.56,2316.97,1.43,38055.76,43573.0,3313.2670999999996,126088897.57349598,18.806026836773892,13.1510677180237,0.00034557364556702324,54419.7368,Lower relative profit,Lower relative profit/ha
4294,West Bengal,Siliguri,2019,Zaid,Wheat,987.74,29.9,50.9,Alluvial,Drip,382.62,25.89,613.29,5.67,36556.73,53494.00000000001,3477.3543,127120702.259439,87.22464087136593,15.383534545214449,0.00042081265324372415,207276.65910000002,Lower relative profit,Higher relative profit/ha
4297,West Bengal,Siliguri,2019,Rabi,Pulses,999.3,25.8,60.3,Red,Sprinkler,167.71,18.63,648.22,7.7,36024.74,55087.0,4991.294000000001,179810068.61356002,84.98195057233654,11.036616957446304,0.00030636215438185823,277390.498,Lower relative profit,Higher relative profit/ha
4299,West Bengal,Siliguri,2019,Kharif,Maize,794.4,31.5,35.1,Red,Rain-fed,417.94,35.8,1199.34,2.08,40272.38,40048.0,2494.6272,100464574.55673599,33.39169876765555,16.053701330603626,0.00039862807538575145,83766.5504,Lower relative profit,Lower relative profit/ha
4306,West Bengal,Malda,2019,Kharif,Pulses,547.34,20.1,49.4,Sandy,Canal,116.59,47.8,958.9,3.64,36346.8,28437.0,3490.396,126864725.33280002,29.655855667952864,8.147213095591445,0.000224152142570775,132302.352,Lower relative profit,Lower relative profit/ha
4313,West Bengal,Malda,2019,Rabi,Wheat,442.0,27.6,73.7,Black,Tube Well,266.17,58.5,672.87,7.31,56083.75,47046.0,4918.6797,275858002.624875,69.91840920237193,9.564761860789595,0.0001705442639051346,409972.2125,Lower relative profit,Moderate relative profit/ha
4314,West Bengal,Malda,2019,Kharif,Cotton,527.26,28.8,72.3,Sandy,Drip,69.07,55.14,1011.25,1.61,39305.97,23192.0,1628.1125000000002,63994541.08162501,22.933992583436343,14.24471589033313,0.0003624059116295344,63282.61170000001,Lower relative profit,Lower relative profit/ha
4323,Uttarakhand,Dehradun,2020,Kharif,Barley,1585.33,26.6,78.9,Sandy,Sprinkler,236.6,16.34,1044.46,1.91,20982.99,30836.0,1994.9186,41859357.034614004,29.52339007716906,15.457272291711552,0.0007366572777145464,40077.5109,Lower relative profit,Lower relative profit/ha
4328,Uttarakhand,Dehradun,2020,Kharif,Pulses,485.17,36.2,53.5,Red,Rain-fed,149.4,44.48,676.48,2.34,52560.37,27841.000000000004,1582.9632,83201131.488384,41.15568826868496,17.58790096952349,0.0003346228531025084,122991.2658,Lower relative profit,Moderate relative profit/ha
4330,Uttarakhand,Dehradun,2020,Zaid,Millets,667.32,30.4,59.3,Alluvial,Tube Well,243.98,15.52,153.58,4.44,59378.67,8231.0,681.8952000000002,40490030.05538401,53.59421799713504,12.070769819174556,0.00020328461077310348,263641.29480000003,Lower relative profit,Moderate relative profit/ha
4334,Uttarakhand,Dehradun,2020,Zaid,Pulses,1683.62,18.7,42.4,Laterite,Drip,384.96,17.88,1846.9,1.67,47148.19,48525.0,3084.323,145420246.82537,26.273756023607124,15.7327880380881,0.00033368805967075505,78737.4773,Lower relative profit,Lower relative profit/ha
4336,Uttarakhand,Dehradun,2020,Rabi,Rice,1276.48,30.1,39.4,Laterite,Drip,114.2,56.11,420.61,8.27,40679.27,56487.0,3478.4447,141500591.131369,134.29780556810346,16.23915424039945,0.00039919974572797035,336417.56289999996,Lower relative profit,Higher relative profit/ha
4337,Uttarakhand,Dehradun,2020,Zaid,Rice,1759.9,23.0,72.5,Laterite,Rain-fed,439.39,10.72,979.78,3.65,39961.11,54053.0,3576.1969999999997,142908801.69867,55.16850721590561,15.114659511207018,0.00037823422600641017,145858.0515,Lower relative profit,Moderate relative profit/ha
4341,Uttarakhand,Haridwar,2020,Kharif,Sugarcane,961.71,33.8,82.4,Alluvial,Rain-fed,163.43,56.93,1235.05,2.42,36719.52,34825.0,2988.821,109748072.48591998,28.197238978179023,11.65175164387563,0.0003173176458699795,88861.23839999999,Lower relative profit,Lower relative profit/ha
4343,Uttarakhand,Haridwar,2020,Kharif,Rice,1371.7,34.4,41.9,Laterite,Rain-fed,444.84,37.33,229.91,5.28,25506.63,12602.0,1213.9248,30963130.721424002,54.81275281631943,10.381203184908983,0.0004070001872026599,134675.0064,Lower relative profit,Moderate relative profit/ha
4347,Uttarakhand,Haridwar,2020,Zaid,Wheat,672.98,28.7,39.5,Alluvial,Sprinkler,65.7,16.29,922.24,4.25,33695.48,34885.0,3919.52,132070107.76960002,37.826379250520475,8.90032452953423,0.0002641400131274054,143205.79,Lower relative profit,Moderate relative profit/ha
4352,Uttarakhand,Haridwar,2020,Zaid,Cotton,955.31,18.4,47.2,Black,Canal,446.24,55.06,1400.12,2.05,51398.37,23236.0,2870.2459999999996,147525965.89902,16.595720366825702,8.095473349671074,0.00015750447630286863,105366.6585,Lower relative profit,Lower relative profit/ha
4357,Uttarakhand,Nainital,2020,Rabi,Maize,978.84,35.7,53.5,Alluvial,Rain-fed,196.13,56.91,511.52,5.38,31334.25,37682.0,2751.9775999999997,86231154.11279999,73.66671879887394,13.692698661500735,0.0004369882368813913,168578.26499999998,Lower relative profit,Moderate relative profit/ha
4358,Uttarakhand,Nainital,2020,Kharif,Cotton,2147.19,25.2,71.4,Sandy,Sprinkler,277.04,19.29,824.29,7.99,12239.75,55163.0,6586.0770999999995,80611937.184725,66.92183576168581,8.375699094078325,0.0006843031184524459,97795.60250000001,Lower relative profit,Moderate relative profit/ha
4360,Uttarakhand,Nainital,2020,Rabi,Cotton,1133.05,27.7,60.9,Red,Tube Well,107.71,7.22,396.29,3.28,34875.44,14293.0,1299.8312,45332185.025728,36.067021625577226,10.996043178529643,0.000315294751221193,114391.4432,Lower relative profit,Lower relative profit/ha
4367,Uttarakhand,Nainital,2020,Kharif,Barley,861.9,27.7,86.0,Sandy,Rain-fed,429.62,18.69,375.36,5.6,29316.53,23020.0,2102.016,61623815.12448,61.327791986359756,10.951391426135672,0.0003735568781890514,164172.568,Lower relative profit,Moderate relative profit/ha
4368,Uttarakhand,Nainital,2020,Kharif,Maize,511.06,29.7,40.8,Red,Canal,67.45,54.6,3491.49,1.34,52047.71,47552.0,4678.5966,243510239.043786,13.619400313333276,10.163731577114385,0.00019527720964312138,69743.9314,Lower relative profit,Lower relative profit/ha
4371,Uttarakhand,Nainital,2020,Rabi,Barley,1914.63,35.7,52.1,Black,Tube Well,106.62,14.65,2519.12,1.37,43959.15,32663.0,3451.1944000000003,151711572.30876002,12.96603575851885,9.464259677750983,0.00021529669426617628,60224.03550000001,Lower relative profit,Lower relative profit/ha
4372,Uttarakhand,Nainital,2020,Kharif,Millets,961.84,23.6,82.2,Sandy,Canal,355.21,14.52,2179.4,1.62,62928.42,40789.0,3530.628,222176841.64776,18.71570156923924,11.552902203234098,0.0001835879909782273,101944.0404,Lower relative profit,Lower relative profit/ha
4374,Uttarakhand,Nainital,2020,Rabi,Rice,718.27,19.0,67.4,Red,Rain-fed,256.93,44.12,1144.4,2.27,24139.07,22548.0,2597.788,62708186.37716,19.702901083537224,8.67969210728512,0.00035957027786427236,54795.688899999994,Lower relative profit,Lower relative profit/ha
4378,Uttarakhand,Almora,2020,Rabi,Sugarcane,1134.82,27.3,41.3,Red,Canal,58.44,22.23,1652.54,1.77,61274.07,33554.0,2924.9958,179226397.39890602,20.304500950052645,11.47146946330658,0.000187215725400754,108455.10390000002,Lower relative profit,Lower relative profit/ha
4385,Uttarakhand,Almora,2020,Kharif,Sugarcane,2189.16,35.5,59.4,Alluvial,Sprinkler,360.05,9.32,381.34,5.97,56542.9,27208.0,2276.5998,128725554.83142,71.34840299994755,11.95115628139825,0.00021136440262876948,337561.113,Lower relative profit,Moderate relative profit/ha
4388,Uttarakhand,Almora,2020,Rabi,Rice,824.73,31.0,79.1,Alluvial,Sprinkler,422.96,20.31,130.88,7.76,33823.66,15755.000000000002,1015.6288,34352283.217408,120.37744498777508,15.51255734378545,0.000458630359452095,262471.6016,Lower relative profit,Higher relative profit/ha
4389,Uttarakhand,Almora,2020,Kharif,Barley,1645.25,30.6,49.9,Sandy,Rain-fed,213.61,42.95,1028.32,3.36,29651.05,59955.99999999999,3455.1551999999997,102448979.59295999,58.30480784191691,17.35262138152289,0.0005852278884397986,99627.52799999999,Lower relative profit,Moderate relative profit/ha
4391,Uttarakhand,Almora,2020,Rabi,Cotton,497.51,20.6,59.4,Laterite,Drip,243.39,25.84,128.38,1.9,64126.96,2985.0,243.92199999999997,15641976.337119998,23.251285246923196,12.23751855101221,0.00019083266306421214,121841.22399999999,Lower relative profit,Lower relative profit/ha
4398,Uttarakhand,Pauri,2020,Kharif,Maize,728.37,19.7,72.6,Black,Rain-fed,300.64,13.81,3645.79,1.53,50898.54,45306.0,5578.0587,283915043.864298,12.426936274442577,8.122180571531096,0.00015957590476133688,77874.7662,Lower relative profit,Lower relative profit/ha
4419,Uttar Pradesh,Lucknow,2020,Zaid,Pulses,1885.87,27.0,36.0,Black,Drip,135.17,20.33,325.74,7.29,26355.58,36703.0,2374.6446,62585135.726868,112.67575366857002,15.456207636292184,0.0005864491555978728,192132.1782,Lower relative profit,Higher relative profit/ha
4422,Uttar Pradesh,Lucknow,2020,Zaid,Maize,806.45,20.8,49.9,Laterite,Canal,435.49,16.54,536.91,2.99,62547.55,21163.0,1605.3609000000001,100411391.16079502,39.416289508483736,13.182705521232016,0.00021076293989504008,187017.17450000005,Lower relative profit,Moderate relative profit/ha
4427,Uttar Pradesh,Lucknow,2020,Kharif,Barley,2171.8,30.6,74.7,Laterite,Sprinkler,401.59,48.66,1498.43,2.17,63498.62,56784.0,3251.5931,206471674.651522,37.89566412845445,17.463439690532002,0.00027502077510553776,137792.0054,Lower relative profit,Moderate relative profit/ha
4435,Uttar Pradesh,Kanpur,2020,Zaid,Barley,1747.56,30.5,65.0,Black,Drip,109.11,28.8,1198.89,2.94,12735.99,28877.0,3524.7366,44891010.090234004,24.08644662979923,8.192668921700418,0.0006432691075998347,37443.8106,Lower relative profit,Lower relative profit/ha
4441,Uttar Pradesh,Kanpur,2020,Rabi,Cotton,881.43,18.1,87.1,Sandy,Rain-fed,131.38,46.89,1420.15,2.31,25152.16,35810.0,3280.5465000000004,82512830.45544001,25.215646234552686,10.915864170802028,0.000433993111160315,58101.48960000001,Lower relative profit,Lower relative profit/ha
4444,Uttar Pradesh,Kanpur,2020,Rabi,Rice,450.67,32.9,43.4,Black,Tube Well,390.05,12.94,325.72,5.63,32672.3,16621.0,1833.8036000000002,59914581.36028001,51.02849072823283,9.063675084943664,0.0002774116020281298,183945.049,Lower relative profit,Moderate relative profit/ha
4448,Uttar Pradesh,Varanasi,2020,Kharif,Rice,608.45,26.3,43.9,Alluvial,Rain-fed,385.62,54.29,1667.92,2.31,54088.69,50281.0,3852.8952000000004,208398054.07528803,30.145930260444146,13.050186259932529,0.000241273845972837,124944.8739,Lower relative profit,Lower relative profit/ha
4449,Uttar Pradesh,Varanasi,2020,Zaid,Barley,2094.95,34.5,50.1,Alluvial,Tube Well,275.56,25.54,311.09,3.39,46108.89,16247.0,1054.5951,48626209.460439,52.22604391012248,15.405912657853237,0.00033412022405773025,156309.1371,Lower relative profit,Moderate relative profit/ha
4450,Uttar Pradesh,Varanasi,2020,Rabi,Wheat,2045.86,20.5,37.7,Red,Drip,163.13,16.59,207.1,5.02,35320.91,13963.0,1039.6419999999998,36721101.51422,67.4215354901014,13.430584758984345,0.00038024458483613087,177310.9682,Lower relative profit,Moderate relative profit/ha
4459,Uttar Pradesh,Varanasi,2020,Rabi,Barley,1796.33,24.8,71.2,Laterite,Sprinkler,392.22,54.03,147.8,5.08,31833.26,10091.0,750.8240000000001,23901175.60624,68.27469553450608,13.439900695768914,0.0004221968059749116,161712.9608,Lower relative profit,Moderate relative profit/ha
4466,Uttar Pradesh,Agra,2020,Kharif,Cotton,1965.57,36.3,54.1,Red,Sprinkler,301.31,56.54,286.39,7.29,54642.49,23191.0,2087.7831,114081667.163919,80.97698942002165,11.107954652952214,0.00020328419610731897,398343.75210000004,Lower relative profit,Moderate relative profit/ha
4468,Uttar Pradesh,Agra,2020,Rabi,Barley,1501.82,34.8,75.9,Laterite,Canal,129.49,41.95,4115.05,1.24,31541.08,44930.0,5102.662,160943470.35496002,10.918457855919126,8.805207948321875,0.00027916634269726576,39110.9392,Lower relative profit,Lower relative profit/ha
4471,Uttar Pradesh,Agra,2020,Rabi,Wheat,809.13,18.4,65.0,Red,Rain-fed,366.38,48.79,1188.2,1.86,18156.62,24303.0,2210.052,40127074.34424,20.45362733546541,10.996573836271725,0.0006056509326224663,33771.313200000004,Lower relative profit,Lower relative profit/ha
4479,Uttar Pradesh,Agra,2020,Zaid,Sugarcane,1278.53,33.5,49.7,Alluvial,Drip,281.28,37.25,1370.13,3.24,64597.3,59226.0,4439.221200000001,286761703.62276006,43.226555144402354,13.34152936555628,0.00020653385459696119,209295.25200000004,Lower relative profit,Moderate relative profit/ha
4484,Uttar Pradesh,Meerut,2020,Kharif,Millets,895.28,26.2,82.1,Laterite,Drip,282.6,46.45,835.79,3.91,37855.62,54597.0,3267.9389,123709853.181618,65.32382536283038,16.706860706606232,0.00044133105485014466,148015.47420000003,Lower relative profit,Moderate relative profit/ha
4485,Uttar Pradesh,Meerut,2020,Zaid,Barley,919.25,33.5,55.6,Alluvial,Sprinkler,429.17,32.25,985.73,3.33,24930.21,42641.0,3282.4809,81832938.157989,43.25829588223956,12.990479243915784,0.0005210737993749665,83017.59929999999,Lower relative profit,Moderate relative profit/ha
4498,Uttar Pradesh,Meerut,2020,Rabi,Barley,1939.14,35.3,84.9,Sandy,Tube Well,330.92,38.52,298.81,4.45,59031.76,12403.0,1329.7045,78494796.91492,41.50798166058699,9.327636328221796,0.00015801047314567272,262691.332,Lower relative profit,Moderate relative profit/ha
4499,Uttar Pradesh,Meerut,2020,Rabi,Sugarcane,1565.32,35.6,75.3,Black,Tube Well,245.97,50.53,1230.28,3.94,24205.86,56817.99999999999,4847.303199999999,117333142.636752,46.18298273563741,11.721569222243,0.0004842451052035746,95371.0884,Lower relative profit,Moderate relative profit/ha
4504,Punjab,Ludhiana,2020,Zaid,Barley,1136.63,21.7,57.2,Black,Drip,439.41,49.79,1563.66,2.79,55060.39,43674.0,4362.611400000001,240207085.10244605,27.930624304516325,10.010976453231656,0.0001818181174022134,153618.48810000002,Lower relative profit,Lower relative profit/ha
4505,Punjab,Ludhiana,2020,Rabi,Cotton,445.53,29.6,41.5,Laterite,Rain-fed,359.76,53.96,480.65,4.16,25506.31,27150.0,1999.504,50999968.87024,56.48600853011547,13.578367435123912,0.0005323532661182237,106106.24960000001,Lower relative profit,Moderate relative profit/ha
4507,Punjab,Ludhiana,2020,Zaid,Maize,486.54,30.4,58.8,Red,Tube Well,389.24,26.36,1704.18,2.23,62374.02,47858.0,3800.3214000000003,237041323.010028,28.082714267272234,12.593145411332841,0.0002018972869045933,139094.06459999998,Lower relative profit,Lower relative profit/ha
4509,Punjab,Ludhiana,2020,Kharif,Millets,1245.77,25.7,71.8,Black,Sprinkler,70.95,13.81,221.97,7.91,48513.38,21598.0,1755.7827,85178953.322526,97.30143713114384,12.301066641105416,0.0002535602887513799,383740.83579999994,Lower relative profit,Higher relative profit/ha
4510,Punjab,Ludhiana,2020,Kharif,Maize,645.69,24.9,44.9,Alluvial,Drip,61.84,22.09,909.45,3.1,29817.87,42403.0,2819.295,84065371.80165,46.624883171147395,15.040284893918514,0.0005044050729954391,92435.397,Lower relative profit,Moderate relative profit/ha
4511,Punjab,Ludhiana,2020,Rabi,Wheat,704.84,23.2,79.7,Red,Drip,378.16,36.74,618.97,7.65,42167.04,56950.0,4735.1205,199666015.52832,92.00769019500137,12.027149045098218,0.00028522630578523456,322577.856,Lower relative profit,Higher relative profit/ha
4520,Punjab,Amritsar,2020,Zaid,Cotton,1544.21,20.5,35.4,Sandy,Tube Well,155.61,12.33,1105.69,2.23,12743.89,41760.0,2465.6887,31422465.567043,37.76827139614177,16.936444572260886,0.0013289854645842742,28418.874699999997,Lower relative profit,Moderate relative profit/ha
4522,Punjab,Amritsar,2020,Rabi,Cotton,1188.33,23.7,60.8,Laterite,Canal,393.26,31.75,927.95,3.51,49538.83,34210.0,3257.1045,161353146.117735,36.86621046392585,10.503193864366342,0.00021201941717974247,173881.2933,Lower relative profit,Lower relative profit/ha
4525,Punjab,Amritsar,2020,Zaid,Sugarcane,887.84,25.8,81.0,Alluvial,Canal,246.16,23.13,672.98,8.42,21648.84,56321.0,5666.4916,122672970.009744,83.68896549674581,9.939307066121831,0.0004591149948968088,182283.2328,Lower relative profit,Moderate relative profit/ha
4526,Punjab,Amritsar,2020,Kharif,Pulses,2070.95,36.2,65.3,Black,Drip,306.32,36.83,744.31,4.88,14375.77,34566.0,3632.2327999999998,52216143.319256,46.44032728298693,9.516460508808796,0.000661979185032092,70153.75760000001,Lower relative profit,Moderate relative profit/ha
4530,Punjab,Amritsar,2020,Rabi,Millets,1867.32,33.6,54.9,Sandy,Rain-fed,206.81,55.31,568.36,5.07,14933.66,51511.0,2881.5852000000004,43032613.63783201,90.63093813779999,17.875924682011828,0.0011970223429495401,75713.65620000001,Lower relative profit,Higher relative profit/ha
4538,Punjab,Patiala,2020,Rabi,Sugarcane,772.21,37.1,78.9,Alluvial,Drip,235.97,8.33,791.34,4.8,19245.68,39278.0,3798.432,73103406.77375999,49.63479667399601,10.340582640415835,0.0005372937012574165,92379.26399999998,Lower relative profit,Moderate relative profit/ha
4539,Punjab,Patiala,2020,Rabi,Millets,1458.29,20.1,47.3,Alluvial,Rain-fed,199.51,55.67,785.52,3.81,52128.14,39184.0,2992.8312,156010723.789968,49.88288013035951,13.092619456787272,0.00025116222172491233,198608.2134,Lower relative profit,Moderate relative profit/ha
4552,Punjab,Patiala,2020,Zaid,Pulses,1113.1,34.3,43.2,Sandy,Drip,229.12,55.76,232.25,3.87,49223.23,12742.0,898.8075,44242208.298225,54.86329386437029,14.176561722059507,0.0002880055153239539,190493.9001,Lower relative profit,Moderate relative profit/ha
4555,Punjab,Jalandhar,2020,Kharif,Maize,1647.27,26.3,55.6,Laterite,Drip,218.96,52.9,368.54,4.15,25052.63,25674.0,1529.4410000000003,38316519.47983001,69.6640798827807,16.786525272959203,0.0006700504207725576,103968.41450000003,Lower relative profit,Moderate relative profit/ha
4564,Punjab,Jalandhar,2020,Zaid,Maize,2054.87,35.7,43.3,Alluvial,Drip,145.76,25.92,2508.74,1.42,31672.26,37196.0,3562.4107999999997,112829601.08440799,14.82656632413084,10.441243890232986,0.00032966526197476863,44974.6092,Lower relative profit,Lower relative profit/ha
4565,Punjab,Jalandhar,2020,Zaid,Millets,1372.1,24.6,56.3,Alluvial,Rain-fed,105.04,16.09,1543.66,2.85,46437.78,38181.0,4399.4310000000005,204299808.90318,24.734073565422435,8.678622303656995,0.0001868871057931063,132347.67299999998,Lower relative profit,Lower relative profit/ha
4569,Punjab,Jalandhar,2020,Kharif,Maize,599.32,26.2,76.2,Sandy,Canal,210.95,41.54,312.34,7.17,44290.72,38975.0,2239.4777999999997,99188084.186016,124.7838893513479,17.40361078819357,0.00039294034479894595,317564.4624,Lower relative profit,Higher relative profit/ha
4573,Punjab,Bathinda,2020,Kharif,Rice,596.08,24.6,54.3,Red,Tube Well,274.91,9.24,2104.39,1.22,63944.82,28430.0,2567.3558,164169104.50695598,13.50985321161952,11.073650173458622,0.00017317509336109825,78012.6804,Lower relative profit,Lower relative profit/ha
4580,Punjab,Bathinda,2020,Zaid,Sugarcane,1942.02,33.7,83.0,Laterite,Drip,211.08,37.72,542.4,6.39,53169.39,37573.0,3465.9359999999997,184281702.89903998,69.27175516224189,10.840650260131751,0.0002038889342181987,339752.4021,Lower relative profit,Moderate relative profit/ha
4583,Punjab,Bathinda,2020,Kharif,Sugarcane,1879.15,23.7,50.4,Laterite,Sprinkler,214.98,13.38,270.71,1.94,32291.34,8339.0,525.1773999999999,16958681.983715996,30.804181596542428,15.878444121929087,0.0004917245342537376,62645.19959999999,Lower relative profit,Lower relative profit/ha
4589,Punjab,Bathinda,2020,Zaid,Pulses,1074.09,31.9,63.0,Alluvial,Canal,210.03,52.45,1744.35,2.53,20030.21,40866.0,4413.205499999999,88397432.93815498,23.427637802046608,9.259935890137001,0.0004622984926337268,50676.43129999999,Lower relative profit,Lower relative profit/ha
4590,Punjab,Bathinda,2020,Kharif,Barley,2068.33,24.9,72.3,Sandy,Canal,410.94,40.57,1598.38,2.04,26423.37,46906.0,3260.6952,86158555.726824,29.34596278732216,14.385275876138316,0.0005444148825883419,53903.67479999999,Lower relative profit,Lower relative profit/ha
4595,Maharashtra,Pune,2020,Zaid,Rice,1632.74,20.8,48.1,Red,Tube Well,58.37,43.4,220.02,5.37,32190.42,12243.0,1181.5074000000002,38033219.43910801,55.64494136896646,10.362186474667867,0.00032190280445759537,172862.5554,Lower relative profit,Moderate relative profit/ha
4598,Maharashtra,Pune,2020,Rabi,Rice,800.53,37.8,48.0,Alluvial,Canal,424.39,39.13,148.46,7.89,62417.65,16250.0,1171.3494,73112876.87691,109.4570928196147,13.872888823778796,0.00022225906973073796,492475.2585,Lower relative profit,Higher relative profit/ha
4600,Maharashtra,Pune,2020,Rabi,Rice,1515.99,34.9,64.4,Black,Sprinkler,421.98,8.4,190.8,3.69,39060.98,8411.0,704.052,27500961.090960003,44.08280922431866,11.94656076539801,0.00030584385659033667,144135.0162,Lower relative profit,Moderate relative profit/ha
4602,Maharashtra,Pune,2020,Rabi,Rice,1776.97,26.8,56.6,Alluvial,Drip,397.6,32.02,1009.85,3.2,20300.4,38441.0,3231.5200000000004,65601148.60800001,38.0660494132792,11.895640441649748,0.0005859805935671095,64961.280000000006,Lower relative profit,Moderate relative profit/ha
4608,Maharashtra,Pune,2020,Rabi,Sugarcane,669.2,23.3,84.8,Sandy,Drip,405.48,43.0,1854.1,1.63,23833.57,35173.0,3022.1829999999995,72029410.08331,18.970389946604822,11.638276040861856,0.0004883144254453636,38848.719099999995,Lower relative profit,Lower relative profit/ha
4611,Maharashtra,Nashik,2020,Kharif,Millets,566.23,36.2,61.1,Alluvial,Canal,376.93,7.94,810.25,3.34,14006.51,26132.0,2706.2349999999997,37904907.58984999,32.25177414378278,9.656219803527781,0.0006894094105903456,46781.74339999999,Lower relative profit,Lower relative profit/ha
4613,Maharashtra,Nashik,2020,Rabi,Cotton,1917.87,33.6,79.1,Black,Canal,149.17,9.97,435.76,7.63,43487.08,34239.0,3324.8487999999998,144587965.753504,78.57306774371213,10.297911893016009,0.00023680394022813228,331806.4204,Lower relative profit,Moderate relative profit/ha
4621,Maharashtra,Nashik,2020,Zaid,Rice,1740.41,33.9,64.5,Alluvial,Tube Well,197.43,12.12,2410.71,1.78,56715.09,39133.0,4291.0638,243368069.61274198,16.232977006773936,9.119650003805583,0.00016079759379391946,100952.8602,Lower relative profit,Lower relative profit/ha
4629,Maharashtra,Nagpur,2020,Rabi,Millets,1941.07,28.0,65.2,Red,Rain-fed,159.2,30.6,644.6,3.94,45101.39,28352.0,2539.724,114545082.61636001,43.98386596338815,11.163417757205114,0.0002475182640092714,177699.4766,Lower relative profit,Moderate relative profit/ha
4631,Maharashtra,Nagpur,2020,Kharif,Cotton,400.8,25.9,87.5,Sandy,Canal,286.64,21.49,1766.33,2.38,22007.62,58091.99999999999,4203.8654,92517072.254348,32.888531588095084,13.818710751300458,0.000627905732255485,52378.1356,Lower relative profit,Lower relative profit/ha
4633,Maharashtra,Nagpur,2020,Rabi,Barley,1528.82,24.8,83.7,Alluvial,Sprinkler,115.75,16.16,2201.22,2.1,50883.91,40504.0,4622.562,235214028.77742,18.400705063555666,8.762240506455079,0.0001722006132479811,106856.21100000001,Lower relative profit,Lower relative profit/ha
4636,Maharashtra,Nagpur,2020,Rabi,Sugarcane,1853.46,28.3,64.1,Laterite,Drip,284.88,50.73,413.36,2.83,20745.48,15516.0,1169.8088,24268245.064224,37.53628798142055,13.263706000501962,0.0006393540183452955,58709.7084,Lower relative profit,Moderate relative profit/ha
4637,Maharashtra,Nagpur,2020,Kharif,Sugarcane,1160.28,34.5,83.9,Laterite,Sprinkler,51.96,49.74,1000.46,3.65,58187.6,55783.00000000001,3651.679,212482436.9804,55.757351618255605,15.275986744727565,0.000262529933262887,212384.74,Lower relative profit,Moderate relative profit/ha
4638,Maharashtra,Nagpur,2020,Kharif,Maize,2199.52,20.1,81.9,Laterite,Canal,119.73,34.4,440.05,1.4,49125.35,5386.0,616.0699999999999,30264654.374499995,12.239518236564027,8.742513026117162,0.0001779633738205868,68775.48999999999,Lower relative profit,Lower relative profit/ha
4641,Maharashtra,Nagpur,2020,Kharif,Maize,1498.88,23.2,81.2,Red,Tube Well,436.44,51.63,1118.04,2.8,12522.59,32017.0,3130.5119999999997,39202118.26608,28.636721405316447,10.227400501898732,0.0008167160708686247,35063.252,Lower relative profit,Lower relative profit/ha
4642,Maharashtra,Nagpur,2020,Kharif,Rice,1086.06,26.1,83.5,Black,Sprinkler,144.23,59.86,965.32,3.01,46210.69,24602.0,2905.6132,134270390.845108,25.48584925206149,8.467059552179899,0.00018322729117829442,139094.1769,Lower relative profit,Lower relative profit/ha
4643,Maharashtra,Nagpur,2020,Rabi,Rice,1467.35,18.2,35.2,Red,Canal,85.91,37.32,757.59,4.76,50292.06,32531.0,3606.1284,181359625.860504,42.94011272588075,9.021032085269066,0.00017937288878739637,239390.2056,Lower relative profit,Moderate relative profit/ha
4644,Maharashtra,Nagpur,2020,Rabi,Cotton,1095.55,26.3,58.0,Black,Tube Well,144.56,7.44,282.38,3.1,48584.44,12608.0,875.378,42529749.91832001,44.649054465613716,14.402920795359261,0.00029645130818342787,150611.76400000002,Lower relative profit,Moderate relative profit/ha
4649,Maharashtra,Aurangabad,2020,Zaid,Pulses,1063.41,36.3,77.0,Alluvial,Rain-fed,114.18,21.05,322.46,1.8,48978.3,5418.0,580.428,28428376.7124,16.802083979408298,9.334491099671277,0.00019058421994375626,88160.94,Lower relative profit,Lower relative profit/ha
4650,Maharashtra,Aurangabad,2020,Kharif,Wheat,1532.04,25.1,61.5,Black,Canal,116.0,44.5,1424.55,1.37,19832.95,17745.0,1951.6335000000001,38706649.623825006,12.45656523112562,9.092383380383662,0.0004584483589372061,27171.141500000005,Lower relative profit,Lower relative profit/ha
4652,Maharashtra,Aurangabad,2020,Zaid,Millets,779.81,20.2,74.3,Black,Tube Well,434.08,13.2,293.43,6.33,23972.46,24017.0,1857.4119,44526732.476274,81.84916334389803,12.93035755827773,0.0005393838412193713,151745.67179999998,Lower relative profit,Moderate relative profit/ha
4654,Maharashtra,Aurangabad,2020,Kharif,Pulses,1962.85,34.2,52.8,Red,Drip,344.75,36.38,687.63,3.17,63379.57,22847.0,2179.7871,138153969.089547,33.22571731890697,10.481298838771915,0.00016537346086084072,200913.23690000002,Lower relative profit,Lower relative profit/ha
4659,Maharashtra,Aurangabad,2020,Kharif,Pulses,497.57,20.0,63.9,Alluvial,Rain-fed,160.58,59.95,993.06,3.85,25877.52,49335.0,3823.281,98937030.54312,49.67977765693916,12.903838352451729,0.0004986505025385636,99628.452,Lower relative profit,Moderate relative profit/ha
4662,Maharashtra,Aurangabad,2020,Rabi,Wheat,1516.41,26.2,59.0,Laterite,Drip,419.91,22.04,709.0,3.94,14854.77,43087.0,2793.46,41496205.8042,60.771509167842034,15.424240905543662,0.0010383358951733123,58527.7938,Lower relative profit,Moderate relative profit/ha
4663,Maharashtra,Kolhapur,2020,Kharif,Wheat,869.7,24.7,51.3,Alluvial,Drip,216.51,15.24,1187.97,1.79,64337.68,38040.0,2126.4663,136811908.340184,32.0210106315816,17.888832755073523,0.00027804597173963254,115164.4472,Lower relative profit,Lower relative profit/ha
4666,Maharashtra,Kolhapur,2020,Zaid,Barley,1316.81,28.1,86.2,Alluvial,Drip,379.14,56.6,2224.35,1.44,40775.18,32836.0,3203.064,130605511.15152,14.76206532245375,10.251434251703994,0.0002514135866893535,58716.2592,Lower relative profit,Lower relative profit/ha
4667,Maharashtra,Kolhapur,2020,Rabi,Millets,652.48,23.9,76.0,Sandy,Sprinkler,93.23,55.2,366.88,3.43,64776.04,12963.999999999998,1258.3984,81514065.094336,35.33580462276493,10.301983855033507,0.00015904003787563283,222181.81720000002,Lower relative profit,Lower relative profit/ha
4669,Maharashtra,Kolhapur,2020,Kharif,Sugarcane,1599.07,25.4,50.5,Sandy,Drip,215.28,52.59,272.84,2.53,23905.81,6643.000000000001,690.2851999999999,16501826.837011999,24.347602990763825,9.623558494373054,0.0004025614900466896,60481.6993,Lower relative profit,Lower relative profit/ha
4670,Maharashtra,Kolhapur,2020,Kharif,Barley,1581.51,37.2,82.4,Red,Canal,74.22,11.08,1222.66,3.79,48550.85,53914.0,4633.8814,224978880.76919,44.09566028168092,11.634738860601827,0.0002396402711919941,184007.72149999999,Lower relative profit,Moderate relative profit/ha
4672,Maharashtra,Kolhapur,2020,Kharif,Barley,1290.06,33.2,35.2,Laterite,Rain-fed,152.87,47.2,539.99,1.32,14134.3,10205.0,712.7868000000001,10074742.46724,18.89849812033556,14.317044030557241,0.0010129291178591967,18657.276,Lower relative profit,Lower relative profit/ha
4674,Maharashtra,Kolhapur,2020,Kharif,Sugarcane,562.41,27.8,67.1,Black,Tube Well,78.07,24.95,1231.39,2.48,30980.46,34938.0,3053.8472,94609591.025712,28.372814461705875,11.440650992623336,0.00036928602714818753,76831.54079999999,Lower relative profit,Lower relative profit/ha
4675,Maharashtra,Kolhapur,2020,Kharif,Sugarcane,2119.42,21.8,51.9,Black,Rain-fed,271.32,9.08,396.58,6.75,55307.41,22245.0,2676.915,148053235.44015,56.092087346815276,8.309938866194855,0.00015025000928799333,373325.0175,Lower relative profit,Moderate relative profit/ha
4676,Maharashtra,Kolhapur,2020,Zaid,Maize,439.93,33.8,79.2,Sandy,Rain-fed,229.7,25.65,237.58,8.22,64508.43,18218.0,1952.9076000000002,125979003.21106802,76.68153885007155,9.328654361322572,0.00014461139980189523,530259.2946,Lower relative profit,Moderate relative profit/ha
4681,Karnataka,Bengaluru,2020,Kharif,Sugarcane,1972.27,22.2,84.1,Sandy,Sprinkler,291.37,33.68,327.56,7.44,39240.27,36662.0,2437.0464,95630358.738528,111.92453291000122,15.043620014785109,0.00038337198023319184,291947.6088,Lower relative profit,Higher relative profit/ha
4683,Karnataka,Bengaluru,2020,Kharif,Cotton,1265.72,29.4,81.8,Alluvial,Sprinkler,277.06,18.72,507.06,1.71,53220.58,8039.0,867.0726,46146106.674108,15.85413954956021,9.271426637169714,0.00017420754597506668,91007.1918,Lower relative profit,Lower relative profit/ha
4685,Karnataka,Bengaluru,2020,Zaid,Maize,817.95,22.7,55.4,Red,Rain-fed,78.6,41.11,1710.52,2.4,29102.37,43701.0,4105.248,119472446.23775998,25.548371255524636,10.645154689801933,0.0003657830853570322,69845.688,Lower relative profit,Lower relative profit/ha
4688,Karnataka,Bengaluru,2020,Rabi,Rice,2197.86,26.8,87.1,Laterite,Rain-fed,353.07,15.66,429.2,3.67,64161.75,25849.0,1575.164,101065278.777,60.2260018639329,16.410354731316865,0.0002557653856279928,235473.6225,Lower relative profit,Moderate relative profit/ha
4701,Karnataka,Mysuru,2020,Kharif,Wheat,481.79,26.4,88.8,Sandy,Tube Well,189.06,39.41,924.96,3.18,45397.15,25355.0,2941.3728,133529942.20752001,27.411996194430028,8.620124589443405,0.0001898825056075856,144362.937,Lower relative profit,Lower relative profit/ha
4710,Karnataka,Mysuru,2020,Rabi,Rice,479.97,37.1,69.1,Alluvial,Canal,136.85,12.85,206.06,2.77,33410.0,8294.0,570.7862,19069966.942,40.25041250121324,14.530834837983118,0.0004349247182874324,92545.70000000001,Lower relative profit,Moderate relative profit/ha
4711,Karnataka,Mysuru,2020,Zaid,Maize,2198.19,24.8,77.7,Alluvial,Sprinkler,343.42,13.09,217.39,5.5,23407.88,17837.0,1195.645,27987514.6826,82.05069230415383,14.918307691664332,0.0006373198979003794,128743.34,Lower relative profit,Moderate relative profit/ha
4716,Karnataka,Mysuru,2020,Kharif,Cotton,2046.25,37.4,57.4,Black,Rain-fed,367.46,55.18,1422.46,1.39,15719.92,29034.0,1977.2194,31081730.790448,20.411118766081294,14.684258105094457,0.0009341178647915802,21850.6888,Lower relative profit,Lower relative profit/ha
4718,Karnataka,Hubli,2020,Zaid,Maize,566.25,29.2,60.8,Black,Rain-fed,342.46,13.61,1960.43,1.71,28536.27,53815.0,3352.3353,95663145.251331,27.45061032528578,16.05298849431917,0.0005625468393142891,48797.0217,Lower relative profit,Lower relative profit/ha
4722,Karnataka,Hubli,2020,Zaid,Barley,1623.55,22.0,73.4,Alluvial,Drip,391.19,9.07,808.49,1.87,26756.95,19103.0,1511.8763000000001,40453198.565285005,23.627997872577275,12.635292979987845,0.0004722247109624918,50035.49650000001,Lower relative profit,Lower relative profit/ha
4723,Karnataka,Hubli,2020,Kharif,Barley,1594.4,34.4,67.9,Laterite,Canal,380.35,5.55,380.8,4.98,23749.38,25861.0,1896.3840000000002,45037944.24192001,67.91228991596638,13.637006007222164,0.0005742047163851083,118271.91240000002,Lower relative profit,Moderate relative profit/ha
4728,Karnataka,Hubli,2020,Zaid,Barley,1292.86,25.9,59.3,Red,Canal,152.23,36.63,554.6,3.41,39051.62,22562.0,1891.1860000000001,73853877.02132002,40.681572304363506,11.930079854652053,0.00030549513322756014,133166.0242,Lower relative profit,Moderate relative profit/ha
4733,Karnataka,Hubli,2020,Zaid,Pulses,890.29,37.2,41.2,Black,Canal,414.3,58.74,283.1,6.49,44203.53,20180.0,1837.3190000000002,81215985.53607,71.28223242670434,10.983394826919005,0.00024847325150093225,286880.9097,Lower relative profit,Moderate relative profit/ha
4738,Karnataka,Belagavi,2020,Rabi,Millets,2110.61,25.6,41.5,Alluvial,Drip,143.82,5.8,698.36,2.73,56132.4,32126.0,1906.5228,107017700.41872,46.00206197376711,16.850572151563046,0.00030019333133026637,153241.45200000002,Lower relative profit,Moderate relative profit/ha
4740,Karnataka,Belagavi,2020,Kharif,Sugarcane,859.26,31.3,55.9,Alluvial,Rain-fed,205.29,50.55,645.17,2.67,48806.88,20277.0,1722.6038999999998,84074921.83483198,31.428925709502924,11.77113322453293,0.0002411777442961511,130314.36959999998,Lower relative profit,Lower relative profit/ha
4742,Karnataka,Belagavi,2020,Kharif,Cotton,1472.74,23.6,86.4,Black,Rain-fed,198.91,39.05,2185.73,1.65,37415.24,47451.0,3606.4545,134936360.66658,21.709451762111513,13.157243492188798,0.00035165465976401053,61735.14599999999,Lower relative profit,Lower relative profit/ha
4746,Karnataka,Belagavi,2020,Kharif,Maize,1418.12,37.1,72.0,Sandy,Tube Well,175.5,58.81,1316.79,4.31,35424.95,50955.0,5675.3649,201049517.81425497,38.69637527623995,8.978277326273771,0.00025344502465843343,152681.53449999998,Lower relative profit,Moderate relative profit/ha
4747,Karnataka,Belagavi,2020,Kharif,Maize,1641.73,25.9,46.2,Red,Sprinkler,280.94,23.37,2498.0,2.06,16210.81,45464.0,5145.88,83418882.9628,18.200160128102482,8.835029188399263,0.000545008496700613,33394.268599999996,Lower relative profit,Lower relative profit/ha
4756,Karnataka,Mangalore,2020,Rabi,Cotton,1622.64,27.4,66.8,Laterite,Canal,97.75,32.64,1488.45,3.47,50895.63,47324.0,5164.9215,262871933.643045,31.794148275051228,9.162578753617067,0.00018002682653927397,176607.8361,Lower relative profit,Lower relative profit/ha
4757,Karnataka,Mangalore,2020,Zaid,Maize,2142.27,19.8,67.5,Red,Rain-fed,200.8,30.95,801.52,4.94,40939.66,58708.00000000001,3959.5088,162100944.03900802,73.24583291745684,14.827091683695716,0.0003621693898702558,202241.92040000003,Lower relative profit,Moderate relative profit/ha
4762,Karnataka,Mangalore,2020,Rabi,Pulses,549.33,33.9,89.8,Sandy,Sprinkler,322.84,28.79,991.93,3.13,19941.51,25810.000000000004,3104.7409,61913221.704758994,26.019981248676828,8.313093050695471,0.0004168737999627647,62416.9263,Lower relative profit,Lower relative profit/ha
4769,Karnataka,Mangalore,2020,Zaid,Wheat,782.67,25.9,87.6,Laterite,Rain-fed,256.61,41.73,364.13,4.02,39102.07,23828.0,1463.8025999999998,57237711.73138199,65.4381676873644,16.27815116601105,0.0004162989623314328,157190.3214,Lower relative profit,Moderate relative profit/ha
4771,Tamil Nadu,Chennai,2020,Zaid,Rice,1203.01,27.2,83.8,Black,Sprinkler,73.18,18.52,1541.16,1.2,31805.27,25168.0,1849.392,58820411.895840004,16.33055620441745,13.608796837014543,0.00042787867661599926,38166.324,Lower relative profit,Lower relative profit/ha
4774,Tamil Nadu,Chennai,2020,Zaid,Rice,574.54,34.9,53.1,Black,Canal,183.75,50.9,1375.08,1.42,19285.88,24198.0,1952.6136,37657871.575968,17.597521598743345,12.392620844185455,0.0006425748186852482,27385.9496,Lower relative profit,Lower relative profit/ha
4778,Tamil Nadu,Chennai,2020,Kharif,Wheat,2073.22,32.3,38.3,Alluvial,Rain-fed,217.91,6.54,567.9,5.14,21433.76,44662.0,2919.006,62565274.04255999,78.64412748723367,15.300413908022115,0.0007138464696825063,110169.52639999999,Lower relative profit,Moderate relative profit/ha
4780,Tamil Nadu,Chennai,2020,Zaid,Barley,596.44,36.0,54.7,Alluvial,Drip,112.04,40.81,493.22,3.01,25807.02,16235.0,1484.5922,38312900.597244,32.91634564697295,10.935663005638855,0.00042374760842743,77679.1302,Lower relative profit,Lower relative profit/ha
4783,Tamil Nadu,Chennai,2020,Rabi,Rice,1515.12,27.8,71.6,Sandy,Rain-fed,221.58,36.09,984.09,5.81,43502.0,60200.0,5717.5629,248725421.2758,61.17326667276367,10.528961561577225,0.0002420339653711835,252746.62,Lower relative profit,Moderate relative profit/ha
4787,Tamil Nadu,Chennai,2020,Zaid,Rice,1651.13,33.1,61.0,Red,Rain-fed,72.01,11.09,1495.94,1.22,46695.96,19486.0,1825.0468,85222312.370928,13.025923499605598,10.676986475086556,0.000228649041053799,56969.0712,Lower relative profit,Lower relative profit/ha
4790,Tamil Nadu,Coimbatore,2020,Rabi,Rice,940.08,26.7,72.4,Laterite,Rain-fed,396.62,51.75,133.71,8.5,40734.55,15013.999999999998,1136.535,46296241.784250006,112.28778700172012,13.210327882555308,0.0003243027818536183,346243.67500000005,Lower relative profit,Higher relative profit/ha
4794,Tamil Nadu,Coimbatore,2020,Rabi,Sugarcane,775.16,36.8,52.3,Red,Tube Well,327.85,24.08,433.32,3.36,26526.35,21320.0,1455.9551999999999,38621177.219519995,49.201513892735164,14.64330770617118,0.000552028745235254,89128.536,Lower relative profit,Moderate relative profit/ha
4800,Tamil Nadu,Coimbatore,2020,Rabi,Millets,811.93,21.4,66.0,Alluvial,Tube Well,73.49,49.44,933.65,5.16,51129.93,52572.0,4817.634,246325289.18562,56.308038344133244,10.912410531808767,0.00021342510212333103,263830.4388,Lower relative profit,Moderate relative profit/ha
4801,Tamil Nadu,Coimbatore,2020,Kharif,Pulses,2087.36,37.4,68.5,Alluvial,Rain-fed,399.36,59.12,444.55,1.76,55872.58,12054.0,782.408,43715153.57264,27.115060173208864,15.406284189323218,0.00027573962378904315,98335.7408,Lower relative profit,Lower relative profit/ha
4804,Tamil Nadu,Coimbatore,2020,Kharif,Cotton,1917.99,27.7,37.9,Alluvial,Drip,138.3,29.23,177.76,8.33,58782.82,15781.0,1480.7408,87042119.913056,88.77700270027003,10.657503325362548,0.00018130302910548607,489660.89060000004,Lower relative profit,Higher relative profit/ha
4806,Tamil Nadu,Coimbatore,2020,Kharif,Rice,1529.19,19.0,83.4,Sandy,Tube Well,250.83,29.14,789.57,2.3,15287.18,20512.0,1816.011,27761687.03898,25.97869726560026,11.295085767652289,0.000738859996915866,35160.513999999996,Lower relative profit,Lower relative profit/ha
4811,Tamil Nadu,Madurai,2020,Kharif,Pulses,2093.54,27.3,48.6,Black,Canal,103.63,22.94,548.84,5.47,33626.3,31632.0,3002.1548000000003,100951357.95124002,57.63428321550907,10.536432032085752,0.00031333902427819153,183935.86100000003,Lower relative profit,Moderate relative profit/ha
4813,Tamil Nadu,Madurai,2020,Kharif,Wheat,1018.48,33.8,39.4,Alluvial,Canal,265.61,43.11,909.91,3.26,26879.77,36442.0,2966.3066,79733639.157482,40.050114846523286,12.285311302614504,0.0004570467419406678,87628.0502,Lower relative profit,Moderate relative profit/ha
4814,Tamil Nadu,Madurai,2020,Kharif,Wheat,1182.56,31.7,86.6,Black,Sprinkler,76.03,24.12,2586.1,1.7,31914.44,58437.0,4396.37,140307686.5828,22.59657399172499,13.292102348073525,0.00041649179330965934,54254.548,Lower relative profit,Lower relative profit/ha
4815,Tamil Nadu,Madurai,2020,Rabi,Barley,983.61,37.9,89.5,Alluvial,Drip,359.43,21.44,184.92,1.76,15801.26,4165.0,325.45919999999995,5142665.438591999,22.523253298723773,12.797303010638508,0.0008098913004810066,27810.217599999996,Lower relative profit,Lower relative profit/ha
4820,Tamil Nadu,Madurai,2020,Kharif,Maize,456.65,20.5,77.5,Black,Drip,293.61,19.99,130.49,4.82,25896.04,6912.0,628.9618,16287619.931272002,52.969576212736605,10.989538633347843,0.00042437139552409725,124818.9128,Lower relative profit,Moderate relative profit/ha
4826,Tamil Nadu,Salem,2020,Rabi,Sugarcane,484.08,31.1,38.5,Alluvial,Drip,256.51,40.7,504.05,5.91,41799.77,53384.0,2978.9355,124518818.74483499,105.91012796349568,17.92049542529538,0.00042872234524963604,247036.64069999996,Lower relative profit,Higher relative profit/ha
4834,Tamil Nadu,Salem,2020,Rabi,Pulses,835.01,27.1,79.9,Alluvial,Sprinkler,387.12,40.86,944.55,4.24,23545.25,45839.0,4004.892,94296183.36299999,48.52998782489016,11.445751845492962,0.00048611723576912384,99831.86,Lower relative profit,Moderate relative profit/ha
4836,Tamil Nadu,Salem,2020,Rabi,Cotton,2081.82,19.2,73.2,Alluvial,Drip,370.34,44.17,2405.91,1.56,14292.47,34393.0,3753.2196,53642778.53641199,14.295214700466769,9.163599166965877,0.0006411487424473081,22296.2532,Lower relative profit,Lower relative profit/ha
4837,Tamil Nadu,Salem,2020,Kharif,Maize,1585.67,34.5,53.7,Black,Sprinkler,385.55,37.41,156.37,7.93,39614.1,20510.0,1240.0141,49122042.55881,131.16326661124256,16.540134503309275,0.0004175314977068588,314139.813,Lower relative profit,Higher relative profit/ha
4843,Tamil Nadu,Tiruchirappalli,2020,Kharif,Barley,1651.88,19.9,88.9,Alluvial,Rain-fed,192.47,45.97,199.22,2.26,59400.62,7322.0,450.2372,26744368.827064,36.75333801827126,16.262538946137727,0.0002737772593305882,134245.4012,Lower relative profit,Lower relative profit/ha
4844,Tamil Nadu,Tiruchirappalli,2020,Zaid,Pulses,2140.98,21.0,46.4,Red,Tube Well,117.69,55.59,325.33,6.33,53909.2,33941.0,2059.3388999999997,111017312.62787998,104.32791319583193,16.48150287453901,0.0003057270906364593,341245.236,Lower relative profit,Higher relative profit/ha
4845,Tamil Nadu,Tiruchirappalli,2020,Rabi,Millets,1325.82,29.0,58.0,Laterite,Sprinkler,436.53,25.45,1522.86,1.34,48940.85,18168.0,2040.6324,99870284.19353999,11.930183995902448,8.903122385001826,0.00018191597377245852,65580.739,Lower relative profit,Lower relative profit/ha
4862,Rajasthan,Jaipur,2020,Kharif,Wheat,1820.1,22.9,74.6,Sandy,Tube Well,396.41,14.8,1435.47,2.35,41264.94,36981.0,3373.3545000000004,139201271.04123002,25.762293882839767,10.962678248016921,0.0002656656776434649,96972.60900000001,Lower relative profit,Lower relative profit/ha
4864,Rajasthan,Jaipur,2020,Kharif,Pulses,1834.19,31.6,69.8,Black,Canal,69.08,26.13,968.85,2.54,26260.97,35730.0,2460.879,64625069.59263,36.87877380399443,14.519202285037176,0.0005528814162248072,66702.86379999999,Lower relative profit,Lower relative profit/ha
4865,Rajasthan,Jaipur,2020,Rabi,Sugarcane,1807.09,32.6,45.5,Black,Sprinkler,263.79,53.84,391.88,5.12,12544.61,29843.0,2006.4256,25169826.646016,76.15341431050322,14.873713732520159,0.0011856656948697614,64228.40320000001,Lower relative profit,Moderate relative profit/ha
4866,Rajasthan,Jaipur,2020,Zaid,Sugarcane,1408.66,35.0,53.0,Sandy,Drip,65.72,39.5,1025.4,6.89,57913.26,57040.0,7065.006,409157529.37956005,55.627072362005066,8.073595408128456,0.00013940840850831842,399022.3614,Lower relative profit,Moderate relative profit/ha
4867,Rajasthan,Jaipur,2020,Rabi,Maize,1842.26,24.0,72.5,Laterite,Canal,337.41,11.66,293.62,4.0,17353.79,15406.0,1174.48,20381679.279200003,52.469177848920374,13.117294462230094,0.0007558749104506907,69415.16,Lower relative profit,Moderate relative profit/ha
4868,Rajasthan,Jaipur,2020,Kharif,Cotton,618.15,21.8,49.0,Sandy,Drip,373.91,53.47,1443.27,1.92,56521.93,49002.0,2771.0784,156626699.349312,33.952067180776986,17.683368323321346,0.0003128585369133953,108522.10560000001,Lower relative profit,Lower relative profit/ha
4869,Rajasthan,Jaipur,2020,Kharif,Maize,706.27,20.3,71.9,Black,Canal,397.57,45.97,2927.86,1.65,13352.0,50470.0,4830.969,64503098.088,17.23784607187502,10.447179437500013,0.000782443037559917,22030.8,Lower relative profit,Lower relative profit/ha
4871,Rajasthan,Jaipur,2020,Zaid,Wheat,709.72,20.0,49.8,Red,Drip,424.61,38.97,2023.56,1.88,48592.57,33645.0,3804.2927999999997,184860364.184496,16.62663820198067,8.84395649041525,0.0001820022380050129,91354.0316,Lower relative profit,Lower relative profit/ha
4876,Rajasthan,Jaipur,2020,Kharif,Barley,872.26,25.0,87.4,Laterite,Rain-fed,309.06,6.63,225.6,5.19,45489.48,17628.0,1170.864,53261994.51072001,78.13829787234043,15.0555487229943,0.0003309677033677743,236090.40120000005,Lower relative profit,Moderate relative profit/ha
4882,Rajasthan,Jodhpur,2020,Zaid,Barley,1747.25,20.6,53.8,Sandy,Sprinkler,266.28,33.51,3152.26,1.33,12696.73,47473.0,4192.505800000001,53231114.166034006,15.059988706515325,11.323299779334828,0.0008918280359852364,16886.6509,Lower relative profit,Lower relative profit/ha
4886,Rajasthan,Jodhpur,2020,Zaid,Pulses,1120.17,24.8,63.8,Red,Canal,442.87,19.2,353.81,5.12,30982.34,20949.0,1811.5072,56124731.982848,59.20974534354597,11.564403387411323,0.00037325790716296193,158629.5808,Lower relative profit,Moderate relative profit/ha
4893,Rajasthan,Jodhpur,2020,Kharif,Pulses,1891.83,34.8,56.5,Black,Rain-fed,406.39,28.43,1190.68,1.55,48037.95,29906.0,1845.554,88656630.7743,25.116740014109585,16.20434839619973,0.00033732389488310246,74458.8225,Lower relative profit,Lower relative profit/ha
4898,Rajasthan,Udaipur,2020,Kharif,Sugarcane,1508.44,37.4,50.4,Sandy,Rain-fed,283.86,27.37,856.16,3.47,22645.2,41610.0,2970.8752,67276063.07904,48.600728835731644,14.005973727876553,0.0006184963580748482,78578.84400000001,Lower relative profit,Moderate relative profit/ha
4903,Rajasthan,Udaipur,2020,Kharif,Barley,1838.45,18.5,81.9,Black,Tube Well,400.59,16.15,927.83,3.27,40479.83,37350.0,3034.0041,122815970.187303,40.255219167304354,12.310464577157294,0.0003041135443789486,132369.0441,Lower relative profit,Moderate relative profit/ha
4906,Rajasthan,Udaipur,2020,Zaid,Barley,1140.23,31.9,75.9,Black,Drip,432.72,39.58,2141.7,1.4,20290.35,35829.0,2998.3799999999997,60838179.63299999,16.729233786244574,11.94945270446041,0.0005889229463493932,28406.489999999994,Lower relative profit,Lower relative profit/ha
4907,Rajasthan,Udaipur,2020,Rabi,Cotton,1949.88,29.6,49.0,Red,Sprinkler,420.95,44.99,954.04,6.23,43516.88,52741.0,5943.6692,258649939.336096,55.28174919290596,8.873474990835627,0.00020390880483241508,271110.1624,Lower relative profit,Moderate relative profit/ha
4912,Rajasthan,Udaipur,2020,Kharif,Wheat,2079.82,19.1,51.3,Alluvial,Tube Well,157.17,56.25,464.44,4.16,46042.65,28503.0,1932.0704,88957641.20256001,61.370682973042804,14.752568022366058,0.0003204109238361836,191537.42400000003,Lower relative profit,Moderate relative profit/ha
4921,Rajasthan,Kota,2020,Kharif,Cotton,1866.76,22.8,87.7,Black,Sprinkler,85.37,48.81,181.26,8.39,37832.48,21549.0,1520.7714,57534553.575072005,118.88447533929163,14.169782519581839,0.0003745401443305286,317414.50720000005,Lower relative profit,Higher relative profit/ha
4931,Rajasthan,Kota,2020,Zaid,Millets,1831.03,23.8,58.8,Laterite,Canal,438.38,17.77,3352.02,1.32,39465.33,42790.0,4424.6664,174620919.61591202,12.765436960399997,9.670785576060604,0.0002450450959376395,52094.23560000001,Lower relative profit,Lower relative profit/ha
4935,Rajasthan,Ajmer,2020,Zaid,Pulses,1779.63,27.0,76.9,Sandy,Drip,219.47,5.49,241.3,6.73,25362.18,20772.0,1623.949,41186886.84882,86.08371322005802,12.79104208321813,0.0005043352772994328,170687.4714,Lower relative profit,Higher relative profit/ha
4937,Rajasthan,Ajmer,2020,Rabi,Pulses,790.78,36.0,47.7,Laterite,Sprinkler,227.49,55.33,489.72,8.49,32524.46,54166.99999999999,4157.7228000000005,135227688.899688,110.60810258923465,13.028045063514092,0.00040056145631669495,276132.6654,Lower relative profit,Higher relative profit/ha
4943,Rajasthan,Ajmer,2020,Rabi,Barley,1103.96,36.0,58.5,Red,Sprinkler,361.57,17.04,811.51,1.9,45834.05,23389.0,1541.869,70670100.83945,28.82157952458996,15.169252381363139,0.0003309603314863761,87084.695,Lower relative profit,Lower relative profit/ha
4958,West Bengal,Kolkata,2020,Rabi,Pulses,1129.89,23.0,47.0,Red,Rain-fed,215.94,13.43,3086.81,2.34,64534.65,60534.0,7223.135399999999,466142514.94161,19.610536443772048,8.380571129817117,0.0001298615725012395,151011.081,Lower relative profit,Lower relative profit/ha
4963,West Bengal,Kolkata,2020,Kharif,Maize,824.53,22.1,63.5,Alluvial,Canal,72.81,40.63,431.57,3.86,16188.85,27620.0,1665.8601999999998,26968360.898769997,63.99888778181987,16.58002274140411,0.0010241630962918374,62488.960999999996,Lower relative profit,Moderate relative profit/ha
4969,West Bengal,Howrah,2020,Rabi,Barley,812.56,20.9,67.6,Sandy,Sprinkler,207.6,12.21,2561.08,1.79,12945.22,42161.0,4584.3332,59345201.827304,16.462195636215974,9.19675733866814,0.000710436542497396,23171.9438,Lower relative profit,Lower relative profit/ha
4971,West Bengal,Howrah,2020,Kharif,Maize,934.63,31.7,84.2,Black,Drip,293.14,32.41,652.76,2.78,42107.29,28819.0,1814.6727999999998,76410953.84471199,44.14945768735829,15.881099887538957,0.0003771579668874192,117058.26619999998,Lower relative profit,Moderate relative profit/ha
4974,West Bengal,Howrah,2020,Rabi,Wheat,1833.78,21.2,70.3,Sandy,Tube Well,283.55,57.2,1459.36,1.97,48573.11,47866.0,2874.9392,139644738.004912,32.79930928626247,16.649395576782982,0.0003427698077554223,95689.0267,Lower relative profit,Lower relative profit/ha
4977,West Bengal,Howrah,2020,Zaid,Cotton,962.18,29.4,61.2,Black,Tube Well,430.2,13.99,879.14,7.83,28666.93,60102.0,6883.6662,197333577.098766,68.36453807129695,8.731103201953633,0.00030457056971059103,224462.0619,Lower relative profit,Moderate relative profit/ha
4981,West Bengal,Howrah,2020,Kharif,Pulses,1696.27,29.4,68.0,Red,Canal,147.46,35.02,212.74,6.07,53170.26,18196.0,1291.3318000000002,68660447.55226801,85.53163485945285,14.090878889530947,0.0002650142935078923,322743.47820000007,Lower relative profit,Higher relative profit/ha
4992,West Bengal,Darjeeling,2020,Rabi,Maize,1020.91,28.6,58.3,Black,Tube Well,441.63,34.22,724.48,1.33,48602.57,9139.0,963.5584000000001,46831414.58508801,12.61456492932862,9.484635285209489,0.00019514678514345,64641.41810000001,Lower relative profit,Lower relative profit/ha
4995,West Bengal,Darjeeling,2020,Kharif,Wheat,1197.28,30.8,53.3,Sandy,Tube Well,413.16,7.59,1805.28,1.57,43221.47,39018.0,2834.2896,122502162.917712,21.61326774793938,13.766412578305335,0.0003185086619752946,67857.70790000001,Lower relative profit,Lower relative profit/ha
4998,West Bengal,Darjeeling,2020,Kharif,Barley,1241.55,18.8,66.1,Laterite,Canal,285.61,18.55,140.56,5.7,17019.12,11258.0,801.192,13635582.79104,80.09391007398975,14.051563170875395,0.0008256339441096482,97008.984,Lower relative profit,Moderate relative profit/ha
5003,West Bengal,Darjeeling,2020,Rabi,Pulses,1310.79,19.5,65.0,Laterite,Drip,190.09,31.13,2407.4,1.37,56712.1,38286.0,3298.1380000000004,187044332.06980002,15.903464318351748,11.608368115585217,0.0002046894422104845,77695.577,Lower relative profit,Lower relative profit/ha
5005,West Bengal,Siliguri,2020,Zaid,Barley,1352.08,35.2,38.6,Laterite,Canal,299.04,57.73,2728.18,1.27,36747.73,57615.0,3464.7886,127323115.97987801,21.118474587453907,16.628720147601502,0.0004525101318530832,46669.6171,Lower relative profit,Lower relative profit/ha
5006,West Bengal,Siliguri,2020,Kharif,Barley,1488.89,19.2,63.6,Red,Rain-fed,148.15,44.28,1703.61,1.64,35255.18,49309.0,2793.9203999999995,98500166.60767199,28.943831041142047,17.648677464111007,0.0005005981380356307,57818.4952,Lower relative profit,Lower relative profit/ha
5014,West Bengal,Siliguri,2020,Kharif,Wheat,1195.47,18.2,83.6,Laterite,Tube Well,282.6,14.53,1414.36,2.08,63301.19,46379.0,2941.8687999999997,186223795.863872,32.791509940892,15.76514901004423,0.00024904980475160465,131666.47520000002,Lower relative profit,Lower relative profit/ha
5016,West Bengal,Siliguri,2020,Kharif,Maize,993.48,35.0,64.0,Alluvial,Drip,221.01,29.65,1366.03,3.92,53157.47,45289.0,5354.8376,284649619.076872,33.153737472822705,8.457586090005792,0.00015910437592319183,208377.2824,Lower relative profit,Lower relative profit/ha
5017,West Bengal,Siliguri,2020,Rabi,Millets,2146.43,33.1,75.1,Alluvial,Rain-fed,333.76,51.13,689.27,3.71,32051.91,21782.0,2557.1917,81962878.221147,31.601549465376415,8.517937861287443,0.00026575445461089346,118912.5861,Lower relative profit,Lower relative profit/ha
5021,West Bengal,Siliguri,2020,Kharif,Cotton,1460.99,21.0,83.9,Laterite,Sprinkler,134.22,39.79,631.11,1.26,60981.57,11394.0,795.1986,48492459.089802004,18.053905024480677,14.32849605117514,0.00023496436794223467,76836.7782,Lower relative profit,Lower relative profit/ha
5023,West Bengal,Malda,2020,Kharif,Pulses,1312.78,28.1,63.9,Laterite,Canal,254.03,48.84,1275.74,4.6,32017.79,48208.0,5868.4039999999995,187893326.90715998,37.7882640663458,8.214840014423002,0.0002565711129476145,147281.83399999997,Lower relative profit,Moderate relative profit/ha
5029,West Bengal,Malda,2020,Rabi,Cotton,1868.55,27.9,70.4,Red,Drip,202.63,10.32,599.11,6.41,40261.52,47149.0,3840.2951000000003,154616117.974552,78.69840263056868,12.277441908045034,0.0003049423347167478,258076.3432,Lower relative profit,Moderate relative profit/ha
5031,West Bengal,Malda,2020,Zaid,Cotton,1136.56,34.8,83.6,Alluvial,Canal,192.94,27.96,2754.5,1.44,21731.87,60048.0,3966.48,86199027.7176,21.799963695770558,15.138863677618442,0.0006966203864471139,31293.8928,Lower relative profit,Lower relative profit/ha
5035,West Bengal,Malda,2020,Kharif,Maize,721.68,18.3,79.5,Black,Tube Well,83.7,55.67,476.08,8.11,13468.77,55666.99999999999,3861.0087999999996,52003039.495175995,116.92782725592336,14.417734556833954,0.0010704566606181526,109231.72469999999,Lower relative profit,Higher relative profit/ha
5039,West Bengal,Malda,2020,Zaid,Maize,1563.15,29.2,67.0,Red,Rain-fed,135.27,50.73,1433.24,1.49,12588.5,20662.0,2135.5276,26883089.192599997,14.416287572214005,9.675360786720809,0.0007685872651007514,18756.864999999998,Lower relative profit,Lower relative profit/ha
5044,Uttarakhand,Dehradun,2021,Rabi,Wheat,1160.77,33.0,68.1,Alluvial,Tube Well,265.95,19.59,1268.83,1.73,52310.6,26260.000000000004,2195.0759,114825737.37453999,20.696231961728525,11.963139862270824,0.00022869437288562596,90497.33799999999,Lower relative profit,Lower relative profit/ha
5045,Uttarakhand,Dehradun,2021,Zaid,Maize,526.89,25.4,65.9,Red,Sprinkler,104.75,8.57,1316.01,1.54,26941.3,22003.0,2026.6554,54600731.12802,16.71947781551812,10.856803776310466,0.0004029799518327054,41489.602000000006,Lower relative profit,Lower relative profit/ha
5047,Uttarakhand,Dehradun,2021,Zaid,Millets,1386.75,23.8,43.3,Laterite,Sprinkler,238.72,31.7,470.94,7.0,31118.86,32754.000000000004,3296.58,102585811.4988,69.55026117976813,9.935751597109734,0.0003192839196908156,217832.02,Lower relative profit,Moderate relative profit/ha
5049,Uttarakhand,Dehradun,2021,Kharif,Cotton,2003.6,33.9,38.0,Black,Drip,248.3,17.29,802.62,2.4,59809.92,27550.0,1926.288,115211131.17695999,34.325085345493505,14.302118893955628,0.0002391262000343025,143543.808,Lower relative profit,Lower relative profit/ha
5058,Uttarakhand,Dehradun,2021,Kharif,Millets,1374.47,19.8,88.3,Laterite,Rain-fed,128.36,54.56,624.83,7.83,32637.65,49687.0,4892.418900000001,159677055.71158502,79.52082966566905,10.155916943252752,0.0003111718197619238,255552.7995,Lower relative profit,Moderate relative profit/ha
5069,Uttarakhand,Haridwar,2021,Rabi,Maize,745.38,26.3,55.6,Laterite,Canal,423.9,30.98,841.56,5.47,14744.41,37507.0,4603.333199999999,67873432.06741199,44.56842055230762,8.147791691463917,0.0005526020838720517,80651.9227,Lower relative profit,Moderate relative profit/ha
5072,Uttarakhand,Haridwar,2021,Kharif,Wheat,959.85,35.6,50.0,Alluvial,Sprinkler,251.15,50.82,809.65,6.58,18601.09,44392.0,5327.497,99097251.17173001,54.82862965478911,8.332618488569773,0.00044796398966779754,122395.17220000002,Lower relative profit,Moderate relative profit/ha
5085,Uttarakhand,Nainital,2021,Zaid,Sugarcane,1669.08,26.7,57.7,Sandy,Tube Well,205.91,57.08,150.96,8.15,55774.47,14671.0,1230.324,68620669.02828,97.18468468468468,11.924501188304868,0.0002137985567286407,454561.9305,Lower relative profit,Higher relative profit/ha
5089,Uttarakhand,Nainital,2021,Kharif,Millets,1082.28,23.9,79.6,Red,Drip,317.21,59.85,300.1,2.0,37989.34,7120.999999999999,600.2,22801201.868,23.728757080973004,11.864378540486502,0.00031230809854781636,75978.68,Lower relative profit,Lower relative profit/ha
5094,Uttarakhand,Nainital,2021,Zaid,Wheat,1091.59,19.4,64.4,Laterite,Drip,163.96,46.02,363.83,4.04,59299.55,17365.0,1469.8732,87162819.31706001,47.728334661792594,11.813944223215989,0.00019922485454301067,239570.18200000003,Lower relative profit,Moderate relative profit/ha
5097,Uttarakhand,Almora,2021,Kharif,Wheat,1421.48,24.8,85.2,Sandy,Canal,72.4,40.04,1105.21,3.69,37165.15,42422.0,4078.2249,151567840.142235,38.38365559486432,10.402074686955102,0.00027988787040964723,137139.40350000001,Lower relative profit,Moderate relative profit/ha
5100,Uttarakhand,Almora,2021,Zaid,Millets,1183.72,27.0,68.3,Alluvial,Sprinkler,157.42,26.15,2214.67,1.52,29767.59,52463.0,3366.2984,100206590.58885601,23.688856579084018,15.584774065186853,0.000523548398281045,45246.736800000006,Lower relative profit,Lower relative profit/ha
5103,Uttarakhand,Almora,2021,Rabi,Wheat,1180.96,18.5,57.9,Sandy,Drip,156.26,37.02,531.6,6.72,58489.61,31371.0,3572.352,208945475.26272,59.01241534988713,8.781609427066538,0.0001501396474872467,393050.17919999996,Lower relative profit,Moderate relative profit/ha
5108,Uttarakhand,Almora,2021,Rabi,Maize,877.98,29.0,84.1,Alluvial,Canal,225.15,22.16,351.98,4.19,30517.22,17588.0,1474.7962000000002,45006680.090564005,49.96874822433092,11.92571556666609,0.000390786433582944,127867.1518,Lower relative profit,Moderate relative profit/ha
5128,Uttarakhand,Pauri,2021,Zaid,Millets,1121.83,20.0,80.2,Black,Canal,360.38,11.41,1923.54,1.47,14620.97,46117.0,2827.6038,41342310.331686,23.975066803913617,16.309569254363005,0.0011154916024287722,21492.8259,Lower relative profit,Lower relative profit/ha
5135,Uttar Pradesh,Lucknow,2021,Zaid,Barley,1091.68,34.5,84.0,Red,Tube Well,338.99,7.6,1033.34,4.44,32720.43,58064.0,4588.0296,150122301.364728,56.1906052219018,12.65554171664455,0.0003867779768372405,145278.7092,Lower relative profit,Moderate relative profit/ha
5142,Uttar Pradesh,Lucknow,2021,Kharif,Rice,645.45,35.6,76.0,Black,Drip,162.83,38.84,615.38,6.65,28586.91,34221.0,4092.277,116985554.29407,55.609542071565535,8.362337153618878,0.0002925232966283826,190102.95150000002,Lower relative profit,Moderate relative profit/ha
5143,Uttar Pradesh,Lucknow,2021,Zaid,Cotton,609.06,31.3,72.0,Red,Sprinkler,285.75,8.39,2885.51,1.5,35417.69,55525.0,4328.265,153297148.00785002,19.242698864325543,12.828465909550362,0.0003622050424392545,53126.535,Lower relative profit,Lower relative profit/ha
5144,Uttar Pradesh,Lucknow,2021,Zaid,Rice,1421.14,36.5,46.1,Laterite,Canal,168.3,25.36,574.66,1.24,49933.89,12018.0,712.5784,35581811.441975996,20.913235652385758,16.865512622891742,0.00033775683454446954,61918.02359999999,Lower relative profit,Lower relative profit/ha
5145,Uttar Pradesh,Lucknow,2021,Rabi,Maize,1996.8,30.5,39.0,Laterite,Tube Well,215.63,52.46,1193.98,3.38,36233.65,54776.0,4035.6524,146226416.58326,45.87681535704115,13.573022294982591,0.0003745971574760641,122469.737,Lower relative profit,Moderate relative profit/ha
5147,Uttar Pradesh,Lucknow,2021,Rabi,Maize,531.92,29.7,72.4,Laterite,Rain-fed,104.53,38.2,236.88,7.07,33431.94,21989.0,1674.7416,55989860.686704,92.8275920297197,13.129786708588357,0.000392731821981864,236363.8158,Lower relative profit,Higher relative profit/ha
5150,Uttar Pradesh,Kanpur,2021,Zaid,Sugarcane,695.18,28.7,83.0,Black,Sprinkler,199.42,26.24,1094.3,4.85,23622.32,54961.0,5307.355,125372038.16359998,50.22480124280362,10.355629122227551,0.0004383832376425157,114568.252,Lower relative profit,Moderate relative profit/ha
5164,Uttar Pradesh,Kanpur,2021,Zaid,Maize,611.65,19.4,85.0,Black,Tube Well,103.45,49.33,426.11,1.25,50803.27,8117.0,532.6375,27059726.724625,19.049071835910915,15.23925746872873,0.0002999660744028629,63504.087499999994,Lower relative profit,Lower relative profit/ha
5169,Uttar Pradesh,Varanasi,2021,Rabi,Barley,1108.04,33.6,74.8,Laterite,Canal,295.17,52.34,803.32,3.42,18236.11,48948.0,2747.3544,50101057.047384,60.9321316536374,17.81641276422146,0.0009769853748535988,62367.496199999994,Lower relative profit,Moderate relative profit/ha
5173,Uttar Pradesh,Varanasi,2021,Kharif,Pulses,1471.04,37.7,74.4,Alluvial,Rain-fed,260.13,51.63,366.53,2.25,51849.88,10482.0,824.6924999999999,42760207.16189999,28.5979319564565,12.710191980647334,0.0002451344531684034,116662.22999999998,Lower relative profit,Lower relative profit/ha
5176,Uttar Pradesh,Varanasi,2021,Kharif,Barley,1526.95,35.3,66.5,Red,Drip,88.34,35.52,688.1,4.08,20807.53,30193.0,2807.4480000000003,58416058.483440004,43.87879668652812,10.754607031011792,0.0005168613012218073,84894.7224,Lower relative profit,Moderate relative profit/ha
5188,Uttar Pradesh,Agra,2021,Rabi,Cotton,2070.87,31.9,43.6,Laterite,Rain-fed,61.07,43.7,635.47,6.6,38601.44,49030.0,4194.102,161898376.70688,77.15549121122947,11.690225941095377,0.00030284429651058033,254769.504,Lower relative profit,Moderate relative profit/ha
5189,Uttar Pradesh,Agra,2021,Kharif,Rice,1960.13,27.7,79.8,Laterite,Tube Well,273.72,10.8,920.64,1.77,25893.02,21725.0,1629.5328,42193525.381055996,23.597714633298576,13.33204216570541,0.0005148894244744496,45830.645399999994,Lower relative profit,Lower relative profit/ha
5191,Uttar Pradesh,Agra,2021,Kharif,Maize,1941.85,24.9,79.3,Black,Sprinkler,245.61,50.28,1797.12,2.22,49084.41,43237.0,3989.6064,195827476.27622402,24.059050035612536,10.837409925951592,0.00022079128435997482,108967.39020000001,Lower relative profit,Lower relative profit/ha
5193,Uttar Pradesh,Agra,2021,Kharif,Rice,750.56,19.9,78.6,Alluvial,Drip,53.37,47.26,1097.63,3.08,45644.62,46376.0,3380.7004000000006,154310785.09184805,42.25103176844656,13.717867457287843,0.00030053634924089283,140585.42960000003,Lower relative profit,Moderate relative profit/ha
5196,Uttar Pradesh,Agra,2021,Kharif,Millets,1318.41,25.5,80.6,Sandy,Rain-fed,397.99,41.5,133.68,3.65,43923.84,6591.0,487.932,21431847.09888,49.30430879712747,13.508029807432182,0.0003075329890882077,160322.016,Lower relative profit,Moderate relative profit/ha
5199,Uttar Pradesh,Agra,2021,Zaid,Barley,1396.63,29.1,82.1,Alluvial,Canal,342.72,28.37,1539.17,1.61,14833.08,44325.0,2478.0637,36757317.107196,28.797988526283646,17.886949395207232,0.0012058823518249233,23881.2588,Lower relative profit,Lower relative profit/ha
5201,Uttar Pradesh,Agra,2021,Rabi,Sugarcane,864.81,37.8,78.6,Laterite,Canal,87.11,49.39,475.86,1.57,24361.94,10659.0,747.1002000000001,18200810.246388,22.399445214979195,14.267162557311588,0.000585633268832925,38248.2458,Lower relative profit,Lower relative profit/ha
5204,Uttar Pradesh,Meerut,2021,Rabi,Cotton,2168.78,19.6,38.5,Red,Drip,195.55,24.58,1418.19,1.94,33162.79,47821.0,2751.2886,91240406.071194,33.71974136046651,17.381309979621914,0.0005241208589392483,64335.81259999999,Lower relative profit,Lower relative profit/ha
5205,Uttar Pradesh,Meerut,2021,Zaid,Sugarcane,1897.57,18.5,51.2,Black,Tube Well,350.48,27.22,2186.1,1.93,39097.28,50005.0,4219.173,164958188.14944,22.87406797493253,11.851848691674885,0.0003031374226461505,75457.7504,Lower relative profit,Lower relative profit/ha
5206,Uttar Pradesh,Meerut,2021,Kharif,Maize,1010.24,33.2,89.3,Red,Canal,148.59,39.35,280.87,5.44,45605.67,25847.000000000004,1527.9328,69682399.058976,92.02478014739917,16.91631988003661,0.0003709258054982333,248094.84479999996,Lower relative profit,Higher relative profit/ha
5211,Uttar Pradesh,Meerut,2021,Zaid,Barley,856.43,21.1,55.2,Alluvial,Rain-fed,133.36,47.66,432.83,1.41,22512.1,5824.0,610.2902999999999,13738916.262629997,13.455629230875864,9.54299945452189,0.0004239053422169363,31742.060999999994,Lower relative profit,Lower relative profit/ha
5212,Uttar Pradesh,Meerut,2021,Rabi,Cotton,638.22,21.8,85.8,Laterite,Rain-fed,174.66,51.25,377.87,2.21,49870.78,7538.0,835.0927,41646724.321306,19.948659591923146,9.02654280177518,0.00018099862889201212,110214.42379999999,Lower relative profit,Lower relative profit/ha
5214,Uttar Pradesh,Meerut,2021,Kharif,Barley,694.49,34.5,74.4,Black,Sprinkler,253.3,15.4,742.66,4.88,27141.91,35968.0,3624.1807999999996,98367189.09732799,48.4313144642232,9.92444968529164,0.0003656503792581893,132452.5208,Lower relative profit,Moderate relative profit/ha
5218,Uttar Pradesh,Meerut,2021,Kharif,Sugarcane,679.97,21.3,69.9,Red,Tube Well,361.35,39.83,1859.08,1.45,62720.66,35142.0,2695.6659999999997,169073950.65956,18.902898207715644,13.036481522562514,0.0002078498778960954,90944.957,Lower relative profit,Lower relative profit/ha
5219,Uttar Pradesh,Meerut,2021,Rabi,Barley,1576.75,37.2,67.2,Black,Drip,123.32,54.43,841.14,3.53,50586.62,37868.0,2969.2241999999997,150203016.30020398,45.01985400765628,12.7534997188828,0.00025211211420891135,178570.76859999998,Lower relative profit,Moderate relative profit/ha
5220,Uttar Pradesh,Meerut,2021,Kharif,Barley,1765.76,19.3,50.8,Laterite,Canal,152.21,46.79,696.96,3.82,27187.46,39217.0,2662.3872,72383545.504512,56.26865243342516,14.730013726027527,0.0005417944054364596,103856.09719999999,Lower relative profit,Moderate relative profit/ha
5225,Punjab,Ludhiana,2021,Zaid,Maize,1828.34,31.2,63.5,Alluvial,Canal,376.04,17.02,561.68,4.39,61396.41,23210.0,2465.7751999999996,151389745.147032,41.32246118786498,9.41286131842027,0.00015331289432753915,269530.2399,Lower relative profit,Moderate relative profit/ha
5234,Punjab,Ludhiana,2021,Zaid,Barley,2038.73,37.8,57.2,Laterite,Tube Well,232.25,5.67,1023.53,4.71,45363.25,47717.0,4820.8263,218688348.653475,46.62003067814329,9.898095685380742,0.0002181963524522767,213660.9075,Lower relative profit,Moderate relative profit/ha
5237,Punjab,Ludhiana,2021,Rabi,Cotton,487.71,21.0,42.7,Laterite,Rain-fed,197.43,17.74,1630.92,1.73,40556.15,35937.0,2821.4916000000003,114428836.55334002,22.034802442793023,12.736880024735852,0.0003140554521259008,70162.1395,Lower relative profit,Lower relative profit/ha
5240,Punjab,Amritsar,2021,Zaid,Rice,1527.55,33.3,86.8,Laterite,Drip,178.61,55.36,238.1,1.4,57968.21,2836.0,333.34,19323123.1214,11.910961780764385,8.507829843403133,0.00014676716502723015,81155.49399999999,Lower relative profit,Lower relative profit/ha
5245,Punjab,Amritsar,2021,Rabi,Pulses,529.59,37.5,39.6,Red,Tube Well,98.71,47.3,900.47,4.17,64868.24,59277.0,3754.9599,243577639.98357597,65.82895598964984,15.786320381210995,0.00024335977638997137,270500.5608,Lower relative profit,Moderate relative profit/ha
5250,Punjab,Amritsar,2021,Kharif,Rice,1705.82,37.7,88.5,Red,Sprinkler,128.24,31.86,1703.28,2.27,43767.77,55476.0,3866.4456,169225701.73831198,32.570100042271385,14.348061692630564,0.00032782254368067114,99352.83789999998,Lower relative profit,Lower relative profit/ha
5256,Punjab,Amritsar,2021,Zaid,Rice,703.7,31.8,63.2,Black,Canal,149.96,12.26,1450.64,3.92,19289.32,53791.0,5686.5088000000005,109688887.926016,37.080874648431035,9.459406798069141,0.0004903960739968616,75614.1344,Lower relative profit,Moderate relative profit/ha
5257,Punjab,Patiala,2021,Rabi,Millets,1624.71,28.3,85.9,Laterite,Canal,121.08,11.15,1443.91,2.37,34003.1,49669.0,3422.0667000000003,116360876.20677,34.398958383832785,14.514328431996955,0.0004268530937472453,80587.347,Lower relative profit,Lower relative profit/ha
5259,Punjab,Patiala,2021,Zaid,Rice,1934.04,35.5,89.0,Sandy,Rain-fed,349.04,26.44,1487.28,3.66,38678.77,43903.0,5443.4448,210545749.42689598,29.518987682211822,8.065297180932191,0.00020852000156499788,141564.2982,Lower relative profit,Lower relative profit/ha
5265,Punjab,Patiala,2021,Rabi,Barley,620.68,29.8,73.4,Laterite,Rain-fed,51.81,42.94,337.78,6.95,50451.58,37033.0,2347.571,118438666.11218,109.63644976019896,15.77502874247467,0.00031267660482535274,350638.481,Lower relative profit,Higher relative profit/ha
5269,Punjab,Patiala,2021,Kharif,Barley,403.51,30.3,73.7,Red,Sprinkler,308.11,13.77,1090.8,2.63,43751.94,35306.0,2868.8039999999996,125515740.47975999,32.36707004033737,12.306870737770863,0.0002812874294893178,115067.6022,Lower relative profit,Lower relative profit/ha
5270,Punjab,Patiala,2021,Zaid,Maize,852.96,20.2,85.1,Laterite,Drip,108.12,29.78,1116.05,2.01,15574.79,29652.0,2243.2605,34938311.202795,26.568702119080687,13.218259760736661,0.0008486958579047718,31305.3279,Lower relative profit,Lower relative profit/ha
5292,Punjab,Jalandhar,2021,Kharif,Wheat,2143.33,36.5,64.7,Black,Tube Well,438.62,10.98,790.43,3.33,45360.0,32715.0,2632.1319,119393502.984,41.38886428905786,12.42908837509245,0.00027400988481244377,151048.80000000002,Lower relative profit,Moderate relative profit/ha
5293,Punjab,Bathinda,2021,Rabi,Millets,1789.77,29.4,48.2,Laterite,Canal,57.58,18.98,2297.16,1.5,24918.11,27870.0,3445.74,85861328.3514,12.13237214647652,8.088248097651013,0.00032459316126508036,37377.165,Lower relative profit,Lower relative profit/ha
5294,Punjab,Bathinda,2021,Rabi,Cotton,1465.82,29.7,40.4,Black,Canal,247.26,36.08,204.59,3.62,42717.15,12185.0,740.6158,31636996.22097,59.558140671587076,16.452525047399742,0.0003851503447069794,154636.083,Lower relative profit,Moderate relative profit/ha
5300,Punjab,Bathinda,2021,Zaid,Rice,1784.04,27.4,69.2,Alluvial,Tube Well,410.74,51.57,1424.39,4.16,15790.8,60699.0,5925.4624,93567791.66592,42.6140312695259,10.243757516712957,0.0006487168171791775,65689.728,Lower relative profit,Moderate relative profit/ha
5308,Punjab,Bathinda,2021,Kharif,Barley,1823.29,31.0,45.4,Red,Drip,70.18,12.48,208.59,3.31,19850.01,7445.999999999999,690.4329,13705099.969329,35.69682151589242,10.784538222323993,0.0005433013999652389,65703.5331,Lower relative profit,Lower relative profit/ha
5309,Punjab,Bathinda,2021,Kharif,Cotton,1301.93,24.3,89.6,Alluvial,Sprinkler,130.47,31.54,1548.94,1.35,44615.75,19673.0,2091.0690000000004,93294611.73675002,12.700943871292626,9.408106571327869,0.0002108696272354016,60231.26250000001,Lower relative profit,Lower relative profit/ha
5310,Punjab,Bathinda,2021,Rabi,Pulses,2010.8,31.8,72.4,Laterite,Rain-fed,404.88,22.77,418.0,5.36,20481.74,31500.0,2240.48,45888928.835200004,75.35885167464114,14.059487252731557,0.000686440080419513,109782.12640000001,Lower relative profit,Moderate relative profit/ha
5312,Maharashtra,Pune,2021,Zaid,Rice,1559.07,36.3,83.8,Laterite,Sprinkler,405.93,46.97,766.44,5.0,43520.9,48173.0,3832.2000000000003,166780792.98000002,62.85293043160586,12.570586086321173,0.0002888402143871375,217604.5,Lower relative profit,Moderate relative profit/ha
5313,Maharashtra,Pune,2021,Kharif,Sugarcane,851.35,22.3,66.4,Alluvial,Tube Well,257.86,32.08,789.21,4.87,12467.14,47942.0,3843.4527000000003,47916862.894278005,60.746822772139225,12.473680240685672,0.0010005245983189144,60714.97180000001,Lower relative profit,Moderate relative profit/ha
5315,Maharashtra,Pune,2021,Kharif,Sugarcane,1169.33,24.2,35.8,Sandy,Canal,446.02,45.59,2844.44,2.04,13374.96,58624.0,5802.6576000000005,77610313.293696,20.61003220317532,10.10295696234084,0.0007553635272435089,27284.9184,Lower relative profit,Lower relative profit/ha
5317,Maharashtra,Pune,2021,Rabi,Wheat,754.91,27.8,38.7,Sandy,Drip,369.47,16.27,1604.53,1.87,53761.88,39606.0,3000.4711,161310967.221668,24.683863810586278,13.199927171436512,0.00024552577349297515,100534.71560000001,Lower relative profit,Lower relative profit/ha
5328,Maharashtra,Pune,2021,Kharif,Rice,1340.5,29.5,64.6,Laterite,Canal,413.76,21.47,1712.66,2.16,35821.69,41435.0,3699.3456000000006,132516811.28606403,24.19336003643455,11.200629646497475,0.000312677309375897,77374.85040000001,Lower relative profit,Lower relative profit/ha
5331,Maharashtra,Nashik,2021,Kharif,Wheat,1849.59,26.6,53.0,Alluvial,Canal,80.15,34.02,3026.48,2.28,46478.66,60176.0,6900.3744,320720155.610304,19.88316460045994,8.720686228271903,0.00018762774633072262,105971.34479999999,Lower relative profit,Lower relative profit/ha
5338,Maharashtra,Nashik,2021,Rabi,Wheat,1924.52,37.9,53.6,Black,Sprinkler,396.36,55.07,3094.28,1.28,43566.65,56911.0,3960.6784000000002,172553489.61536002,18.392323900875162,14.36900304755872,0.0003298165694988878,55765.312000000005,Lower relative profit,Lower relative profit/ha
5339,Maharashtra,Nashik,2021,Zaid,Barley,2179.39,24.3,76.5,Laterite,Canal,211.67,34.55,215.61,4.79,28408.47,15458.000000000002,1032.7719,29339469.537993,71.6942627892955,14.967487012379019,0.000526867058042162,136076.57129999998,Lower relative profit,Moderate relative profit/ha
5340,Maharashtra,Nashik,2021,Kharif,Wheat,1235.42,27.2,36.2,Red,Tube Well,448.38,22.8,283.63,4.32,37245.01,11438.0,1225.2816,45635625.444816,40.3271868279096,9.334996950905,0.00025063752032567584,160898.4432,Lower relative profit,Moderate relative profit/ha
5346,Maharashtra,Nashik,2021,Kharif,Wheat,1789.74,23.3,61.5,Laterite,Sprinkler,417.71,17.03,1075.36,2.93,30002.48,48212.0,3150.8048,94531957.995904,44.833358131230476,15.301487416802209,0.0005100074199466914,87907.26640000001,Lower relative profit,Moderate relative profit/ha
5348,Maharashtra,Nagpur,2021,Rabi,Millets,1342.99,34.9,39.5,Laterite,Drip,377.23,14.71,4228.7,1.69,52583.14,58916.0,7146.503,375785567.75942,13.93241421713529,8.244032081145143,0.00015678090127643846,88865.5066,Lower relative profit,Lower relative profit/ha
5357,Maharashtra,Nagpur,2021,Kharif,Sugarcane,1017.63,36.6,69.9,Sandy,Sprinkler,396.0,29.69,2827.04,1.53,50524.21,52274.0,4325.3712,218535962.83675197,18.49071820702926,12.085436736620432,0.0002392009046083142,77302.04129999998,Lower relative profit,Lower relative profit/ha
5359,Maharashtra,Nagpur,2021,Rabi,Millets,906.84,30.4,74.7,Laterite,Tube Well,248.23,14.15,923.25,6.54,52848.89,60245.00000000001,6038.055,319104504.50895,65.25318169509885,9.977550717905022,0.0001887939504104064,345631.7406,Lower relative profit,Moderate relative profit/ha
5360,Maharashtra,Nagpur,2021,Rabi,Pulses,753.52,30.1,45.4,Black,Canal,200.07,43.46,651.5,3.73,36691.34,38026.0,2430.095,89163441.87729998,58.36684574059862,15.647947919731534,0.0004264752369287013,136858.69819999996,Lower relative profit,Moderate relative profit/ha
5366,Maharashtra,Aurangabad,2021,Zaid,Millets,1113.61,34.5,59.0,Laterite,Sprinkler,327.79,6.98,811.65,8.48,61290.09,60604.0,6882.792,421846941.13128,74.66765231318918,8.80514767844212,0.00014366348097126502,519739.9632,Lower relative profit,Moderate relative profit/ha
5374,Maharashtra,Aurangabad,2021,Rabi,Cotton,519.45,31.4,73.0,Red,Rain-fed,149.57,11.19,1247.72,2.79,41012.93,46925.0,3481.1388,142771701.92468402,37.608598082903214,13.479784259105095,0.00032867157404031105,114426.07470000001,Lower relative profit,Moderate relative profit/ha
5380,Maharashtra,Aurangabad,2021,Rabi,Sugarcane,911.22,29.2,37.2,Laterite,Drip,301.16,6.51,1799.23,1.67,17947.28,51398.0,3004.7140999999997,53926445.27264799,28.566664628757856,17.10578720284902,0.0009531130735603957,29971.957599999994,Lower relative profit,Lower relative profit/ha
5386,Maharashtra,Kolhapur,2021,Kharif,Rice,416.2,18.3,49.8,Sandy,Sprinkler,223.93,39.8,199.12,6.55,17777.47,22702.0,1304.236,23186016.362920005,114.0116512655685,17.40635897184252,0.0009791246432615279,116442.42850000002,Lower relative profit,Higher relative profit/ha
5391,Maharashtra,Kolhapur,2021,Kharif,Cotton,1607.84,37.2,61.6,Red,Drip,381.28,38.64,615.03,7.57,38173.71,57291.99999999999,4655.7771,177728284.840041,93.15317951969821,12.305571931267927,0.00032235724353928206,288974.98470000003,Lower relative profit,Higher relative profit/ha
5392,Maharashtra,Kolhapur,2021,Zaid,Maize,1977.38,28.0,72.3,Black,Rain-fed,261.72,52.32,577.29,2.61,47094.49,22832.0,1506.7269,70958534.924781,39.55031266780994,15.153376501076606,0.00032176538064382067,122916.6189,Lower relative profit,Moderate relative profit/ha
5393,Maharashtra,Kolhapur,2021,Zaid,Maize,471.37,31.1,77.6,Sandy,Canal,280.05,43.02,2631.67,1.42,20570.31,45384.0,3736.9714,76870660.159134,17.24532331181341,12.144593881558741,0.0005903943052661209,29209.8402,Lower relative profit,Lower relative profit/ha
5398,Maharashtra,Kolhapur,2021,Kharif,Wheat,930.19,36.9,70.4,Sandy,Drip,173.77,39.9,1880.68,2.6,64888.43,51717.99999999999,4889.768,317289368.58424,27.49962779420209,10.57677992084696,0.00016299947341686272,168709.918,Lower relative profit,Lower relative profit/ha
5406,Karnataka,Bengaluru,2021,Rabi,Wheat,1250.36,24.6,71.4,Laterite,Tube Well,227.0,51.31,456.67,1.88,51529.48,10459.0,858.5396,44240099.147408,22.902752534653033,12.182315178006933,0.00023641447920698852,96875.4224,Lower relative profit,Lower relative profit/ha
5412,Karnataka,Bengaluru,2021,Zaid,Sugarcane,1916.81,20.7,60.4,Laterite,Rain-fed,284.8,31.71,3509.23,1.63,53631.91,56089.0,5720.0449,306776933.272759,15.983278383007098,9.805692259513558,0.00018283317263012927,87420.0133,Lower relative profit,Lower relative profit/ha
5413,Karnataka,Bengaluru,2021,Zaid,Pulses,1867.29,35.6,47.2,Black,Sprinkler,312.96,10.07,2070.11,1.76,64004.62,38535.0,3643.3936000000003,233194022.87843204,18.614952828593648,10.576677743519118,0.00016524866085478076,112648.1312,Lower relative profit,Lower relative profit/ha
5414,Karnataka,Bengaluru,2021,Rabi,Cotton,1021.38,21.3,59.6,Alluvial,Canal,430.17,48.74,2634.61,1.28,28645.74,35882.0,3372.3008000000004,96602051.91859202,13.619473090893909,10.640213352260865,0.0003714413854297659,36666.54720000001,Lower relative profit,Lower relative profit/ha
5416,Karnataka,Bengaluru,2021,Kharif,Barley,1565.49,22.7,56.5,Black,Sprinkler,153.61,47.44,2317.04,2.27,40814.62,50545.0,5259.6808,214671873.173296,21.814470186099506,9.609898760396257,0.0002354523638930427,92649.18740000001,Lower relative profit,Lower relative profit/ha
5419,Karnataka,Mysuru,2021,Kharif,Cotton,788.65,34.8,40.0,Laterite,Sprinkler,449.69,31.69,654.26,4.52,36583.07,43736.0,2957.2551999999996,108185473.98946398,66.8480420627885,14.789389836900112,0.0004042686914165517,165355.47639999999,Lower relative profit,Moderate relative profit/ha
5421,Karnataka,Mysuru,2021,Zaid,Wheat,1890.21,36.6,70.1,Sandy,Tube Well,135.75,28.52,1559.06,1.55,44377.72,34636.0,2416.543,107240668.62196001,22.215950636922248,14.332871378659513,0.0003229744876181001,68785.46600000001,Lower relative profit,Lower relative profit/ha
5430,Karnataka,Mysuru,2021,Zaid,Rice,635.13,23.1,67.3,Laterite,Drip,393.41,10.0,961.04,2.53,64878.53,34893.0,2431.4311999999995,157747682.05213597,36.30754182968451,14.350807047306132,0.00022119500930902923,164142.68089999998,Lower relative profit,Lower relative profit/ha
5432,Karnataka,Mysuru,2021,Kharif,Rice,1356.82,32.0,87.6,Alluvial,Sprinkler,72.22,14.74,987.58,2.75,29178.14,42919.0,2715.8450000000003,79243305.62830001,43.45875777152231,15.803184644189928,0.0005416104194506548,80239.88500000001,Lower relative profit,Moderate relative profit/ha
5434,Karnataka,Mysuru,2021,Zaid,Millets,1811.06,18.2,69.1,Red,Sprinkler,71.59,22.57,814.35,7.63,39543.73,56133.00000000001,6213.4905,245704590.689565,68.92982132989502,9.034052598937748,0.000228457269937301,301718.65989999997,Lower relative profit,Moderate relative profit/ha
5436,Karnataka,Mysuru,2021,Zaid,Rice,1754.68,23.2,35.5,Sandy,Tube Well,290.54,58.38,1886.28,2.35,35862.71,56404.99999999999,4432.758,158970714.65418,29.90277159276459,12.724583656495572,0.00035481377889444416,84277.3685,Lower relative profit,Lower relative profit/ha
5437,Karnataka,Hubli,2021,Zaid,Maize,2071.64,29.6,47.5,Laterite,Drip,320.75,46.09,2119.36,1.98,27944.85,51066.0,4196.3328,117265890.64608,24.095009814283557,12.169196875900786,0.00043547189825319464,55330.803,Lower relative profit,Lower relative profit/ha
5442,Karnataka,Hubli,2021,Zaid,Rice,508.29,23.7,83.7,Laterite,Rain-fed,307.13,15.29,393.85,4.14,13897.41,28474.0,1630.539,22660269.00399,72.29655960391011,17.46293710239375,0.0012565605463459558,57535.27739999999,Lower relative profit,Moderate relative profit/ha
5443,Karnataka,Hubli,2021,Rabi,Wheat,1227.42,33.5,60.0,Laterite,Rain-fed,360.97,57.27,888.55,1.74,38840.62,18750.0,1546.077,60050589.24774,21.101795059366385,12.127468424923208,0.00031223673630655763,67582.67880000001,Lower relative profit,Lower relative profit/ha
5457,Karnataka,Belagavi,2021,Rabi,Barley,769.99,27.5,88.8,Alluvial,Tube Well,428.62,8.93,1084.14,2.06,36580.93,40015.0,2233.3284000000003,81697229.86741202,36.909439740254946,17.91720375740531,0.000489796288869783,75356.7158,Lower relative profit,Lower relative profit/ha
5462,Karnataka,Belagavi,2021,Rabi,Barley,2148.39,24.4,55.9,Alluvial,Canal,60.22,52.04,519.69,3.72,39882.82,33658.0,1933.2468000000003,77103334.13997601,64.76553329869729,17.410089596424,0.0004365310576439681,148364.09040000002,Lower relative profit,Moderate relative profit/ha
5464,Karnataka,Belagavi,2021,Zaid,Wheat,1039.89,35.0,89.9,Red,Drip,243.43,41.21,1010.37,1.97,63072.63,16276.0,1990.4288999999999,125541585.55100699,16.108950186565316,8.177132074398639,0.00012964628356861984,124253.08109999998,Lower relative profit,Lower relative profit/ha
5467,Karnataka,Belagavi,2021,Kharif,Rice,1177.68,19.8,64.9,Alluvial,Sprinkler,62.48,50.39,1002.0,3.58,29514.49,60611.0,3587.16,105873197.9484,60.49001996007984,16.896653620134035,0.0005724867216114536,105661.8742,Lower relative profit,Moderate relative profit/ha
5468,Karnataka,Belagavi,2021,Zaid,Sugarcane,994.6,27.0,39.4,Red,Canal,412.44,54.49,148.47,6.02,30621.58,10078.0,893.7893999999999,27369243.615252,67.8790328012393,11.275586844059687,0.0003682235483622885,184341.9116,Lower relative profit,Moderate relative profit/ha
5479,Karnataka,Mangalore,2021,Kharif,Wheat,1457.41,27.8,39.5,Sandy,Sprinkler,408.16,5.2,1013.44,2.93,45410.31,44625.0,2969.3792000000003,134840429.979552,44.033193874329015,15.028393813764168,0.0003309467346460346,133052.2083,Lower relative profit,Moderate relative profit/ha
5482,Karnataka,Mangalore,2021,Rabi,Sugarcane,630.03,33.4,83.3,Laterite,Canal,142.13,7.05,400.35,1.57,50795.39,6069.0,628.5495000000001,31927416.986805003,15.159235668789808,9.655564120248284,0.0001900874099056683,79748.7623,Lower relative profit,Lower relative profit/ha
5487,Karnataka,Mangalore,2021,Rabi,Cotton,1388.81,19.8,87.2,Alluvial,Rain-fed,87.85,13.04,138.5,8.3,31208.76,13713.999999999998,1149.5500000000002,35876030.058000006,99.01805054151623,11.929885607411592,0.00038226080137152495,259032.70800000004,Lower relative profit,Higher relative profit/ha
5490,Karnataka,Mangalore,2021,Rabi,Sugarcane,1303.09,21.7,65.0,Sandy,Rain-fed,184.25,8.8,3820.91,1.56,27202.64,53088.0,5960.6196,162144589.155744,13.89407235449147,8.906456637494532,0.0003274114805583036,42436.1184,Lower relative profit,Lower relative profit/ha
5491,Tamil Nadu,Chennai,2021,Kharif,Rice,1950.02,25.4,66.2,Sandy,Tube Well,212.12,34.72,2437.42,1.43,58101.81,32604.000000000004,3485.5106,202514474.634186,13.376439021588402,9.354153161949931,0.00016099589947283797,83085.5883,Lower relative profit,Lower relative profit/ha
5493,Tamil Nadu,Chennai,2021,Zaid,Wheat,643.36,34.0,57.7,Laterite,Drip,266.26,7.49,2185.29,1.71,30152.78,44452.0,3736.8459,112676292.31660199,20.341464977188384,11.895593553911334,0.00039451067377241285,51561.2538,Lower relative profit,Lower relative profit/ha
5498,Tamil Nadu,Chennai,2021,Zaid,Wheat,1172.11,23.9,37.9,Sandy,Canal,355.57,47.71,810.19,3.81,51971.67,36946.0,3086.8239000000003,160427393.078913,45.60164899591454,11.968936744334524,0.00023029732822390592,198012.06269999998,Lower relative profit,Moderate relative profit/ha
5509,Tamil Nadu,Coimbatore,2021,Zaid,Wheat,1348.98,32.5,87.1,Alluvial,Rain-fed,291.66,47.12,722.04,1.46,15667.23,10471.0,1054.1784,16516055.453832,14.50196665004709,9.932853869895267,0.0006339891525110224,22874.1558,Lower relative profit,Lower relative profit/ha
5514,Tamil Nadu,Coimbatore,2021,Zaid,Cotton,2032.36,21.1,77.6,Sandy,Tube Well,307.2,36.62,1061.84,1.86,21012.55,17627.0,1975.0224,41500256.93112,16.60042944323062,8.92496206625302,0.0004247443583122001,39083.343,Lower relative profit,Lower relative profit/ha
5517,Tamil Nadu,Coimbatore,2021,Rabi,Pulses,810.02,37.9,76.6,Alluvial,Canal,313.89,31.83,1616.17,2.44,45354.12,34195.0,3943.4548,178851922.21377602,21.15804649263382,8.671330529767959,0.00019119168291145233,110664.0528,Lower relative profit,Lower relative profit/ha
5520,Tamil Nadu,Coimbatore,2021,Kharif,Rice,432.59,18.8,46.5,Sandy,Tube Well,381.51,37.33,666.58,1.72,39209.91,17382.0,1146.5176000000001,44954851.90941601,26.07638993069099,15.160691820169179,0.0003866545937026934,67441.04520000001,Lower relative profit,Lower relative profit/ha
5525,Tamil Nadu,Coimbatore,2021,Rabi,Cotton,1932.14,22.2,73.1,Alluvial,Tube Well,415.35,5.57,1157.05,1.22,61988.42,20219.0,1411.6009999999999,87502915.66041999,17.474612160235083,14.323452590356625,0.00023106658615200428,75625.8724,Lower relative profit,Lower relative profit/ha
5530,Tamil Nadu,Madurai,2021,Zaid,Maize,728.88,25.5,60.2,Red,Canal,180.34,32.32,765.95,6.25,29659.44,44619.0,4787.1875,141985300.42499998,58.2531496833997,9.320503949343951,0.0003142508405197115,185371.49999999997,Lower relative profit,Moderate relative profit/ha
5532,Tamil Nadu,Madurai,2021,Zaid,Millets,2096.64,33.4,60.6,Black,Sprinkler,415.4,32.74,701.85,7.43,39156.3,54972.0,5214.7455,204190139.22165,78.32442829664458,10.541645800355933,0.00026921966070226076,290931.309,Lower relative profit,Moderate relative profit/ha
5535,Tamil Nadu,Madurai,2021,Rabi,Cotton,1566.6,23.1,83.1,Sandy,Drip,266.35,9.86,4267.32,1.71,63094.92,58839.0,7297.1172,460411025.964624,13.788279294732995,8.063321224990055,0.00012779667879743813,107892.3132,Lower relative profit,Lower relative profit/ha
5542,Tamil Nadu,Madurai,2021,Zaid,Rice,2153.29,26.7,64.6,Alluvial,Canal,271.02,24.05,583.28,1.51,49282.83,9019.0,880.7528,43405990.514424,15.46255657660129,10.240103693113436,0.00020778237964649019,74417.0733,Lower relative profit,Lower relative profit/ha
5545,Tamil Nadu,Salem,2021,Rabi,Sugarcane,1490.01,23.4,70.2,Sandy,Sprinkler,209.46,34.9,1839.2,2.19,47194.7,38564.0,4027.848,190093078.00559998,20.967812092214004,9.574343421102286,0.00020286903870778472,103356.39299999998,Lower relative profit,Lower relative profit/ha
5549,Tamil Nadu,Salem,2021,Kharif,Cotton,895.04,27.9,66.9,Black,Rain-fed,56.75,13.26,593.91,7.4,27339.68,60176.0,4394.934,120156089.18112001,101.32174908656194,13.692128254940801,0.0005008152346677357,202313.632,Lower relative profit,Higher relative profit/ha
5550,Tamil Nadu,Salem,2021,Kharif,Pulses,2072.07,27.1,43.4,Black,Tube Well,396.83,15.95,635.99,2.75,21498.4,29124.0,1748.9725,37600110.394,45.793172848629695,16.652062854047163,0.0007745721939329048,59120.6,Lower relative profit,Moderate relative profit/ha
5551,Tamil Nadu,Salem,2021,Kharif,Sugarcane,2075.74,24.9,37.3,Laterite,Rain-fed,362.68,40.21,1084.88,6.17,53222.93,53561.0,6693.709600000001,356258837.48112804,49.370437283386174,8.001691618052865,0.0001503429371147523,328385.4781,Lower relative profit,Moderate relative profit/ha
5559,Tamil Nadu,Salem,2021,Kharif,Maize,1716.8,24.5,62.7,Laterite,Drip,113.53,55.35,519.29,6.36,40402.6,52533.00000000001,3302.6844,133437036.73944,101.16312657667201,15.906151977464152,0.0003936912965369593,256960.536,Lower relative profit,Higher relative profit/ha
5560,Tamil Nadu,Salem,2021,Zaid,Cotton,1632.07,23.4,38.9,Red,Sprinkler,293.32,27.63,1154.31,1.31,25864.98,24578.0,1512.1461,39111628.633577995,21.29237379906611,16.253720457302375,0.0006284064575848261,33883.123799999994,Lower relative profit,Lower relative profit/ha
5562,Tamil Nadu,Salem,2021,Kharif,Rice,1630.62,25.6,50.3,Laterite,Sprinkler,286.66,55.49,216.62,2.18,42638.69,5271.0,472.23160000000007,20135336.800604004,24.332933247160927,11.161895984936203,0.0002617785861839612,92952.34420000002,Lower relative profit,Lower relative profit/ha
5568,Tamil Nadu,Tiruchirappalli,2021,Kharif,Millets,429.78,18.4,51.0,Laterite,Sprinkler,201.14,8.97,1860.65,2.2,59527.92,39019.0,4093.4300000000007,243673373.56560004,20.97062854378846,9.532103883540207,0.00016012828742445912,130961.42400000001,Lower relative profit,Lower relative profit/ha
5570,Tamil Nadu,Tiruchirappalli,2021,Rabi,Barley,979.94,32.4,62.3,Laterite,Canal,347.14,13.06,819.25,1.61,44586.34,17450.0,1318.9925,58809048.06245,21.299969484284407,13.229794710735655,0.0002967230481518702,71784.0074,Lower relative profit,Lower relative profit/ha
5573,Tamil Nadu,Tiruchirappalli,2021,Zaid,Maize,1526.5,32.7,51.6,Sandy,Canal,362.32,54.67,241.18,4.37,29127.54,13243.0,1053.9566,30699163.024764,54.90919645078365,12.565033512765137,0.00043137983890040614,127287.3498,Lower relative profit,Moderate relative profit/ha
5577,Tamil Nadu,Tiruchirappalli,2021,Kharif,Sugarcane,1693.37,24.6,63.1,Black,Rain-fed,126.88,53.26,446.78,4.93,33755.53,17877.0,2202.6254,74350787.76846199,40.0129817807422,8.116223484937565,0.00024044129909788314,166414.76289999997,Lower relative profit,Moderate relative profit/ha
5578,Tamil Nadu,Tiruchirappalli,2021,Rabi,Rice,1568.47,29.9,71.0,Laterite,Drip,137.36,17.8,576.12,5.36,58961.94,47536.0,3088.0032,182074659.39820802,82.51058807192946,15.393766431330123,0.00026107971398719445,316035.99840000004,Lower relative profit,Moderate relative profit/ha
5582,Rajasthan,Jaipur,2021,Zaid,Barley,1519.35,22.5,86.5,Alluvial,Sprinkler,124.96,50.21,454.03,7.11,59311.36,31084.0,3228.1533,191466162.511488,68.46243640288087,9.629034655820094,0.0001623472241375024,421703.7696,Lower relative profit,Moderate relative profit/ha
5586,Rajasthan,Jaipur,2021,Zaid,Cotton,2091.57,19.5,43.0,Red,Rain-fed,265.48,57.15,2578.12,1.3,17025.46,32876.0,3351.556,57061782.61576,12.751927761314446,9.809175201011112,0.0005761474404222331,22133.098,Lower relative profit,Lower relative profit/ha
5587,Rajasthan,Jaipur,2021,Zaid,Cotton,1601.53,24.3,86.1,Sandy,Canal,179.89,26.48,271.03,4.46,48991.29,21233.0,1208.7938,59220367.606001996,78.34188097258607,17.565444164256967,0.00035854218503446155,218501.1534,Lower relative profit,Moderate relative profit/ha
5588,Rajasthan,Jaipur,2021,Rabi,Sugarcane,593.71,23.3,85.7,Black,Canal,198.65,32.41,371.37,6.52,30858.82,25457.0,2421.3324,74719460.69176799,68.54888655518755,10.513632907237355,0.00034070106722283467,201199.50639999998,Lower relative profit,Moderate relative profit/ha
5594,Rajasthan,Jaipur,2021,Zaid,Rice,1410.24,21.8,61.3,Red,Tube Well,271.41,47.18,760.69,4.7,27404.21,57783.00000000001,3575.2430000000004,97976709.97303,75.96129829496904,16.16197836063171,0.0005897626080310913,128799.787,Lower relative profit,Moderate relative profit/ha
5596,Rajasthan,Jaipur,2021,Kharif,Maize,1583.54,19.0,70.4,Alluvial,Tube Well,139.8,51.78,2022.41,1.5,39129.77,27554.000000000004,3033.6150000000002,118704657.21855,13.62433927838569,9.082892852257126,0.00023212231639125727,58694.655,Lower relative profit,Lower relative profit/ha
5598,Rajasthan,Jaipur,2021,Rabi,Wheat,631.13,28.0,48.3,Black,Sprinkler,389.89,47.24,375.26,1.78,47982.23,11796.0,667.9628,32050344.701044004,31.434205617438575,17.659666077212684,0.0003680459636247144,85408.36940000001,Lower relative profit,Lower relative profit/ha
5603,Rajasthan,Jodhpur,2021,Rabi,Cotton,565.29,27.3,64.6,Sandy,Rain-fed,135.13,15.04,485.36,3.97,40560.51,17520.0,1926.8792,78155203.060392,36.096917751771876,9.092422607499214,0.00022416933631996277,161025.22470000002,Lower relative profit,Lower relative profit/ha
5617,Rajasthan,Udaipur,2021,Zaid,Pulses,667.93,35.7,43.9,Sandy,Canal,95.76,21.08,907.92,1.45,63478.86,11760.0,1316.484,83568903.52824,12.95268305577584,8.932884866052303,0.00014072220052553406,92044.347,Lower relative profit,Lower relative profit/ha
5631,Rajasthan,Udaipur,2021,Kharif,Cotton,1179.33,19.0,55.7,Laterite,Canal,140.75,33.25,3167.05,1.24,29534.24,42089.0,3927.1420000000003,115985154.34208001,13.2896544102556,10.717463234077096,0.00036288264854884015,36622.4576,Lower relative profit,Lower relative profit/ha
5633,Rajasthan,Udaipur,2021,Rabi,Millets,1215.65,36.8,84.3,Sandy,Tube Well,103.53,30.08,454.63,2.95,41653.1,16502.0,1341.1585,55863409.116349995,36.297648637353454,12.304287673679136,0.00029539908611073693,122876.64499999999,Lower relative profit,Lower relative profit/ha
5634,Rajasthan,Udaipur,2021,Zaid,Rice,421.58,21.7,42.6,Red,Rain-fed,153.63,10.45,1189.54,2.37,16392.9,39829.0,2819.2098,46215024.33042,33.48269078803571,14.127717632082579,0.0008618193017759261,38851.173,Lower relative profit,Lower relative profit/ha
5635,Rajasthan,Kota,2021,Rabi,Sugarcane,2090.39,20.9,69.9,Sandy,Canal,245.41,5.52,120.89,5.71,12341.1,7598.0,690.2819,8518837.95609,62.85052527090743,11.007097245342809,0.0008919056846912195,70467.681,Lower relative profit,Moderate relative profit/ha
5636,Rajasthan,Kota,2021,Kharif,Cotton,526.12,29.7,64.1,Red,Canal,337.13,51.21,2154.92,1.57,62025.67,50677.0,3383.2244,209846760.170348,23.516882297254654,14.978905921818251,0.00024149526997158197,97380.30189999999,Lower relative profit,Lower relative profit/ha
5641,Rajasthan,Kota,2021,Rabi,Maize,2115.21,19.7,54.3,Sandy,Tube Well,344.68,17.65,365.83,6.33,49654.98,35580.0,2315.7039,114986230.840422,97.25828936937923,15.364658668148376,0.00030942835276841067,314316.0234,Lower relative profit,Higher relative profit/ha
5643,Rajasthan,Kota,2021,Kharif,Sugarcane,1427.9,32.8,83.5,Alluvial,Canal,284.54,23.11,2509.49,1.42,14722.02,60379.99999999999,3563.4757999999997,52461561.997116,24.06066571295363,16.94413078377016,0.0011509379000823365,20905.2684,Lower relative profit,Lower relative profit/ha
5647,Rajasthan,Kota,2021,Zaid,Wheat,2086.82,35.6,38.9,Laterite,Drip,159.75,7.3,1409.83,2.86,44518.57,51134.0,4032.1137999999996,179503940.453266,36.26962115999802,12.681685720279027,0.00028486282736123436,127323.11020000001,Lower relative profit,Lower relative profit/ha
5651,Rajasthan,Kota,2021,Kharif,Rice,1008.79,34.7,68.1,Black,Rain-fed,387.39,19.26,1238.44,2.18,50970.35,39044.0,2699.7992000000004,137609710.15372002,31.526759471593294,14.461816271373069,0.0002837299777492811,111115.36300000001,Lower relative profit,Lower relative profit/ha
5656,Rajasthan,Ajmer,2021,Zaid,Sugarcane,1545.07,24.5,53.3,Alluvial,Drip,167.07,10.97,2974.37,1.23,15834.77,59313.0,3658.4750999999997,57931111.75922699,19.941365734592537,16.212492467148405,0.0010238539913840494,19476.767099999997,Lower relative profit,Lower relative profit/ha
5659,Rajasthan,Ajmer,2021,Kharif,Barley,2133.0,34.8,51.6,Alluvial,Canal,213.21,25.28,1723.99,1.89,47143.16,31026.0,3258.3410999999996,153608495.811876,17.99662411034867,9.52202333880882,0.00020198101567245002,89100.5724,Lower relative profit,Lower relative profit/ha
5662,Rajasthan,Ajmer,2021,Rabi,Wheat,1991.31,24.6,64.2,Sandy,Tube Well,411.31,56.29,2422.99,1.57,61745.12,57946.0,3804.0942999999997,234884259.044816,23.91508012827127,15.232535113548579,0.0002467002268932116,96939.83840000001,Lower relative profit,Lower relative profit/ha
5667,Rajasthan,Ajmer,2021,Zaid,Millets,1621.36,31.9,49.8,Laterite,Canal,377.75,43.72,818.74,1.23,48218.84,9749.0,1007.0502,48558792.465767995,11.907321005447395,9.680748784916581,0.00020076693642809702,59309.17319999999,Lower relative profit,Lower relative profit/ha
5669,Rajasthan,Ajmer,2021,Kharif,Rice,1816.22,32.4,54.8,Laterite,Rain-fed,141.76,14.78,812.87,2.97,19151.05,40662.0,2414.2239,46234922.620095,50.02275886673146,16.842679753108236,0.0008794650817113544,56878.6185,Lower relative profit,Moderate relative profit/ha
5670,Rajasthan,Ajmer,2021,Zaid,Cotton,659.05,30.5,75.0,Alluvial,Drip,262.34,47.86,1109.68,1.64,59927.94,25014.0,1819.8752,109061371.793088,22.54163362410785,13.744898551285276,0.00022935710039900044,98281.8216,Lower relative profit,Lower relative profit/ha
5671,West Bengal,Kolkata,2021,Rabi,Cotton,668.38,24.2,45.4,Laterite,Tube Well,298.37,46.67,284.3,4.25,49294.3,12937.0,1208.275,59561070.33250001,45.504748505100245,10.706999648258881,0.00021720563327319548,209500.77500000002,Lower relative profit,Moderate relative profit/ha
5673,West Bengal,Kolkata,2021,Kharif,Cotton,1109.13,22.7,70.5,Black,Tube Well,340.46,7.67,854.15,2.97,35450.09,23150.0,2536.8255,89930692.28929499,27.10296786278757,9.12557840497898,0.0002574204580292738,105286.76729999999,Lower relative profit,Lower relative profit/ha
5681,West Bengal,Kolkata,2021,Kharif,Pulses,1677.4,22.5,72.8,Laterite,Tube Well,338.3,19.27,1118.04,4.34,56863.52,58184.0,4852.2936,275918494.169472,52.04107187578262,11.991030386125027,0.00021087386757142414,246787.6768,Lower relative profit,Moderate relative profit/ha
5682,West Bengal,Kolkata,2021,Kharif,Cotton,1988.07,35.1,39.4,Black,Sprinkler,208.18,58.09,909.94,3.49,60125.18,54612.0,3175.6906000000004,190938968.949308,60.01714398751566,17.196889394703625,0.0002860180941612753,209836.8782,Lower relative profit,Moderate relative profit/ha
5689,West Bengal,Howrah,2021,Rabi,Barley,1316.11,20.1,74.1,Black,Rain-fed,200.88,44.7,1044.01,1.6,28971.78,20815.0,1670.4160000000002,48394924.86048,19.93754849091484,12.460967806821772,0.0004301070837491439,46354.848000000005,Lower relative profit,Lower relative profit/ha
5691,West Bengal,Howrah,2021,Rabi,Rice,1271.84,28.7,81.3,Laterite,Canal,112.89,30.22,1007.65,2.95,44633.18,24441.0,2972.5675,132675140.28965001,24.255445839329134,8.22218503028106,0.0001842168770022898,131667.88100000002,Lower relative profit,Lower relative profit/ha
5692,West Bengal,Howrah,2021,Zaid,Maize,2177.06,29.7,47.6,Alluvial,Drip,214.17,51.48,674.21,2.52,55919.36,18618.0,1699.0092000000002,95007507.09811202,27.61454146334228,10.958151374342174,0.0001959634619269994,140916.78720000002,Lower relative profit,Lower relative profit/ha
5694,West Bengal,Howrah,2021,Zaid,Barley,935.79,23.2,80.2,Red,Tube Well,158.69,55.89,312.26,5.17,57030.8,25851.0,1614.3842,92069622.43336,82.78678024722987,16.01291687567309,0.00028077664833165745,294849.236,Lower relative profit,Moderate relative profit/ha
5695,West Bengal,Howrah,2021,Rabi,Barley,739.42,32.0,72.7,Black,Rain-fed,149.71,43.64,472.15,2.29,32544.69,11903.0,1081.2235,35188083.628215,25.210208620141906,11.008824724952795,0.0003382679240439161,74527.3401,Lower relative profit,Lower relative profit/ha
5697,West Bengal,Howrah,2021,Rabi,Maize,1702.04,36.2,82.6,Alluvial,Tube Well,119.41,14.94,142.68,6.89,55366.22,12982.0,983.0652,54428604.137544,90.98682366134005,13.20563478393905,0.00023851429235983694,381473.2558,Lower relative profit,Higher relative profit/ha
5699,West Bengal,Howrah,2021,Kharif,Cotton,2089.71,18.5,66.3,Alluvial,Sprinkler,429.27,16.59,844.05,4.29,13084.67,36463.0,3620.9745,47379256.410914995,43.20004739055744,10.069941116680054,0.0007695984015401271,56133.2343,Lower relative profit,Moderate relative profit/ha
5700,West Bengal,Howrah,2021,Rabi,Rice,2176.39,36.5,79.0,Alluvial,Drip,250.2,7.08,1364.14,2.76,45159.78,44101.0,3765.0264,170027763.918192,32.32879323236617,11.713330881292093,0.0002593752866221247,124640.99279999999,Lower relative profit,Lower relative profit/ha
5708,West Bengal,Darjeeling,2021,Zaid,Pulses,1006.26,25.1,74.1,Laterite,Canal,91.57,20.01,537.43,3.23,60847.54,26010.000000000004,1735.8989,105625177.753706,48.397000539605166,14.983591498329773,0.0002462481063051978,196537.5542,Lower relative profit,Moderate relative profit/ha
5709,West Bengal,Darjeeling,2021,Kharif,Cotton,967.09,30.2,41.9,Alluvial,Canal,305.19,35.53,861.57,3.79,39279.53,34850.0,3265.3503,128261425.069359,40.4494121197349,10.672668105470951,0.00027171068761441266,148869.4187,Lower relative profit,Moderate relative profit/ha
5713,West Bengal,Darjeeling,2021,Rabi,Maize,486.31,18.9,72.8,Laterite,Tube Well,203.38,6.23,785.83,4.98,47751.6,48384.0,3913.4334000000003,186872706.34344,61.57056869806446,12.363568011659531,0.00025891421463698663,237802.968,Lower relative profit,Moderate relative profit/ha
5715,West Bengal,Darjeeling,2021,Kharif,Rice,1624.06,29.9,81.8,Black,Sprinkler,441.96,29.45,551.58,4.12,54864.3,22789.0,2272.5096000000003,124679648.44728002,41.31585626744987,10.028120453264531,0.00018278043196148552,226040.91600000003,Lower relative profit,Moderate relative profit/ha
5717,West Bengal,Darjeeling,2021,Kharif,Sugarcane,2174.48,27.1,42.2,Alluvial,Tube Well,191.74,10.43,481.15,7.53,29336.0,55825.0,3623.0595,106286073.492,116.02410890574666,15.40824819465427,0.0005252334399595811,220900.08000000002,Lower relative profit,Higher relative profit/ha
5721,West Bengal,Darjeeling,2021,Rabi,Millets,968.11,20.5,85.0,Alluvial,Drip,213.73,22.76,2497.49,1.52,57119.0,49667.0,3796.1847999999995,216834279.59119996,19.886766313378633,13.08339889038068,0.0002290551110905422,86820.87999999999,Lower relative profit,Lower relative profit/ha
5723,West Bengal,Darjeeling,2021,Zaid,Sugarcane,1763.11,30.4,66.9,Alluvial,Tube Well,286.47,39.09,1491.14,1.8,48541.24,42986.0,2684.052,130287212.30448,28.827608406990624,16.01533800388368,0.00032993260995977194,87374.23199999999,Lower relative profit,Lower relative profit/ha
5726,West Bengal,Siliguri,2021,Rabi,Barley,444.07,36.1,72.7,Alluvial,Rain-fed,353.47,25.15,195.28,5.98,49008.0,16777.0,1167.7744,57230287.7952,85.91253584596477,14.366644790295112,0.00029314897139844743,293067.83999999997,Lower relative profit,Higher relative profit/ha
5727,West Bengal,Siliguri,2021,Kharif,Maize,1263.78,33.1,43.5,Sandy,Canal,83.99,12.78,695.03,2.67,15135.09,32674.0,1855.7300999999998,28086642.079208996,47.01092039192553,17.607086289110686,0.0011633288133146673,40410.690299999995,Lower relative profit,Moderate relative profit/ha
5732,West Bengal,Siliguri,2021,Zaid,Millets,1797.82,25.8,83.2,Red,Rain-fed,75.1,23.65,1558.67,4.54,22049.63,57677.0,7076.361800000001,156031159.436134,37.00398416598767,8.150657305283627,0.0003696505249876586,100105.3202,Lower relative profit,Lower relative profit/ha
5741,West Bengal,Siliguri,2021,Zaid,Cotton,1530.31,34.4,68.7,Sandy,Drip,353.98,46.78,1523.51,2.29,37989.7,48617.0,3488.8379,132539905.16962999,31.911178791081124,13.935012572524508,0.00036681028206394123,86996.413,Lower relative profit,Lower relative profit/ha
5747,West Bengal,Malda,2021,Zaid,Maize,755.18,26.1,51.7,Alluvial,Rain-fed,83.33,46.95,2409.93,2.0,25368.88,45465.0,4819.86,122274449.9568,18.865693194408138,9.432846597204069,0.0003718274751271664,50737.76,Lower relative profit,Lower relative profit/ha
5748,West Bengal,Malda,2021,Rabi,Cotton,840.98,32.9,79.9,Sandy,Sprinkler,126.51,10.52,1245.92,3.1,60341.07,53729.0,3862.3520000000003,233058452.39664003,43.12395659432387,13.910953740104475,0.000230538731582063,187057.317,Lower relative profit,Moderate relative profit/ha
5756,West Bengal,Malda,2021,Zaid,Pulses,615.18,27.2,48.9,Laterite,Tube Well,392.81,6.38,1042.59,2.5,55163.79,29172.000000000004,2606.475,143783039.54025,27.980318245906833,11.192127298362733,0.00020288902010472327,137909.475,Lower relative profit,Lower relative profit/ha
5759,West Bengal,Malda,2021,Kharif,Rice,504.08,22.8,52.2,Laterite,Rain-fed,186.09,47.27,1025.87,5.84,28425.56,55701.0,5991.080799999999,170299826.74524796,54.29635333911705,9.297320777246071,0.0003270760814297439,166005.27039999998,Lower relative profit,Moderate relative profit/ha
5762,Uttarakhand,Dehradun,2022,Kharif,Rice,1285.95,33.1,81.5,Red,Canal,124.43,32.1,1166.56,1.87,29355.22,28689.0,2181.4672,64037449.578784004,24.592819914963655,13.151240596237248,0.0004480034759145817,54894.2614,Lower relative profit,Lower relative profit/ha
5771,Uttarakhand,Dehradun,2022,Rabi,Rice,1377.84,20.2,59.1,Alluvial,Tube Well,236.7,27.36,1507.5,2.16,36770.06,49326.0,3256.2000000000003,119730669.37200001,32.72039800995025,15.148332412014003,0.00041197464491529257,79423.32960000001,Lower relative profit,Lower relative profit/ha
5774,Uttarakhand,Dehradun,2022,Zaid,Maize,650.31,35.3,82.5,Sandy,Sprinkler,351.24,25.39,607.21,5.23,59156.92,25414.0,3175.7083000000002,187865121.846436,41.853724411653296,8.002624170488202,0.00013527790443600179,309390.69159999996,Lower relative profit,Moderate relative profit/ha
5775,Uttarakhand,Dehradun,2022,Kharif,Pulses,2066.6,25.8,79.1,Alluvial,Sprinkler,290.46,43.74,1210.09,4.09,16976.11,52974.0,4949.268099999999,84019319.68509099,43.77690915551736,10.703400771520139,0.0006304978450021906,69432.28989999999,Lower relative profit,Moderate relative profit/ha
5787,Uttarakhand,Haridwar,2022,Zaid,Maize,970.32,23.4,42.7,Laterite,Canal,57.54,55.76,1947.8,2.12,14812.05,53614.0,4129.336,61163931.2988,27.525413286785092,12.983685512634477,0.0008765623605533655,31401.546,Lower relative profit,Lower relative profit/ha
5788,Uttarakhand,Haridwar,2022,Kharif,Maize,1036.34,26.1,47.8,Sandy,Tube Well,381.68,57.36,540.15,6.24,45430.71,60579.0,3370.536,153125843.56056,112.15217995001389,17.973105761220175,0.00039561577974942886,283487.63039999997,Lower relative profit,Higher relative profit/ha
5790,Uttarakhand,Haridwar,2022,Rabi,Pulses,696.77,34.4,63.8,Red,Tube Well,84.51,38.09,714.48,2.28,53433.34,26545.0,1629.0143999999998,87043680.30009599,37.15289441271974,16.295129128385852,0.0003049618296064939,121828.01519999998,Lower relative profit,Moderate relative profit/ha
5791,Uttarakhand,Haridwar,2022,Zaid,Barley,1316.6,33.4,69.0,Sandy,Tube Well,290.58,29.0,819.53,2.5,57713.7,18533.0,2048.825,118245271.40249999,22.614181299037252,9.045672519614902,0.00015673354020994846,144284.25,Lower relative profit,Lower relative profit/ha
5794,Uttarakhand,Haridwar,2022,Kharif,Maize,1047.33,26.6,77.1,Alluvial,Rain-fed,182.91,23.48,423.62,4.35,31131.72,25571.0,1842.7469999999998,57367883.63484,60.36306123412492,13.87656580094826,0.0004457372031146451,135422.982,Lower relative profit,Moderate relative profit/ha
5796,Uttarakhand,Haridwar,2022,Rabi,Pulses,1596.36,32.4,55.9,Alluvial,Sprinkler,368.32,19.46,1122.71,2.89,38668.88,27400.0,3244.6319000000003,125466281.585272,24.40523376472998,8.444717565650512,0.00021838536739751741,111753.06319999999,Lower relative profit,Lower relative profit/ha
5803,Uttarakhand,Nainital,2022,Zaid,Rice,1311.43,36.2,69.7,Laterite,Tube Well,222.57,7.38,2003.49,2.42,49718.83,42708.0,4848.4457999999995,241059052.49441397,21.31680218019556,8.808595942229571,0.00017716820653723288,120319.56859999998,Lower relative profit,Lower relative profit/ha
5805,Uttarakhand,Nainital,2022,Zaid,Wheat,1987.38,37.1,38.4,Sandy,Canal,311.57,28.01,119.39,4.12,15297.02,4515.0,491.8868,7524402.217336,37.81723762459168,9.178941171017398,0.0006000476675206934,63023.7224,Lower relative profit,Moderate relative profit/ha
5808,Uttarakhand,Nainital,2022,Zaid,Maize,427.62,19.3,47.5,Black,Rain-fed,307.18,22.97,738.12,4.65,33912.93,36450.0,3432.2580000000003,116397925.29594001,49.38221427410177,10.619831026688553,0.00031314991145526357,157695.1245,Lower relative profit,Moderate relative profit/ha
5813,Uttarakhand,Nainital,2022,Kharif,Rice,1273.27,21.8,47.5,Alluvial,Sprinkler,183.64,57.04,605.72,2.44,45164.68,22161.0,1477.9568,66751445.925823994,36.58621145083537,14.994348955260397,0.00033199280843483,110201.81919999998,Lower relative profit,Lower relative profit/ha
5814,Uttarakhand,Nainital,2022,Zaid,Sugarcane,1499.39,24.6,37.0,Red,Drip,217.98,10.35,523.24,5.65,51469.41,45039.0,2956.306,152159325.59946,86.07713477562878,15.234891110730757,0.00029599894599006976,290802.1665,Lower relative profit,Higher relative profit/ha
5822,Uttarakhand,Almora,2022,Zaid,Wheat,1238.38,29.1,38.8,Black,Drip,385.0,11.71,1232.08,3.44,42867.09,40601.0,4238.3552,181685953.81036797,32.95321732355042,9.579423640566983,0.00022346801801958061,147462.7896,Lower relative profit,Lower relative profit/ha
5826,Uttarakhand,Almora,2022,Kharif,Sugarcane,402.07,19.0,53.8,Black,Rain-fed,103.46,41.25,1690.45,1.92,45667.17,43165.0,3245.6639999999998,148220289.65087998,25.534620958916264,13.299281749435556,0.0002912219379794184,87680.96639999999,Lower relative profit,Lower relative profit/ha
5829,Uttarakhand,Almora,2022,Rabi,Wheat,550.27,29.4,46.5,Alluvial,Tube Well,273.06,47.92,713.31,4.74,18947.84,45351.0,3381.0894,64064340.976895995,63.57824788661312,13.413132465530193,0.0007078977057823052,89812.7616,Lower relative profit,Moderate relative profit/ha
5837,Uttarakhand,Pauri,2022,Rabi,Cotton,2164.46,31.6,50.9,Sandy,Tube Well,87.95,52.25,886.61,4.61,46508.06,59651.0,4087.2721,190091096.063126,67.27986375069084,14.594330531603218,0.00031380217819455846,214402.1566,Lower relative profit,Moderate relative profit/ha
5838,Uttarakhand,Pauri,2022,Kharif,Barley,413.5,26.9,73.4,Black,Rain-fed,166.26,40.67,722.12,1.23,36054.5,11491.0,888.2076,32023880.914199997,15.912867667423697,12.93729078652333,0.00035882596587175894,44347.034999999996,Lower relative profit,Lower relative profit/ha
5839,Uttarakhand,Pauri,2022,Kharif,Maize,1696.18,36.2,39.8,Red,Rain-fed,268.87,37.09,1649.83,1.85,51202.04,46848.0,3052.1855,156278124.05842,28.395652885448804,15.349001559702057,0.00029977324262279504,94723.774,Lower relative profit,Lower relative profit/ha
5841,Uttarakhand,Pauri,2022,Zaid,Millets,949.84,32.3,53.8,Black,Rain-fed,195.13,22.23,408.69,3.15,25489.37,14628.0,1287.3735,32814339.469694998,35.79240989503047,11.36266980794618,0.00044578072380549926,80291.5155,Lower relative profit,Lower relative profit/ha
5848,Uttarakhand,Pauri,2022,Rabi,Maize,1544.72,29.1,78.5,Laterite,Tube Well,187.94,41.82,598.7,6.87,58481.83,42985.0,4113.069,240539802.03627002,71.79722732587273,10.450833671888313,0.00017870223404240794,401770.1721,Lower relative profit,Moderate relative profit/ha
5849,Uttarakhand,Pauri,2022,Kharif,Millets,824.89,28.1,64.7,Laterite,Rain-fed,52.61,34.86,119.24,1.87,50733.01,3504.0,222.9788,11312385.690188,29.386112042938613,15.714498418683748,0.0003097489862849405,94870.7287,Lower relative profit,Lower relative profit/ha
5852,Uttar Pradesh,Lucknow,2022,Kharif,Cotton,434.73,33.9,62.0,Alluvial,Canal,204.46,58.93,1454.12,3.13,16614.28,51510.0,4551.3956,75618160.889168,35.42348636976316,11.317407785866823,0.0006811855696344845,52002.6964,Lower relative profit,Lower relative profit/ha
5869,Uttar Pradesh,Kanpur,2022,Zaid,Barley,1364.28,21.2,67.2,Black,Canal,311.97,58.26,2117.44,1.74,29805.76,33452.0,3684.3456,109814720.710656,15.798322502644703,9.079495691175117,0.00030462218346974265,51862.0224,Lower relative profit,Lower relative profit/ha
5873,Uttar Pradesh,Kanpur,2022,Rabi,Maize,655.67,27.4,50.9,Sandy,Canal,143.2,9.78,414.35,1.31,38773.33,5041.0,542.7985000000001,21046105.364005003,12.166043200193073,9.287055878009978,0.00023952175059531843,50793.062300000005,Lower relative profit,Lower relative profit/ha
5881,Uttar Pradesh,Kanpur,2022,Kharif,Maize,2082.34,21.5,63.4,Laterite,Rain-fed,374.25,34.57,150.39,1.39,17581.71,3334.0000000000005,209.04209999999998,3675317.5799909993,22.169027195957185,15.948940428746175,0.0009071324932982159,24438.576899999996,Lower relative profit,Lower relative profit/ha
5883,Uttar Pradesh,Kanpur,2022,Kharif,Sugarcane,1044.05,28.4,87.6,Laterite,Tube Well,442.98,58.35,402.37,2.19,57028.58,12626.0,881.1903,50253031.518774,31.379078957178717,14.328346555789368,0.00025124852408720975,124892.5902,Lower relative profit,Lower relative profit/ha
5886,Uttar Pradesh,Kanpur,2022,Kharif,Wheat,1665.3,34.7,52.6,Laterite,Rain-fed,103.74,48.74,2088.95,1.48,54421.89,25772.000000000004,3091.6459999999997,168253218.53094,12.337298642858855,8.336012596526254,0.00015317389007486238,80544.3972,Lower relative profit,Lower relative profit/ha
5895,Uttar Pradesh,Varanasi,2022,Zaid,Pulses,2041.43,22.7,51.0,Black,Canal,390.28,58.59,660.69,1.21,21253.52,6983.0,799.4349000000001,16990805.635848,10.569253356339583,8.734920129206268,0.00041098698611835913,25716.7592,Lower relative profit,Lower relative profit/ha
5897,Uttar Pradesh,Varanasi,2022,Kharif,Maize,2076.44,22.9,43.2,Black,Sprinkler,128.32,58.49,3358.46,1.58,56560.96,50563.0,5306.366800000001,300133200.320128,15.055412302067019,9.528741963333555,0.00016846853312485423,89366.3168,Lower relative profit,Lower relative profit/ha
5903,Uttar Pradesh,Varanasi,2022,Zaid,Maize,1566.85,26.2,86.5,Black,Tube Well,432.6,58.04,1210.27,2.26,25974.21,28414.0,2735.2101999999995,71044924.12894198,23.477405868112076,10.388232685005343,0.0003999441247685818,58701.714599999985,Lower relative profit,Lower relative profit/ha
5906,Uttar Pradesh,Agra,2022,Kharif,Sugarcane,1633.08,21.8,73.7,Alluvial,Rain-fed,154.73,21.45,809.6,1.31,30848.46,10052.0,1060.576,32717136.31296,12.41600790513834,9.477868629876594,0.00030723960385304797,40411.482599999996,Lower relative profit,Lower relative profit/ha
5907,Uttar Pradesh,Agra,2022,Kharif,Maize,1144.42,27.8,63.5,Sandy,Tube Well,358.8,38.61,160.43,4.5,32068.61,6595.999999999999,721.9350000000001,23151451.960350003,41.11450476843483,9.136556615207738,0.0002849065368036762,144308.74500000002,Lower relative profit,Moderate relative profit/ha
5908,Uttar Pradesh,Agra,2022,Zaid,Barley,811.3,33.8,79.7,Black,Tube Well,185.28,44.46,218.57,8.38,21072.91,17172.0,1831.6166,38597491.766306,78.56521938051883,9.375324508415135,0.0004448993759483211,176590.9858,Lower relative profit,Moderate relative profit/ha
5914,Uttar Pradesh,Agra,2022,Zaid,Maize,2056.24,32.9,37.8,Laterite,Rain-fed,269.62,15.96,777.33,5.0,36884.06,58166.0,3886.65,143355431.799,74.82793665495993,14.965587330991985,0.00040574674618228,184420.3,Lower relative profit,Moderate relative profit/ha
5917,Uttar Pradesh,Agra,2022,Zaid,Millets,1709.21,32.7,60.3,Black,Rain-fed,67.99,44.55,153.97,3.19,62286.92,8377.0,491.16429999999997,30593111.460955996,54.406702604403456,17.055392665957196,0.0002738198110607684,198695.27479999998,Lower relative profit,Moderate relative profit/ha
5921,Uttar Pradesh,Agra,2022,Kharif,Cotton,1567.09,20.0,76.6,Red,Drip,219.52,44.82,1017.22,2.04,49343.12,34347.0,2075.1288,102393329.393856,33.76555710662394,16.551743679717617,0.000335441773437059,100659.9648,Lower relative profit,Lower relative profit/ha
5923,Uttar Pradesh,Meerut,2022,Rabi,Wheat,1003.07,24.4,77.8,Black,Tube Well,204.35,42.73,525.18,2.53,13096.9,22068.0,1328.7053999999998,17401921.753259998,42.01987889866332,16.608647786032932,0.001268135802062544,33135.157,Lower relative profit,Moderate relative profit/ha
5927,Uttar Pradesh,Meerut,2022,Rabi,Rice,1812.21,22.4,76.1,Sandy,Rain-fed,371.1,8.56,3669.12,1.74,30871.96,59358.00000000001,6384.2688,197094891.02284798,16.177721088435376,9.29754085542263,0.00030116457961926066,53717.210399999996,Lower relative profit,Lower relative profit/ha
5934,Uttar Pradesh,Meerut,2022,Rabi,Wheat,1181.37,21.0,73.7,Laterite,Canal,238.9,33.81,419.47,3.76,26463.86,26715.0,1577.2072,41738990.531792,63.687510429828116,16.93816766750748,0.0006400490203434978,99504.1136,Lower relative profit,Moderate relative profit/ha
5942,Punjab,Ludhiana,2022,Zaid,Rice,656.27,18.7,67.5,Black,Tube Well,399.53,54.52,520.11,6.19,47762.34,54567.99999999999,3219.4809000000005,153769941.369306,104.91626771259924,16.94931627020989,0.0003548677947983682,295648.8846,Lower relative profit,Higher relative profit/ha
5943,Punjab,Ludhiana,2022,Kharif,Wheat,1658.37,24.4,61.9,Alluvial,Sprinkler,443.88,14.86,926.47,2.1,17481.39,20420.0,1945.5870000000002,34011565.125930004,22.040648914697723,10.49554710223701,0.0006003840142138016,36710.919,Lower relative profit,Lower relative profit/ha
5945,Punjab,Ludhiana,2022,Kharif,Wheat,786.86,25.8,57.5,Black,Sprinkler,393.86,26.81,2932.44,1.34,13435.48,56342.99999999999,3929.4696000000004,52794310.221408,19.21369235176167,14.338576381911693,0.0010672172770836393,18003.5432,Lower relative profit,Lower relative profit/ha
5946,Punjab,Ludhiana,2022,Rabi,Millets,975.83,24.6,79.3,Red,Drip,448.85,26.15,493.28,3.14,41490.75,15969.999999999998,1548.8992,64264989.4824,32.375121634771325,10.310548291328447,0.0002485023358538577,130280.955,Lower relative profit,Lower relative profit/ha
5947,Punjab,Ludhiana,2022,Rabi,Wheat,1649.96,27.5,51.9,Red,Canal,244.11,44.96,156.21,1.79,55454.72,3924.0,279.6159,15506021.442048,25.120030727866332,14.033536719478398,0.0002530629803825247,99263.9488,Lower relative profit,Lower relative profit/ha
5948,Punjab,Ludhiana,2022,Rabi,Cotton,1424.69,20.2,58.4,Alluvial,Sprinkler,96.94,45.21,487.73,5.05,19801.58,42365.0,2463.0365,48772014.29767001,86.86158325302934,17.200313515451352,0.0008686333876110569,99997.979,Lower relative profit,Higher relative profit/ha
5950,Punjab,Ludhiana,2022,Zaid,Wheat,1039.42,25.1,35.6,Red,Drip,255.2,41.3,1110.9,1.31,57391.34,16150.0,1455.2790000000002,83520411.88386,14.537762174813214,11.097528377720009,0.00019336590464205943,75182.6554,Lower relative profit,Lower relative profit/ha
5952,Punjab,Ludhiana,2022,Zaid,Rice,2189.03,27.4,62.6,Sandy,Rain-fed,334.29,50.96,101.78,6.68,46022.98,6438.0,679.8904,31290582.281392,63.25407742189035,9.469173266750053,0.00020574880780753555,307433.5064,Lower relative profit,Moderate relative profit/ha
5953,Punjab,Ludhiana,2022,Kharif,Rice,2100.22,30.2,81.5,Alluvial,Tube Well,217.89,38.35,1591.04,2.24,31624.13,60477.0,3563.9296000000004,112706172.98124802,38.01098652453741,16.969190412739913,0.0005365899524426414,70838.05120000002,Lower relative profit,Moderate relative profit/ha
5960,Punjab,Amritsar,2022,Kharif,Rice,1799.02,33.6,35.4,Sandy,Sprinkler,386.88,16.01,1131.0,1.85,34120.46,27484.0,2092.35,71391944.48099999,24.300618921308576,13.135469687193826,0.0003849734056104117,63122.850999999995,Lower relative profit,Lower relative profit/ha
5962,Punjab,Amritsar,2022,Rabi,Wheat,475.88,20.4,73.5,Alluvial,Rain-fed,405.31,17.89,885.63,1.89,43334.63,26328.0,1673.8407,72535267.41344099,29.72799024423292,15.729095367319005,0.00036296826273396146,81902.45069999999,Lower relative profit,Lower relative profit/ha
5964,Punjab,Amritsar,2022,Zaid,Wheat,1272.19,32.6,55.0,Sandy,Canal,334.32,32.68,2193.49,1.39,53245.15,39523.0,3048.9510999999993,162341858.66216496,18.018317840518993,12.962818590301435,0.0002434553868343208,74010.75849999998,Lower relative profit,Lower relative profit/ha
5968,Punjab,Amritsar,2022,Zaid,Cotton,1536.51,30.6,36.6,Black,Canal,348.48,23.16,235.79,2.18,17770.06,7815.000000000001,514.0222,9134205.335332,33.14389923236779,15.203623501086142,0.0008555752485408682,38738.730800000005,Lower relative profit,Lower relative profit/ha
5971,Punjab,Amritsar,2022,Kharif,Pulses,1314.84,23.3,42.1,Laterite,Drip,97.94,23.25,592.75,6.05,17566.1,47665.0,3586.1375,62994449.93874999,80.41332770982707,13.291459125591253,0.0007566539599336935,106274.90499999998,Lower relative profit,Moderate relative profit/ha
5983,Punjab,Patiala,2022,Rabi,Maize,2183.48,27.7,72.8,Black,Sprinkler,305.09,39.15,491.21,8.27,35443.39,40510.0,4062.3066999999996,143981920.667713,82.4698194255003,9.972166798730388,0.00028135476879413587,293116.8353,Lower relative profit,Moderate relative profit/ha
5984,Punjab,Patiala,2022,Kharif,Rice,1040.33,35.1,45.5,Sandy,Tube Well,288.41,38.31,2578.67,1.92,49352.44,40772.0,4951.0464,244346220.393216,15.811251536644859,8.235026842002531,0.0001668615947256616,94756.6848,Lower relative profit,Lower relative profit/ha
5988,Punjab,Patiala,2022,Rabi,Rice,939.23,27.7,49.6,Alluvial,Drip,270.71,21.3,258.18,6.92,16781.36,28867.0,1786.6056,29981671.751616,111.80959020838175,16.157455232425107,0.0009628215610907047,116127.01120000001,Lower relative profit,Higher relative profit/ha
5989,Punjab,Patiala,2022,Rabi,Sugarcane,2081.27,30.3,58.4,Black,Tube Well,283.4,8.34,4380.16,1.49,28637.07,53305.99999999999,6526.4384,186898073.311488,12.16987507305669,8.167701391313216,0.0002852142831411599,42669.234300000004,Lower relative profit,Lower relative profit/ha
5990,Punjab,Patiala,2022,Zaid,Millets,2175.91,29.1,67.2,Red,Sprinkler,214.13,53.34,391.58,4.44,34378.03,20962.0,1738.6152000000002,59770165.50405601,53.53184534450176,12.056721924437333,0.00035071008793806195,152638.45320000002,Lower relative profit,Moderate relative profit/ha
5996,Punjab,Jalandhar,2022,Rabi,Millets,802.49,34.8,39.3,Black,Rain-fed,130.1,20.89,660.47,1.35,29970.78,8332.0,891.6345000000001,26722981.439910002,12.61525883083259,9.344636170987101,0.0003117915573430889,40460.553,Lower relative profit,Lower relative profit/ha
6004,Punjab,Jalandhar,2022,Rabi,Wheat,1971.44,30.6,82.4,Laterite,Drip,347.65,8.47,809.51,1.98,19246.29,21469.0,1602.8298,30848527.151442003,26.520981828513545,13.394435266926033,0.0006959489474036831,38107.654200000004,Lower relative profit,Lower relative profit/ha
6007,Punjab,Jalandhar,2022,Kharif,Rice,947.92,19.6,76.3,Red,Sprinkler,59.09,38.25,748.68,2.09,52085.12,18832.0,1564.7411999999997,81499733.17094399,25.15360367580275,12.035217069762082,0.0002310682411744867,108857.90079999999,Lower relative profit,Lower relative profit/ha
6012,Punjab,Jalandhar,2022,Rabi,Barley,1117.48,29.9,43.8,Laterite,Drip,337.82,21.2,1196.68,3.2,31650.3,53796.0,3829.376,121200899.21280001,44.9543737674232,14.048241802319751,0.0004438580930455556,101280.96,Lower relative profit,Moderate relative profit/ha
6013,Punjab,Bathinda,2022,Zaid,Barley,772.73,28.4,55.6,Laterite,Drip,411.91,23.47,138.82,2.33,48253.29,2686.0,323.4506,15607555.602474,19.348797003313646,8.304204722452207,0.00017209613525735152,112430.16570000001,Lower relative profit,Lower relative profit/ha
6015,Punjab,Bathinda,2022,Kharif,Maize,495.79,30.8,89.8,Alluvial,Drip,137.59,20.54,151.58,2.31,24382.8,6070.0,350.1498,8537632.543440001,40.044860799577776,17.335437575574794,0.0007109699286207816,56324.268000000004,Lower relative profit,Moderate relative profit/ha
6019,Punjab,Bathinda,2022,Kharif,Cotton,1703.89,35.8,79.6,Sandy,Sprinkler,351.14,19.32,774.53,1.68,16031.59,15747.999999999998,1301.2104,20860471.636536,20.33233057467109,12.102577723018506,0.0007549206113067079,26933.0712,Lower relative profit,Lower relative profit/ha
6029,Punjab,Bathinda,2022,Kharif,Barley,1298.82,27.4,56.8,Laterite,Canal,285.52,31.46,131.17,3.57,40029.17,4322.0,468.27689999999996,18744735.637172997,32.94960737973622,9.229581899085776,0.00023057140328130155,142904.13689999998,Lower relative profit,Lower relative profit/ha
6031,Maharashtra,Pune,2022,Zaid,Cotton,512.86,34.3,73.0,Red,Tube Well,370.87,48.87,460.94,4.85,64156.83,26190.0,2235.5589999999997,143426378.71796998,56.81867488176335,11.715190697270796,0.000182602393186677,311160.62549999997,Lower relative profit,Moderate relative profit/ha
6037,Maharashtra,Pune,2022,Kharif,Cotton,1502.39,18.4,44.9,Alluvial,Canal,150.2,24.05,167.03,7.32,44916.91,21034.0,1222.6596,54918091.213836,125.92947374723103,17.20348002011353,0.00038300675670061745,328791.78119999997,Lower relative profit,Higher relative profit/ha
6045,Maharashtra,Pune,2022,Kharif,Rice,1168.18,31.9,73.3,Black,Tube Well,442.77,26.12,548.68,5.97,23485.85,31115.0,3275.6195999999995,76930710.58265999,56.70882846103376,9.49896624137919,0.0004044548628803807,140210.5245,Lower relative profit,Moderate relative profit/ha
6049,Maharashtra,Nashik,2022,Kharif,Rice,1542.81,28.7,84.4,Laterite,Canal,248.74,26.57,584.72,3.85,30949.15,29691.000000000004,2251.172,69671859.90380001,50.77815022574908,13.189129928765995,0.000426154835553351,119154.22750000001,Lower relative profit,Moderate relative profit/ha
6050,Maharashtra,Nashik,2022,Zaid,Millets,494.71,37.6,88.9,Alluvial,Drip,215.34,8.76,1004.9,1.66,22717.49,20778.0,1668.1339999999998,37895817.463659994,20.676684247188774,12.455833883848662,0.0005482926979982675,37711.03339999999,Lower relative profit,Lower relative profit/ha
6052,Maharashtra,Nashik,2022,Rabi,Pulses,774.5,24.4,48.8,Black,Tube Well,90.83,18.47,563.89,7.91,42529.69,43652.0,4460.3699,189698149.13233098,77.41226125662807,9.786632270117329,0.00023011294627629144,336409.8479,Lower relative profit,Moderate relative profit/ha
6053,Maharashtra,Nashik,2022,Kharif,Sugarcane,2012.72,24.5,79.2,Red,Rain-fed,92.67,18.1,314.89,6.38,46293.04,16534.0,2008.9981999999998,93002634.032528,52.5072247451491,8.229972530587634,0.00017777991098851217,295349.5952,Lower relative profit,Moderate relative profit/ha
6063,Maharashtra,Nashik,2022,Rabi,Maize,752.41,29.2,63.5,Black,Canal,156.22,59.5,2901.26,1.88,26446.65,58697.0,5454.3688,144249782.62452,20.231554565947206,10.76146519465277,0.0004069122249756688,49719.702,Lower relative profit,Lower relative profit/ha
6067,Maharashtra,Nagpur,2022,Rabi,Pulses,1984.49,26.5,81.8,Laterite,Sprinkler,232.16,45.71,2250.38,1.73,36091.35,36513.0,3893.1574,140509306.32849,16.225259733911606,9.378762851972027,0.0002598617910377979,62438.03549999999,Lower relative profit,Lower relative profit/ha
6072,Maharashtra,Nagpur,2022,Zaid,Maize,1890.4,36.6,35.4,Alluvial,Canal,319.06,16.55,715.13,1.42,28054.67,11054.0,1015.4845999999999,28489085.343081996,15.457329436605932,10.885443265215446,0.00038800824480257466,39837.63139999999,Lower relative profit,Lower relative profit/ha
6074,Maharashtra,Nagpur,2022,Zaid,Millets,676.35,21.5,77.5,Red,Rain-fed,128.96,30.72,920.11,1.35,57763.35,16550.0,1242.1485,71750658.557475,17.986979817630502,13.32368875380037,0.00023065990379367488,77980.5225,Lower relative profit,Lower relative profit/ha
6079,Maharashtra,Nagpur,2022,Rabi,Barley,1608.72,37.3,57.1,Alluvial,Drip,215.86,15.12,237.54,4.31,19503.27,16371.0,1023.7973999999999,19967397.117498,68.91891891891892,15.990468426663323,0.0008198865332153697,84059.0937,Lower relative profit,Moderate relative profit/ha
6082,Maharashtra,Nagpur,2022,Rabi,Cotton,1513.69,19.6,63.2,Alluvial,Sprinkler,172.85,37.8,1770.94,1.29,19453.22,34967.0,2284.5126,44441126.20057201,19.744881249505912,15.306109495741017,0.000786816244084065,25094.653800000004,Lower relative profit,Lower relative profit/ha
6084,Maharashtra,Nagpur,2022,Rabi,Cotton,1471.94,34.9,59.3,Sandy,Tube Well,292.07,11.46,1918.75,3.23,52020.67,51433.00000000001,6197.5625,322401353.616875,26.805472312703586,8.298907836750336,0.0001595309679162213,168026.7641,Lower relative profit,Lower relative profit/ha
6086,Maharashtra,Aurangabad,2022,Rabi,Maize,1799.33,28.0,84.7,Alluvial,Rain-fed,229.87,32.72,2340.61,2.45,38722.51,49528.0,5734.494500000001,222054020.62119505,21.160295820320343,8.636855436865446,0.00022304482423441674,94870.14950000001,Lower relative profit,Lower relative profit/ha
6089,Maharashtra,Aurangabad,2022,Rabi,Cotton,1102.86,28.4,54.9,Laterite,Rain-fed,373.1,23.79,2112.54,1.42,12919.02,52890.0,2999.8068,38754564.045336,25.036212332074186,17.631135445122666,0.0013647424839595159,18345.0084,Lower relative profit,Lower relative profit/ha
6094,Maharashtra,Aurangabad,2022,Kharif,Cotton,1374.99,18.7,36.2,Red,Rain-fed,145.85,43.52,781.36,2.47,29188.65,21556.0,1929.9592000000002,56332903.60308001,27.587795638374118,11.16914803173041,0.00038265380659024685,72095.96550000002,Lower relative profit,Lower relative profit/ha
6099,Maharashtra,Aurangabad,2022,Rabi,Millets,597.48,35.3,84.7,Black,Rain-fed,361.51,48.6,154.29,4.96,62374.29,13619.0,765.2783999999999,47733696.852336,88.2688443839523,17.796137980635546,0.00028531207298128033,309376.4784,Lower relative profit,Higher relative profit/ha
6105,Maharashtra,Kolhapur,2022,Rabi,Pulses,2177.86,33.7,57.7,Laterite,Drip,264.2,47.49,688.89,3.14,18056.62,32835.0,2163.1146,39058538.348652,47.66363280059226,15.179500891908363,0.0008406612584142748,56697.786799999994,Lower relative profit,Moderate relative profit/ha
6110,Maharashtra,Kolhapur,2022,Zaid,Barley,1322.79,25.4,66.3,Alluvial,Canal,211.76,39.73,478.34,1.84,60949.76,14730.000000000002,880.1456,53644663.085056,30.79399590249614,16.735867338313117,0.0002745846306583179,112147.55840000001,Lower relative profit,Lower relative profit/ha
6115,Maharashtra,Kolhapur,2022,Kharif,Millets,657.07,23.4,89.7,Alluvial,Canal,292.36,17.68,505.07,3.71,55176.25,18541.0,1873.8097,103389792.459625,36.709763003148076,9.894814825646382,0.00017933104960279796,204703.8875,Lower relative profit,Lower relative profit/ha
6117,Maharashtra,Kolhapur,2022,Zaid,Pulses,2040.52,27.9,48.0,Black,Drip,99.55,43.85,1001.23,2.83,59760.55,30203.0,2833.4809,169330376.998495,30.16589594798398,10.659327190100345,0.00017836728728400834,169122.35650000002,Lower relative profit,Lower relative profit/ha
6119,Maharashtra,Kolhapur,2022,Kharif,Barley,437.1,31.2,48.7,Laterite,Canal,242.08,36.11,237.69,3.65,20270.1,13731.0,867.5685,17585700.251849998,57.76852202448568,15.826992335475527,0.0007808048473108435,73985.86499999999,Lower relative profit,Moderate relative profit/ha
6122,Karnataka,Bengaluru,2022,Kharif,Barley,1158.25,24.4,69.0,Black,Canal,246.15,35.25,1131.02,2.27,23415.71,28965.0,2567.4154,60117854.455933996,25.609626708634686,11.281773880455809,0.00048180362160514496,53153.6617,Lower relative profit,Lower relative profit/ha
6125,Karnataka,Bengaluru,2022,Zaid,Rice,1404.4,28.1,35.5,Sandy,Canal,256.81,35.72,337.99,7.89,23696.75,35925.0,2666.7411,63193097.161425,106.29012692683216,13.47149897678481,0.0005684956366077546,186967.3575,Lower relative profit,Higher relative profit/ha
6131,Karnataka,Bengaluru,2022,Kharif,Wheat,591.72,36.5,50.3,Black,Canal,51.46,10.74,428.47,7.61,37791.16,51804.99999999999,3260.6567000000005,123223999.05477203,120.90694797768803,15.887903807843367,0.0004204132344136397,287590.72760000004,Lower relative profit,Higher relative profit/ha
6135,Karnataka,Bengaluru,2022,Kharif,Wheat,550.78,26.5,88.4,Alluvial,Rain-fed,431.75,56.31,796.4,2.52,18865.14,26397.000000000004,2006.9279999999999,37860977.68991999,33.145404319437475,13.152938221998998,0.0006972086198140592,47540.152799999996,Lower relative profit,Lower relative profit/ha
6137,Karnataka,Bengaluru,2022,Zaid,Sugarcane,2143.97,19.8,52.3,Alluvial,Drip,244.71,23.16,2296.34,1.47,17455.46,35274.0,3375.6198,58922996.394108,15.360965710652602,10.449636537858915,0.0005986457267731079,25659.526199999997,Lower relative profit,Lower relative profit/ha
6139,Karnataka,Mysuru,2022,Zaid,Sugarcane,631.32,21.4,36.4,Laterite,Sprinkler,292.14,19.63,290.46,4.91,60086.94,13211.000000000002,1426.1586,85693506.22868401,45.4830269228121,9.263345605460712,0.00015416570731444657,295026.8754000001,Lower relative profit,Moderate relative profit/ha
6148,Karnataka,Mysuru,2022,Kharif,Millets,1712.44,25.4,89.5,Red,Drip,199.36,38.8,688.33,3.11,20047.53,37166.0,2140.7063,42915873.77043899,53.994450336321236,17.361559593672425,0.0008660198834306485,62347.818299999984,Lower relative profit,Moderate relative profit/ha
6149,Karnataka,Mysuru,2022,Kharif,Maize,507.57,26.8,62.7,Black,Canal,447.19,59.66,1318.85,3.58,24193.69,50866.0,4721.483,114230096.04227,38.56844978579824,10.773309996033026,0.00044529420671394175,86613.41020000001,Lower relative profit,Moderate relative profit/ha
6157,Karnataka,Hubli,2022,Kharif,Barley,1137.1,19.2,82.3,Black,Rain-fed,413.26,49.83,1872.54,2.4,49093.41,54402.0,4494.096,220630497.50735998,29.052516902175654,12.105215375906523,0.0002465751589858297,117824.184,Lower relative profit,Lower relative profit/ha
6169,Karnataka,Hubli,2022,Rabi,Millets,482.24,25.0,51.2,Red,Canal,301.04,32.19,2526.52,1.64,62266.65,55235.0,4143.4928,258001415.95512,21.862086981302344,13.330540842257527,0.00021408797232961026,102117.306,Lower relative profit,Lower relative profit/ha
6188,Karnataka,Belagavi,2022,Zaid,Sugarcane,460.01,37.3,70.3,Alluvial,Sprinkler,116.22,59.59,188.21,4.85,55738.53,14505.000000000002,912.8185,50879161.346805,77.06816853514691,15.890344027865345,0.00028508724625255356,270331.87049999996,Lower relative profit,Moderate relative profit/ha
6192,Karnataka,Belagavi,2022,Zaid,Pulses,964.61,30.2,77.3,Sandy,Sprinkler,264.12,51.58,629.1,2.19,27252.35,16437.0,1377.729,37546352.91315,26.12780162136385,11.930503023453813,0.0004377788713066512,59682.646499999995,Lower relative profit,Lower relative profit/ha
6196,Karnataka,Mangalore,2022,Rabi,Barley,951.21,29.9,60.0,Sandy,Sprinkler,249.04,12.18,1163.43,1.29,37416.52,25548.0,1500.8247000000001,56155637.404044,21.959206828085918,17.022640952004586,0.00045494987112656624,48267.3108,Lower relative profit,Lower relative profit/ha
6200,Karnataka,Mangalore,2022,Zaid,Barley,1358.63,24.5,63.5,Laterite,Drip,315.74,48.63,273.45,5.81,58938.15,26181.0,1588.7444999999998,93637661.65267499,95.74328030718596,16.47904996681342,0.00027959903673280246,342430.6515,Lower relative profit,Higher relative profit/ha
6202,Karnataka,Mangalore,2022,Rabi,Barley,673.65,25.1,67.6,Black,Sprinkler,109.13,52.03,1098.93,1.38,53277.0,26547.000000000004,1516.5234,80795817.18180001,24.15713466735825,17.505170048810328,0.0003285689894102582,73522.26000000001,Lower relative profit,Lower relative profit/ha
6204,Karnataka,Mangalore,2022,Rabi,Sugarcane,767.5,35.7,62.2,Red,Drip,118.51,26.49,774.69,2.27,36209.53,15029.0,1758.5463000000002,63676135.006239004,19.400018071744825,8.546263467728998,0.0002360224909776238,82195.6331,Lower relative profit,Lower relative profit/ha
6207,Karnataka,Mangalore,2022,Kharif,Rice,1235.65,28.9,88.3,Sandy,Rain-fed,179.06,25.32,548.45,5.1,41916.74,40654.0,2797.0950000000003,117245103.87030001,74.12526210228826,14.534365118095737,0.00034674369042286536,213775.374,Lower relative profit,Moderate relative profit/ha
6208,Karnataka,Mangalore,2022,Zaid,Pulses,765.38,24.9,46.4,Alluvial,Canal,401.78,45.73,929.28,3.34,58078.11,27223.0,3103.7951999999996,180262559.043072,29.29472279614325,8.770875088665646,0.0001510186038882058,193980.88739999998,Lower relative profit,Lower relative profit/ha
6210,Karnataka,Mangalore,2022,Zaid,Maize,1144.93,36.2,63.0,Red,Rain-fed,343.56,38.16,1140.55,3.52,44607.44,48675.0,4014.736,179087095.23584,42.6767787470957,12.124084871334006,0.0002717951281520304,157018.1888,Lower relative profit,Moderate relative profit/ha
6212,Tamil Nadu,Chennai,2022,Zaid,Millets,2144.57,27.7,88.0,Laterite,Tube Well,287.72,37.0,942.84,1.56,18886.28,24837.0,1470.8304,27778514.766912,26.342751686394298,16.88637928615019,0.0008941082778689182,29462.596799999996,Lower relative profit,Lower relative profit/ha
6213,Tamil Nadu,Chennai,2022,Zaid,Sugarcane,1270.86,21.5,57.7,Laterite,Tube Well,276.15,33.51,234.99,1.68,59962.38,7061.0,394.7832,23672140.256016,30.048087152644793,17.885766162288565,0.00029828312622495246,100736.7984,Lower relative profit,Lower relative profit/ha
6214,Tamil Nadu,Chennai,2022,Kharif,Millets,597.45,36.8,46.9,Laterite,Canal,104.46,16.28,3061.1,1.9,58232.72,47927.0,5816.089999999999,338686740.46479994,15.656790042795073,8.240415811997408,0.00014150834465567484,110642.16799999999,Lower relative profit,Lower relative profit/ha
6215,Tamil Nadu,Chennai,2022,Kharif,Pulses,558.9,35.5,85.0,Laterite,Tube Well,108.31,37.22,553.3,4.77,45258.03,41758.0,2639.2409999999995,119446848.35522997,75.47081149466835,15.821973059678903,0.0003495948246019304,215880.80309999996,Lower relative profit,Moderate relative profit/ha
6223,Tamil Nadu,Chennai,2022,Zaid,Wheat,1299.52,18.9,56.5,Laterite,Drip,84.63,9.8,873.97,3.87,56472.88,51085.0,3382.2639000000004,191006183.35303202,58.45166310056409,15.10378891487444,0.0002674520746042072,218550.0456,Lower relative profit,Moderate relative profit/ha
6235,Tamil Nadu,Coimbatore,2022,Zaid,Rice,836.36,18.6,41.0,Sandy,Sprinkler,320.47,8.81,1216.18,1.48,14132.54,27770.0,1799.9464,25437814.495856002,22.83379105066684,15.428237196396514,0.0010916818347159473,20916.159200000002,Lower relative profit,Lower relative profit/ha
6240,Tamil Nadu,Coimbatore,2022,Rabi,Sugarcane,1396.59,26.9,54.2,Laterite,Sprinkler,296.66,59.61,1834.49,2.52,36821.56,57348.0,4622.9148000000005,170222934.683088,31.26100442084721,12.405160484463178,0.00033689937320589293,92790.3312,Lower relative profit,Lower relative profit/ha
6243,Tamil Nadu,Coimbatore,2022,Zaid,Millets,817.42,31.8,86.4,Sandy,Sprinkler,413.64,7.94,656.95,2.39,37672.69,13935.0,1570.1105000000002,59150286.13224501,21.211659943679123,8.875171524551932,0.00023558634980809528,90037.72910000001,Lower relative profit,Lower relative profit/ha
6244,Tamil Nadu,Coimbatore,2022,Zaid,Maize,795.6,34.7,42.5,Alluvial,Tube Well,152.41,33.1,1063.28,3.34,51136.54,33471.0,3551.3552,181604017.239008,31.479008351516065,9.42485279985511,0.0001843075968740769,170796.0436,Lower relative profit,Lower relative profit/ha
6245,Tamil Nadu,Coimbatore,2022,Kharif,Rice,713.79,20.9,75.2,Black,Drip,62.3,47.93,1148.9,1.29,12199.89,26475.0,1482.0810000000001,18081225.17109,23.043781007920618,17.863396130171022,0.001464225999592703,15737.858099999998,Lower relative profit,Lower relative profit/ha
6247,Tamil Nadu,Madurai,2022,Zaid,Millets,500.58,24.8,78.8,Red,Rain-fed,261.43,7.5,2394.29,2.51,29442.12,57298.0,6009.6678999999995,176937363.47194797,23.931102748622767,9.534303883913452,0.00032383211140751594,73899.72119999999,Lower relative profit,Lower relative profit/ha
6251,Tamil Nadu,Madurai,2022,Kharif,Cotton,497.85,34.4,44.2,Sandy,Drip,154.73,39.07,145.1,7.4,14807.35,16631.0,1073.74,15899243.989,114.61750516884908,15.48885204984447,0.0010460245789992448,109574.39,Lower relative profit,Higher relative profit/ha
6253,Tamil Nadu,Madurai,2022,Rabi,Pulses,1211.52,20.6,88.5,Sandy,Sprinkler,51.56,16.23,1024.49,3.95,53330.56,49488.0,4046.7355000000002,215814670.38688,48.30501029780671,12.229116531090307,0.0002293078589666095,210655.712,Lower relative profit,Moderate relative profit/ha
6257,Tamil Nadu,Madurai,2022,Zaid,Wheat,2193.13,21.6,81.6,Red,Sprinkler,447.8,48.82,450.23,2.71,39515.16,21176.0,1220.1233,48213367.419228,47.03373831152966,17.35562299318438,0.0004392142912538979,107086.0836,Lower relative profit,Moderate relative profit/ha
6258,Tamil Nadu,Madurai,2022,Kharif,Millets,1346.18,34.6,62.5,Black,Canal,238.07,9.05,248.03,5.44,14373.1,18695.0,1349.2832,19393382.361920003,75.37394669999597,13.855504908087493,0.0009639886251461057,78189.664,Lower relative profit,Moderate relative profit/ha
6260,Tamil Nadu,Madurai,2022,Rabi,Rice,1045.27,31.1,78.4,Sandy,Canal,298.18,5.93,154.85,7.05,34698.45,13838.999999999998,1091.6924999999999,37880037.626624994,89.37035841136583,12.67664658317246,0.0003653375462930609,244624.07249999998,Lower relative profit,Higher relative profit/ha
6276,Tamil Nadu,Salem,2022,Kharif,Sugarcane,1789.33,36.7,48.8,Laterite,Tube Well,92.96,49.34,1607.04,1.52,56242.51,30322.000000000004,2442.7008,137383624.17100802,18.868229788928716,12.413309071663628,0.00022071043898402875,85488.61520000001,Lower relative profit,Lower relative profit/ha
6278,Tamil Nadu,Salem,2022,Zaid,Millets,1853.36,27.5,63.0,Sandy,Sprinkler,172.54,59.22,1891.98,1.52,41635.11,35452.0,2875.8096,119734649.03505601,18.738041628347023,12.327658966017777,0.00029608806043787987,63285.36720000001,Lower relative profit,Lower relative profit/ha
6282,Tamil Nadu,Salem,2022,Zaid,Maize,1402.03,30.4,57.5,Laterite,Rain-fed,327.23,49.64,1652.99,3.91,15902.23,58961.0,6463.1909000000005,102779148.22570701,35.66930229462973,9.122583707066427,0.0005736669452690865,62177.719300000004,Lower relative profit,Lower relative profit/ha
6285,Tamil Nadu,Tiruchirappalli,2022,Zaid,Cotton,2137.13,29.7,61.2,Laterite,Sprinkler,444.0,48.39,2473.06,1.29,41511.34,53967.99999999999,3190.2474,132431444.505516,21.82235772686469,16.916556377414487,0.00040751650940235826,53549.6286,Lower relative profit,Lower relative profit/ha
6286,Tamil Nadu,Tiruchirappalli,2022,Zaid,Sugarcane,1324.31,37.2,86.8,Laterite,Drip,448.3,51.2,581.43,5.44,18400.2,36872.0,3162.9791999999998,58199449.87584,63.4160604028,11.657364044632352,0.0006335455073658086,100097.088,Lower relative profit,Moderate relative profit/ha
6297,Tamil Nadu,Tiruchirappalli,2022,Kharif,Rice,813.23,28.8,39.9,Sandy,Canal,199.92,36.03,1398.05,2.16,32739.79,38509.0,3019.788,98867224.96452,27.544794535245522,12.752219692243296,0.000389502183497307,70717.9464,Lower relative profit,Lower relative profit/ha
6302,Rajasthan,Jaipur,2022,Rabi,Pulses,1288.54,23.7,40.8,Black,Canal,197.17,22.95,1326.63,2.87,64628.86,45461.0,3807.4281000000005,246069737.63496605,34.26803253356248,11.940081022147206,0.00018474843935274745,185484.82820000002,Lower relative profit,Lower relative profit/ha
6306,Rajasthan,Jaipur,2022,Kharif,Sugarcane,1949.79,24.6,67.3,Red,Sprinkler,190.21,17.2,104.44,4.66,33827.29,8718.0,486.6904,16463417.301016001,83.47376484105706,17.912825073188213,0.0005295376919992175,157635.17140000002,Lower relative profit,Moderate relative profit/ha
6307,Rajasthan,Jaipur,2022,Zaid,Sugarcane,938.63,21.8,71.1,Sandy,Rain-fed,82.4,22.02,181.42,4.12,28705.08,7572.0,747.4504,21455623.528032,41.73740491676772,10.130438086594108,0.0003529144697243173,118264.92960000002,Lower relative profit,Moderate relative profit/ha
6313,Rajasthan,Jaipur,2022,Kharif,Maize,1892.05,21.7,73.0,Black,Sprinkler,344.19,25.42,2017.05,2.05,43474.26,57219.00000000001,4134.952499999999,179764000.07265,28.367665650330935,13.837885683088262,0.0003183006607378311,89122.233,Lower relative profit,Lower relative profit/ha
6314,Rajasthan,Jaipur,2022,Rabi,Millets,417.31,32.9,68.8,Laterite,Canal,347.97,49.48,286.0,3.38,19484.23,8645.0,966.68,18835015.4564,30.227272727272727,8.94298009682625,0.0004589855537953643,65856.6974,Lower relative profit,Lower relative profit/ha
6315,Rajasthan,Jaipur,2022,Zaid,Maize,580.7,31.4,66.0,Sandy,Drip,242.23,24.18,914.15,7.53,37673.43,59269.00000000001,6883.5495,259326920.23978502,64.83509270907402,8.610238075574237,0.0002285493536313056,283680.9279,Lower relative profit,Moderate relative profit/ha
6317,Rajasthan,Jaipur,2022,Zaid,Barley,1529.81,25.2,83.3,Sandy,Rain-fed,52.17,36.31,2445.38,1.96,28019.04,38525.0,4792.9448,134293712.06899202,15.754197711603103,8.037855975307705,0.00028687121240798065,54917.318400000004,Lower relative profit,Lower relative profit/ha
6322,Rajasthan,Jodhpur,2022,Rabi,Millets,1396.49,20.7,54.5,Laterite,Tube Well,269.07,42.34,260.99,7.03,16500.73,23282.0,1834.7597,30274874.424581,89.20648300701176,12.689400143244915,0.0007690205308034806,116000.1319,Lower relative profit,Higher relative profit/ha
6323,Rajasthan,Jodhpur,2022,Rabi,Cotton,475.65,23.0,70.8,Black,Drip,87.13,7.67,228.13,2.23,16850.9,5022.0,508.7299,8572556.671910001,22.01376408188314,9.87164308604625,0.0005858228988390085,37577.507000000005,Lower relative profit,Lower relative profit/ha
6337,Rajasthan,Udaipur,2022,Rabi,Cotton,1456.19,20.6,38.2,Laterite,Canal,212.7,59.69,619.51,1.76,21690.0,18252.0,1090.3376,23649422.544,29.46199415667221,16.739769407200118,0.0007717736010696228,38174.4,Lower relative profit,Lower relative profit/ha
6338,Rajasthan,Udaipur,2022,Kharif,Rice,1379.95,25.8,88.0,Black,Canal,55.98,35.94,344.26,6.12,58541.34,26017.0,2106.8712,123339063.25540799,75.57369430081916,12.348642859610973,0.000210938848677037,358273.0008,Lower relative profit,Moderate relative profit/ha
6340,Rajasthan,Udaipur,2022,Kharif,Maize,1708.9,35.0,50.6,Alluvial,Sprinkler,406.33,44.22,482.31,2.19,22839.0,14724.0,1056.2589,24123897.017100003,30.528083597686134,13.939764199856683,0.0006103491483802566,50017.41,Lower relative profit,Lower relative profit/ha
6349,Rajasthan,Udaipur,2022,Rabi,Sugarcane,1307.1,20.8,49.8,Red,Drip,333.7,45.63,4145.08,1.63,43740.76,58475.0,6756.4803999999995,295533587.621104,14.107085991102705,8.654653982271599,0.00019786245100157377,71297.4388,Lower relative profit,Lower relative profit/ha
6352,Rajasthan,Udaipur,2022,Rabi,Millets,742.33,31.2,67.0,Sandy,Drip,300.78,34.75,390.38,7.71,33688.64,32952.0,3009.8298,101397072.593472,84.41006199088068,10.948127365872981,0.00032497979633113654,259739.4144,Lower relative profit,Higher relative profit/ha
6355,Rajasthan,Kota,2022,Zaid,Barley,1042.93,20.9,63.4,Laterite,Drip,446.78,58.8,256.92,3.27,41209.65,10314.0,840.1284,34621397.319060005,40.14479215319944,12.276694848073221,0.00029790825323857935,134755.55550000002,Lower relative profit,Moderate relative profit/ha
6356,Rajasthan,Kota,2022,Rabi,Wheat,855.8,35.8,85.6,Black,Sprinkler,53.03,39.33,1135.57,3.74,46251.25,53937.0,4247.0318,196430529.53974998,47.49773241631956,12.69992845356138,0.00027458562641142413,172979.675,Lower relative profit,Moderate relative profit/ha
6357,Rajasthan,Kota,2022,Kharif,Maize,1143.85,33.4,62.1,Red,Drip,78.71,44.53,770.88,4.96,53240.61,40889.0,3823.5648,203568922.326528,53.04197799916978,10.693947177251971,0.0002008607184863579,264073.4256,Lower relative profit,Moderate relative profit/ha
6358,Rajasthan,Kota,2022,Rabi,Pulses,815.3,22.6,36.0,Laterite,Sprinkler,117.85,35.35,2222.37,1.37,41468.77,39516.0,3044.6469,126257762.027313,17.781017562332107,12.978844936008835,0.000312978777427178,56812.2149,Lower relative profit,Lower relative profit/ha
6364,Rajasthan,Kota,2022,Rabi,Maize,1777.45,33.1,89.3,Black,Drip,440.86,58.29,1631.84,3.69,44784.95,56550.0,6021.4896,269672110.66152,34.65413275811354,9.39136389108768,0.00020969910407598268,165256.46550000002,Lower relative profit,Lower relative profit/ha
6375,Rajasthan,Ajmer,2022,Zaid,Sugarcane,950.78,25.7,70.8,Black,Canal,327.1,33.14,578.04,4.79,16482.6,45896.0,2768.8116,45637214.078159995,79.39934952598436,16.576064619203414,0.0010056705021782618,78951.654,Lower relative profit,Moderate relative profit/ha
6377,Rajasthan,Ajmer,2022,Rabi,Barley,1328.0,28.7,88.0,Sandy,Rain-fed,215.15,18.62,889.82,4.05,40971.78,32090.0,3603.771,147652912.58238,36.0634735114967,8.904561360863385,0.00021733401284648567,165935.70899999997,Lower relative profit,Lower relative profit/ha
6382,Rajasthan,Ajmer,2022,Zaid,Sugarcane,2117.8,19.1,74.4,Sandy,Sprinkler,213.77,52.47,420.31,8.04,18111.49,34996.0,3379.2924,61204020.509676,83.26235397682663,10.356014176222217,0.0005717925016783388,145616.37960000001,Lower relative profit,Moderate relative profit/ha
6389,Rajasthan,Ajmer,2022,Kharif,Sugarcane,1197.16,19.0,38.9,Sandy,Drip,162.06,31.95,685.26,1.64,58249.54,10026.0,1123.8264,65462370.839856,14.630942999737327,8.921306707156907,0.00015315668942891063,95529.2456,Lower relative profit,Lower relative profit/ha
6401,West Bengal,Kolkata,2022,Kharif,Barley,880.11,23.0,42.6,Sandy,Canal,211.39,41.35,667.0,7.69,16276.37,45193.0,5129.2300000000005,83485245.29510002,67.75562218890555,8.81087414680176,0.0005413291874540675,125165.28530000003,Lower relative profit,Moderate relative profit/ha
6404,West Bengal,Kolkata,2022,Zaid,Wheat,2051.13,20.6,67.3,Black,Sprinkler,250.04,48.09,1742.77,2.17,46513.26,39556.0,3781.8109,175904353.662534,22.697200433792183,10.459539370411143,0.00022487220569814164,100933.7742,Lower relative profit,Lower relative profit/ha
6416,West Bengal,Howrah,2022,Kharif,Cotton,909.58,34.0,73.9,Laterite,Drip,135.48,10.01,467.06,6.76,37512.08,27390.0,3157.3256,118437850.49324802,58.64342910975035,8.67506347777372,0.0002312605293487783,253581.66080000004,Lower relative profit,Moderate relative profit/ha
6417,West Bengal,Howrah,2022,Zaid,Sugarcane,2013.53,25.6,79.7,Alluvial,Tube Well,446.1,44.23,2995.49,1.32,48077.94,35807.0,3954.0468,190102424.807592,11.953636967574589,9.055785581495899,0.000188356355981473,63462.880800000006,Lower relative profit,Lower relative profit/ha
6418,West Bengal,Howrah,2022,Rabi,Barley,674.91,27.8,62.8,Red,Drip,188.29,30.37,937.99,5.96,45619.03,48970.0,5590.4204,255029555.94021198,52.20737960959072,8.75962745127361,0.0001920169598361388,271889.4188,Lower relative profit,Moderate relative profit/ha
6420,West Bengal,Howrah,2022,Rabi,Cotton,1324.08,36.5,63.6,Sandy,Tube Well,200.24,42.98,2117.82,2.11,32602.55,46840.0,4468.6002,145687761.45051,22.117082660471617,10.48202969690598,0.0003215095045297371,68791.3805,Lower relative profit,Lower relative profit/ha
6429,West Bengal,Darjeeling,2022,Zaid,Millets,895.79,33.9,69.1,Alluvial,Sprinkler,362.54,35.21,2865.86,1.52,26077.04,56930.99999999999,4356.1072,113594381.69868802,19.865241149253624,13.069237598193173,0.0005011779557109692,39637.1008,Lower relative profit,Lower relative profit/ha
6431,West Bengal,Darjeeling,2022,Rabi,Barley,847.44,31.2,82.8,Laterite,Sprinkler,162.31,27.43,282.3,7.43,58477.09,28541.000000000004,2097.489,122655053.02701,101.10166489550124,13.607222731561407,0.00023269322621151988,434484.77869999997,Lower relative profit,Higher relative profit/ha
6432,West Bengal,Darjeeling,2022,Kharif,Maize,1575.98,21.3,83.8,Laterite,Sprinkler,262.91,16.28,201.26,6.92,49815.89,24596.0,1392.7192,69379546.468088,122.210076517937,17.6604156817828,0.000354513703996512,344725.9588,Lower relative profit,Higher relative profit/ha
6439,West Bengal,Darjeeling,2022,Zaid,Pulses,2007.66,31.6,58.9,Red,Canal,349.72,14.46,530.44,2.24,28342.78,12014.0,1188.1856000000002,33676483.059968,22.649121484050973,10.111214948237041,0.0003567474661355394,63487.8272,Lower relative profit,Lower relative profit/ha
6444,West Bengal,Darjeeling,2022,Zaid,Cotton,1283.76,30.6,69.5,Black,Drip,243.33,34.9,740.79,5.22,33541.5,43298.0,3866.9237999999996,129702424.63769999,58.448413180523495,11.197014019257375,0.00033382567921104824,175086.63,Lower relative profit,Moderate relative profit/ha
6447,West Bengal,Siliguri,2022,Kharif,Rice,1485.93,37.2,69.5,Red,Sprinkler,96.76,14.34,898.48,3.55,27200.72,39983.0,3189.604,86759525.31488,44.50071231413053,12.53541191947339,0.00046084853340181396,96562.556,Lower relative profit,Moderate relative profit/ha
6452,West Bengal,Siliguri,2022,Zaid,Rice,1677.35,36.6,41.9,Laterite,Rain-fed,247.02,20.41,482.4,4.81,54575.16,32775.0,2320.3439999999996,126633145.05503999,67.94154228855722,14.125060766851814,0.0002588184948399934,262506.5196,Lower relative profit,Moderate relative profit/ha
6463,West Bengal,Malda,2022,Kharif,Pulses,1859.01,31.3,85.0,Red,Tube Well,331.9,22.1,1321.29,3.74,52039.12,42266.0,4941.6246,257157795.55435202,31.988435544051647,8.553057632099371,0.00016435822957996542,194626.30880000003,Lower relative profit,Lower relative profit/ha
6467,West Bengal,Malda,2022,Kharif,Wheat,425.11,26.1,57.7,Black,Drip,436.95,44.12,737.92,5.17,57775.24,30702.0,3815.0463999999997,220415221.37113598,41.60613616652212,8.047608542847605,0.00013929165059024603,298697.99079999997,Lower relative profit,Moderate relative profit/ha
6471,West Bengal,Malda,2022,Kharif,Sugarcane,673.55,34.4,61.0,Laterite,Sprinkler,428.31,36.11,534.31,7.83,15300.8,41083.0,4183.6473,64013150.607839994,76.88982051617975,9.819900449065102,0.0006417900011153079,119805.264,Lower relative profit,Moderate relative profit/ha
6475,West Bengal,Malda,2022,Zaid,Cotton,907.09,34.0,56.6,Black,Tube Well,179.98,7.87,579.66,2.65,12109.06,19810.0,1536.099,18600714.95694,34.17520615533244,12.89630420955941,0.0010650128258972546,32089.009000000002,Lower relative profit,Lower relative profit/ha
6485,Uttarakhand,Dehradun,2023,Zaid,Barley,1461.36,25.4,90.0,Red,Drip,280.89,51.08,693.85,2.61,61846.28,14747.999999999998,1810.9485,112000427.99657999,21.25531454925416,8.143798677875157,0.00013167806823426013,161418.7908,Lower relative profit,Lower relative profit/ha
6487,Uttarakhand,Dehradun,2023,Rabi,Sugarcane,1412.87,34.7,41.2,Black,Tube Well,339.43,14.84,152.31,7.36,44817.52,10502.0,1121.0016,50240511.628032,68.95148053312323,9.368407681130874,0.00020903449546362394,329856.9472,Lower relative profit,Moderate relative profit/ha
6489,Uttarakhand,Dehradun,2023,Rabi,Barley,1731.23,18.4,76.1,Laterite,Canal,198.97,16.17,1050.75,2.98,33119.47,26932.0,3131.235,103704843.64545001,25.631215798239353,8.601079126925956,0.0002596985738879866,98696.0206,Lower relative profit,Lower relative profit/ha
6498,Uttarakhand,Dehradun,2023,Kharif,Maize,1643.23,23.8,56.8,Black,Tube Well,241.08,54.9,708.69,5.79,51155.89,42050.0,4103.315100000001,209908735.89093903,59.33482905078384,10.247811580446257,0.00020032515474652593,296192.6031,Lower relative profit,Moderate relative profit/ha
6502,Uttarakhand,Haridwar,2023,Kharif,Cotton,1119.35,21.9,78.0,Sandy,Tube Well,396.59,11.81,2623.23,1.22,25133.39,52564.0,3200.3406,80435408.432634,20.03789221684717,16.424501817087844,0.0006534932938647689,30662.7358,Lower relative profit,Lower relative profit/ha
6505,Uttarakhand,Haridwar,2023,Kharif,Pulses,2111.38,29.5,39.3,Red,Drip,78.62,9.04,177.08,8.1,45384.18,16487.0,1434.348,65096707.81464,93.10481138468488,11.494421158603073,0.0002532693365530251,367611.85799999995,Lower relative profit,Higher relative profit/ha
6507,Uttarakhand,Haridwar,2023,Kharif,Barley,1653.33,25.9,49.3,Sandy,Rain-fed,191.36,54.22,918.55,1.69,40083.8,24420.0,1552.3494999999998,62224066.8881,26.585379130150784,15.730993568136558,0.0003924526508997789,67741.622,Lower relative profit,Lower relative profit/ha
6510,Uttarakhand,Haridwar,2023,Kharif,Wheat,712.58,35.4,43.5,Red,Canal,243.04,16.76,484.19,5.04,26056.6,41260.0,2440.3176,63586379.57615999,85.21448191825523,16.90763530124112,0.0006488811011889932,131325.264,Lower relative profit,Higher relative profit/ha
6518,Uttarakhand,Nainital,2023,Zaid,Rice,1158.31,37.6,45.5,Sandy,Drip,295.13,54.06,2365.92,1.62,55964.19,49471.0,3832.7904000000003,214499010.17577603,20.90983634273348,12.907306384403382,0.00023063509691471245,90661.98780000002,Lower relative profit,Lower relative profit/ha
6519,Uttarakhand,Nainital,2023,Kharif,Rice,1603.24,33.3,81.9,Sandy,Canal,110.16,33.14,608.75,2.0,53779.1,19626.0,1217.5,65476054.25,32.23983572895277,16.119917864476385,0.0002997431690838334,107558.2,Lower relative profit,Lower relative profit/ha
6527,Uttarakhand,Nainital,2023,Rabi,Millets,806.24,18.2,54.7,Red,Tube Well,125.11,9.53,590.01,3.07,23129.09,23311.0,1811.3307,41894430.780063,39.50949983898578,12.86954392149374,0.0005564224066529958,71006.30630000001,Lower relative profit,Moderate relative profit/ha
6529,Uttarakhand,Nainital,2023,Kharif,Millets,753.77,37.6,89.0,Alluvial,Tube Well,172.65,44.65,898.11,1.39,47634.56,17336.0,1248.3728999999998,59465693.80742399,19.30275801405173,13.886876269101966,0.00029152943302303974,66212.03839999999,Lower relative profit,Lower relative profit/ha
6532,Uttarakhand,Nainital,2023,Zaid,Cotton,1191.05,36.0,45.2,Black,Tube Well,320.46,50.08,2298.18,2.14,59167.18,49295.0,4918.1052,290990415.627336,21.449581843023612,10.023169085525051,0.00016940420492450462,126617.76520000002,Lower relative profit,Lower relative profit/ha
6535,Uttarakhand,Almora,2023,Rabi,Sugarcane,1727.42,26.3,53.3,Alluvial,Drip,340.05,54.95,584.82,7.62,28656.57,45538.0,4456.3284,127703086.737588,77.86669402551212,10.218726250067206,0.0003565927900675904,218363.06339999998,Lower relative profit,Moderate relative profit/ha
6537,Uttarakhand,Almora,2023,Kharif,Pulses,1384.99,36.3,72.7,Sandy,Drip,373.58,15.9,660.59,3.15,31788.62,32432.0,2080.8585,66147620.13026999,49.09550553293268,15.585874772359583,0.0004902973067833578,100134.15299999998,Lower relative profit,Moderate relative profit/ha
6539,Uttarakhand,Almora,2023,Kharif,Wheat,1520.59,36.3,76.1,Sandy,Tube Well,304.65,18.85,1889.63,3.05,41567.76,49124.0,5763.3715,239570443.30284002,25.99662367765118,8.523483173000386,0.00020505033643863384,126781.668,Lower relative profit,Lower relative profit/ha
6540,Uttarakhand,Almora,2023,Rabi,Wheat,1722.55,24.5,55.6,Laterite,Drip,106.85,11.45,439.2,8.42,26411.31,47578.0,3698.064,97670714.70384,108.3287795992714,12.865650783761449,0.000487126567510716,222383.23020000002,Lower relative profit,Higher relative profit/ha
6551,Uttarakhand,Almora,2023,Rabi,Wheat,545.31,23.3,67.3,Sandy,Drip,417.51,43.49,664.89,2.8,48182.1,32318.0,1861.6919999999998,89700230.1132,48.606536419558125,17.35947729269933,0.0003602889308000135,134909.88,Lower relative profit,Moderate relative profit/ha
6553,Uttarakhand,Pauri,2023,Rabi,Sugarcane,1775.61,20.7,57.6,Black,Rain-fed,288.71,9.66,1318.54,2.24,26830.04,38249.0,2953.5296000000003,79243317.30918401,29.008600421678523,12.950268045392196,0.0004826779253922915,60099.28960000001,Lower relative profit,Lower relative profit/ha
6560,Uttarakhand,Pauri,2023,Rabi,Pulses,1571.76,19.6,64.3,Red,Sprinkler,236.72,31.77,178.33,7.09,26481.52,13663.0,1264.3597,33482166.682744,76.61638535299724,10.806260275458005,0.00040806797628905006,187753.97679999997,Lower relative profit,Moderate relative profit/ha
6561,Uttarakhand,Pauri,2023,Kharif,Wheat,802.71,26.1,75.6,Black,Drip,96.26,24.02,1494.41,1.61,40512.25,24342.0,2406.0001,97472477.551225,16.288702564891828,10.117206562044615,0.0002497320332009359,65224.7225,Lower relative profit,Lower relative profit/ha
6565,Uttarakhand,Pauri,2023,Kharif,Pulses,465.58,33.6,66.7,Black,Tube Well,89.76,48.5,332.68,7.69,62503.75,36892.0,2558.3092,159903918.6595,110.89335096789708,14.420461764355926,0.00023071354541696982,480653.8375,Lower relative profit,Higher relative profit/ha
6567,Uttarakhand,Pauri,2023,Kharif,Cotton,1407.3,24.9,81.8,Red,Canal,92.71,53.52,410.61,5.95,18032.54,24932.0,2443.1295,44055830.43393,60.71941745208348,10.204944109593862,0.0005659182849223606,107293.613,Lower relative profit,Moderate relative profit/ha
6577,Uttar Pradesh,Lucknow,2023,Rabi,Barley,835.45,19.0,44.4,Black,Canal,361.98,54.8,1185.24,5.73,56681.34,55597.0,6791.425200000001,384947080.84576803,46.90779926428403,8.18635240214381,0.00014442764412668805,324784.07820000005,Lower relative profit,Moderate relative profit/ha
6581,Uttar Pradesh,Lucknow,2023,Kharif,Millets,1596.55,28.8,88.7,Sandy,Tube Well,131.87,42.56,552.9,5.49,39050.75,53217.99999999999,3035.421,118535466.61575,96.25248688732138,17.53232912337366,0.00044896267353056364,214388.61750000002,Lower relative profit,Higher relative profit/ha
6583,Uttar Pradesh,Lucknow,2023,Rabi,Pulses,980.78,22.6,38.1,Sandy,Canal,157.09,41.2,485.41,7.23,46973.37,39460.0,3509.5143000000003,164853713.73419103,81.29210358253847,11.243721104085541,0.00023936373106901932,339617.46510000003,Lower relative profit,Moderate relative profit/ha
6586,Uttar Pradesh,Lucknow,2023,Zaid,Pulses,1303.06,19.0,85.4,Laterite,Drip,395.13,28.81,518.58,1.5,51779.01,10678.0,777.8700000000001,40277338.508700006,20.59084422847005,13.7272294856467,0.00026511185682473844,77668.515,Lower relative profit,Lower relative profit/ha
6588,Uttar Pradesh,Lucknow,2023,Rabi,Wheat,420.11,19.9,67.8,Alluvial,Sprinkler,250.31,42.47,1076.21,2.11,21556.56,24966.0,2270.8031,48950703.27333601,23.198074725193038,10.99434821099196,0.0005100233159183079,45484.34160000001,Lower relative profit,Lower relative profit/ha
6590,Uttar Pradesh,Kanpur,2023,Zaid,Pulses,911.3,33.2,89.0,Alluvial,Drip,296.84,29.21,557.81,5.74,62282.76,38727.0,3201.8293999999996,199418772.08114398,69.42686577867016,12.095272783740446,0.00019419937047973545,357503.0424,Lower relative profit,Moderate relative profit/ha
6592,Uttar Pradesh,Kanpur,2023,Rabi,Cotton,1700.84,28.0,52.6,Black,Rain-fed,346.2,57.91,590.35,5.44,62935.25,54582.00000000001,3211.5040000000004,202116807.11600003,92.45701702379945,16.995775188198426,0.00027005176253686806,342367.76,Lower relative profit,Higher relative profit/ha
6594,Uttar Pradesh,Kanpur,2023,Kharif,Wheat,460.07,18.6,44.6,Red,Canal,289.79,44.88,506.98,6.54,44263.27,35124.0,3315.6492000000003,146761475.764884,69.28083948084736,10.593400532239658,0.00023932711099382533,289481.78579999995,Lower relative profit,Moderate relative profit/ha
6595,Uttar Pradesh,Kanpur,2023,Kharif,Barley,817.67,20.3,60.7,Sandy,Canal,207.78,16.14,341.9,5.67,33517.39,33675.0,1938.5729999999999,64975907.28446999,98.49371161158234,17.371024975587716,0.0005182690232022158,190043.60129999998,Lower relative profit,Higher relative profit/ha
6597,Uttar Pradesh,Kanpur,2023,Rabi,Pulses,1788.15,34.4,72.9,Red,Rain-fed,340.55,12.05,613.6,1.26,61936.89,6762.0,773.1360000000001,47885639.387040004,11.020208604954368,8.746197305519338,0.00014121143805443474,78040.4814,Lower relative profit,Lower relative profit/ha
6609,Uttar Pradesh,Varanasi,2023,Kharif,Pulses,805.96,27.2,59.6,Alluvial,Rain-fed,416.3,39.32,224.89,7.7,53403.82,19731.0,1731.653,92476885.11446,87.73622659967096,11.39431514281441,0.00021336142513427706,411209.41400000005,Lower relative profit,Higher relative profit/ha
6610,Uttar Pradesh,Varanasi,2023,Kharif,Sugarcane,1276.27,35.1,68.0,Sandy,Sprinkler,386.74,28.6,397.99,3.94,60415.27,14734.0,1568.0806,94736012.830762,37.02103067916279,9.396200679990557,0.00015552691695312388,238036.16379999998,Lower relative profit,Lower relative profit/ha
6613,Uttar Pradesh,Varanasi,2023,Rabi,Millets,1430.05,37.7,83.2,Sandy,Canal,442.02,29.66,123.47,6.08,48943.4,11629.0,750.6976,36741692.91584,94.18482222402203,15.49092470789836,0.00031650691835668056,297575.872,Lower relative profit,Higher relative profit/ha
6618,Uttar Pradesh,Varanasi,2023,Kharif,Rice,1365.78,34.9,85.1,Sandy,Rain-fed,413.84,25.4,1248.77,2.21,52573.01,46916.0,2759.7817,145090030.911917,37.569768652353915,16.9998953178072,0.00032335784688392776,116186.3521,Lower relative profit,Moderate relative profit/ha
6625,Uttar Pradesh,Agra,2023,Rabi,Rice,1433.23,35.7,88.3,Alluvial,Tube Well,401.32,25.28,405.43,5.94,27544.55,27103.0,2408.2542000000003,66334278.22461001,66.85001109932664,11.254210622782262,0.0004085821196128549,163614.627,Lower relative profit,Moderate relative profit/ha
6634,Uttar Pradesh,Agra,2023,Zaid,Barley,722.35,30.3,44.9,Laterite,Canal,84.58,24.56,1282.38,3.27,14183.93,52954.99999999999,4193.382600000001,59478645.26161801,41.294312138367715,12.628230011733244,0.0008903195385011942,46381.451100000006,Lower relative profit,Moderate relative profit/ha
6644,Uttar Pradesh,Meerut,2023,Zaid,Barley,574.97,36.0,76.8,Sandy,Drip,226.06,49.69,1263.25,4.05,60358.07,50863.0,5116.162499999999,308801694.30637497,40.2636057787453,9.941631056480322,0.00016471088383840507,244450.18349999998,Lower relative profit,Moderate relative profit/ha
6646,Uttar Pradesh,Meerut,2023,Rabi,Millets,756.44,28.2,71.5,Red,Tube Well,221.65,44.28,1700.09,1.69,62569.97,27724.0,2873.1521,179773040.70243698,16.307371962660802,9.649332522284498,0.00015421667170824116,105743.2493,Lower relative profit,Lower relative profit/ha
6649,Uttar Pradesh,Meerut,2023,Kharif,Cotton,1410.61,20.4,72.9,Black,Rain-fed,201.06,50.08,2801.25,1.95,57018.87,52810.0,5462.4375,311462013.695625,18.852298081213743,9.667845169853202,0.00016955518707847424,111186.7965,Lower relative profit,Lower relative profit/ha
6653,Uttar Pradesh,Meerut,2023,Rabi,Barley,1148.41,18.8,55.8,Red,Tube Well,130.5,9.51,877.16,4.75,55602.46,51745.00000000001,4166.51,231668205.6146,58.99151808107986,12.419266964437863,0.0002233582284747449,264111.685,Lower relative profit,Moderate relative profit/ha
6660,Uttar Pradesh,Meerut,2023,Rabi,Millets,511.62,23.2,35.5,Red,Rain-fed,213.77,53.87,2834.14,1.24,32925.38,47983.0,3514.3336,115710769.22676799,16.930356298559705,13.653513143999762,0.0004146805031255452,40827.4712,Lower relative profit,Lower relative profit/ha
6662,Punjab,Ludhiana,2023,Zaid,Wheat,1902.87,27.2,68.4,Sandy,Canal,351.56,24.07,479.19,3.14,47445.02,15186.000000000002,1504.6566,71388462.480132,31.690978526263073,10.092668320465947,0.00021272344959420288,148977.3628,Lower relative profit,Lower relative profit/ha
6668,Punjab,Ludhiana,2023,Zaid,Wheat,1207.77,26.7,78.5,Sandy,Rain-fed,103.74,8.99,246.65,6.1,16978.94,20223.0,1504.565,25545918.8611,81.99067504561118,13.441094269772325,0.0007916332980605577,103571.534,Lower relative profit,Moderate relative profit/ha
6675,Punjab,Ludhiana,2023,Zaid,Pulses,1218.89,32.6,82.0,Black,Rain-fed,400.29,27.13,1506.16,1.66,21508.93,40591.0,2500.2256,53777177.414608,26.949992032718967,16.234934959469257,0.0007547997487308414,35704.8238,Lower relative profit,Lower relative profit/ha
6679,Punjab,Amritsar,2023,Kharif,Wheat,1009.52,22.2,62.1,Sandy,Rain-fed,432.65,43.69,1667.46,1.67,58102.31,49825.0,2784.6582,161795073.980442,29.88077675026687,17.89268068878256,0.00030795127919668876,97030.8577,Lower relative profit,Lower relative profit/ha
6681,Punjab,Amritsar,2023,Zaid,Sugarcane,665.55,22.4,73.6,Sandy,Tube Well,169.49,11.32,1692.6,1.31,12505.64,34824.0,2217.306,27728830.605839998,20.57426444523219,15.705545378039837,0.0012558769785504652,16382.3884,Lower relative profit,Lower relative profit/ha
6682,Punjab,Amritsar,2023,Rabi,Sugarcane,1618.17,23.4,67.3,Red,Sprinkler,278.55,14.63,305.48,5.58,60197.27,23775.0,1704.5784,102610966.180968,77.82833573392693,13.947730418266476,0.00023170038140046012,335900.7666,Lower relative profit,Moderate relative profit/ha
6684,Punjab,Amritsar,2023,Zaid,Sugarcane,1293.92,18.9,81.6,Black,Canal,240.89,52.82,755.82,2.1,38725.13,27459.0,1587.2220000000002,61465378.28886,36.33007859014051,17.300037423876432,0.0004467392988448698,81322.773,Lower relative profit,Lower relative profit/ha
6697,Punjab,Patiala,2023,Zaid,Pulses,1311.04,22.5,88.3,Alluvial,Canal,119.01,36.39,995.98,2.87,35690.25,25807.0,2858.4626000000003,102019244.80965,25.91116287475652,9.028279747301923,0.0002529620764018723,102431.0175,Lower relative profit,Lower relative profit/ha
6705,Punjab,Patiala,2023,Zaid,Rice,822.43,20.0,40.8,Red,Tube Well,440.15,9.94,373.04,4.24,23059.46,13829.0,1581.6896000000002,36472908.063616,37.07109157194939,8.743181974516364,0.0003791581404992296,97772.11039999999,Lower relative profit,Lower relative profit/ha
6709,Punjab,Patiala,2023,Rabi,Rice,689.63,34.3,67.8,Red,Canal,94.99,46.55,1566.45,3.04,63601.24,49539.0,4762.008,302869613.68991995,31.625011969740495,10.402964463730427,0.00016356543463194159,193347.76959999997,Lower relative profit,Lower relative profit/ha
6718,Punjab,Jalandhar,2023,Rabi,Pulses,603.26,26.7,74.6,Sandy,Canal,365.86,25.41,2003.12,1.64,58127.26,26828.0,3285.1168,190954838.36396798,13.393106753464595,8.166528508210119,0.0001404939525484277,95328.7064,Lower relative profit,Lower relative profit/ha
6722,Punjab,Jalandhar,2023,Kharif,Millets,769.42,35.0,44.6,Sandy,Sprinkler,63.43,50.19,150.53,2.49,35416.96,3677.000000000001,374.8197,13274974.322112,24.42702451338604,9.81005000537592,0.0002769873531035956,88188.2304,Lower relative profit,Lower relative profit/ha
6728,Punjab,Jalandhar,2023,Kharif,Cotton,1655.97,30.0,51.8,Red,Sprinkler,306.57,11.23,1685.88,1.97,38047.31,39696.0,3321.1836000000003,126362101.996116,23.54615986902982,11.952365415751178,0.0003141448216904475,74953.20069999999,Lower relative profit,Lower relative profit/ha
6732,Punjab,Jalandhar,2023,Kharif,Cotton,750.89,19.9,41.1,Laterite,Rain-fed,161.89,34.45,2057.12,1.69,29721.37,52890.0,3476.5327999999995,103327317.66593598,25.710702341137125,15.213433337950963,0.0005118685086841879,50229.11529999999,Lower relative profit,Lower relative profit/ha
6733,Punjab,Bathinda,2023,Kharif,Sugarcane,2038.46,29.6,67.1,Black,Canal,276.16,34.37,283.71,1.24,30295.67,3867.0,351.80039999999997,10658028.824267998,13.63011525853865,10.992028434305363,0.0003628250649120935,37566.6308,Lower relative profit,Lower relative profit/ha
6735,Punjab,Bathinda,2023,Zaid,Sugarcane,2124.28,33.3,55.8,Laterite,Canal,251.44,45.74,1173.08,2.04,63799.35,42823.0,2393.0832,152677152.65592,36.50475670883486,17.894488582762186,0.0002804807350351091,130150.67400000001,Lower relative profit,Lower relative profit/ha
6741,Punjab,Bathinda,2023,Kharif,Maize,1851.13,21.2,50.4,Black,Rain-fed,183.79,33.74,365.7,6.43,49885.5,30361.0,2351.451,117303308.86050001,83.021602406344,12.911602240488957,0.0002588247534952833,320763.765,Lower relative profit,Moderate relative profit/ha
6749,Punjab,Bathinda,2023,Rabi,Millets,1869.98,32.1,36.3,Laterite,Tube Well,366.29,12.23,630.58,6.25,60059.04,34344.0,3941.1250000000005,236700184.02000004,54.464144121285166,8.714263059405626,0.0001450949442316365,375369.00000000006,Lower relative profit,Moderate relative profit/ha
6750,Punjab,Bathinda,2023,Rabi,Millets,1283.22,36.4,53.1,Sandy,Sprinkler,425.28,54.86,260.27,6.14,32253.49,22949.0,1598.0577999999998,51542941.271722,88.17381949513967,14.36055692103252,0.0004452404040937126,198036.4286,Lower relative profit,Higher relative profit/ha
6758,Maharashtra,Pune,2023,Rabi,Cotton,1194.4,29.5,39.8,Red,Rain-fed,207.54,49.08,1953.87,3.04,56136.25,58737.0,5939.7648,333436121.754,30.061877197561763,9.88877539393479,0.00017615667939940394,170654.2,Lower relative profit,Lower relative profit/ha
6761,Maharashtra,Pune,2023,Kharif,Sugarcane,1531.29,19.7,81.9,Alluvial,Canal,227.85,33.61,1288.42,3.78,57022.09,39311.0,4870.2276,277710556.527684,30.511013489390105,8.071696690314843,0.00014155385553764942,215543.50019999998,Lower relative profit,Lower relative profit/ha
6764,Maharashtra,Pune,2023,Rabi,Barley,659.13,26.8,46.3,Black,Drip,104.23,20.48,630.24,7.15,21688.45,51565.0,4506.216,97732840.4052,81.81803757298806,11.443082178040289,0.0005276118015828835,155072.4175,Lower relative profit,Moderate relative profit/ha
6772,Maharashtra,Nashik,2023,Rabi,Rice,1632.1,28.1,61.3,Black,Rain-fed,406.83,37.32,2809.98,1.51,64779.44,46555.0,4243.0698,274863685.524912,16.567733578174934,10.97200899216883,0.000169374866349089,97816.9544,Lower relative profit,Lower relative profit/ha
6773,Maharashtra,Nashik,2023,Kharif,Millets,1537.08,34.9,59.5,Sandy,Tube Well,345.4,35.3,397.94,5.38,51970.13,26099.0,2140.9172,111263745.20323598,65.58526411016736,12.19056953720583,0.00023456877127699759,279599.29939999996,Lower relative profit,Moderate relative profit/ha
6777,Maharashtra,Nashik,2023,Rabi,Cotton,419.24,18.7,73.3,Black,Sprinkler,378.34,20.35,929.15,5.7,26922.22,56241.99999999999,5296.155,142584250.0641,60.530592476995096,10.61940218894651,0.000394447493146795,153456.654,Lower relative profit,Moderate relative profit/ha
6783,Maharashtra,Nashik,2023,Rabi,Rice,1948.77,22.0,78.4,Black,Drip,149.83,25.86,392.47,5.35,55254.33,27043.0,2099.7145,116018317.888785,68.9046296532219,12.879370028639608,0.00023309250204716278,295610.6655,Lower relative profit,Moderate relative profit/ha
6785,Maharashtra,Nashik,2023,Zaid,Barley,1417.38,30.0,56.3,Sandy,Sprinkler,277.52,15.83,1061.63,2.53,27266.48,23960.0,2685.9239000000002,73235690.300872,22.569068319471,8.920580363427273,0.00032716288877138796,68984.1944,Lower relative profit,Lower relative profit/ha
6791,Maharashtra,Nagpur,2023,Zaid,Rice,1473.06,25.8,75.0,Red,Tube Well,322.47,17.09,1592.63,1.88,26033.31,38600.0,2994.1444,77947489.34996401,24.236640023106432,12.891829799524698,0.0004952051736611555,48942.622800000005,Lower relative profit,Lower relative profit/ha
6798,Maharashtra,Nagpur,2023,Kharif,Cotton,523.4,28.4,42.9,Laterite,Drip,275.09,41.52,291.96,1.47,26382.52,4308.0,429.1812,11322881.592624,14.755445951500207,10.037718334353881,0.00038046851985154876,38782.3044,Lower relative profit,Lower relative profit/ha
6807,Maharashtra,Aurangabad,2023,Zaid,Rice,572.52,30.0,64.5,Alluvial,Drip,194.75,52.02,1811.34,1.64,57903.07,34381.0,2970.5975999999996,172006720.77463198,18.980975410469597,11.57376549418878,0.00019988172465102075,94961.0348,Lower relative profit,Lower relative profit/ha
6809,Maharashtra,Aurangabad,2023,Kharif,Cotton,789.01,37.7,43.7,Alluvial,Canal,55.77,21.66,1545.15,2.68,40392.98,38422.0,4141.002,167267410.96596003,24.86619422062583,9.278430679337996,0.00022970403964594824,108253.1864,Lower relative profit,Lower relative profit/ha
6810,Maharashtra,Aurangabad,2023,Kharif,Millets,1929.79,30.0,67.2,Sandy,Tube Well,117.21,30.25,288.7,7.35,37342.37,32401.0,2121.9449999999997,79238455.30964999,112.23068929684794,15.269481536986117,0.00040890499282681086,274466.41949999996,Lower relative profit,Higher relative profit/ha
6813,Maharashtra,Aurangabad,2023,Kharif,Millets,488.88,37.7,74.1,Sandy,Canal,361.35,30.22,151.54,4.74,22872.58,12549.0,718.2995999999999,16429365.064968,82.8098191896529,17.47042598937825,0.0007638152752937469,108416.0292,Lower relative profit,Moderate relative profit/ha
6819,Maharashtra,Aurangabad,2023,Zaid,Wheat,774.2,34.0,65.5,Sandy,Tube Well,297.66,22.79,1622.58,3.1,41980.73,46541.0,5029.998,211162987.93854,28.683331484426038,9.252687575621303,0.00022040320822485225,130140.263,Lower relative profit,Lower relative profit/ha
6823,Maharashtra,Kolhapur,2023,Kharif,Rice,445.65,35.8,50.0,Black,Sprinkler,93.95,28.84,3769.46,1.27,44779.51,40843.0,4787.2142,214369106.14104202,10.835238999750628,8.531684251772147,0.00019052652098632046,56869.9777,Lower relative profit,Lower relative profit/ha
6826,Maharashtra,Kolhapur,2023,Kharif,Pulses,965.53,24.1,60.9,Sandy,Sprinkler,216.36,6.93,2521.74,1.59,28472.77,49800.0,4009.5665999999997,114163467.60148199,19.748269052321017,12.42029500145976,0.0004362166027913603,45271.7043,Lower relative profit,Lower relative profit/ha
6828,Maharashtra,Kolhapur,2023,Kharif,Sugarcane,596.68,20.7,88.8,Black,Tube Well,117.71,44.2,1063.07,2.53,13829.46,38462.0,2689.5670999999998,37195260.626765996,36.180119841590866,14.30044262513473,0.0010340564725690468,34988.5338,Lower relative profit,Lower relative profit/ha
6848,Karnataka,Bengaluru,2023,Kharif,Wheat,2041.82,35.7,46.6,Red,Tube Well,410.43,49.41,1911.06,1.91,42564.94,56879.99999999999,3650.1245999999996,155367334.591524,29.763586700574546,15.583029686164686,0.00036610012104245146,81299.03540000001,Lower relative profit,Lower relative profit/ha
6853,Karnataka,Bengaluru,2023,Kharif,Maize,2112.52,28.2,42.2,Alluvial,Rain-fed,64.84,48.19,1244.84,1.26,12305.02,26462.0,1568.4984,19300404.181968,21.257350342212654,16.870912970010043,0.0013710593700790444,15504.325200000001,Lower relative profit,Lower relative profit/ha
6857,Karnataka,Bengaluru,2023,Rabi,Cotton,875.94,20.3,79.0,Sandy,Sprinkler,134.02,25.66,2040.66,1.44,53380.73,24806.0,2938.5504,156861965.49379203,12.155871139729303,8.441577180367572,0.00015813903594738346,76868.25120000001,Lower relative profit,Lower relative profit/ha
6862,Karnataka,Mysuru,2023,Kharif,Barley,2040.97,21.4,40.2,Red,Canal,101.91,57.9,587.1,6.03,59319.57,60501.0,3540.213,210003912.86841002,103.05058763413388,17.089649690569466,0.00028809463201721566,357697.00710000005,Lower relative profit,Higher relative profit/ha
6869,Karnataka,Mysuru,2023,Rabi,Sugarcane,874.89,27.2,38.9,Sandy,Tube Well,92.34,45.08,2089.35,1.22,12319.77,45587.0,2549.0069999999996,31403179.968389995,21.818747457343193,17.88421922733049,0.0014516682719994357,15030.119399999998,Lower relative profit,Lower relative profit/ha
6870,Karnataka,Mysuru,2023,Zaid,Sugarcane,1268.62,25.8,44.7,Black,Drip,161.36,25.21,669.42,3.88,15400.45,46239.0,2597.3495999999996,40000352.647319995,69.07322757013534,17.802378239725606,0.0011559648088027043,59753.746,Lower relative profit,Moderate relative profit/ha
6871,Karnataka,Mysuru,2023,Zaid,Maize,1158.61,37.8,53.3,Red,Tube Well,290.82,34.75,693.78,5.83,50148.16,34522.0,4044.7374,202836138.293184,49.75928968837384,8.535041112928617,0.00017019649600162032,292363.77280000004,Lower relative profit,Moderate relative profit/ha
6876,Karnataka,Mysuru,2023,Zaid,Pulses,950.94,22.5,83.5,Alluvial,Sprinkler,411.13,52.98,456.34,6.18,13864.16,36030.0,2820.1811999999995,39099443.385791995,78.95428846912391,12.775774833191571,0.0009214964940675505,85680.5088,Lower relative profit,Moderate relative profit/ha
6880,Karnataka,Hubli,2023,Zaid,Millets,1669.2,19.4,59.1,Alluvial,Rain-fed,242.46,40.89,1240.86,2.27,22228.95,25631.0,2816.7522,62613443.81619,20.655835468948958,9.099486990726412,0.0004093529829670953,50459.7165,Lower relative profit,Lower relative profit/ha
6882,Karnataka,Hubli,2023,Kharif,Maize,1442.02,21.0,75.1,Alluvial,Sprinkler,347.89,11.96,1186.77,4.33,25675.94,58094.00000000001,5138.7141,131941314.90875399,48.95135535950522,11.305162900578573,0.00044030181175756653,111176.82019999999,Lower relative profit,Moderate relative profit/ha
6883,Karnataka,Hubli,2023,Kharif,Maize,1161.42,34.2,61.6,Laterite,Canal,287.67,51.29,2619.45,1.97,52275.35,52536.0,5160.3165,269757351.14827496,20.056118650861823,10.180770888762346,0.00019475280201399604,102982.4395,Lower relative profit,Lower relative profit/ha
6884,Karnataka,Hubli,2023,Zaid,Rice,1679.84,20.6,85.7,Alluvial,Rain-fed,338.76,46.83,2191.96,2.63,12422.92,54246.0,5764.8548,71616329.992016,24.747714374349897,9.40977732865015,0.0007574529441266748,32672.2796,Lower relative profit,Lower relative profit/ha
6894,Karnataka,Hubli,2023,Kharif,Maize,1334.04,31.5,78.4,Black,Rain-fed,256.75,29.49,897.19,4.32,26239.28,52054.99999999999,3875.8608000000004,101699796.77222401,58.02004034819825,13.43056489541626,0.0005118495970703565,113353.6896,Lower relative profit,Moderate relative profit/ha
6901,Karnataka,Belagavi,2023,Kharif,Pulses,1724.63,18.0,50.0,Sandy,Rain-fed,422.62,55.6,380.44,7.72,64244.16,36619.0,2936.9968,188684892.33868802,96.25433708337714,12.468178378675796,0.00019407489145590502,495964.91520000005,Lower relative profit,Higher relative profit/ha
6907,Karnataka,Belagavi,2023,Zaid,Pulses,925.92,27.8,48.8,Sandy,Canal,348.69,9.5,512.83,1.44,26156.77,7303.0,738.4752000000001,19316125.957104,14.240586549148839,9.889296214686693,0.00037807788250180334,37665.7488,Lower relative profit,Lower relative profit/ha
6908,Karnataka,Belagavi,2023,Rabi,Rice,1160.67,34.3,70.1,Black,Canal,191.94,32.36,610.81,4.08,62314.78,44836.0,2492.1047999999996,155294962.34894398,73.40416823562155,17.991217704809205,0.0002887150962389534,254244.3024,Lower relative profit,Moderate relative profit/ha
6909,Karnataka,Belagavi,2023,Zaid,Wheat,1518.8,37.0,81.3,Alluvial,Sprinkler,304.03,40.35,294.33,5.92,26157.25,31037.0,1742.4335999999998,45577271.283599995,105.44966534162336,17.81244346986881,0.0006809753880805058,154850.91999999998,Lower relative profit,Higher relative profit/ha
6915,Karnataka,Mangalore,2023,Rabi,Rice,1154.86,20.1,48.2,Black,Canal,160.17,46.29,1528.24,2.55,15906.73,54640.0,3897.0119999999997,61988717.690759994,35.75354656336701,14.02099865230079,0.0008814507225747083,40562.161499999995,Lower relative profit,Lower relative profit/ha
6916,Karnataka,Mangalore,2023,Kharif,Pulses,1973.09,18.0,66.4,Black,Rain-fed,68.43,57.85,628.44,6.63,20150.05,34978.0,4166.5572,83956335.90786,55.65845585895232,8.394940551878179,0.0004166213260948821,133594.83149999997,Lower relative profit,Moderate relative profit/ha
6926,Karnataka,Mangalore,2023,Zaid,Rice,491.2,21.2,57.1,Black,Canal,143.51,40.22,1118.78,5.71,33641.33,56392.99999999999,6388.2338,214908681.382954,50.40579917410035,8.827635582154178,0.00026240447634365754,192091.99430000002,Lower relative profit,Moderate relative profit/ha
6930,Karnataka,Mangalore,2023,Kharif,Millets,1179.5,24.9,48.5,Sandy,Sprinkler,56.27,38.0,3057.06,1.36,47741.46,39686.0,4157.6016,198489970.48233598,12.98175371108189,9.54540714050139,0.00019993957328706306,64928.385599999994,Lower relative profit,Lower relative profit/ha
6931,Tamil Nadu,Chennai,2023,Kharif,Rice,507.76,29.7,87.4,Red,Sprinkler,354.39,48.23,1385.86,3.13,62444.72,48464.0,4337.7418,270869072.133296,34.970343324722556,11.172633650071104,0.00017892038990760314,195451.97360000003,Lower relative profit,Lower relative profit/ha
6936,Tamil Nadu,Chennai,2023,Kharif,Sugarcane,2182.23,27.5,57.4,Alluvial,Sprinkler,340.27,9.84,2431.06,1.28,28151.86,27080.0,3111.7568,87601741.787648,11.139173858316948,8.702479576810115,0.00030912627360359546,36034.380800000006,Lower relative profit,Lower relative profit/ha
6938,Tamil Nadu,Chennai,2023,Kharif,Wheat,1296.64,25.8,64.5,Red,Canal,356.33,7.88,1011.23,1.92,16886.4,29433.0,1941.5616,32785985.802240003,29.10613806947974,15.159446911187366,0.0008977311274864603,32421.888000000003,Lower relative profit,Lower relative profit/ha
6940,Tamil Nadu,Chennai,2023,Zaid,Sugarcane,1068.98,36.1,51.9,Red,Sprinkler,157.47,23.7,691.68,2.21,52509.78,19834.0,1528.6127999999999,80267121.83318399,28.675109877399954,12.97516284045247,0.00024709992767923364,116046.61379999999,Lower relative profit,Lower relative profit/ha
6944,Tamil Nadu,Chennai,2023,Kharif,Millets,918.82,35.3,47.2,Laterite,Sprinkler,180.95,10.94,1200.58,3.08,43736.44,52785.0,3697.7864,161728013.016416,43.966249646004435,14.274756378572867,0.00032638130535024947,134708.23520000002,Lower relative profit,Moderate relative profit/ha
6948,Tamil Nadu,Chennai,2023,Kharif,Millets,2071.79,27.1,80.1,Alluvial,Drip,87.6,52.59,2261.42,1.53,37878.29,50513.0,3459.9726,131057845.53485401,22.336850297600623,14.599248560523282,0.00038542522802701183,57953.7837,Lower relative profit,Lower relative profit/ha
6949,Tamil Nadu,Coimbatore,2023,Zaid,Wheat,439.29,24.0,38.8,Red,Drip,391.72,49.84,4706.78,1.31,38830.09,59255.99999999999,6165.8818,239421745.22336197,12.589498553150985,9.610304239046553,0.0002474963163630719,50867.41789999999,Lower relative profit,Lower relative profit/ha
6955,Tamil Nadu,Coimbatore,2023,Kharif,Wheat,1053.84,22.2,44.9,Laterite,Canal,198.94,16.89,1273.35,1.74,23367.56,35634.0,2215.629,51773843.595240004,27.984450465308047,16.083017508797727,0.0006882625960433064,40659.55440000001,Lower relative profit,Lower relative profit/ha
6956,Tamil Nadu,Coimbatore,2023,Rabi,Millets,1598.83,30.9,60.4,Sandy,Canal,186.83,7.63,459.85,5.93,14652.69,32266.000000000004,2726.9105,39956574.214245,70.16635859519408,11.832438211668482,0.0008075266870225523,86890.45169999999,Lower relative profit,Moderate relative profit/ha
6957,Tamil Nadu,Coimbatore,2023,Rabi,Wheat,1759.45,21.7,63.2,Alluvial,Rain-fed,301.55,32.11,1035.31,2.87,62064.9,44810.0,2971.3397,184415901.34653,43.28172238266799,15.080739506156096,0.00024298338523313654,178126.263,Lower relative profit,Moderate relative profit/ha
6958,Tamil Nadu,Coimbatore,2023,Zaid,Millets,1492.67,32.8,39.9,Black,Drip,218.79,11.1,1212.21,3.91,40600.69,47303.0,4739.7411,192436759.08135903,39.022116629956855,9.980080979528607,0.0002458106248817103,158748.69790000003,Lower relative profit,Moderate relative profit/ha
6960,Tamil Nadu,Coimbatore,2023,Rabi,Millets,727.91,23.2,47.9,Laterite,Sprinkler,137.1,58.43,1122.5,2.84,45589.9,28747.000000000004,3187.8999999999996,145336042.20999998,25.609799554565704,9.017535054424545,0.0001977967719697684,129475.31599999998,Lower relative profit,Lower relative profit/ha
6961,Tamil Nadu,Coimbatore,2023,Rabi,Millets,1342.8,27.3,41.2,Black,Drip,146.25,24.26,239.93,6.15,47931.87,26514.0,1475.5695,70726805.449965,110.50723127578877,17.968655491998174,0.0003748790834156517,294781.00049999997,Lower relative profit,Higher relative profit/ha
6965,Tamil Nadu,Coimbatore,2023,Zaid,Rice,985.31,25.9,51.5,Sandy,Tube Well,279.86,45.68,1830.1,1.22,31357.19,37197.0,2232.7219999999998,70011887.97117999,20.325118845964703,16.65993348029894,0.0005312954853511727,38255.771799999995,Lower relative profit,Lower relative profit/ha
6980,Tamil Nadu,Madurai,2023,Zaid,Wheat,1181.7,36.8,64.0,Sandy,Drip,174.07,46.32,1381.77,2.1,24618.65,42348.0,2901.717,71436355.22205001,30.6476475824486,14.594117896404095,0.0005928073999347687,51699.16500000001,Lower relative profit,Lower relative profit/ha
6985,Tamil Nadu,Salem,2023,Rabi,Rice,1556.26,35.2,49.0,Laterite,Sprinkler,256.15,45.98,138.49,4.6,24945.7,8668.0,637.054,15891757.9678,62.589356632247814,13.606381876575613,0.00054543997067934,114750.22,Lower relative profit,Moderate relative profit/ha
6989,Tamil Nadu,Salem,2023,Rabi,Barley,1699.32,31.1,63.8,Black,Canal,166.12,37.01,276.22,2.72,51037.42,11137.0,751.3184000000001,38345352.734528005,40.319310694374046,14.823275990578692,0.0002904393676361127,138821.7824,Lower relative profit,Moderate relative profit/ha
6997,Tamil Nadu,Salem,2023,Rabi,Maize,1770.31,26.6,41.0,Sandy,Canal,394.93,34.39,145.39,2.92,57173.19,3891.0,424.5387999999999,24272237.474771995,26.762500859756518,9.165240020464562,0.00016030660560421,166945.7148,Lower relative profit,Lower relative profit/ha
6998,Tamil Nadu,Salem,2023,Rabi,Millets,423.28,30.6,42.9,Red,Sprinkler,348.74,35.33,499.11,5.36,26961.5,23351.0,2675.2296,72128202.8604,46.78527779447416,8.728596603446672,0.000323742989204854,144513.64,Lower relative profit,Moderate relative profit/ha
7004,Tamil Nadu,Tiruchirappalli,2023,Kharif,Rice,1524.58,23.9,78.9,Sandy,Sprinkler,185.77,23.56,2792.91,1.78,51523.03,60258.00000000001,4971.3798,256140550.57679397,21.575346144344074,12.120980979968582,0.0002352536522011338,91710.99339999999,Lower relative profit,Lower relative profit/ha
7007,Tamil Nadu,Tiruchirappalli,2023,Zaid,Millets,1448.39,36.3,56.2,Sandy,Canal,424.94,5.28,822.68,5.16,31482.78,39937.0,4245.0288,133645307.80406399,48.54499927067633,9.407945595092311,0.00029882829899685837,162451.1448,Lower relative profit,Moderate relative profit/ha
7008,Tamil Nadu,Tiruchirappalli,2023,Zaid,Wheat,628.53,33.6,49.0,Sandy,Rain-fed,207.66,20.92,817.37,7.24,62361.4,47800.0,5917.7588000000005,369039723.63032,58.48024762347529,8.077382268435814,0.00012952535171493606,451496.536,Lower relative profit,Moderate relative profit/ha
7010,Tamil Nadu,Tiruchirappalli,2023,Rabi,Pulses,1099.88,33.7,77.4,Red,Tube Well,255.76,44.79,953.6,1.98,20893.03,26159.0,1888.128,39448714.94784,27.431837248322147,13.854463256728359,0.0006631141225915226,41368.1994,Lower relative profit,Lower relative profit/ha
7016,Tamil Nadu,Tiruchirappalli,2023,Kharif,Wheat,822.5,22.1,76.3,Red,Tube Well,338.24,31.25,228.44,5.65,33970.04,12346.0,1290.6860000000001,43844655.04744001,54.044825774820524,9.565455889348764,0.00028158506405493675,191930.72600000002,Lower relative profit,Moderate relative profit/ha
7022,Rajasthan,Jaipur,2023,Rabi,Barley,1227.81,33.7,59.6,Alluvial,Drip,374.02,16.47,1189.91,2.77,50003.1,29459.0,3296.0507000000002,164812752.75717002,24.75733458833021,8.937665916364695,0.00017874223630864278,138508.587,Lower relative profit,Lower relative profit/ha
7030,Rajasthan,Jaipur,2023,Kharif,Millets,1457.34,22.0,47.9,Laterite,Sprinkler,144.55,25.73,2170.21,1.5,29967.03,54324.0,3255.315,97552122.26445,25.031678961943776,16.687785974629183,0.0005568715343038394,44950.545,Lower relative profit,Lower relative profit/ha
7031,Rajasthan,Jaipur,2023,Zaid,Maize,793.15,28.6,77.1,Sandy,Rain-fed,64.66,53.25,157.36,3.77,54023.18,5110.0,593.2472,32049100.270096,32.47330960854092,8.613609975740298,0.00015944285352584387,203667.38859999998,Lower relative profit,Lower relative profit/ha
7037,Rajasthan,Jaipur,2023,Kharif,Sugarcane,1698.73,20.4,64.1,Laterite,Tube Well,437.18,34.08,201.52,3.49,58110.97,7369.0,703.3048000000001,40869724.13365601,36.56709011512505,10.477676250752161,0.0001803046180566623,202807.28530000005,Lower relative profit,Lower relative profit/ha
7038,Rajasthan,Jaipur,2023,Rabi,Pulses,795.07,21.1,50.2,Laterite,Rain-fed,228.74,37.69,1303.39,1.8,51705.06,22101.0,2346.1020000000003,121305344.67612001,16.956551761176623,9.420306533987013,0.00018219312643650375,93069.10800000001,Lower relative profit,Lower relative profit/ha
7039,Rajasthan,Jodhpur,2023,Kharif,Cotton,1719.04,34.8,75.5,Alluvial,Canal,305.25,42.05,1015.67,1.75,39389.2,23440.0,1777.4225,70011250.337,23.078362066419214,13.187635466525265,0.00033480333356669504,68931.1,Lower relative profit,Lower relative profit/ha
7042,Rajasthan,Jodhpur,2023,Zaid,Maize,1766.89,31.8,48.6,Sandy,Tube Well,381.2,51.94,1215.29,2.38,60628.68,26266.000000000004,2892.3902,175361799.87093598,21.6129483497766,9.081070735200253,0.0001497817655802543,144296.2584,Lower relative profit,Lower relative profit/ha
7047,Rajasthan,Jodhpur,2023,Kharif,Cotton,593.31,37.2,37.0,Alluvial,Rain-fed,94.91,52.05,707.11,7.38,22367.72,58035.0,5218.4718,116725316.05029601,82.07351048634582,11.121071881618676,0.0004971929137890977,165073.77360000001,Lower relative profit,Moderate relative profit/ha
7049,Rajasthan,Jodhpur,2023,Zaid,Cotton,1605.01,18.4,65.8,Alluvial,Canal,277.8,35.6,905.19,2.24,51972.21,19164.0,2027.6256000000003,105380183.48457602,21.171245815795576,9.451449024908738,0.0001818558230429058,116417.7504,Lower relative profit,Lower relative profit/ha
7051,Rajasthan,Jodhpur,2023,Kharif,Cotton,700.1,33.5,70.5,Sandy,Sprinkler,119.98,10.57,2246.38,2.98,52647.8,56479.0,6694.2124,352435555.59272003,25.142228830384884,8.436989540397612,0.0001602534111662332,156890.44400000002,Lower relative profit,Lower relative profit/ha
7052,Rajasthan,Jodhpur,2023,Kharif,Cotton,858.15,21.3,88.2,Black,Tube Well,295.62,5.93,1683.41,3.33,53055.4,48632.0,5605.755300000001,297415589.74362004,28.888981293921265,8.675369757934313,0.00016351530207922875,176674.48200000002,Lower relative profit,Lower relative profit/ha
7055,Rajasthan,Jodhpur,2023,Rabi,Sugarcane,752.95,25.6,42.9,Black,Sprinkler,50.54,22.53,1436.65,1.84,39285.99,30646.0,2643.436,103850000.26164,21.331569971809415,11.593244549896422,0.00029509869930467383,72286.22159999999,Lower relative profit,Lower relative profit/ha
7059,Rajasthan,Udaipur,2023,Kharif,Pulses,1780.31,33.6,39.0,Black,Canal,372.76,29.11,1459.99,2.6,45944.78,40124.0,3795.974,174405190.31572,27.48238001630148,10.570146160115954,0.00023006196046897938,119456.428,Lower relative profit,Lower relative profit/ha
7060,Rajasthan,Udaipur,2023,Zaid,Cotton,500.12,29.6,74.5,Alluvial,Sprinkler,367.97,43.79,848.57,3.13,57537.56,23992.0,2656.0241,152821146.015196,28.273448271798436,9.033050566069788,0.00015699398038550452,180092.56279999999,Lower relative profit,Lower relative profit/ha
7071,Rajasthan,Udaipur,2023,Rabi,Wheat,417.58,35.3,89.6,Black,Drip,123.87,58.74,874.88,3.57,56546.1,49401.0,3123.3215999999998,176611655.52576,56.46602962692026,15.816815021546294,0.0002797154007357942,201869.577,Lower relative profit,Moderate relative profit/ha
7075,Rajasthan,Kota,2023,Zaid,Rice,1547.53,34.1,44.8,Laterite,Sprinkler,259.36,24.6,1694.34,2.5,35691.82,52050.0,4235.849999999999,151185195.74699998,30.719926343000814,12.287970537200327,0.000344279740769743,89229.54999999999,Lower relative profit,Lower relative profit/ha
7077,Rajasthan,Kota,2023,Rabi,Pulses,1400.39,31.3,73.6,Laterite,Sprinkler,292.53,12.96,388.4,5.26,62643.19,24257.0,2042.9839999999997,127979034.87895998,62.45365602471679,11.873318635877718,0.00018953885707093966,329503.17939999996,Lower relative profit,Moderate relative profit/ha
7082,Rajasthan,Kota,2023,Rabi,Cotton,2074.76,35.5,71.5,Sandy,Canal,360.04,42.41,322.7,4.68,15428.65,16618.0,1510.2359999999999,23300902.661399998,51.49674620390456,11.003578248697556,0.0007131912544971566,72206.082,Lower relative profit,Moderate relative profit/ha
7083,Rajasthan,Kota,2023,Rabi,Cotton,1152.18,27.1,39.3,Sandy,Tube Well,270.84,49.26,826.54,6.36,40324.09,52817.99999999999,5256.7944,211975450.49709597,63.90253345270646,10.047568152941267,0.00024917036324790636,256461.2124,Lower relative profit,Moderate relative profit/ha
7084,Rajasthan,Kota,2023,Zaid,Wheat,748.86,25.6,41.0,Red,Canal,217.87,37.9,2555.33,1.23,54917.71,45424.0,3143.0559,172609432.42998898,17.77617763654792,14.452176940282863,0.00026316058954903374,67548.7833,Lower relative profit,Lower relative profit/ha
7088,Rajasthan,Kota,2023,Rabi,Maize,530.82,21.4,50.9,Black,Sprinkler,239.08,21.86,1278.62,2.02,13494.4,26627.0,2582.8124,34853503.65056,20.82479548262971,10.309304694371145,0.0007639691052859812,27258.688000000002,Lower relative profit,Lower relative profit/ha
7092,Rajasthan,Kota,2023,Zaid,Cotton,512.68,33.5,84.1,Alluvial,Rain-fed,121.87,34.42,1282.32,3.45,48119.1,58950.0,4424.004,212879090.8764,45.97136440202134,13.325033160006186,0.00027691775531974176,166010.895,Lower relative profit,Moderate relative profit/ha
7093,Rajasthan,Ajmer,2023,Rabi,Wheat,546.62,34.5,35.7,Sandy,Rain-fed,246.52,20.4,3019.07,1.27,55577.7,55109.0,3834.2189000000003,213097067.75853,18.253634397347525,14.372940470352383,0.00025860984658149553,70583.67899999999,Lower relative profit,Lower relative profit/ha
7096,Rajasthan,Ajmer,2023,Kharif,Barley,1821.77,22.6,77.7,Red,Canal,356.08,34.02,516.82,3.34,38716.52,29885.000000000004,1726.1788000000001,66831636.033776,57.82477458302697,17.31280676138532,0.00044716846352371866,129313.17679999999,Lower relative profit,Moderate relative profit/ha
7103,Rajasthan,Ajmer,2023,Rabi,Pulses,1593.54,32.2,55.9,Sandy,Rain-fed,401.59,24.79,436.12,7.21,42674.9,39495.0,3144.4252,134188030.96748,90.55993763184445,12.560324220782864,0.00029432580324225397,307686.029,Lower relative profit,Higher relative profit/ha
7106,Rajasthan,Ajmer,2023,Kharif,Maize,837.95,23.2,66.1,Red,Rain-fed,245.18,37.39,1864.88,2.12,33342.18,59823.0,3953.5456000000004,131819829.03340802,32.07873965080863,15.13148096736256,0.00045382398413548725,70685.4216,Lower relative profit,Lower relative profit/ha
7110,Rajasthan,Ajmer,2023,Rabi,Rice,866.24,32.7,57.9,Red,Rain-fed,211.21,20.22,1596.39,3.27,15781.37,50625.0,5220.1953,82381833.50156102,31.7121755961889,9.697913026357462,0.0006145165487126568,51605.079900000004,Lower relative profit,Lower relative profit/ha
7120,West Bengal,Kolkata,2023,Zaid,Rice,1809.21,22.9,37.2,Alluvial,Sprinkler,166.02,38.76,972.91,4.71,62838.55,39376.0,4582.4061,287951754.835155,40.472397241265895,8.592865656319722,0.0001367451294837281,295969.57050000003,Lower relative profit,Moderate relative profit/ha
7124,West Bengal,Kolkata,2023,Zaid,Maize,880.92,33.2,48.1,Sandy,Tube Well,280.27,53.73,752.61,6.7,25771.76,49716.0,5042.487,129953764.76711999,66.0581177502292,9.859420559735701,0.0003825668312810496,172670.792,Lower relative profit,Moderate relative profit/ha
7125,West Bengal,Kolkata,2023,Zaid,Maize,1993.67,26.4,38.8,Laterite,Drip,328.98,11.52,1571.96,2.37,63358.05,59547.0,3725.5452000000005,236043279.05886003,37.8807348787501,15.983432438291178,0.0002522715335824126,150158.57850000003,Lower relative profit,Moderate relative profit/ha
7127,West Bengal,Kolkata,2023,Kharif,Cotton,1621.59,23.1,82.1,Black,Canal,63.45,26.91,743.18,4.11,25326.59,43642.0,3054.4698,77359304.291982,58.72332409375925,14.287913404807604,0.0005641467487256518,104092.2849,Lower relative profit,Moderate relative profit/ha
7135,West Bengal,Howrah,2023,Rabi,Pulses,697.01,32.6,63.9,Black,Sprinkler,336.68,31.28,568.35,6.14,56024.81,35853.0,3489.669,195508042.68789,63.08260754816574,10.274040317290838,0.00018338376011075875,343992.3334,Lower relative profit,Moderate relative profit/ha
7144,West Bengal,Howrah,2023,Rabi,Millets,487.93,35.0,70.1,Laterite,Canal,368.0,16.46,844.9,2.74,52060.59,32020.0,2315.0260000000003,120521619.42534001,37.89797609184519,13.83137813570992,0.000265678474556472,142646.01660000003,Lower relative profit,Moderate relative profit/ha
7145,West Bengal,Howrah,2023,Zaid,Cotton,1592.87,32.9,83.2,Laterite,Rain-fed,304.52,21.84,254.34,1.55,42513.06,5859.0,394.22700000000003,16759796.10462,23.03609341825902,14.861995753715497,0.0003495865918312043,65895.243,Lower relative profit,Lower relative profit/ha
7146,West Bengal,Howrah,2023,Rabi,Millets,1428.51,37.7,71.5,Black,Rain-fed,435.96,29.99,1038.99,1.34,52637.21,21579.0,1392.2466000000002,73283976.65598601,20.769208558311437,15.499409371874204,0.0002944572740818559,70533.86140000001,Lower relative profit,Lower relative profit/ha
7159,West Bengal,Darjeeling,2023,Zaid,Sugarcane,451.35,28.4,86.6,Alluvial,Drip,139.47,54.06,2814.42,1.47,61884.25,53179.0,4137.1974,256027358.20095,18.895189772670744,12.853870593653568,0.00020770827138817338,90969.8475,Lower relative profit,Lower relative profit/ha
7160,West Bengal,Darjeeling,2023,Kharif,Wheat,763.98,26.9,72.1,Sandy,Canal,439.5,49.14,1293.21,1.85,20639.75,40242.0,2392.4385,49379332.530375004,31.11791588373118,16.820495072287123,0.0008149563377602501,38183.5375,Lower relative profit,Lower relative profit/ha
7161,West Bengal,Darjeeling,2023,Zaid,Wheat,1408.35,28.1,78.3,Laterite,Tube Well,416.01,8.37,1605.88,3.47,45519.39,46778.0,5572.403600000001,253652412.70580402,29.129200189304306,8.394582187119395,0.00018441772148351275,157952.2833,Lower relative profit,Lower relative profit/ha
7175,West Bengal,Siliguri,2023,Zaid,Rice,1555.41,36.1,61.2,Red,Drip,174.71,44.52,1247.55,4.68,44232.51,58124.0,5838.534,258253013.54034,46.5905174141317,9.955238763703354,0.00022506610553421803,207008.14680000002,Lower relative profit,Moderate relative profit/ha
7185,West Bengal,Malda,2023,Zaid,Millets,1352.44,28.2,57.3,Laterite,Tube Well,50.79,19.4,233.94,3.32,43498.68,10102.0,776.6808,33784589.581344,43.18201248183295,13.006630265612335,0.0002990120680814299,144415.6176,Lower relative profit,Moderate relative profit/ha
7187,West Bengal,Malda,2023,Zaid,Millets,1786.86,18.8,42.3,Alluvial,Drip,394.68,41.21,1951.63,1.27,34014.13,20680.0,2478.5701000000004,84306405.595513,10.596270809528445,8.343520322463341,0.0002452957145299128,43197.9451,Lower relative profit,Lower relative profit/ha
7189,West Bengal,Malda,2023,Zaid,Barley,1210.27,21.7,69.2,Black,Tube Well,223.53,11.55,932.54,1.95,44519.73,14897.999999999998,1818.453,80957036.57769,15.975722221030733,8.192678062067042,0.00018402353433111658,86813.47350000001,Lower relative profit,Lower relative profit/ha
7197,West Bengal,Malda,2023,Rabi,Wheat,574.06,33.0,39.4,Sandy,Sprinkler,83.6,56.11,1346.34,4.55,62642.63,57354.99999999999,6125.847,383739167.05761,42.600680363058366,9.36278689297986,0.00014946350261762413,285023.9665,Lower relative profit,Moderate relative profit/ha
7199,West Bengal,Malda,2023,Zaid,Millets,849.06,22.0,76.7,Sandy,Rain-fed,414.09,50.53,587.07,7.52,43436.74,52739.0,4414.7664,191763060.277536,89.83426167237296,11.946045435155979,0.0002750216852175366,326644.28479999996,Lower relative profit,Higher relative profit/ha
7201,Uttarakhand,Dehradun,2024,Rabi,Maize,1677.04,32.2,59.0,Red,Canal,148.54,50.94,3448.42,1.66,52675.33,60029.99999999999,5724.3772,301533458.054476,17.407972346755905,10.486730329371026,0.00019908238504383409,87441.0478,Lower relative profit,Lower relative profit/ha
7202,Uttarakhand,Dehradun,2024,Zaid,Sugarcane,440.77,27.5,77.1,Alluvial,Sprinkler,374.62,17.51,1359.48,2.86,27047.17,46477.0,3888.1128,105162447.88077599,34.18733633448083,11.953614102965325,0.00044195433766140143,77354.90619999998,Lower relative profit,Lower relative profit/ha
7204,Uttarakhand,Dehradun,2024,Kharif,Wheat,1911.83,27.7,82.8,Sandy,Rain-fed,419.68,31.47,1315.24,2.44,63134.3,27474.0,3209.1856,202609686.42608,20.888963231045285,8.561050504526756,0.0001356006244549596,154047.69199999998,Lower relative profit,Lower relative profit/ha
7206,Uttarakhand,Dehradun,2024,Kharif,Cotton,1865.98,21.8,65.8,Alluvial,Rain-fed,108.9,8.7,498.59,2.78,16033.4,11125.0,1386.0801999999999,22223578.278679997,22.312922441284424,8.026231093987203,0.000500594452454701,44572.852,Lower relative profit,Lower relative profit/ha
7208,Uttarakhand,Dehradun,2024,Kharif,Millets,1091.7,30.1,52.6,Alluvial,Sprinkler,70.45,18.49,416.37,5.04,12969.45,30162.0,2098.5048,27216453.078360002,72.44037754881475,14.373090783494991,0.0011082267007078163,65366.028000000006,Lower relative profit,Moderate relative profit/ha
7210,Uttarakhand,Dehradun,2024,Kharif,Rice,978.04,31.4,78.9,Sandy,Tube Well,72.69,57.55,1602.04,3.35,18829.6,57067.99999999999,5366.834,101055337.4864,35.6220818456468,10.633457267357253,0.0005647202950332059,63079.159999999996,Lower relative profit,Lower relative profit/ha
7212,Uttarakhand,Dehradun,2024,Zaid,Millets,2007.36,33.2,65.5,Sandy,Canal,439.26,15.99,3344.78,1.7,26489.98,58091.0,5686.126,150625364.01748002,17.36765945742321,10.216270269072476,0.0003856654579985517,45032.966,Lower relative profit,Lower relative profit/ha
7215,Uttarakhand,Dehradun,2024,Rabi,Maize,1757.36,33.4,80.4,Red,Tube Well,110.3,57.97,1013.65,1.66,14025.8,24909.0,1682.6589999999999,23600638.602199998,24.57357075913777,14.803355878998657,0.0010554375421721867,23282.827999999998,Lower relative profit,Lower relative profit/ha
7218,Uttarakhand,Dehradun,2024,Kharif,Maize,1501.56,32.5,46.5,Red,Rain-fed,126.7,48.96,1106.35,2.04,27250.18,21572.0,2256.9539999999997,61502402.75172,19.498350431599405,9.55801491745069,0.0003507505241231687,55590.3672,Lower relative profit,Lower relative profit/ha
7219,Uttarakhand,Haridwar,2024,Zaid,Cotton,1646.06,21.7,35.6,Laterite,Sprinkler,325.51,18.4,2629.9,1.93,40990.85,48508.0,5075.707,208057544.28095,18.44480778736834,9.55689522661572,0.00023314703712208263,79112.3405,Lower relative profit,Lower relative profit/ha
7221,Uttarakhand,Haridwar,2024,Rabi,Wheat,1303.02,36.9,37.5,Red,Rain-fed,402.45,49.83,482.92,6.35,26365.53,45314.0,3066.542,80851005.09726,93.83334713824236,14.77690506114053,0.0005604630387153426,167421.11549999999,Lower relative profit,Higher relative profit/ha
7225,Uttarakhand,Haridwar,2024,Rabi,Pulses,2045.1,26.4,52.4,Black,Rain-fed,269.25,15.26,2618.19,1.9,14780.67,55573.0,4974.561,73527344.53587,21.225732280697734,11.171438042472492,0.0007558140491921199,28083.273,Lower relative profit,Lower relative profit/ha
7226,Uttarakhand,Haridwar,2024,Rabi,Wheat,1171.24,29.0,45.7,Black,Tube Well,204.61,7.84,2104.99,2.11,51463.31,52507.00000000001,4441.528899999999,228575778.65465894,24.94406149197859,11.821830090985115,0.00022971375317648856,108587.58409999998,Lower relative profit,Lower relative profit/ha
7230,Uttarakhand,Haridwar,2024,Kharif,Pulses,583.81,29.6,56.6,Red,Drip,175.8,32.14,498.88,3.15,52461.92,26567.0,1571.472,82442438.34624,53.253287363694675,16.905805512284026,0.0003222490810912758,165255.048,Lower relative profit,Moderate relative profit/ha
7234,Uttarakhand,Haridwar,2024,Zaid,Cotton,2011.88,28.2,35.6,Red,Tube Well,67.45,19.47,845.02,2.82,27206.01,27803.0,2382.9564,64830735.647964,32.9021798300632,11.667439656050778,0.00042885522926922314,76720.9482,Lower relative profit,Lower relative profit/ha
7240,Uttarakhand,Nainital,2024,Kharif,Barley,1273.52,26.4,38.0,Alluvial,Tube Well,346.71,53.48,682.37,3.05,13471.93,21997.0,2081.2284999999997,28038164.666004997,32.236176854199336,10.569238312852242,0.0007845377991759342,41089.38649999999,Lower relative profit,Lower relative profit/ha
7246,Uttarakhand,Nainital,2024,Rabi,Pulses,652.01,24.7,86.8,Red,Tube Well,207.24,25.39,352.99,2.67,26514.57,16959.0,942.4833,24989539.431681,48.04385393353919,17.993952784097075,0.0006786439600603395,70793.9019,Lower relative profit,Moderate relative profit/ha
7249,Uttarakhand,Nainital,2024,Kharif,Cotton,1595.61,28.3,43.6,Black,Rain-fed,342.19,43.27,1007.69,3.17,57584.23,26756.0,3194.3773,183945757.14997903,26.55181653087755,8.375967359898281,0.0001454559236078746,182542.00910000002,Lower relative profit,Lower relative profit/ha
7269,Uttarakhand,Almora,2024,Zaid,Cotton,711.39,31.1,85.8,Black,Drip,177.72,16.93,262.96,7.17,18844.81,31855.0,1885.4231999999997,35530441.973592,121.14009735320963,16.895411067393255,0.0008965551293641725,135117.28770000002,Lower relative profit,Higher relative profit/ha
7271,Uttarakhand,Almora,2024,Kharif,Wheat,852.9,20.2,43.4,Black,Tube Well,341.44,45.51,277.88,3.06,41625.01,13859.0,850.3128,35394278.803128004,49.874046350942855,16.298707957824462,0.00039156045747074797,127372.53060000001,Lower relative profit,Moderate relative profit/ha
7272,Uttarakhand,Almora,2024,Zaid,Rice,2052.0,32.7,78.1,Black,Rain-fed,60.06,15.68,733.61,1.72,62124.59,19972.0,1261.8092,78389379.20822799,27.224274478265016,15.828066557130825,0.0002547794127435018,106854.29479999999,Lower relative profit,Lower relative profit/ha
7277,Uttarakhand,Pauri,2024,Rabi,Rice,1531.55,30.4,76.5,Alluvial,Canal,282.57,5.15,1834.41,1.5,39506.9,47551.0,2751.6150000000002,108707778.64350002,25.921685991681247,17.281123994454166,0.00043742039984038644,59260.350000000006,Lower relative profit,Lower relative profit/ha
7282,Uttarakhand,Pauri,2024,Zaid,Pulses,1179.91,18.6,47.1,Red,Canal,262.66,49.55,183.91,5.93,58939.2,18428.0,1090.5863,64278284.05295999,100.20118536240552,16.897333113390477,0.00028669091391451664,349509.45599999995,Lower relative profit,Higher relative profit/ha
7287,Uttarakhand,Pauri,2024,Kharif,Millets,679.42,36.4,82.1,Red,Rain-fed,385.06,25.49,1691.69,1.89,19288.51,53089.0,3197.2941,61671039.220791,31.382227240215403,16.604353037151007,0.0008608416636200002,36455.283899999995,Lower relative profit,Lower relative profit/ha
7292,Uttar Pradesh,Lucknow,2024,Rabi,Wheat,1252.69,23.7,80.7,Laterite,Drip,214.29,56.63,636.9,1.64,13243.17,10831.0,1044.5159999999998,13832702.955719998,17.00580938922908,10.369395969042122,0.0007829995362924528,21718.798799999997,Lower relative profit,Lower relative profit/ha
7293,Uttar Pradesh,Lucknow,2024,Zaid,Maize,554.5,36.1,35.7,Laterite,Tube Well,209.88,30.89,753.04,1.38,45464.25,14471.0,1039.1951999999999,47246230.371599995,19.216774673324128,13.925199038640672,0.00030628898615155147,62740.66499999999,Lower relative profit,Lower relative profit/ha
7294,Uttar Pradesh,Lucknow,2024,Kharif,Wheat,1619.09,32.0,85.2,Red,Canal,347.19,45.69,1260.35,2.83,51669.08,45194.0,3566.7904999999996,184292783.68774,35.858293331217524,12.670775028698772,0.00024522935242312754,146223.4964,Lower relative profit,Lower relative profit/ha
7296,Uttar Pradesh,Lucknow,2024,Rabi,Barley,1383.82,32.0,62.9,Black,Drip,239.58,11.66,1907.8,2.77,58378.38,44256.0,5284.606,308506737.21827996,23.197400146765908,8.374512688363144,0.0001434522966955086,161708.1126,Lower relative profit,Lower relative profit/ha
7298,Uttar Pradesh,Lucknow,2024,Zaid,Rice,1142.93,29.0,89.5,Black,Drip,239.74,12.2,4844.8,1.31,60418.51,51444.00000000001,6346.688,383457432.39488,10.618394980184942,8.10564502304194,0.00013415830716517074,79148.2481,Lower relative profit,Lower relative profit/ha
7299,Uttar Pradesh,Lucknow,2024,Zaid,Sugarcane,554.32,19.3,35.3,Red,Tube Well,125.11,52.01,1534.55,2.32,55315.13,53817.99999999999,3560.1559999999995,196930491.96027997,35.07086768107914,15.116753310809976,0.00027328424087243354,128331.10159999998,Lower relative profit,Lower relative profit/ha
7300,Uttar Pradesh,Lucknow,2024,Kharif,Cotton,2081.82,31.1,87.7,Alluvial,Tube Well,168.52,43.54,459.84,6.3,54692.72,46282.0,2896.9919999999997,158444372.29823998,100.64805149617258,15.975881189868666,0.0002921025172978902,344564.13599999994,Lower relative profit,Higher relative profit/ha
7304,Uttar Pradesh,Lucknow,2024,Kharif,Pulses,1390.8,23.4,51.3,Sandy,Tube Well,347.37,33.12,1209.73,2.66,48919.21,50909.0,3217.8818,157416235.529378,42.082944128028565,15.820655687228784,0.00032340374440283857,130125.0986,Lower relative profit,Moderate relative profit/ha
7306,Uttar Pradesh,Lucknow,2024,Kharif,Sugarcane,2101.15,25.1,88.3,Red,Sprinkler,308.93,43.18,727.58,2.34,64496.8,22479.0,1702.5372,109808201.28096001,30.89557162099013,13.203235735465869,0.00020471148546076498,150922.51200000002,Lower relative profit,Lower relative profit/ha
7308,Uttar Pradesh,Lucknow,2024,Zaid,Rice,645.42,25.0,79.3,Red,Sprinkler,279.34,49.13,149.28,2.57,17161.84,6519.0,383.64959999999996,6584133.051263999,43.66961414790997,16.992067761832676,0.0009901075736536802,44105.928799999994,Lower relative profit,Moderate relative profit/ha
7314,Uttar Pradesh,Kanpur,2024,Kharif,Millets,1571.92,23.8,50.4,Alluvial,Canal,99.05,18.22,516.83,7.33,36401.71,51669.00000000001,3788.3639000000003,137902924.062269,99.97291178917634,13.638869275467439,0.00037467660929850385,266824.5343,Lower relative profit,Higher relative profit/ha
7321,Uttar Pradesh,Kanpur,2024,Rabi,Barley,620.59,31.2,63.7,Laterite,Canal,93.22,39.45,450.42,7.33,28186.08,41232.0,3301.5786000000003,93058558.545888,91.54122818702544,12.488571376128982,0.0004430758507791428,206603.9664,Lower relative profit,Higher relative profit/ha
7323,Uttar Pradesh,Kanpur,2024,Zaid,Millets,791.7,29.1,71.3,Alluvial,Canal,212.18,42.98,691.46,2.1,44034.17,17283.0,1452.066,63940521.09522,24.994938246608623,11.902351546004107,0.0002702980786512862,92471.757,Lower relative profit,Lower relative profit/ha
7325,Uttar Pradesh,Kanpur,2024,Rabi,Sugarcane,1356.39,28.3,55.9,Laterite,Rain-fed,115.69,18.04,726.18,1.3,51890.33,11857.0,944.034,48986235.79122,16.32790768129114,12.55992898560857,0.0002420475835402968,67457.429,Lower relative profit,Lower relative profit/ha
7330,Uttar Pradesh,Varanasi,2024,Zaid,Pulses,752.88,31.0,37.7,Alluvial,Drip,352.43,13.76,283.46,6.11,20932.5,17317.0,1731.9406,36253846.6095,61.09151202991604,9.998610806860237,0.00047765965875362404,127897.575,Lower relative profit,Moderate relative profit/ha
7332,Uttar Pradesh,Varanasi,2024,Rabi,Pulses,886.06,19.8,55.5,Alluvial,Canal,106.3,11.92,892.47,5.41,39073.86,39472.0,4828.2627,188658860.78302202,44.22781718152991,8.17519726091126,0.00020922420413317902,211389.58260000002,Lower relative profit,Moderate relative profit/ha
7334,Uttar Pradesh,Varanasi,2024,Kharif,Rice,1457.04,32.9,77.4,Black,Sprinkler,96.64,30.09,132.22,8.16,61374.13,16691.0,1078.9152,66217481.74377599,126.23657540462865,15.470168554488806,0.0002520633458183245,500812.90079999994,Lower relative profit,Higher relative profit/ha
7337,Uttar Pradesh,Varanasi,2024,Kharif,Rice,1432.12,18.9,63.2,Sandy,Tube Well,303.9,22.16,435.88,2.21,19839.97,16244.0,963.2948,19111739.933156002,37.267137744333304,16.862958255354435,0.0008499487779142021,43846.3337,Lower relative profit,Moderate relative profit/ha
7346,Uttar Pradesh,Agra,2024,Rabi,Cotton,1831.86,22.6,45.5,Alluvial,Rain-fed,133.16,19.99,708.54,5.77,21429.0,58745.00000000001,4088.2757999999994,87607662.11819999,82.90992745645978,14.369138207358715,0.0006705463720826317,123645.32999999999,Lower relative profit,Moderate relative profit/ha
7355,Uttar Pradesh,Agra,2024,Zaid,Millets,1385.79,30.7,86.2,Black,Rain-fed,103.4,46.81,138.11,2.77,19309.43,3701.0,382.5647,7387106.295121,26.797480269350515,9.674180602653616,0.0005010080878955834,53487.1211,Lower relative profit,Lower relative profit/ha
7364,Uttar Pradesh,Meerut,2024,Zaid,Cotton,476.76,32.0,40.9,Sandy,Rain-fed,330.57,23.03,941.49,4.46,58267.95,58679.99999999999,4199.0454,244669767.41493,62.32673740560175,13.974604799462275,0.00023983347276611372,259875.05699999997,Lower relative profit,Moderate relative profit/ha
7366,Uttar Pradesh,Meerut,2024,Kharif,Barley,610.61,23.6,55.9,Red,Drip,370.87,21.17,105.7,8.44,38543.49,11715.0,892.108,34384955.77692,110.8325449385052,13.131818120675973,0.0003407013251959273,325307.05559999996,Lower relative profit,Higher relative profit/ha
7367,Uttar Pradesh,Meerut,2024,Rabi,Cotton,618.88,31.6,50.5,Black,Drip,125.11,35.4,104.16,4.58,37418.61,4545.0,477.0528,17850652.672608,43.634792626728114,9.527247298412252,0.0002546125390123324,171377.2338,Lower relative profit,Moderate relative profit/ha
7369,Uttar Pradesh,Meerut,2024,Rabi,Sugarcane,796.16,34.2,73.7,Sandy,Drip,296.07,8.26,1127.09,2.35,26736.53,25575.0,2648.6614999999997,70816017.65459499,22.691178166783487,9.655820496503612,0.00036114710833842734,62830.845499999996,Lower relative profit,Lower relative profit/ha
7376,Uttar Pradesh,Meerut,2024,Kharif,Millets,1769.84,29.4,64.4,Red,Canal,214.79,23.11,692.87,4.74,41184.47,38342.0,3284.2038000000002,135258192.87498602,55.3379421825162,11.674671346522404,0.0002834726620622386,195214.38780000003,Lower relative profit,Moderate relative profit/ha
7377,Uttar Pradesh,Meerut,2024,Zaid,Wheat,1983.38,30.3,59.3,Alluvial,Tube Well,84.34,39.98,1921.14,1.41,40682.67,43287.0,2708.8074,110201517.547758,22.53193416409007,15.98009515183693,0.00039279858356978367,57362.564699999995,Lower relative profit,Lower relative profit/ha
7382,Punjab,Ludhiana,2024,Zaid,Cotton,1711.62,21.1,69.3,Laterite,Canal,239.86,49.06,850.49,4.41,30137.24,49855.0,3750.6609000000003,113034567.70191601,58.61914896118708,13.292324027480063,0.0004410597661723523,132905.22840000002,Lower relative profit,Moderate relative profit/ha
7402,Punjab,Amritsar,2024,Kharif,Wheat,523.01,26.7,52.8,Alluvial,Drip,439.68,45.9,1129.12,2.24,60352.86,39391.0,2529.2288,152646191.674368,34.88646025223183,15.574312612603494,0.0002580542597749882,135190.4064,Lower relative profit,Lower relative profit/ha
7405,Punjab,Amritsar,2024,Rabi,Pulses,629.99,29.4,57.2,Black,Rain-fed,172.66,35.63,1327.19,1.33,50129.1,20742.0,1765.1627,88486017.50457,15.628508352232913,11.750758159573618,0.00023440991678633005,66671.70300000001,Lower relative profit,Lower relative profit/ha
7412,Punjab,Amritsar,2024,Zaid,Cotton,1447.49,31.9,44.7,Laterite,Tube Well,300.3,59.55,146.41,6.66,20363.57,11502.0,975.0906,19856325.689442,78.56020763609044,11.795826972385951,0.0005792612480221272,135621.3762,Lower relative profit,Moderate relative profit/ha
7414,Punjab,Amritsar,2024,Zaid,Cotton,807.44,21.2,82.3,Laterite,Sprinkler,354.81,54.73,480.18,7.76,22997.56,56879.99999999999,3726.1968,85693434.479808,118.4555791578158,15.264894221368015,0.0006637614695371168,178461.0656,Lower relative profit,Higher relative profit/ha
7415,Punjab,Amritsar,2024,Zaid,Rice,912.53,35.7,41.2,Black,Tube Well,269.34,14.89,281.57,6.28,26916.97,14365.0,1768.2596,47596190.60541201,51.01750896757467,8.123807160441826,0.0003018098679175935,169038.57160000002,Lower relative profit,Moderate relative profit/ha
7417,Punjab,Patiala,2024,Zaid,Cotton,1054.59,21.6,55.6,Sandy,Sprinkler,109.64,22.22,2012.76,1.61,37951.9,31703.0,3240.5436,122984786.65284,15.751008565353048,9.783235133759657,0.00025777985117371346,61102.559,Lower relative profit,Lower relative profit/ha
7422,Punjab,Patiala,2024,Zaid,Sugarcane,1280.68,26.8,36.8,Red,Drip,151.87,22.6,149.06,1.85,21373.58,4339.0,275.761,5893999.794380001,29.109083590500468,15.734639778648901,0.0007361724043725432,39541.12300000001,Lower relative profit,Lower relative profit/ha
7424,Punjab,Patiala,2024,Rabi,Pulses,557.35,24.8,61.9,Alluvial,Canal,277.66,22.88,322.29,4.27,13732.55,14334.0,1376.1783,18898437.313665,44.47547240063297,10.415801498977276,0.0007584754105375387,58637.98849999999,Lower relative profit,Moderate relative profit/ha
7425,Punjab,Patiala,2024,Rabi,Maize,1563.47,35.6,89.9,Alluvial,Sprinkler,389.2,49.35,699.81,3.93,24483.3,25784.0,2750.2533,67335276.61988999,36.84428630628314,9.375136464703088,0.00038291964174368197,96219.36899999999,Lower relative profit,Lower relative profit/ha
7428,Punjab,Patiala,2024,Zaid,Millets,1890.39,37.7,86.2,Red,Rain-fed,247.18,22.28,1022.67,5.78,57999.27,57896.0,5911.0326000000005,342835575.746202,56.612592527403756,9.794566181211723,0.00016887395619309903,335235.7806,Lower relative profit,Moderate relative profit/ha
7432,Punjab,Patiala,2024,Rabi,Wheat,2091.16,37.7,65.9,Laterite,Rain-fed,160.72,33.84,552.95,4.21,51927.44,32413.0,2327.9195,120882900.16108,58.6183199204268,13.92359143003012,0.0002681355258420234,218614.5224,Lower relative profit,Moderate relative profit/ha
7441,Punjab,Jalandhar,2024,Zaid,Maize,2162.95,28.8,77.7,Black,Canal,55.52,26.67,1656.42,1.99,38732.99,26726.0,3296.2758000000003,127674617.598642,16.13479673029787,8.107938055426064,0.00020932899978612718,77078.6501,Lower relative profit,Lower relative profit/ha
7444,Punjab,Jalandhar,2024,Zaid,Millets,1499.79,26.4,84.1,Laterite,Canal,54.67,29.63,956.23,1.92,22396.46,29720.0,1835.9615999999999,41119040.535936,31.08038860943497,16.18770240074738,0.0007227795107238993,43001.203199999996,Lower relative profit,Lower relative profit/ha
7450,Punjab,Jalandhar,2024,Zaid,Cotton,1804.51,28.3,57.4,Alluvial,Rain-fed,292.95,32.99,127.22,7.97,19685.41,12245.0,1013.9434,19959891.545794,96.25058952994812,12.076610982427619,0.0006134802873004738,156892.71769999998,Lower relative profit,Higher relative profit/ha
7457,Punjab,Bathinda,2024,Zaid,Pulses,1530.12,31.5,39.1,Sandy,Drip,420.59,13.78,500.43,7.48,32382.42,40516.0,3743.2164000000002,121214405.615688,80.9623723597706,10.823846572161845,0.0003342507006011856,242220.5016,Lower relative profit,Moderate relative profit/ha
7459,Punjab,Bathinda,2024,Rabi,Cotton,1460.35,34.5,38.1,Red,Canal,293.19,24.87,154.64,1.55,23444.78,2073.0,239.69199999999998,5619526.20776,13.405328504914642,8.6485990354288,0.00036889230930846014,36339.409,Lower relative profit,Lower relative profit/ha
7460,Punjab,Bathinda,2024,Kharif,Sugarcane,1419.41,22.0,54.5,Red,Tube Well,394.85,30.25,2522.48,1.28,29056.33,53224.0,3228.7744000000002,93816334.46195202,21.099869969236625,16.484273413466113,0.0005673212485357273,37192.1024,Lower relative profit,Lower relative profit/ha
7464,Punjab,Bathinda,2024,Zaid,Wheat,1815.76,19.4,83.2,Laterite,Canal,222.03,36.79,510.98,7.76,26773.16,53958.00000000001,3965.2048,106161062.543168,105.59708794864771,13.60787215833089,0.0005082654478713342,207759.7216,Lower relative profit,Higher relative profit/ha
7465,Punjab,Bathinda,2024,Rabi,Cotton,1393.36,32.6,40.2,Red,Drip,313.33,50.39,2190.3,1.24,14626.53,33790.0,2715.972,39725245.93716001,15.427110441492031,12.441218097977446,0.0008505925942774837,18136.897200000003,Lower relative profit,Lower relative profit/ha
7472,Maharashtra,Pune,2024,Zaid,Pulses,984.56,25.7,60.1,Alluvial,Drip,64.61,29.78,527.08,7.24,53626.56,59402.0,3816.0592000000006,204642127.65235204,112.70015936859679,15.566320354778561,0.00029027258796347484,388256.2944,Lower relative profit,Higher relative profit/ha
7473,Maharashtra,Pune,2024,Zaid,Sugarcane,1636.16,23.7,79.9,Red,Drip,178.08,36.13,122.71,1.9,22955.12,4114.0,233.14899999999997,5351963.272879999,33.52619998370141,17.64536841247443,0.0007686898788799374,43614.727999999996,Lower relative profit,Lower relative profit/ha
7480,Maharashtra,Pune,2024,Kharif,Rice,658.13,18.1,83.5,Red,Tube Well,221.71,59.43,464.17,3.54,48184.99,19677.0,1643.1618,79175734.901382,42.391796109184135,11.975083646662185,0.00024852311158852965,170574.8646,Lower relative profit,Moderate relative profit/ha
7483,Maharashtra,Pune,2024,Kharif,Maize,1580.41,21.4,49.9,Laterite,Tube Well,268.64,22.07,1774.93,2.06,52702.61,40923.0,3656.3558000000003,192699493.748638,23.05612052306288,11.192291516049941,0.0002123669305191895,108567.3766,Lower relative profit,Lower relative profit/ha
7493,Maharashtra,Nashik,2024,Zaid,Barley,1477.87,27.5,86.9,Sandy,Drip,269.0,13.23,213.95,7.81,28496.5,24334.0,1670.9494999999997,47616212.42674999,113.73685440523488,14.562977516675401,0.0005110444270936923,222557.66499999995,Lower relative profit,Higher relative profit/ha
7494,Maharashtra,Nashik,2024,Zaid,Wheat,1638.11,37.2,40.3,Sandy,Canal,433.7,12.48,241.51,2.58,40290.63,5351.0,623.0957999999999,25104922.332353994,22.156432445861455,8.58776451389979,0.00021314545128482207,103949.82539999999,Lower relative profit,Lower relative profit/ha
7501,Maharashtra,Nashik,2024,Kharif,Millets,1305.52,27.5,36.5,Alluvial,Rain-fed,381.78,19.25,371.78,4.39,35608.16,24759.0,1632.1141999999998,58116583.571871996,66.595836247243,15.16989436155877,0.0004260229779230033,156319.8224,Lower relative profit,Moderate relative profit/ha
7503,Maharashtra,Nashik,2024,Kharif,Millets,1791.65,24.1,38.0,Sandy,Rain-fed,375.34,14.49,202.06,2.03,25820.32,6870.0,410.18179999999995,10591025.334175998,33.99980203899832,16.748670955171587,0.00064866240833466,52415.24959999999,Lower relative profit,Lower relative profit/ha
7506,Maharashtra,Nashik,2024,Kharif,Sugarcane,2188.93,36.9,43.7,Sandy,Tube Well,217.26,30.2,1410.55,4.68,47113.27,54851.0,6601.374,311012315.63298,38.88625004430896,8.309027787245505,0.00017636279093439077,220490.1036,Lower relative profit,Moderate relative profit/ha
7507,Maharashtra,Nagpur,2024,Kharif,Barley,837.04,19.9,65.3,Alluvial,Rain-fed,287.08,13.88,121.7,3.56,25264.28,7027.0,433.252,10945799.83856,57.74034511092851,16.21919806486756,0.00064198140872677,89940.8368,Lower relative profit,Moderate relative profit/ha
7508,Maharashtra,Nagpur,2024,Zaid,Wheat,584.97,20.8,75.1,Laterite,Rain-fed,181.12,54.47,387.34,1.51,56398.81,10272.0,584.8833999999999,32986727.748753995,26.51933701657459,17.562474845413636,0.0003113979682446072,85162.2031,Lower relative profit,Lower relative profit/ha
7510,Maharashtra,Nagpur,2024,Kharif,Millets,1544.55,35.2,74.9,Laterite,Rain-fed,261.43,8.65,583.98,1.39,15826.99,9266.0,811.7321999999999,12847277.412077999,15.866981745950204,11.41509478125914,0.0007212423070501176,21999.516099999997,Lower relative profit,Lower relative profit/ha
7513,Maharashtra,Nagpur,2024,Kharif,Cotton,826.33,24.8,47.2,Red,Canal,147.68,29.41,1222.07,4.54,18401.55,44996.0,5548.1978,102095439.22659,36.81949479162405,8.110020879212346,0.00044072487802453305,83543.037,Lower relative profit,Lower relative profit/ha
7516,Maharashtra,Nagpur,2024,Rabi,Sugarcane,635.51,21.5,88.0,Sandy,Sprinkler,404.48,53.16,449.07,5.16,25421.05,26702.0,2317.2012,58905687.56526,59.46066314828423,11.523384331062836,0.00045330087982450905,131172.61800000002,Lower relative profit,Moderate relative profit/ha
7521,Maharashtra,Nagpur,2024,Rabi,Millets,1994.01,29.6,76.4,Red,Tube Well,65.31,20.01,143.79,8.32,22341.72,10938.0,1196.3328,26728132.444415998,76.06926768203631,9.142940827167825,0.0004092317344934869,185883.1104,Lower relative profit,Moderate relative profit/ha
7522,Maharashtra,Nagpur,2024,Kharif,Pulses,525.42,34.4,72.7,Red,Rain-fed,296.09,20.22,166.79,4.15,51517.24,6531.0,692.1785,35659125.90734,39.157023802386234,9.435427422261743,0.00018315087186855785,213796.546,Lower relative profit,Moderate relative profit/ha
7523,Maharashtra,Nagpur,2024,Kharif,Millets,1183.65,37.0,37.9,Black,Drip,440.82,15.25,515.2,3.37,26794.69,19046.0,1736.2240000000002,46521583.85056,36.96816770186335,10.96978270084966,0.00040940136649648344,90298.1053,Lower relative profit,Lower relative profit/ha
7525,Maharashtra,Aurangabad,2024,Rabi,Millets,1953.04,31.0,80.5,Laterite,Rain-fed,228.92,6.99,1959.32,2.96,58955.24,59147.0,5799.5872,341916055.276928,30.187514035481698,10.19848447144652,0.00017298690449647086,174507.5104,Lower relative profit,Lower relative profit/ha
7537,Maharashtra,Aurangabad,2024,Rabi,Barley,2063.02,31.8,46.2,Sandy,Sprinkler,282.93,13.35,1142.08,1.72,21708.02,28632.0,1964.3775999999998,42642748.228351995,25.070047632390025,14.575609088598853,0.0006714389008577868,37337.7944,Lower relative profit,Lower relative profit/ha
7541,Maharashtra,Aurangabad,2024,Zaid,Rice,1714.2,36.3,62.6,Black,Rain-fed,203.49,16.7,541.54,2.23,12290.45,12728.0,1207.6342,14842367.753390001,23.50334232005023,10.539615390157053,0.0008575451175633969,27407.703500000003,Lower relative profit,Lower relative profit/ha
7546,Maharashtra,Kolhapur,2024,Rabi,Sugarcane,762.37,33.9,44.6,Black,Drip,416.47,57.62,1962.1,1.41,44249.4,42081.0,2766.5609999999997,122418664.31339999,21.446919117272312,15.210580934235683,0.00034374660298751357,62391.653999999995,Lower relative profit,Lower relative profit/ha
7549,Maharashtra,Kolhapur,2024,Rabi,Barley,1014.41,21.4,43.9,Red,Rain-fed,171.43,58.94,3359.14,1.76,27525.46,56232.00000000001,5912.0864,162732897.719744,16.739998928297126,9.511363027441549,0.0003455478319868787,48444.8096,Lower relative profit,Lower relative profit/ha
7550,Maharashtra,Kolhapur,2024,Zaid,Barley,1150.3,23.5,74.9,Sandy,Canal,240.25,30.22,338.94,5.25,13145.45,20883.0,1779.435,23391473.82075,61.612674809700835,11.735747582800158,0.0008927611898261495,69013.6125,Lower relative profit,Moderate relative profit/ha
7551,Maharashtra,Kolhapur,2024,Kharif,Cotton,1040.34,30.5,50.2,Black,Rain-fed,250.66,15.03,554.54,5.13,44211.28,28272.000000000004,2844.7902,125771816.07345599,50.98279655209724,9.938166969219735,0.000224788039821958,226803.8664,Lower relative profit,Moderate relative profit/ha
7552,Maharashtra,Kolhapur,2024,Rabi,Maize,1391.1,29.9,46.6,Red,Canal,206.12,26.85,2132.38,1.42,57415.83,38404.0,3027.9796,173853961.95706803,18.009923184423037,12.683044496072561,0.00022089804320642165,81530.4786,Lower relative profit,Lower relative profit/ha
7557,Maharashtra,Kolhapur,2024,Zaid,Wheat,2002.34,26.9,54.5,Laterite,Tube Well,266.24,55.16,357.97,4.56,19717.05,17000.0,1632.3432,32184992.49156,47.49001312959186,10.414476563506987,0.0005281964879891763,89909.74799999999,Lower relative profit,Moderate relative profit/ha
7559,Maharashtra,Kolhapur,2024,Rabi,Sugarcane,1245.64,32.7,44.2,Black,Tube Well,145.47,38.44,319.69,2.3,63275.84,11206.0,735.2869999999999,46525902.56607999,35.05270731020676,15.240307526176855,0.00024085508033045246,145534.43199999997,Lower relative profit,Lower relative profit/ha
7561,Karnataka,Bengaluru,2024,Kharif,Cotton,1795.76,20.2,67.6,Black,Tube Well,103.63,33.03,797.93,5.18,59778.78,46864.0,4133.2774,247082280.373572,58.73196896970913,11.338217947820294,0.00018966961098604377,309654.08040000004,Lower relative profit,Moderate relative profit/ha
7564,Karnataka,Bengaluru,2024,Kharif,Maize,2047.16,18.7,70.1,Laterite,Tube Well,236.69,58.58,214.18,5.89,54445.16,16102.000000000002,1261.5202,68683669.132232,75.17975534597069,12.763965253984837,0.00023443709696114104,320681.9924,Lower relative profit,Moderate relative profit/ha
7568,Karnataka,Bengaluru,2024,Zaid,Pulses,1575.32,21.9,54.4,Alluvial,Tube Well,331.62,58.82,821.29,4.79,51666.5,41693.0,3933.9791,203254931.17015,50.765259530738234,10.598175267377501,0.00020512663461580522,247482.53500000003,Lower relative profit,Moderate relative profit/ha
7570,Karnataka,Bengaluru,2024,Kharif,Maize,2194.98,24.0,62.3,Red,Rain-fed,94.27,18.61,574.7,2.87,42393.89,21304.0,1649.3890000000001,69924015.83321,37.069775535061765,12.916298095840338,0.0003046735766838178,121670.4643,Lower relative profit,Lower relative profit/ha
7571,Karnataka,Bengaluru,2024,Kharif,Sugarcane,2199.58,27.1,70.5,Red,Sprinkler,126.1,8.67,1091.38,1.61,31587.93,20210.0,1757.1218000000003,55503840.41987401,18.517839799153364,11.501763850405816,0.000364118948294675,50856.56730000001,Lower relative profit,Lower relative profit/ha
7576,Karnataka,Bengaluru,2024,Zaid,Barley,1345.77,19.5,81.3,Red,Drip,359.46,17.44,177.77,5.04,45374.52,12441.0,895.9608000000001,40653791.238816,69.9836867862969,13.885652140138273,0.0003060231191456852,228687.5808,Lower relative profit,Moderate relative profit/ha
7580,Karnataka,Mysuru,2024,Kharif,Rice,1485.65,37.2,60.1,Laterite,Tube Well,92.1,15.62,158.03,5.97,24291.64,14835.0,943.4390999999999,22917682.979124,93.87458077580206,15.724385389581586,0.0006473167472258598,145021.09079999998,Lower relative profit,Higher relative profit/ha
7581,Karnataka,Mysuru,2024,Zaid,Millets,2051.29,21.5,61.4,Alluvial,Tube Well,210.77,32.36,1192.02,2.77,20875.53,45335.0,3301.8954,68928816.479562,38.03207999865774,13.729992779298824,0.0006577075063147534,57825.2181,Lower relative profit,Moderate relative profit/ha
7583,Karnataka,Mysuru,2024,Kharif,Barley,581.39,30.5,40.7,Sandy,Drip,293.28,52.54,219.92,5.92,24738.24,22660.0,1301.9263999999998,32207367.745536,103.03746817024373,17.40497773146009,0.0007035657238130153,146450.3808,Lower relative profit,Higher relative profit/ha
7585,Karnataka,Mysuru,2024,Rabi,Barley,1849.09,33.2,44.0,Black,Rain-fed,229.55,40.18,322.24,2.5,16895.83,9966.0,805.6,13611280.648000002,30.9272591857001,12.37090367428004,0.0007321867984159427,42239.575000000004,Lower relative profit,Lower relative profit/ha
7586,Karnataka,Mysuru,2024,Rabi,Sugarcane,724.78,24.8,74.4,Laterite,Canal,313.28,26.57,242.69,1.86,31591.14,5211.0,451.40340000000003,14260348.005876001,21.47183649923771,11.543998117869736,0.00036541885218038144,58759.5204,Lower relative profit,Lower relative profit/ha
7589,Karnataka,Mysuru,2024,Zaid,Pulses,517.45,26.9,88.2,Alluvial,Sprinkler,193.22,14.23,442.34,3.16,47344.17,12801.0,1397.7944,66177415.698648,28.939277478862415,9.15799920217165,0.00019343457076492524,149607.5772,Lower relative profit,Lower relative profit/ha
7591,Karnataka,Mysuru,2024,Zaid,Sugarcane,1018.2,29.1,47.0,Sandy,Drip,238.18,39.9,339.05,4.05,39177.13,20459.0,1373.1525,53796174.00232499,60.342132428845304,14.899291957739582,0.00038030585593532717,158667.37649999995,Lower relative profit,Moderate relative profit/ha
7607,Karnataka,Hubli,2024,Rabi,Cotton,1498.78,18.8,87.9,Sandy,Sprinkler,55.54,42.0,306.16,7.38,19836.94,22257.0,2259.4608000000003,44820788.321952,72.69728246668409,9.850580280038493,0.0004965776112665812,146396.61719999998,Lower relative profit,Moderate relative profit/ha
7615,Karnataka,Belagavi,2024,Kharif,Millets,1443.29,22.9,63.0,Alluvial,Sprinkler,277.13,10.47,2147.81,1.8,32369.53,55983.00000000001,3866.058,125142480.41273999,26.06515473901323,14.480641521674016,0.0004473540864409838,58265.153999999995,Lower relative profit,Lower relative profit/ha
7617,Karnataka,Belagavi,2024,Zaid,Cotton,1003.62,26.4,48.1,Sandy,Tube Well,264.1,25.55,480.97,6.38,20773.85,37931.0,3068.5886,63746399.288109995,78.86354658294695,12.361057458142156,0.0005950296867524392,132537.16299999997,Lower relative profit,Moderate relative profit/ha
7618,Karnataka,Belagavi,2024,Zaid,Barley,1933.4,32.1,41.5,Laterite,Sprinkler,144.79,10.41,1333.41,3.39,18087.77,38349.0,4520.2599,81761421.411423,28.760096294463068,8.483804216655772,0.00046903538781484797,61317.54029999999,Lower relative profit,Lower relative profit/ha
7624,Karnataka,Belagavi,2024,Kharif,Barley,595.93,28.8,76.1,Black,Canal,95.96,41.51,708.35,2.73,27529.33,33424.0,1933.7955,53236094.472015,47.18571327733465,17.284144057631742,0.0006278447044527324,75155.0709,Lower relative profit,Moderate relative profit/ha
7626,Karnataka,Belagavi,2024,Kharif,Millets,2139.55,32.8,68.4,Laterite,Tube Well,339.58,5.45,1053.86,2.12,31899.85,37860.0,2234.1832,71270108.95252,35.925075436965066,16.94579030045522,0.0005312184947720825,67627.682,Lower relative profit,Lower relative profit/ha
7628,Karnataka,Belagavi,2024,Kharif,Maize,1473.92,32.4,80.9,Red,Sprinkler,362.78,24.42,1043.33,3.29,37899.24,41106.0,3432.5557,130091252.28766799,39.398847919641916,11.975333714176875,0.0003159782020477686,124688.4996,Lower relative profit,Moderate relative profit/ha
7634,Karnataka,Mangalore,2024,Rabi,Wheat,1608.84,26.8,61.4,Black,Drip,313.8,28.85,1928.85,1.46,27271.56,31145.0,2816.1209999999996,76800012.81876,16.14692692537004,11.05953898997948,0.0004055337864786422,39816.4776,Lower relative profit,Lower relative profit/ha
7636,Karnataka,Mangalore,2024,Zaid,Rice,1697.4,35.2,45.2,Alluvial,Canal,58.6,33.7,353.15,1.72,21121.61,7314.0,607.418,12829646.10298,20.710746141866064,12.041131477829106,0.0005700858730858635,36329.169200000004,Lower relative profit,Lower relative profit/ha
7641,Karnataka,Mangalore,2024,Zaid,Barley,948.52,29.5,45.1,Black,Rain-fed,165.57,15.35,1458.05,2.94,44917.24,58441.0,4286.6669999999995,192545250.43907997,40.08161585679503,13.633202672379266,0.0003035182631964757,132056.6856,Lower relative profit,Moderate relative profit/ha
7657,Tamil Nadu,Chennai,2024,Zaid,Barley,722.43,21.5,41.2,Black,Rain-fed,53.92,30.78,257.48,2.09,58969.91,8367.0,538.1332,31733666.372012,32.49572782352027,15.548195130870944,0.00026366319926333524,123247.11189999999,Lower relative profit,Lower relative profit/ha
7660,Tamil Nadu,Chennai,2024,Rabi,Sugarcane,1765.25,23.9,39.3,Laterite,Tube Well,117.87,30.38,2317.81,1.73,44991.27,34668.0,4009.8113,180406502.84735098,14.957222550597331,8.645793381848168,0.00019216602202712146,77834.8971,Lower relative profit,Lower relative profit/ha
7661,Tamil Nadu,Chennai,2024,Rabi,Maize,1326.54,26.8,82.7,Black,Drip,248.04,55.72,1968.55,2.81,36087.63,57292.99999999999,5531.6255,199623254.342565,29.104162962586674,10.357353367468566,0.0002870056406438596,101406.2403,Lower relative profit,Lower relative profit/ha
7666,Tamil Nadu,Chennai,2024,Rabi,Rice,1790.56,32.0,35.4,Black,Sprinkler,240.86,33.86,688.34,5.43,22998.87,59404.0,3737.6862,85962559.014594,86.30037481477177,15.893255030344708,0.0006910450396191077,124883.8641,Lower relative profit,Higher relative profit/ha
7667,Tamil Nadu,Chennai,2024,Kharif,Barley,1155.74,22.2,43.4,Alluvial,Canal,251.27,34.91,650.33,2.31,51270.24,18085.0,1502.2623,77021348.66395201,27.808958528746942,12.038510185604737,0.00023480502891355174,118434.2544,Lower relative profit,Lower relative profit/ha
7672,Tamil Nadu,Coimbatore,2024,Zaid,Maize,1675.99,29.4,51.3,Laterite,Drip,221.39,17.93,1150.35,1.84,33340.29,17207.0,2116.644,70569524.78675999,14.958056243751903,8.129378393343426,0.00024383046438238617,61346.133599999994,Lower relative profit,Lower relative profit/ha
7680,Tamil Nadu,Coimbatore,2024,Zaid,Maize,1893.94,18.9,81.0,Laterite,Canal,104.82,45.28,256.95,7.84,52782.18,19651.0,2014.4879999999998,106329068.22384,76.47791399104885,9.754835968246027,0.0001848130556230536,413812.29120000004,Lower relative profit,Moderate relative profit/ha
7683,Tamil Nadu,Coimbatore,2024,Kharif,Wheat,2167.16,26.0,73.8,Red,Sprinkler,440.31,23.91,2741.07,1.76,55943.76,50673.0,4824.283200000001,269888541.51283205,18.486576409942103,10.503736596558012,0.00018775528488893152,98461.0176,Lower relative profit,Lower relative profit/ha
7685,Tamil Nadu,Coimbatore,2024,Rabi,Wheat,479.01,25.8,43.6,Black,Drip,245.22,9.72,859.94,1.28,60085.93,15943.0,1100.7232000000001,66137977.144576006,18.53966555806219,14.484113717236085,0.00024105666197121498,76909.9904,Lower relative profit,Lower relative profit/ha
7689,Tamil Nadu,Madurai,2024,Kharif,Maize,499.07,19.1,47.4,Alluvial,Sprinkler,389.16,8.42,236.08,2.4,64131.27,8304.0,566.592,36336264.53184,35.174517112843105,14.656048797017961,0.00022853202185171075,153915.04799999998,Lower relative profit,Lower relative profit/ha
7690,Tamil Nadu,Madurai,2024,Rabi,Millets,1389.01,33.0,74.1,Red,Rain-fed,377.03,21.05,951.99,1.21,13153.63,19481.0,1151.9079,15151770.310676998,20.463450246326115,16.911942352335636,0.0012857243477531022,15915.892299999998,Lower relative profit,Lower relative profit/ha
7701,Tamil Nadu,Madurai,2024,Zaid,Barley,1668.98,22.1,38.5,Red,Sprinkler,305.95,37.43,630.54,6.92,46341.28,58745.00000000001,4363.3368,202202612.383104,93.16617502458212,13.46332009025753,0.00029052542550092554,320681.65760000004,Lower relative profit,Higher relative profit/ha
7710,Tamil Nadu,Salem,2024,Zaid,Barley,1471.96,31.2,62.3,Black,Sprinkler,326.41,41.66,603.39,2.81,28817.59,25899.0,1695.5259,48860970.220581,42.92248794312137,15.274906741324328,0.0005300549678624871,80977.42790000001,Lower relative profit,Moderate relative profit/ha
7712,Tamil Nadu,Salem,2024,Rabi,Barley,788.19,27.6,71.7,Sandy,Canal,248.87,7.59,3197.87,2.06,55534.56,54520.00000000001,6587.6122,365840144.977632,17.048848139542887,8.276139873564508,0.00014902683794675798,114401.1936,Lower relative profit,Lower relative profit/ha
7714,Tamil Nadu,Salem,2024,Kharif,Pulses,1954.9,22.5,60.9,Red,Drip,368.04,8.9,2009.05,2.74,26401.46,56589.0,5504.7970000000005,145334677.80362,28.16704412533287,10.279943111435353,0.00038937025116926686,72340.0004,Lower relative profit,Lower relative profit/ha
7717,Tamil Nadu,Salem,2024,Rabi,Pulses,1538.43,25.9,37.2,Sandy,Tube Well,344.29,9.64,1342.87,4.06,50731.33,59604.99999999999,5452.052199999999,276589859.335426,44.386277152665556,10.932580579474276,0.0002154995853543417,205969.1998,Lower relative profit,Moderate relative profit/ha
7725,Tamil Nadu,Tiruchirappalli,2024,Zaid,Millets,517.87,27.9,79.0,Red,Tube Well,316.53,9.73,2079.39,1.42,17533.99,45550.0,2952.7337999999995,51773204.921862,21.905462659722325,15.426382154734032,0.0008797987311920465,24898.2658,Lower relative profit,Lower relative profit/ha
7730,Tamil Nadu,Tiruchirappalli,2024,Zaid,Rice,1944.58,32.6,86.8,Red,Sprinkler,67.94,37.73,1148.4,1.36,60330.32,27587.0,1561.8240000000003,94225341.70368002,24.02211772901428,17.663321859569322,0.0002927768634339967,82049.23520000001,Lower relative profit,Lower relative profit/ha
7732,Tamil Nadu,Tiruchirappalli,2024,Kharif,Pulses,943.68,37.9,56.3,Black,Rain-fed,388.67,52.01,1232.03,4.81,36980.2,60022.0,5926.064299999999,219147043.02685994,48.717969529962744,10.12847599375525,0.00027388916213961123,177874.76199999996,Lower relative profit,Moderate relative profit/ha
7739,Tamil Nadu,Tiruchirappalli,2024,Kharif,Millets,2009.72,26.2,81.5,Alluvial,Drip,322.41,47.1,303.86,3.22,34160.19,16357.0,978.4292000000002,33423327.37354801,53.830711511880466,16.71761227077033,0.0004893887379072051,109995.81180000002,Lower relative profit,Moderate relative profit/ha
7744,Rajasthan,Jaipur,2024,Rabi,Sugarcane,2050.04,33.3,65.5,Sandy,Drip,381.85,46.25,4903.68,1.25,12593.27,56139.0,6129.6,77191707.79200001,11.44834083790133,9.158672670321064,0.000727267236414455,15741.587500000001,Lower relative profit,Lower relative profit/ha
7746,Rajasthan,Jaipur,2024,Rabi,Sugarcane,2009.5,37.8,88.2,Alluvial,Drip,332.37,59.21,342.18,4.09,59787.49,13269.999999999998,1399.5162,83673560.812338,38.78075866503009,9.481848084359436,0.0001585925096430614,244530.83409999998,Lower relative profit,Moderate relative profit/ha
7751,Rajasthan,Jaipur,2024,Zaid,Rice,1876.59,22.9,80.3,Red,Canal,151.01,35.92,3922.31,1.56,52680.85,51922.0,6118.8036,322343774.63106,13.237607430315299,8.485645788663653,0.0001610764782395055,82182.126,Lower relative profit,Lower relative profit/ha
7755,Rajasthan,Jaipur,2024,Zaid,Barley,1401.35,27.8,41.0,Black,Canal,302.36,10.7,286.91,4.49,41743.79,11294.0,1288.2259000000001,53775431.44216101,39.36426056951657,8.767095895215272,0.00021002155997850867,187429.6171,Lower relative profit,Moderate relative profit/ha
7756,Rajasthan,Jaipur,2024,Kharif,Wheat,883.82,22.8,78.4,Alluvial,Tube Well,224.33,13.64,2498.74,2.07,35093.47,51573.0,5172.391799999999,181517176.46154597,20.639602359589233,9.970822395936828,0.0002841218721299669,72643.4829,Lower relative profit,Lower relative profit/ha
7759,Rajasthan,Jodhpur,2024,Zaid,Maize,918.75,33.4,67.1,Black,Sprinkler,181.74,16.7,770.8,6.91,64448.46,57479.0,5326.228,343267192.20888,74.57057602490919,10.791689728640982,0.00016744682074080564,445338.85860000004,Lower relative profit,Moderate relative profit/ha
7765,Rajasthan,Jodhpur,2024,Kharif,Rice,1734.52,27.4,81.0,Laterite,Rain-fed,186.18,50.83,297.3,6.92,36940.16,34343.0,2057.3160000000003,75997582.21056002,115.5163134880592,16.693108885557685,0.00045189595512195083,255625.90720000007,Lower relative profit,Higher relative profit/ha
7774,Rajasthan,Jodhpur,2024,Zaid,Millets,1330.77,26.2,87.4,Laterite,Sprinkler,327.08,58.75,2840.5,2.37,27171.59,58858.00000000001,6731.985000000001,182918736.30615002,20.720999823974655,8.743037900411245,0.0003217713023202266,64396.668300000005,Lower relative profit,Lower relative profit/ha
7777,Rajasthan,Udaipur,2024,Kharif,Cotton,1034.63,30.8,86.6,Laterite,Rain-fed,53.71,20.1,324.28,6.97,49855.07,24466.0,2260.2315999999996,112684004.63421199,75.4471444430739,10.824554439465409,0.0002171204340795311,347489.8379,Lower relative profit,Moderate relative profit/ha
7778,Rajasthan,Udaipur,2024,Zaid,Cotton,867.88,21.9,81.0,Red,Rain-fed,180.76,50.32,1562.34,3.4,35324.77,45579.0,5311.955999999999,187643623.95011994,29.173547371250816,8.580455109191417,0.00024290193847522346,120104.21799999996,Lower relative profit,Lower relative profit/ha
7781,Rajasthan,Udaipur,2024,Kharif,Rice,1222.66,29.2,47.7,Laterite,Rain-fed,439.89,24.66,1393.38,2.19,40304.84,47922.0,3051.5022000000004,122990307.930648,34.392627998105326,15.704396346166813,0.0003896404587182784,88267.59959999999,Lower relative profit,Lower relative profit/ha
7784,Rajasthan,Udaipur,2024,Rabi,Pulses,1949.3,30.5,53.3,Laterite,Tube Well,199.81,33.89,788.2,1.93,34852.16,26685.000000000004,1521.226,53018011.94816001,33.85562040091347,17.54177222845258,0.000503319513868081,67264.6688,Lower relative profit,Lower relative profit/ha
7786,Rajasthan,Udaipur,2024,Zaid,Sugarcane,1860.97,22.8,57.4,Alluvial,Drip,131.94,36.78,111.3,1.21,23626.43,1495.0,134.673,3181842.20739,13.432165318957772,11.10096307351882,0.00046985359504245113,28587.980300000003,Lower relative profit,Lower relative profit/ha
7790,Rajasthan,Udaipur,2024,Zaid,Wheat,1653.01,33.7,59.2,Red,Tube Well,64.01,39.92,1422.09,2.98,60948.98,44420.0,4237.8282,258291306.20523602,31.235716445513294,10.481784042118555,0.0001719763651847587,181627.9604,Lower relative profit,Lower relative profit/ha
7792,Rajasthan,Udaipur,2024,Rabi,Wheat,1521.55,20.9,63.2,Sandy,Canal,393.89,12.14,292.66,3.81,13283.74,12855.000000000002,1115.0346000000002,14811829.717404002,43.92469076744345,11.528790227675445,0.0008678873741638609,50611.0494,Lower relative profit,Moderate relative profit/ha
7793,Rajasthan,Udaipur,2024,Zaid,Millets,1869.67,31.5,76.9,Black,Sprinkler,304.3,19.61,1012.41,1.73,20830.65,15841.999999999998,1751.4693,36484243.974045,15.647810669590383,9.04497726565918,0.00043421483562246883,36037.0245,Lower relative profit,Lower relative profit/ha
7794,Rajasthan,Udaipur,2024,Rabi,Wheat,2124.64,29.2,55.9,Black,Rain-fed,88.13,18.21,183.43,2.37,15699.26,4501.0,434.7291,6824925.170466,24.537970888077194,10.353574214378563,0.0006594944102065042,37207.2462,Lower relative profit,Lower relative profit/ha
7795,Rajasthan,Kota,2024,Zaid,Sugarcane,1369.93,23.7,58.8,Alluvial,Drip,182.53,13.1,377.89,1.97,51820.04,8940.0,744.4432999999999,38577081.583731994,23.657678160311203,12.00897368543716,0.00023174381350221188,102085.47879999998,Lower relative profit,Lower relative profit/ha
7796,Rajasthan,Kota,2024,Kharif,Sugarcane,1888.32,30.7,84.3,Black,Sprinkler,352.55,44.58,1833.83,1.33,41703.74,23697.0,2438.9939,101715167.46718599,12.92213563961763,9.71589145835912,0.0002329741039618778,55465.9742,Lower relative profit,Lower relative profit/ha
7799,Rajasthan,Kota,2024,Kharif,Millets,1246.74,19.9,55.7,Red,Tube Well,99.39,46.9,322.57,7.7,39739.67,38956.0,2483.789,98704955.20963,120.7675853303159,15.684101990950115,0.0003946711684055282,305995.459,Lower relative profit,Higher relative profit/ha
7803,Rajasthan,Kota,2024,Kharif,Pulses,1803.71,35.7,79.2,Black,Sprinkler,215.03,18.38,4059.48,1.52,20021.91,56658.00000000001,6170.4096,123543385.674336,13.956960004729671,9.182210529427415,0.0004586081212745145,30433.3032,Lower relative profit,Lower relative profit/ha
7805,Rajasthan,Kota,2024,Zaid,Millets,1230.92,22.7,71.0,Laterite,Tube Well,114.8,16.41,972.31,3.76,46785.11,34720.0,3655.8855999999996,171041009.94341597,35.708776007651885,9.497014895652097,0.00020299225321159013,175912.01359999998,Lower relative profit,Lower relative profit/ha
7810,Rajasthan,Kota,2024,Rabi,Maize,782.46,33.6,64.3,Black,Canal,63.45,44.0,1230.34,3.89,41386.02,59686.0,4786.0226,198074427.044052,48.511793487978935,12.470898068889186,0.0003013311758146636,160991.6178,Lower relative profit,Moderate relative profit/ha
7816,Rajasthan,Ajmer,2024,Zaid,Wheat,1316.43,18.1,52.7,Sandy,Sprinkler,377.07,35.47,2567.83,1.27,30638.75,45271.0,3261.1441,99917378.793875,17.630061180062544,13.88193793705712,0.0004530843437495695,38911.2125,Lower relative profit,Lower relative profit/ha
7817,Rajasthan,Ajmer,2024,Rabi,Sugarcane,894.92,30.0,56.7,Red,Sprinkler,75.56,41.76,1512.39,3.15,18882.22,38382.0,4764.0285,89955434.22327001,25.378374625592603,8.056626865267493,0.0004266779470458184,59478.993,Lower relative profit,Lower relative profit/ha
7825,Rajasthan,Ajmer,2024,Zaid,Pulses,1332.22,36.6,66.3,Laterite,Rain-fed,182.46,31.17,1024.82,2.66,51833.13,31065.0,2726.0212,141298211.242356,30.312640268534963,11.395729424261264,0.00021985416324002166,137876.1258,Lower relative profit,Lower relative profit/ha
7827,Rajasthan,Ajmer,2024,Kharif,Millets,1044.73,27.4,50.4,Sandy,Tube Well,297.19,26.34,4780.28,1.23,28106.08,48963.0,5879.7444,165256566.485952,10.242705448216423,8.327402803427987,0.0002962847470521676,34570.4784,Lower relative profit,Lower relative profit/ha
7829,Rajasthan,Ajmer,2024,Kharif,Millets,938.3,34.9,77.2,Alluvial,Drip,226.11,58.12,344.34,1.83,14305.66,7115.000000000001,630.1422,9014600.064852,20.662717081953886,11.291102230575893,0.0007892751701477523,26179.3578,Lower relative profit,Lower relative profit/ha
7837,West Bengal,Kolkata,2024,Kharif,Wheat,2101.1,19.7,69.0,Sandy,Tube Well,180.68,32.35,1171.4,2.45,43890.01,26885.000000000004,2869.9300000000003,125961256.39930002,22.951169540720507,9.3678243023349,0.00021343864588627116,107530.52450000001,Lower relative profit,Lower relative profit/ha
7839,West Bengal,Kolkata,2024,Kharif,Maize,1569.99,34.8,81.8,Black,Rain-fed,339.98,55.53,814.27,2.91,42332.71,40301.0,2369.5257,100308444.29564701,49.49341127635797,17.0080451121505,0.0004017707610060991,123188.18610000002,Lower relative profit,Moderate relative profit/ha
7840,West Bengal,Kolkata,2024,Zaid,Barley,750.61,23.1,86.3,Alluvial,Sprinkler,385.01,28.82,429.11,3.39,14353.3,20954.0,1454.6829,20879500.06857,48.831301997156906,14.404513863468114,0.0010035680898098775,48657.687,Lower relative profit,Moderate relative profit/ha
7841,West Bengal,Kolkata,2024,Kharif,Millets,1603.61,21.9,38.7,Sandy,Tube Well,202.8,31.94,683.77,3.86,46341.91,32933.0,2639.3522,122312622.110702,48.16385626745836,12.477682970844134,0.0002692526693622281,178879.7726,Lower relative profit,Moderate relative profit/ha
7843,West Bengal,Kolkata,2024,Kharif,Pulses,960.66,18.4,81.7,Sandy,Sprinkler,443.61,13.14,551.85,7.12,59094.08,37910.0,3929.172,232190804.50176,68.69620367853584,9.648343213277505,0.0001632708930112374,420749.8496,Lower relative profit,Moderate relative profit/ha
7849,West Bengal,Howrah,2024,Zaid,Millets,1535.66,20.8,38.9,Sandy,Rain-fed,440.34,45.09,1176.24,1.88,22284.6,18211.0,2211.3312,49278631.25952,15.482384547371284,8.23531092945281,0.00036955166031487263,41895.048,Lower relative profit,Lower relative profit/ha
7852,West Bengal,Howrah,2024,Kharif,Sugarcane,541.23,35.1,63.0,Alluvial,Drip,221.07,16.59,1025.77,5.58,42144.26,60652.0,5723.7966,241225172.097516,59.12826462072395,10.596463193678126,0.00025143312977088996,235164.9708,Lower relative profit,Moderate relative profit/ha
7854,West Bengal,Howrah,2024,Rabi,Barley,565.76,36.4,53.6,Laterite,Rain-fed,331.27,49.57,1076.2,1.94,22846.62,18302.0,2087.828,47699812.94136,17.006132689091245,8.766047777882086,0.00038369123213333466,44322.4428,Lower relative profit,Lower relative profit/ha
7855,West Bengal,Howrah,2024,Kharif,Wheat,1876.29,23.1,81.8,Laterite,Tube Well,381.9,43.46,704.79,4.2,56764.59,40540.0,2960.118,168029884.62162,57.520679918841076,13.695399980676447,0.00024126660618312308,238411.27800000002,Lower relative profit,Moderate relative profit/ha
7857,West Bengal,Howrah,2024,Rabi,Millets,1554.87,35.3,46.2,Red,Sprinkler,448.91,15.17,824.77,4.66,14258.19,34279.0,3843.4282,54800329.526957996,41.561889981449376,8.918860511040638,0.0006255254356296725,66443.1654,Lower relative profit,Moderate relative profit/ha
7867,West Bengal,Darjeeling,2024,Rabi,Sugarcane,712.08,31.7,89.3,Alluvial,Sprinkler,139.49,17.81,101.15,2.74,25105.74,4272.0,277.151,6958080.9467400005,42.23430548690064,15.413980104708264,0.0006139623888683728,68789.7276,Lower relative profit,Moderate relative profit/ha
7871,West Bengal,Darjeeling,2024,Zaid,Sugarcane,591.53,37.6,50.1,Black,Drip,439.14,5.77,2160.93,1.52,32086.06,52564.0,3284.6135999999997,105390309.046416,24.324712045276804,16.003100029787372,0.0004987555352632068,48770.811200000004,Lower relative profit,Lower relative profit/ha
7872,West Bengal,Darjeeling,2024,Zaid,Sugarcane,1138.92,18.4,86.9,Red,Canal,430.59,44.28,630.36,8.31,13006.23,47899.0,5238.2916000000005,68130425.35666801,75.98673773716607,9.144011761391823,0.0007030485975868352,108081.77130000001,Lower relative profit,Moderate relative profit/ha
7873,West Bengal,Darjeeling,2024,Zaid,Sugarcane,869.9,37.3,85.7,Alluvial,Tube Well,337.0,34.16,931.32,3.63,16289.18,40117.0,3380.6916,55068693.996888004,43.075419834213804,11.866506841381213,0.0007284901291152294,59129.7234,Lower relative profit,Moderate relative profit/ha
7875,West Bengal,Darjeeling,2024,Zaid,Pulses,762.61,30.2,70.2,Black,Drip,275.03,50.33,404.84,8.5,48957.0,32306.0,3441.14,168467890.98,79.79942693409743,9.388167874599697,0.00019176354504156092,416134.5,Lower relative profit,Moderate relative profit/ha
7877,West Bengal,Darjeeling,2024,Zaid,Barley,867.69,30.7,68.8,Sandy,Canal,357.41,32.35,803.49,2.16,39866.45,24436.0,1735.5384000000001,69189754.84668,30.41232622683543,14.079780660571958,0.0003531736751221129,86111.532,Lower relative profit,Lower relative profit/ha
7893,West Bengal,Siliguri,2024,Zaid,Rice,912.78,22.1,38.5,Laterite,Canal,145.71,47.36,863.4,1.84,50885.21,22657.0,1588.656,80839094.17775999,26.241602965022008,14.261740741859786,0.00028027280897258334,93628.7864,Lower relative profit,Lower relative profit/ha
7896,West Bengal,Siliguri,2024,Zaid,Maize,631.74,26.8,75.9,Black,Drip,72.34,41.55,1175.94,2.64,55425.21,30301.0,3104.4816,172066544.621136,25.767471129479393,9.760405730863408,0.0001761004736087316,146322.5544,Lower relative profit,Lower relative profit/ha
7900,West Bengal,Siliguri,2024,Zaid,Sugarcane,900.71,29.2,36.7,Red,Rain-fed,349.24,24.82,154.82,2.74,53554.15,6122.0,424.2068,22718034.59822,39.54269474228136,14.431640416891007,0.00026947753660343796,146738.37099999998,Lower relative profit,Moderate relative profit/ha
7902,West Bengal,Siliguri,2024,Kharif,Sugarcane,1752.91,18.5,65.9,Laterite,Tube Well,374.13,19.33,3180.08,1.43,53348.55,52921.0,4547.5144,242603299.34412003,16.641405247666725,11.637346327039667,0.0002181380061321192,76288.42650000002,Lower relative profit,Lower relative profit/ha
7907,West Bengal,Malda,2024,Zaid,Sugarcane,528.22,27.4,65.0,Sandy,Drip,248.08,43.0,2813.46,2.08,53185.56,51000.0,5851.9968,311241726.92620796,18.127145934187798,8.714974006821057,0.00016385977710530936,110625.96479999999,Lower relative profit,Lower relative profit/ha
7910,West Bengal,Malda,2024,Zaid,Millets,774.9,18.3,86.3,Black,Canal,157.99,26.12,895.21,2.24,45790.53,32566.000000000004,2005.2704000000003,91822394.40931201,36.37805654539159,16.240203814906955,0.00035466293608977574,102570.7872,Lower relative profit,Lower relative profit/ha
7911,West Bengal,Malda,2024,Rabi,Sugarcane,522.14,37.1,60.6,Sandy,Drip,265.92,35.27,761.55,2.13,19541.29,21038.0,1622.1014999999998,31697955.820934996,27.625238001444423,12.969595305842454,0.0006637021049195039,41622.9477,Lower relative profit,Lower relative profit/ha
7914,West Bengal,Malda,2024,Zaid,Sugarcane,1404.96,34.3,49.1,Alluvial,Tube Well,200.26,55.12,1498.71,1.48,39630.11,28401.0,2218.0908,87903182.393988,18.95029725563985,12.804254902459359,0.00032309410451950195,58652.5628,Lower relative profit,Lower relative profit/ha
7917,West Bengal,Malda,2024,Rabi,Maize,2041.25,18.1,47.8,Black,Tube Well,170.02,31.51,128.4,6.05,52399.35,9334.0,776.82,40704863.067,72.69470404984423,12.015653561957725,0.00022930921017069343,317016.0675,Lower relative profit,Moderate relative profit/ha
7918,West Bengal,Malda,2024,Kharif,Millets,1807.69,23.5,78.9,Sandy,Tube Well,159.68,37.74,1072.27,1.63,35368.32,30241.000000000004,1747.8001,61816753.232832,28.20278474637918,17.302321930293978,0.0004892039523023422,57650.361600000004,Lower relative profit,Lower relative profit/ha
