Record_ID,State,District,Year,Season,Crop_Type,Rainfall_mm,Avg_Temperature_C,Humidity_percent,Soil_Type,Irrigation_Type,Fertilizer_Used_kg,Pesticide_Used_kg,Cultivated_Area_hectares,Yield_ton_per_hectare,Market_Price_per_ton,Farmer_Profit_INR,Estimated_Production_tons,Estimated_Revenue_INR,Profit_per_hectare_INR,Profit_per_ton_INR,Profit_to_Revenue_Ratio,Revenue_per_hectare_INR,Profit_Level,Profit_per_Ha_Level
5,Uttarakhand,Dehradun,2014,Zaid,Cotton,1216.14,34.7,43.9,Black,Drip,192.11,41.86,3538.92,6.19,15784.33,314345.0,21905.914800000002,345770188.155084,88.82512178856827,14.34977734871862,0.0009091153915762418,97705.0027,Higher relative profit,Higher relative profit/ha
6,Uttarakhand,Dehradun,2014,Rabi,Millets,1083.02,37.8,70.2,Laterite,Rain-fed,272.78,42.65,4229.97,6.86,24139.55,241455.00000000003,29017.594200000003,700471666.07061,57.08196512032001,8.320986169142857,0.00034470345011165733,165597.313,Higher relative profit,Moderate relative profit/ha
9,Uttarakhand,Dehradun,2014,Rabi,Rice,1092.58,29.9,60.7,Red,Canal,150.57,35.43,4717.91,6.17,18071.24,490434.0,29109.504699999998,526044845.714828,103.95153786316399,16.847899167449594,0.0009323045439853376,111499.55080000001,Higher relative profit,Higher relative profit/ha
12,Uttarakhand,Dehradun,2014,Zaid,Sugarcane,1980.42,36.9,39.7,Black,Rain-fed,244.4,8.81,3826.95,6.79,18804.75,331382.0,25984.9905,488641250.10487497,86.59167221939143,12.752823596375762,0.0006781703344301712,127684.2525,Higher relative profit,Higher relative profit/ha
17,Uttarakhand,Dehradun,2014,Zaid,Millets,652.33,21.7,60.4,Alluvial,Canal,399.79,9.15,4059.31,7.45,17189.16,439156.00000000006,30241.8595,519832161.64302,108.18488856480536,14.521461552322869,0.0008448034431189697,128059.242,Higher relative profit,Higher relative profit/ha
18,Uttarakhand,Dehradun,2014,Rabi,Sugarcane,699.36,27.7,46.8,Red,Tube Well,210.42,8.22,1956.97,8.39,26055.76,260088.0,16418.978300000002,427808958.030008,132.90341701712342,15.840693327428294,0.0006079536090073096,218607.82640000002,Higher relative profit,Higher relative profit/ha
22,Uttarakhand,Haridwar,2014,Zaid,Rice,531.87,22.3,49.6,Red,Sprinkler,423.3,53.45,4408.42,3.9,20360.58,280887.0,17192.838,350056153.52604,63.716025242603926,16.337442369898444,0.0008024055488546221,79406.262,Higher relative profit,Moderate relative profit/ha
25,Uttarakhand,Haridwar,2014,Rabi,Cotton,690.85,26.8,73.8,Sandy,Sprinkler,274.36,11.15,4730.75,6.24,19899.88,246795.0,29519.88,587442069.6144,52.16826084658881,8.36029821259436,0.00042011802144507204,124175.25120000001,Higher relative profit,Moderate relative profit/ha
28,Uttarakhand,Haridwar,2014,Kharif,Maize,1817.27,20.2,83.0,Black,Canal,393.44,17.23,4101.27,4.56,28175.12,298358.0,18701.7912,526925211.27494395,72.7477098557276,15.953445143799916,0.0005662245677675878,128478.54719999997,Higher relative profit,Moderate relative profit/ha
37,Uttarakhand,Nainital,2014,Kharif,Millets,1502.77,32.4,62.8,Red,Sprinkler,382.23,35.13,4496.32,6.63,37157.75,315751.0,29810.601599999998,1107694881.6023998,70.22431677460679,10.591902982595293,0.0002850523237439106,246355.88249999998,Higher relative profit,Moderate relative profit/ha
40,Uttarakhand,Nainital,2014,Rabi,Wheat,2096.93,24.0,56.4,Black,Rain-fed,406.66,50.97,2737.28,6.56,54393.01,304868.0,17956.5568,976711173.587968,111.3762567220014,16.97808791493924,0.00031213731166815806,356818.1456,Higher relative profit,Higher relative profit/ha
41,Uttarakhand,Nainital,2014,Rabi,Barley,1274.16,25.8,71.8,Sandy,Sprinkler,369.26,44.83,4218.48,7.91,63978.26,445173.0,33368.176799999994,2134837891.0363677,105.52924276042556,13.341244343922323,0.000208527777153088,506068.0366,Higher relative profit,Higher relative profit/ha
52,Uttarakhand,Nainital,2014,Rabi,Maize,744.77,32.8,50.2,Black,Rain-fed,285.83,46.81,3024.27,8.36,56129.3,277163.0,25282.8972,1419111321.80796,91.64624851617084,10.962469918202254,0.00019530744046696206,469240.94800000003,Higher relative profit,Higher relative profit/ha
53,Uttarakhand,Nainital,2014,Kharif,Wheat,1674.43,20.5,37.5,Sandy,Rain-fed,71.81,21.07,4726.04,5.86,51897.99,249968.0,27694.5944,1437293783.225256,52.891638665775154,9.02587690542238,0.00017391573171566724,304122.2214,Higher relative profit,Moderate relative profit/ha
56,Uttarakhand,Almora,2014,Zaid,Cotton,1948.3,37.8,51.8,Alluvial,Drip,298.41,38.53,3726.44,8.12,23012.76,305923.0,30258.692799999997,696336035.3201278,82.09524371786478,10.110251689392214,0.000439332426418744,186863.61119999996,Higher relative profit,Moderate relative profit/ha
58,Uttarakhand,Almora,2014,Kharif,Cotton,1818.09,30.5,71.4,Alluvial,Drip,423.47,28.38,2768.36,5.93,60145.81,267034.0,16416.3748,987376159.609588,96.45927552774927,16.26631965054794,0.00027044809356708204,356664.6533,Higher relative profit,Higher relative profit/ha
61,Uttarakhand,Almora,2014,Rabi,Wheat,1773.6,21.5,63.5,Red,Tube Well,226.89,20.3,4985.03,4.38,55154.98,386263.0,21834.431399999998,1204277627.178372,77.48458885904398,17.690545401608215,0.0003207424860204503,241578.8124,Higher relative profit,Moderate relative profit/ha
63,Uttarakhand,Almora,2014,Zaid,Pulses,608.66,33.5,82.6,Laterite,Tube Well,379.97,5.06,4359.9,4.57,14872.82,262696.0,19924.743,296337116.18526,60.2527580907819,13.184410960783786,0.000886476872629655,67968.7874,Higher relative profit,Moderate relative profit/ha
68,Uttarakhand,Almora,2014,Rabi,Millets,2079.13,35.4,88.9,Laterite,Drip,145.52,26.06,4294.46,4.2,28863.35,229603.00000000003,18036.732,520600508.5722,53.46492923440899,12.729745055811664,0.0004410349129886747,121226.06999999999,Higher relative profit,Moderate relative profit/ha
70,Uttarakhand,Almora,2014,Rabi,Rice,1245.08,37.4,53.6,Laterite,Sprinkler,327.08,40.74,4273.65,7.42,57545.14,374187.0,31710.482999999997,1824784183.7026198,87.55677231406409,11.800104085453382,0.0002050582218664058,426984.9388,Higher relative profit,Higher relative profit/ha
78,Uttarakhand,Pauri,2014,Kharif,Cotton,1894.85,23.1,80.4,Black,Tube Well,242.74,49.36,3758.14,3.67,18103.99,243145.0,13792.3738,249696997.351462,64.69822837893213,17.628945062379326,0.0009737602076878814,66441.64330000001,Higher relative profit,Moderate relative profit/ha
88,Uttarakhand,Pauri,2014,Rabi,Rice,2018.68,24.4,43.2,Laterite,Sprinkler,100.48,39.34,2968.29,6.4,32187.93,265463.0,18997.056,611475908.7340801,89.43297319332007,13.97390206145626,0.0004341348468651528,206002.75200000004,Higher relative profit,Higher relative profit/ha
93,Uttar Pradesh,Lucknow,2014,Kharif,Wheat,1496.19,31.2,73.1,Sandy,Tube Well,61.58,20.03,3835.81,7.93,30604.24,298524.0,30417.973299999998,930918955.186792,77.82554401808223,9.814066080464343,0.00032067668010917253,242691.6232,Higher relative profit,Moderate relative profit/ha
97,Uttar Pradesh,Lucknow,2014,Kharif,Cotton,990.62,18.2,76.1,Laterite,Canal,120.28,25.91,3547.99,4.85,56167.77,276391.0,17207.7515,966521028.4691548,77.90072689043656,16.06200554441991,0.0002859648076542813,272413.6845,Higher relative profit,Moderate relative profit/ha
106,Uttar Pradesh,Lucknow,2014,Kharif,Pulses,570.11,31.6,50.6,Red,Rain-fed,339.49,41.11,4541.08,7.57,29668.19,475330.0,34375.9756,1019872975.5361639,104.67333762012561,13.82738938178674,0.00046606784511582066,224588.1983,Higher relative profit,Higher relative profit/ha
111,Uttar Pradesh,Kanpur,2014,Zaid,Millets,1231.02,23.6,56.0,Laterite,Rain-fed,260.98,58.14,4102.77,7.05,19335.12,303708.0,28924.528500000004,559259229.4909201,74.02510986479865,10.500015583659383,0.0005430540686408662,136312.596,Higher relative profit,Moderate relative profit/ha
115,Uttar Pradesh,Kanpur,2014,Zaid,Barley,600.14,23.8,51.6,Sandy,Canal,69.1,28.09,3990.11,4.54,17875.47,308889.0,18115.0994,323815915.871718,77.41365526263687,17.051465916880368,0.00095390308153466,81154.6338,Higher relative profit,Moderate relative profit/ha
118,Uttar Pradesh,Kanpur,2014,Kharif,Pulses,640.14,25.0,53.6,Alluvial,Tube Well,307.12,50.67,3454.94,8.36,37362.15,283714.0,28883.2984,1079142127.31556,82.1183580612109,9.822770103015658,0.0002629069821467891,312347.574,Higher relative profit,Moderate relative profit/ha
119,Uttar Pradesh,Kanpur,2014,Zaid,Wheat,928.2,18.9,46.0,Black,Rain-fed,66.76,56.34,2625.38,8.42,40780.63,232842.0,22105.6996,901484356.2787479,88.68887551516352,10.533120607501605,0.00025828734395475514,343372.90459999995,Higher relative profit,Higher relative profit/ha
125,Uttar Pradesh,Kanpur,2014,Zaid,Rice,446.64,21.7,63.5,Laterite,Drip,415.42,11.48,3897.33,6.34,23372.23,348862.0,24709.0722,577506118.5450059,89.5130769013658,14.118781845641296,0.0006040836430944457,148179.93819999998,Higher relative profit,Higher relative profit/ha
126,Uttar Pradesh,Kanpur,2014,Zaid,Rice,644.31,19.5,44.5,Alluvial,Sprinkler,335.35,59.85,4071.51,8.26,64288.46,493644.0,33630.6726,2162064150.218196,121.24346986744474,14.678386182499366,0.00022832069989698565,531022.6795999999,Higher relative profit,Higher relative profit/ha
132,Uttar Pradesh,Varanasi,2014,Rabi,Pulses,1916.55,29.3,80.4,Sandy,Canal,61.35,7.5,3243.12,5.41,46509.89,274927.0,17545.2792,816029005.6112881,84.77237968376132,15.669571106055695,0.0003369083673613439,251618.50490000003,Higher relative profit,Higher relative profit/ha
133,Uttar Pradesh,Varanasi,2014,Kharif,Millets,2000.19,28.9,70.3,Laterite,Tube Well,170.84,18.47,4056.01,4.16,36037.84,251174.0,16873.001600000003,608066531.9805441,61.9263759211639,14.88614805797209,0.00041306993032801326,149917.4144,Higher relative profit,Moderate relative profit/ha
134,Uttar Pradesh,Varanasi,2014,Zaid,Millets,1236.0,24.8,42.9,Sandy,Canal,394.59,22.56,4941.31,3.72,33131.98,286876.0,18381.6732,609021228.8289361,58.056669182868504,15.606631500771105,0.00047104433543576635,123250.96560000001,Higher relative profit,Moderate relative profit/ha
135,Uttar Pradesh,Varanasi,2014,Kharif,Pulses,835.13,20.5,59.7,Red,Sprinkler,106.35,7.78,4732.39,7.51,34161.14,626463.0,35540.2489,1214095418.307746,132.37772034849198,17.626860232821837,0.0005159915691578746,256550.16139999998,Higher relative profit,Higher relative profit/ha
140,Uttar Pradesh,Varanasi,2014,Rabi,Pulses,1847.14,28.4,43.2,Sandy,Rain-fed,407.25,12.69,4663.71,3.53,32826.59,233197.0,16462.8963,540420747.052617,50.00246584800513,14.165004489519866,0.0004315100803805655,115877.86269999998,Higher relative profit,Moderate relative profit/ha
141,Uttar Pradesh,Varanasi,2014,Zaid,Millets,1675.73,24.0,79.9,Alluvial,Sprinkler,197.34,42.06,4901.5,5.46,54228.01,408210.0,26762.19,1451260306.9419,83.28266857084566,15.253236001986386,0.0002812796560667888,296084.9346,Higher relative profit,Moderate relative profit/ha
150,Uttar Pradesh,Agra,2014,Rabi,Maize,2081.06,18.7,81.0,Sandy,Sprinkler,365.18,15.25,3770.12,7.57,27341.75,239011.0,28539.8084,780328306.3207,63.39612532227091,8.374653279031824,0.00030629543752802303,206977.04750000002,Higher relative profit,Moderate relative profit/ha
156,Uttar Pradesh,Agra,2014,Kharif,Rice,1345.91,28.6,54.9,Red,Sprinkler,416.9,11.17,4160.99,7.79,22714.31,433267.0,32414.1121,736264190.614151,104.12594118226673,13.366616326350028,0.0005884667562585009,176944.4749,Higher relative profit,Higher relative profit/ha
157,Uttar Pradesh,Agra,2014,Kharif,Millets,609.23,22.1,67.1,Sandy,Tube Well,86.38,33.07,4062.59,4.51,39202.14,230274.0,18322.2809,718272620.9611261,56.68157505433726,12.567976730451718,0.00032059414946356804,176801.6514,Higher relative profit,Moderate relative profit/ha
159,Uttar Pradesh,Agra,2014,Rabi,Cotton,1135.96,33.4,77.1,Laterite,Canal,441.33,40.52,2159.77,8.45,32271.42,304707.0,18250.0565,588955238.3352299,141.0830782907439,16.696222282928275,0.0005173686897858315,272693.49899999995,Higher relative profit,Higher relative profit/ha
161,Uttar Pradesh,Agra,2014,Rabi,Barley,1357.48,34.5,48.6,Sandy,Canal,188.46,20.16,4693.31,6.49,17980.77,490240.0,30459.581900000005,547686736.4400631,104.45506476239582,16.094771149829864,0.0008951102288628275,116695.19730000001,Higher relative profit,Higher relative profit/ha
166,Uttar Pradesh,Meerut,2014,Zaid,Barley,2142.02,29.1,42.4,Black,Canal,147.14,16.18,3268.86,7.93,56898.07,231345.0,25922.0598,1474915173.044586,70.77237936161231,8.924638002725386,0.00015685308838639668,451201.69509999995,Higher relative profit,Moderate relative profit/ha
169,Uttar Pradesh,Meerut,2014,Rabi,Barley,1239.25,31.0,52.0,Black,Rain-fed,193.86,53.55,2383.42,7.06,50287.92,262774.0,16826.9452,846192074.061984,110.25081605424138,15.61626289720133,0.0003105370613300636,355032.7152,Higher relative profit,Higher relative profit/ha
170,Uttar Pradesh,Meerut,2014,Rabi,Pulses,1145.07,29.3,47.2,Black,Tube Well,108.37,19.34,4680.32,5.43,34131.64,242047.0,25414.1376,867426195.4736639,51.71590831396144,9.524108345112605,0.00027904045469577803,185334.8052,Higher relative profit,Moderate relative profit/ha
171,Uttar Pradesh,Meerut,2014,Rabi,Sugarcane,1298.74,31.1,72.7,Black,Drip,152.93,50.19,4835.89,5.88,38001.57,275318.0,28435.0332,1080575904.602124,56.9322296412863,9.682351979810594,0.0002547882095347796,223449.23159999997,Higher relative profit,Moderate relative profit/ha
173,Uttar Pradesh,Meerut,2014,Kharif,Sugarcane,522.34,21.0,47.0,Alluvial,Sprinkler,232.4,8.32,3224.87,8.02,60375.83,377421.0,25863.4574,1561527707.194642,117.03448511102773,14.592828567459817,0.0002416998419311141,484214.15660000005,Higher relative profit,Higher relative profit/ha
174,Uttar Pradesh,Meerut,2014,Kharif,Barley,421.33,28.6,50.1,Alluvial,Sprinkler,440.99,5.94,4084.47,6.12,54726.89,427391.0,24996.9564,1368005683.237596,104.63805585547207,17.097721545011776,0.00031241902371963355,334928.56680000003,Higher relative profit,Higher relative profit/ha
178,Uttar Pradesh,Meerut,2014,Zaid,Wheat,722.84,35.0,35.9,Black,Sprinkler,132.86,12.93,4121.38,7.19,61230.37,325746.0,29632.722200000004,1814422544.4132142,79.03808918372002,10.992780136817803,0.0001795314994310471,440246.36030000006,Higher relative profit,Moderate relative profit/ha
189,Punjab,Ludhiana,2014,Zaid,Rice,1208.32,30.0,67.0,Sandy,Sprinkler,263.75,55.79,4361.21,4.25,13948.55,327781.0,18535.1425,258538361.91837502,75.15827029654614,17.684298893304973,0.0012678234578723218,59281.3375,Higher relative profit,Moderate relative profit/ha
190,Punjab,Ludhiana,2014,Rabi,Rice,596.86,23.0,71.6,Laterite,Canal,116.54,38.7,2859.78,5.91,46277.41,298614.0,16901.2998,782148380.377518,104.41852170446677,17.668108579436,0.00038178689298809076,273499.4931,Higher relative profit,Higher relative profit/ha
192,Punjab,Ludhiana,2014,Kharif,Pulses,2195.86,27.7,51.2,Sandy,Tube Well,418.22,9.72,4173.46,6.53,30461.42,311516.0,27252.6938,830155751.973196,74.64214344932023,11.430649839099575,0.00037525006513483534,198913.0726,Higher relative profit,Moderate relative profit/ha
201,Punjab,Amritsar,2014,Rabi,Rice,1430.89,23.4,64.9,Alluvial,Drip,446.36,34.81,3808.25,6.75,35392.43,261823.0,25705.6875,909786745.4456251,68.75152629160375,10.185411302459816,0.00028778502359006755,238898.90250000003,Higher relative profit,Moderate relative profit/ha
206,Punjab,Amritsar,2014,Zaid,Cotton,1650.47,35.5,60.0,Red,Canal,245.22,37.01,4357.65,7.38,16936.51,569914.0,32159.457,544668965.0750699,130.784711943364,17.721505683382652,0.0010463493177391714,124991.4438,Higher relative profit,Higher relative profit/ha
208,Punjab,Amritsar,2014,Kharif,Rice,1527.12,34.7,35.9,Red,Drip,421.77,13.69,2336.94,8.44,34673.36,354179.0,19723.7736,683889502.5912961,151.556736587161,17.956959311275,0.0005178892184453712,292643.1584,Higher relative profit,Higher relative profit/ha
212,Punjab,Amritsar,2014,Kharif,Wheat,1498.57,21.3,54.3,Black,Canal,135.22,46.15,4607.48,5.7,35446.35,267155.0,26262.636,930914587.5785999,57.98288869403666,10.172436612988887,0.0002869812156396607,202044.195,Higher relative profit,Moderate relative profit/ha
214,Punjab,Amritsar,2014,Rabi,Sugarcane,1331.95,28.2,76.1,Sandy,Canal,168.22,8.0,4499.77,8.17,38229.05,335553.0,36763.1209,1405419187.0421453,74.5711447473982,9.127435097600758,0.00023875652409883995,312331.3385,Higher relative profit,Moderate relative profit/ha
219,Punjab,Patiala,2014,Rabi,Wheat,1674.22,32.0,44.0,Alluvial,Canal,431.21,33.77,3936.64,6.46,20849.04,235725.0,25430.6944,530205564.77337605,59.879745163388066,9.269310396809297,0.00044459171246298616,134684.79840000003,Higher relative profit,Moderate relative profit/ha
225,Punjab,Patiala,2014,Zaid,Maize,411.48,26.2,47.8,Red,Canal,188.57,51.18,4398.27,8.14,12077.49,521743.0,35801.9178,432397304.210322,118.62459557962562,14.573046140003147,0.0012066287067928143,98310.7686,Higher relative profit,Higher relative profit/ha
232,Punjab,Patiala,2014,Rabi,Rice,1448.18,23.2,79.7,Alluvial,Canal,58.72,8.55,4522.23,4.44,18825.95,342358.0,20078.7012,378000624.85614,75.70557003956013,17.050804062963994,0.0009057074975214527,83587.21800000001,Higher relative profit,Moderate relative profit/ha
236,Punjab,Jalandhar,2014,Zaid,Wheat,2012.38,33.6,38.2,Black,Rain-fed,446.61,34.12,3857.53,8.5,63620.93,295145.0,32789.005000000005,2086066991.8746502,76.51139459706081,9.001340540830682,0.00014148395097070545,540777.905,Higher relative profit,Moderate relative profit/ha
237,Punjab,Jalandhar,2014,Rabi,Wheat,1775.29,37.0,66.7,Red,Sprinkler,443.07,26.36,4682.51,8.44,21206.74,409649.0,39520.3844,838098516.6708561,87.48491727727223,10.365511525743155,0.000488783826544917,178984.8856,Higher relative profit,Higher relative profit/ha
238,Punjab,Jalandhar,2014,Kharif,Wheat,1666.22,25.0,66.2,Laterite,Canal,106.84,57.16,4199.81,7.12,63430.55,401331.0,29902.647200000003,1896741358.3519602,95.55932292175122,13.421253219347081,0.0002115897342738961,451625.516,Higher relative profit,Higher relative profit/ha
242,Punjab,Jalandhar,2014,Zaid,Maize,1081.09,32.7,51.2,Alluvial,Drip,121.08,5.1,3539.84,5.38,57090.12,299154.0,19044.339200000002,1087243610.2487042,84.51059934912313,15.708289841844445,0.0002751490072510698,307144.84560000006,Higher relative profit,Higher relative profit/ha
253,Punjab,Bathinda,2014,Zaid,Sugarcane,1855.23,20.5,58.3,Alluvial,Canal,445.31,28.95,4986.62,5.78,56207.73,304911.0,28822.6636,1620056493.509628,61.14582623099414,10.57886266972217,0.0001882101033029117,324880.6794,Higher relative profit,Moderate relative profit/ha
255,Punjab,Bathinda,2014,Rabi,Maize,1419.87,29.7,88.1,Red,Tube Well,90.08,10.81,3919.77,6.94,57976.19,457051.0,27203.203800000003,1577138112.1175222,116.60148427076078,16.80136660961971,0.0002897977016016352,402354.75860000006,Higher relative profit,Higher relative profit/ha
256,Punjab,Bathinda,2014,Zaid,Millets,1429.64,27.5,44.5,Black,Canal,211.19,39.0,3435.98,4.13,32977.02,238254.0,14190.5974,467963614.27174795,69.34091583769406,16.78956799944166,0.0005091293270114056,136195.09259999997,Higher relative profit,Moderate relative profit/ha
264,Punjab,Bathinda,2014,Rabi,Barley,1452.08,18.1,90.0,Alluvial,Rain-fed,436.59,51.17,2851.14,5.53,26981.87,234045.0,15766.8042,425417861.239854,82.0882173446411,14.84416226847036,0.0005501532054105353,149209.74109999998,Higher relative profit,Moderate relative profit/ha
269,Punjab,Bathinda,2014,Rabi,Rice,1250.0,21.9,41.6,Laterite,Sprinkler,322.28,34.14,2124.23,7.56,19991.26,287836.0,16059.1788,321043218.77728796,135.50133460124374,17.923456957836475,0.0008965646466424066,151133.9256,Higher relative profit,Higher relative profit/ha
277,Maharashtra,Pune,2014,Kharif,Rice,908.87,33.7,62.4,Alluvial,Sprinkler,293.6,47.79,4174.34,8.3,30969.86,419145.0,34647.022000000004,1073013420.7569202,100.40988515549763,12.09757652475875,0.0003906241915449004,257049.83800000005,Higher relative profit,Higher relative profit/ha
281,Maharashtra,Pune,2014,Kharif,Pulses,729.16,26.0,87.9,Black,Canal,158.73,26.21,4268.29,7.04,46388.86,479852.00000000006,30048.7616,1393927795.0357761,112.42253923702468,15.969110687077368,0.00034424451661621704,326577.57440000004,Higher relative profit,Higher relative profit/ha
282,Maharashtra,Pune,2014,Zaid,Maize,586.68,36.2,61.5,Black,Tube Well,277.58,29.1,3095.48,6.89,44402.0,354592.0,21327.8572,946999515.3943999,114.5515396642847,16.625767730665416,0.0003744373616203193,305929.77999999997,Higher relative profit,Higher relative profit/ha
283,Maharashtra,Pune,2014,Zaid,Millets,603.29,26.2,37.5,Black,Rain-fed,154.65,22.28,3552.38,6.15,52679.02,300758.0,21847.137000000002,1150885766.96574,84.66380285892838,13.766472009581848,0.0002613274128786346,323975.973,Higher relative profit,Higher relative profit/ha
286,Maharashtra,Pune,2014,Kharif,Millets,1199.54,29.5,39.8,Sandy,Sprinkler,249.38,22.38,4905.29,6.64,12941.76,391974.0,32571.1256,421527690.445056,79.90842539380954,12.034401414730352,0.000929889088866611,85933.28640000001,Higher relative profit,Moderate relative profit/ha
290,Maharashtra,Nashik,2014,Zaid,Sugarcane,1690.22,20.2,57.8,Black,Tube Well,420.65,51.06,2985.17,6.84,35876.74,297796.0,20418.5628,732551468.749272,99.75847271679669,14.5845720346194,0.0004065188764257678,245396.90159999998,Higher relative profit,Higher relative profit/ha
291,Maharashtra,Nashik,2014,Zaid,Wheat,1354.66,19.0,86.4,Black,Canal,385.53,31.56,2590.83,7.92,21391.73,282871.0,20519.3736,438944899.820328,109.18161361416998,13.785557274516412,0.0006444339599703442,169422.50160000002,Higher relative profit,Higher relative profit/ha
292,Maharashtra,Nashik,2014,Rabi,Barley,1583.54,30.1,52.7,Red,Tube Well,402.56,28.03,3084.07,6.26,25156.66,231264.0,19306.2782,485681476.542812,74.98662481720584,11.978694060256522,0.00047616392876703516,157480.6916,Higher relative profit,Moderate relative profit/ha
297,Maharashtra,Nashik,2014,Rabi,Barley,827.67,33.7,78.9,Sandy,Canal,165.06,41.55,4639.78,4.03,62705.2,332049.0,18698.3134,1172481481.40968,71.5656776829936,17.75823267568079,0.0002832019142859092,252701.95599999998,Higher relative profit,Moderate relative profit/ha
301,Maharashtra,Nashik,2014,Zaid,Millets,1821.83,29.0,39.0,Sandy,Tube Well,333.07,33.9,4789.24,5.0,53671.69,229733.0,23946.199999999997,1285233023.0779998,47.96857121380428,9.593714242760857,0.00017874813039725146,268358.44999999995,Higher relative profit,Moderate relative profit/ha
302,Maharashtra,Nashik,2014,Zaid,Rice,1028.93,35.7,71.5,Alluvial,Canal,182.43,21.15,4756.51,5.71,37167.43,369734.0,27159.6721,1009455211.599703,77.73220281256636,13.613345501325107,0.00036627083178269543,212226.02529999998,Higher relative profit,Moderate relative profit/ha
307,Maharashtra,Nagpur,2014,Kharif,Barley,1179.45,18.3,72.0,Red,Sprinkler,263.93,40.28,3129.91,6.72,43037.22,315680.0,21032.995199999998,905201641.6813439,100.85913013473231,15.00879912719231,0.0003487399773310709,289210.1184,Higher relative profit,Higher relative profit/ha
310,Maharashtra,Nagpur,2014,Zaid,Wheat,409.05,29.9,64.5,Sandy,Drip,428.79,21.76,3766.65,7.8,30224.14,356276.0,29379.87,887981304.0618,94.5869671989699,12.126534256278193,0.000401220158994704,235748.292,Higher relative profit,Higher relative profit/ha
317,Maharashtra,Nagpur,2014,Kharif,Millets,1302.02,19.8,55.0,Laterite,Drip,54.24,18.14,4823.6,8.37,48260.57,628699.0,40373.532,1948449667.23324,130.3381291981093,15.57205844660804,0.0003226662769753453,403940.97089999996,Higher relative profit,Higher relative profit/ha
323,Maharashtra,Nagpur,2014,Zaid,Wheat,2003.44,20.9,44.1,Red,Canal,418.98,33.42,2086.74,8.28,45794.0,290016.0,17278.207199999997,791238220.5167999,138.98041921849392,16.785074784842262,0.00036653436661663675,379174.32,Higher relative profit,Higher relative profit/ha
327,Maharashtra,Aurangabad,2014,Zaid,Barley,1066.68,18.9,64.1,Sandy,Canal,141.79,49.13,3968.82,3.98,43219.55,243477.0,15795.903600000001,682691845.4353801,61.34745339924713,15.413933014886213,0.00035664260768300944,172013.809,Higher relative profit,Moderate relative profit/ha
328,Maharashtra,Aurangabad,2014,Kharif,Barley,640.99,27.5,47.8,Sandy,Sprinkler,393.62,20.58,4396.15,4.18,22018.11,277320.0,18375.906999999996,404602741.6757699,63.0824698884251,15.091499973307444,0.0006854130519516635,92035.69979999999,Higher relative profit,Moderate relative profit/ha
334,Maharashtra,Aurangabad,2014,Kharif,Cotton,750.54,33.7,63.1,Red,Tube Well,329.38,38.84,3402.72,3.83,46716.01,231410.0,13032.417599999999,608822550.925776,68.0073588188273,17.756490553218615,0.0003800943306848897,178922.3183,Higher relative profit,Moderate relative profit/ha
335,Maharashtra,Aurangabad,2014,Zaid,Pulses,1605.39,26.1,46.0,Red,Rain-fed,56.15,43.7,4603.97,5.21,50485.35,326006.0,23986.6837,1210976121.933795,70.8097576656668,13.591124312028176,0.0002692092718388241,263028.6735,Higher relative profit,Moderate relative profit/ha
337,Maharashtra,Aurangabad,2014,Rabi,Cotton,1977.0,34.3,66.6,Laterite,Sprinkler,327.68,58.13,2859.53,6.82,52146.08,343477.0,19501.9946,1016952570.5711682,120.11659258689365,17.61240360511637,0.00033775124813056645,355636.26560000004,Higher relative profit,Higher relative profit/ha
338,Maharashtra,Aurangabad,2014,Zaid,Wheat,1267.55,23.2,56.0,Alluvial,Rain-fed,365.46,17.12,3535.76,7.04,33858.58,287026.0,24891.7504,842799322.258432,81.17802113265606,11.530968910888644,0.00034056268487599433,238364.4032,Higher relative profit,Moderate relative profit/ha
341,Maharashtra,Aurangabad,2014,Rabi,Wheat,1775.64,28.8,37.3,Black,Sprinkler,242.92,39.14,2512.47,8.39,59540.99,351770.0,21079.6233,1255101640.109067,140.00963195580445,16.68767961332592,0.0002802721220007581,499548.9061,Higher relative profit,Higher relative profit/ha
355,Maharashtra,Kolhapur,2014,Zaid,Millets,1363.18,31.8,62.1,Red,Drip,352.19,21.48,3852.76,7.03,43641.2,432483.0,27084.902800000003,1182017660.07536,112.25277463428814,15.967677757366733,0.00036588539630823014,306797.636,Higher relative profit,Higher relative profit/ha
364,Karnataka,Bengaluru,2014,Zaid,Pulses,2075.53,37.9,69.4,Red,Tube Well,73.91,40.45,3536.51,6.98,18668.86,254914.0,24684.8398,460837818.34862804,72.08066709835403,10.326743137300003,0.0005531533868324045,130308.6428,Higher relative profit,Moderate relative profit/ha
365,Karnataka,Bengaluru,2014,Zaid,Sugarcane,438.44,25.6,74.8,Black,Sprinkler,150.28,7.17,3562.47,5.28,40764.91,242664.0,18809.8416,766781499.938256,68.11678414134015,12.900906087375025,0.0003164708590642056,215238.72480000003,Higher relative profit,Moderate relative profit/ha
373,Karnataka,Bengaluru,2014,Zaid,Pulses,1583.56,28.7,68.0,Laterite,Rain-fed,423.41,54.64,2795.4,8.48,56777.26,287386.0,23704.992000000002,1345904494.0819201,102.80675395292266,12.12343796614654,0.000213526294966445,481471.1648,Higher relative profit,Higher relative profit/ha
374,Karnataka,Bengaluru,2014,Rabi,Sugarcane,1413.66,22.3,77.1,Sandy,Canal,420.46,18.97,4812.09,4.47,33045.8,328311.0,21510.0423,710816555.8373401,68.22628005710617,15.263149900918604,0.0004618786623691544,147714.72600000002,Higher relative profit,Moderate relative profit/ha
377,Karnataka,Bengaluru,2014,Zaid,Pulses,1827.23,21.5,80.4,Laterite,Canal,325.84,36.69,4547.51,5.55,27920.84,386351.0,25238.680500000002,704685160.05162,84.95880162990295,15.307892185568098,0.000548260445802064,154960.66199999998,Higher relative profit,Higher relative profit/ha
381,Karnataka,Mysuru,2014,Rabi,Maize,1265.66,22.0,56.7,Red,Sprinkler,278.53,35.86,4985.69,5.03,24842.7,267396.0,25078.0207,623005744.8438901,53.63269677817915,10.662563971805,0.00042920310480764966,124958.78100000002,Higher relative profit,Moderate relative profit/ha
382,Karnataka,Mysuru,2014,Rabi,Rice,602.55,26.3,55.1,Sandy,Drip,126.2,23.95,3311.51,6.82,20970.53,259658.0,22584.4982,473608897.038046,78.4107552143886,11.497178183927947,0.0005482540586207381,143019.0146,Higher relative profit,Moderate relative profit/ha
386,Karnataka,Mysuru,2014,Zaid,Cotton,1593.37,36.3,54.8,Alluvial,Rain-fed,93.16,21.09,4428.67,4.02,63929.02,232963.0,17803.253399999998,1138144542.673668,52.60337753772577,13.085417297941737,0.00020468665557428747,256994.66039999996,Higher relative profit,Moderate relative profit/ha
389,Karnataka,Mysuru,2014,Rabi,Cotton,806.05,24.8,56.6,Black,Sprinkler,104.9,45.14,2651.52,6.15,58253.18,242405.00000000003,16306.848,949925751.77664,91.42114711561672,14.86522717327101,0.0002551831019915309,358257.05700000003,Higher relative profit,Higher relative profit/ha
392,Karnataka,Mysuru,2014,Kharif,Wheat,1777.78,35.6,57.8,Alluvial,Drip,214.5,29.37,4675.47,7.73,61462.25,388085.0,36141.38310000001,2221330723.4379754,83.00448938823263,10.737967579331515,0.00017470833852212562,475103.19250000006,Higher relative profit,Moderate relative profit/ha
400,Karnataka,Hubli,2014,Rabi,Rice,605.5,27.0,55.0,Alluvial,Drip,259.53,26.12,3976.23,4.94,62336.96,231523.0,19642.576200000003,1224458486.876352,58.22676253637239,11.786794035702911,0.00018908195131271902,307944.5824,Higher relative profit,Moderate relative profit/ha
401,Karnataka,Hubli,2014,Rabi,Pulses,1417.88,31.2,43.3,Red,Drip,397.53,14.84,3589.03,4.26,28404.47,239832.00000000003,15289.2678,434283548.54706603,66.8236264394558,15.68629728625723,0.0005522474908441252,121003.0422,Higher relative profit,Moderate relative profit/ha
406,Karnataka,Hubli,2014,Zaid,Millets,642.18,31.9,50.1,Sandy,Canal,260.82,33.86,3509.56,5.67,17793.02,304404.0,19899.2052,354066956.10770404,86.7356591709502,15.29729438641097,0.0008597356933455349,100886.42340000001,Higher relative profit,Higher relative profit/ha
408,Karnataka,Hubli,2014,Zaid,Millets,1335.47,30.6,62.1,Alluvial,Drip,121.96,38.52,3572.08,8.35,12083.79,245769.0,29826.868,360421609.26972,68.80277037468366,8.239852739483073,0.0006818930765499129,100899.6465,Higher relative profit,Moderate relative profit/ha
411,Karnataka,Hubli,2014,Rabi,Maize,1266.69,30.5,84.1,Sandy,Rain-fed,264.79,23.43,3941.55,4.22,51356.99,271973.0,16633.341,854238327.40359,69.00153492915223,16.351074627761193,0.00031838070392679153,216726.49779999998,Higher relative profit,Moderate relative profit/ha
412,Karnataka,Hubli,2014,Zaid,Wheat,774.87,31.7,79.0,Sandy,Drip,405.21,24.45,4851.11,3.25,13652.18,281207.0,15766.107499999998,215241737.48935,57.967557940347675,17.83617167395313,0.001306470591067004,44369.585,Higher relative profit,Moderate relative profit/ha
415,Karnataka,Belagavi,2014,Zaid,Millets,1718.39,28.5,77.7,Alluvial,Tube Well,107.32,52.95,4128.48,8.05,47866.02,309982.0,33234.264,1590791945.30928,75.08380808433128,9.327181128488357,0.00019486017697916723,385321.461,Higher relative profit,Moderate relative profit/ha
420,Karnataka,Belagavi,2014,Zaid,Pulses,962.39,34.3,74.2,Laterite,Canal,318.35,34.34,4871.04,6.72,36681.85,305008.0,32733.388799999997,1200721257.9532797,62.616607541715936,9.317947550850587,0.00025402065465211234,246502.03199999995,Higher relative profit,Moderate relative profit/ha
423,Karnataka,Belagavi,2014,Zaid,Rice,1826.38,28.7,57.0,Sandy,Tube Well,215.38,39.15,2784.95,8.31,32342.27,263995.0,23142.9345,748495036.1913149,94.7934433293237,11.407153228558807,0.0003527010697937655,268764.2637,Higher relative profit,Higher relative profit/ha
425,Karnataka,Belagavi,2014,Zaid,Rice,1879.64,21.5,87.6,Alluvial,Canal,77.84,10.98,4088.93,6.83,32082.28,361463.0,27927.3919,895974406.6055319,88.40038836566046,12.942955836846334,0.00040343005038439704,219121.9724,Higher relative profit,Higher relative profit/ha
427,Karnataka,Belagavi,2014,Kharif,Sugarcane,1626.73,24.3,66.4,Sandy,Canal,415.28,21.75,4722.33,4.37,64076.76,236137.0,20636.5821,1322325318.441996,50.00434107739188,11.44264097880821,0.0001785770844032721,280015.4412,Higher relative profit,Moderate relative profit/ha
443,Karnataka,Mangalore,2014,Kharif,Sugarcane,1705.45,23.0,36.9,Alluvial,Canal,297.76,8.13,3011.28,7.73,23491.71,325738.0,23277.194400000004,546821100.4584241,108.17260434101112,13.993868608151502,0.0005956939110925302,181590.91830000002,Higher relative profit,Higher relative profit/ha
448,Karnataka,Mangalore,2014,Zaid,Pulses,2028.31,29.5,63.3,Black,Canal,425.96,31.99,2236.68,7.36,53389.66,260985.0,16461.964799999998,878898703.6039679,116.68410322442192,15.853818372883413,0.0002969454829433904,392947.89759999997,Higher relative profit,Higher relative profit/ha
451,Tamil Nadu,Chennai,2014,Zaid,Rice,1993.39,26.8,45.4,Red,Tube Well,64.28,6.4,4982.28,2.94,32604.68,233303.00000000003,14647.903199999999,477590196.50697595,46.82655330491262,15.927399083303612,0.0004885003957500461,95857.7592,Higher relative profit,Moderate relative profit/ha
454,Tamil Nadu,Chennai,2014,Rabi,Rice,1221.13,21.4,67.5,Red,Tube Well,377.12,10.85,2536.0,7.03,23690.34,286043.0,17828.08,422353276.7472001,112.79298107255521,16.044520778457354,0.0006772600468569616,166543.09020000004,Higher relative profit,Higher relative profit/ha
458,Tamil Nadu,Chennai,2014,Rabi,Millets,1141.66,36.8,68.6,Laterite,Canal,65.05,14.9,2549.45,8.14,45241.16,328426.0,20752.523,938868213.4466801,128.82229500480497,15.825834767175056,0.0003498105434779978,368263.04240000003,Higher relative profit,Higher relative profit/ha
459,Tamil Nadu,Chennai,2014,Kharif,Sugarcane,745.43,37.7,88.7,Red,Canal,297.57,52.45,4935.23,4.91,36603.45,345661.0,24231.9793,886974042.7085849,70.03949157384763,14.264662234999516,0.00038970813502551036,179722.9395,Higher relative profit,Moderate relative profit/ha
468,Tamil Nadu,Chennai,2014,Kharif,Sugarcane,1565.75,19.8,61.4,Laterite,Drip,171.93,43.68,4303.82,6.66,13293.91,359681.0,28663.441199999997,381049207.60309196,83.57250070867276,12.548423529830746,0.0009439227082047905,88537.4406,Higher relative profit,Moderate relative profit/ha
469,Tamil Nadu,Coimbatore,2014,Zaid,Pulses,1528.26,32.1,35.1,Sandy,Sprinkler,300.92,26.17,3484.68,5.08,27719.27,274895.0,17702.1744,490691351.780688,78.88672704523802,15.528883276621656,0.000560219777671694,140813.8916,Higher relative profit,Moderate relative profit/ha
470,Tamil Nadu,Coimbatore,2014,Rabi,Sugarcane,1817.85,19.6,83.4,Laterite,Sprinkler,344.3,8.01,4732.08,6.12,59062.83,263819.0,28960.3296,1710479023.9087682,55.751170732531996,9.109668420348365,0.00015423691042823996,361464.51960000006,Higher relative profit,Moderate relative profit/ha
474,Tamil Nadu,Coimbatore,2014,Zaid,Rice,596.86,23.5,73.3,Black,Tube Well,248.53,53.12,2651.37,5.78,27537.98,271186.0,15324.9186,422017301.908428,102.2814620366075,17.695754677613753,0.000642594506845228,159169.52440000002,Higher relative profit,Higher relative profit/ha
475,Tamil Nadu,Coimbatore,2014,Zaid,Pulses,1156.23,32.8,36.2,Red,Rain-fed,125.62,6.21,4029.75,7.3,39539.89,334143.0,29417.175,1163151863.61075,82.91903964265774,11.35877255378873,0.00028727375199548433,288641.197,Higher relative profit,Moderate relative profit/ha
479,Tamil Nadu,Coimbatore,2014,Zaid,Maize,1360.56,20.4,36.4,Sandy,Rain-fed,422.43,47.27,4744.17,7.97,20270.82,669312.0,37811.0349,766460682.4716179,141.08094777379395,17.70149909332421,0.0008732502727232648,161558.4354,Higher relative profit,Higher relative profit/ha
482,Tamil Nadu,Coimbatore,2014,Zaid,Cotton,752.29,19.7,81.7,Alluvial,Rain-fed,320.83,57.67,4881.61,4.08,37994.66,279469.0,19916.9688,756738457.786608,57.249350111950775,14.031703458811464,0.00036930725156670603,155018.2128,Higher relative profit,Moderate relative profit/ha
486,Tamil Nadu,Coimbatore,2014,Kharif,Barley,921.03,27.8,80.3,Red,Rain-fed,170.8,37.19,2521.09,6.6,23899.57,264766.0,16639.194,397669581.74658,105.02044750484909,15.912189015886227,0.0006657939459114213,157737.16199999998,Higher relative profit,Higher relative profit/ha
490,Tamil Nadu,Madurai,2014,Zaid,Sugarcane,1779.6,21.7,40.2,Red,Canal,351.05,34.9,4374.97,7.24,48303.26,348762.0,31674.782800000004,1529995269.0319283,79.71757520622998,11.010714807490327,0.0002279497244593911,349715.60240000003,Higher relative profit,Moderate relative profit/ha
494,Tamil Nadu,Madurai,2014,Kharif,Rice,433.85,27.7,58.7,Alluvial,Rain-fed,128.54,6.8,3332.97,5.53,36861.36,314905.0,18431.324099999998,679403672.9267759,94.48179851603825,17.085316187348692,0.000463502057095796,203843.3208,Higher relative profit,Higher relative profit/ha
502,Tamil Nadu,Madurai,2014,Rabi,Cotton,1761.35,34.0,86.9,Alluvial,Canal,192.44,41.67,4755.68,8.41,39104.97,378905.0,39995.268800000005,1564013786.5659363,79.67420011438952,9.4737455546242,0.00024226448849402516,328872.79770000005,Higher relative profit,Moderate relative profit/ha
513,Tamil Nadu,Salem,2014,Zaid,Barley,1594.22,24.3,57.8,Black,Sprinkler,150.51,33.35,3390.65,5.2,58687.52,251749.0,17631.38,1034741966.3776,74.24800554465958,14.278462604742225,0.00024329640449523556,305175.104,Higher relative profit,Moderate relative profit/ha
517,Tamil Nadu,Salem,2014,Kharif,Wheat,763.58,23.5,36.6,Alluvial,Canal,365.87,20.28,2798.46,5.9,14238.32,251374.0,16510.914,235087677.02448002,89.82583277945727,15.224717420246995,0.0010692776549654029,84006.088,Higher relative profit,Higher relative profit/ha
523,Tamil Nadu,Tiruchirappalli,2014,Rabi,Cotton,562.45,34.5,48.0,Alluvial,Rain-fed,134.15,53.96,4587.86,5.81,58611.76,417622.0,26655.466599999996,1562323811.047216,91.02762508010271,15.66740534941527,0.00026730822192364245,340534.3256,Higher relative profit,Higher relative profit/ha
524,Tamil Nadu,Tiruchirappalli,2014,Zaid,Rice,1881.76,36.8,60.9,Red,Sprinkler,215.18,51.26,3615.19,7.6,55472.79,446311.0,27475.444,1524139535.16876,123.45436892666775,16.24399591140365,0.00029282817596525525,421593.204,Higher relative profit,Higher relative profit/ha
529,Tamil Nadu,Tiruchirappalli,2014,Rabi,Cotton,668.65,37.2,44.4,Alluvial,Drip,276.9,5.78,2676.6,6.85,61199.1,298353.0,18334.71,1122067750.761,111.46715982963461,16.272578077318922,0.00026589570888001495,419213.83499999996,Higher relative profit,Higher relative profit/ha
540,Tamil Nadu,Tiruchirappalli,2014,Kharif,Pulses,2145.59,31.1,87.3,Red,Rain-fed,179.97,45.23,3698.17,8.19,42165.4,306323.0,30288.0123,1277106153.83442,82.83096774891365,10.113671275813633,0.00023985711687339936,345334.626,Higher relative profit,Moderate relative profit/ha
542,Rajasthan,Jaipur,2014,Kharif,Barley,912.88,33.1,71.0,Red,Canal,98.24,32.0,2218.56,7.09,28435.37,233578.00000000003,15729.5904,447276722.97244793,105.28360738497045,14.849592014805424,0.0005222225705100874,201606.77329999997,Higher relative profit,Higher relative profit/ha
546,Rajasthan,Jaipur,2014,Rabi,Barley,1143.43,27.3,74.6,Black,Drip,375.13,24.55,2969.28,6.81,12862.24,311505.0,20220.7968,260084741.432832,104.90927093436792,15.405179285516583,0.001197705787290284,87591.8544,Higher relative profit,Higher relative profit/ha
550,Rajasthan,Jaipur,2014,Rabi,Sugarcane,1946.22,22.2,70.7,Black,Tube Well,309.9,28.97,3167.69,6.97,22118.47,243069.0,22078.7993,488349259.953071,76.73383443455641,11.009158455460032,0.0004977359851499688,154165.7359,Higher relative profit,Moderate relative profit/ha
562,Rajasthan,Jodhpur,2014,Zaid,Barley,2052.44,36.0,87.4,Alluvial,Canal,256.46,42.52,4724.33,4.43,52818.05,317621.0,20928.781899999998,1105417448.8332949,67.23090893311856,15.176277411539179,0.0002873312704944461,233983.96149999998,Higher relative profit,Moderate relative profit/ha
565,Rajasthan,Jodhpur,2014,Kharif,Sugarcane,1997.64,30.5,69.0,Alluvial,Sprinkler,226.86,23.99,4077.97,5.94,53096.22,407185.0,24223.1418,1286157266.103996,99.84992533049532,16.809751739140626,0.0003165903663036771,315391.5468,Higher relative profit,Higher relative profit/ha
568,Rajasthan,Jodhpur,2014,Zaid,Rice,485.92,31.0,41.9,Sandy,Sprinkler,169.18,45.53,2320.42,8.38,54685.54,347873.0,19445.1196,1063366865.6905841,149.91811827169218,17.889990247218638,0.0003271429750390805,458264.8252,Higher relative profit,Higher relative profit/ha
570,Rajasthan,Jodhpur,2014,Zaid,Millets,576.38,32.2,80.6,Laterite,Sprinkler,82.78,8.42,4453.7,4.68,35646.7,243720.0,20843.316,742995432.4571999,54.72303927071873,11.692957109127933,0.0003280235508231599,166826.55599999998,Higher relative profit,Moderate relative profit/ha
571,Rajasthan,Jodhpur,2014,Zaid,Barley,1969.63,29.7,70.0,Black,Tube Well,448.6,42.9,4744.32,6.54,34096.88,298749.0,31027.852799999997,1057952973.5792638,62.96982496964792,9.6284136039217,0.0002823840070974735,222993.59519999998,Higher relative profit,Moderate relative profit/ha
573,Rajasthan,Jodhpur,2014,Kharif,Rice,617.56,29.4,37.2,Sandy,Tube Well,111.32,25.43,4956.0,3.41,37754.05,268913.0,16899.96,638041934.838,54.26008878127522,15.91204949597514,0.00042146602804136606,128741.3105,Higher relative profit,Moderate relative profit/ha
575,Rajasthan,Jodhpur,2014,Rabi,Millets,2020.52,33.6,61.1,Black,Rain-fed,338.01,38.31,3833.56,4.88,36429.62,233834.0,18707.7728,681517054.150336,60.996567159507094,12.499296549079322,0.00034310806835424914,177776.5456,Higher relative profit,Moderate relative profit/ha
576,Rajasthan,Jodhpur,2014,Zaid,Rice,1839.66,31.3,57.5,Alluvial,Drip,143.13,26.75,2750.87,8.19,59172.29,346035.0,22529.625299999996,1333129521.8429368,125.79111335686528,15.359110299983554,0.00025956592688881154,484621.05509999994,Higher relative profit,Higher relative profit/ha
578,Rajasthan,Udaipur,2014,Zaid,Sugarcane,1751.01,28.1,36.0,Laterite,Canal,313.3,34.25,4815.65,3.21,22907.66,251921.0,15458.236499999999,354112025.94158995,52.31297955623852,16.296878366429446,0.0007114161100011719,73533.58859999999,Higher relative profit,Moderate relative profit/ha
586,Rajasthan,Udaipur,2014,Zaid,Rice,1894.9,32.5,89.9,Red,Tube Well,401.31,16.6,2573.62,7.06,58848.38,317136.0,18169.7572,1069260776.213336,123.22565102851237,17.45405821933603,0.0002965936907581148,415469.5628,Higher relative profit,Higher relative profit/ha
589,Rajasthan,Udaipur,2014,Kharif,Pulses,2149.67,25.5,68.1,Laterite,Canal,204.7,51.15,4078.16,8.38,18612.48,400012.0,34174.980800000005,636081146.6403841,98.08639190223042,11.70482003606568,0.0006288694486745281,155972.5824,Higher relative profit,Higher relative profit/ha
590,Rajasthan,Udaipur,2014,Rabi,Sugarcane,1737.66,33.2,72.4,Red,Canal,333.68,15.53,4099.78,5.76,54845.97,241141.0,23614.732799999998,1295172926.706816,58.81803413841719,10.211464260141874,0.00018618440443558338,315912.7872,Higher relative profit,Moderate relative profit/ha
593,Rajasthan,Udaipur,2014,Rabi,Cotton,1625.22,35.7,35.1,Red,Canal,220.85,42.02,3285.15,7.43,29118.96,401362.0,24408.6645,710754925.22892,122.17463433937567,16.44342319507075,0.0005646981621277254,216353.87279999998,Higher relative profit,Higher relative profit/ha
594,Rajasthan,Udaipur,2014,Rabi,Millets,1292.03,28.3,37.4,Alluvial,Sprinkler,338.49,7.58,4600.12,5.09,28760.82,279069.0,23414.6108,673423406.588856,60.66559133240003,11.918583758821224,0.00041440347524240346,146392.5738,Higher relative profit,Moderate relative profit/ha
599,Rajasthan,Kota,2014,Zaid,Wheat,1216.14,27.3,58.5,Black,Canal,298.08,10.57,3289.51,6.13,13376.52,265612.0,20164.6963,269733463.35087603,80.74515657347142,13.172129946732696,0.0009847202371568013,81998.06760000001,Higher relative profit,Moderate relative profit/ha
609,Rajasthan,Kota,2014,Kharif,Barley,1649.84,24.4,58.6,Red,Drip,304.46,55.66,3839.1,5.49,57285.08,230617.0,21076.659,1207378096.94772,60.070589461071606,10.941819573965684,0.00019100644659945807,314495.08920000005,Higher relative profit,Moderate relative profit/ha
610,Rajasthan,Kota,2014,Zaid,Wheat,1533.03,23.6,42.0,Alluvial,Drip,253.31,37.12,2496.05,6.51,53587.26,258526.00000000003,16249.2855,870754686.90273,103.57404699425092,15.909991857795841,0.00029689877515282255,348853.06259999995,Higher relative profit,Higher relative profit/ha
619,Rajasthan,Ajmer,2014,Zaid,Wheat,1299.64,31.2,54.5,Alluvial,Sprinkler,140.2,28.41,3787.87,6.77,48597.49,281990.0,25643.879899999996,1246228197.0014508,74.4455327136359,10.996385925204713,0.00022627477108806883,329005.00729999994,Higher relative profit,Moderate relative profit/ha
620,Rajasthan,Ajmer,2014,Kharif,Wheat,2059.86,21.1,87.4,Laterite,Canal,182.1,39.64,3054.71,5.64,57948.07,306698.0,17228.5644,998362055.850708,100.401674790733,17.801715388427837,0.0003072011783727713,326827.1148,Higher relative profit,Higher relative profit/ha
623,Rajasthan,Ajmer,2014,Rabi,Barley,682.66,20.2,64.5,Laterite,Drip,241.3,8.78,4779.97,7.52,18886.41,361494.0,35945.3744,678879078.521904,75.62683447804065,10.056759903994768,0.0005324865818329036,142025.8032,Higher relative profit,Moderate relative profit/ha
628,Rajasthan,Ajmer,2014,Kharif,Barley,1211.68,23.1,62.8,Laterite,Canal,234.87,9.03,3502.98,6.67,32201.25,361211.0,23364.8766,752378232.61575,103.11534750412505,15.459572339449034,0.00048009230509526914,214782.3375,Higher relative profit,Higher relative profit/ha
631,West Bengal,Kolkata,2014,Zaid,Millets,1044.56,22.3,36.9,Alluvial,Tube Well,320.02,16.89,3514.04,7.31,55010.13,370162.0,25687.6324,1413079997.7162118,105.33801550352301,14.41012523988003,0.0002619540299192173,402124.05029999994,Higher relative profit,Higher relative profit/ha
633,West Bengal,Kolkata,2014,Rabi,Sugarcane,1623.93,19.3,87.7,Red,Sprinkler,88.64,50.95,3354.13,6.49,14332.66,285709.0,21768.3037,311997695.708842,85.18125415532492,13.125000640265782,0.0009157407376066817,93018.9634,Higher relative profit,Higher relative profit/ha
635,West Bengal,Kolkata,2014,Kharif,Millets,796.17,31.2,50.3,Sandy,Sprinkler,299.56,7.42,4438.75,4.2,52679.89,242277.0,18642.75,982098019.2975,54.582258518727116,12.995775837792172,0.00024669329867226696,221255.538,Higher relative profit,Moderate relative profit/ha
636,West Bengal,Kolkata,2014,Zaid,Maize,853.49,19.9,52.8,Red,Tube Well,302.35,26.37,4630.31,6.83,19045.37,308449.0,31625.017300000003,602310155.7349011,66.6151942310558,9.753322727826617,0.0005121099105885902,130079.8771,Higher relative profit,Moderate relative profit/ha
643,West Bengal,Kolkata,2014,Rabi,Rice,2111.82,25.2,55.8,Alluvial,Tube Well,238.29,28.25,3086.03,4.36,20261.56,235970.0,13455.090800000002,272621129.54964805,76.46393586582113,17.537599969225028,0.0008655602021376946,88340.40160000001,Higher relative profit,Moderate relative profit/ha
650,West Bengal,Howrah,2014,Rabi,Rice,1545.12,33.5,53.9,Alluvial,Canal,107.09,46.18,4657.08,4.11,28329.32,342047.0,19140.5988,542240148.396816,73.44666615132229,17.870235073314426,0.0006308035305229502,116433.5052,Higher relative profit,Moderate relative profit/ha
652,West Bengal,Howrah,2014,Zaid,Sugarcane,734.15,19.2,45.1,Black,Canal,353.67,19.26,4521.14,4.18,45222.38,269192.0,18898.3652,854629052.4531759,59.54073530127357,14.244195048151573,0.0003149811011307139,189029.54839999997,Higher relative profit,Moderate relative profit/ha
659,West Bengal,Howrah,2014,Zaid,Maize,1296.27,19.7,80.8,Black,Drip,448.52,59.3,2387.33,7.74,62617.71,236918.0,18477.9342,1157045925.134682,99.23973644196656,12.821671374931078,0.00020476110312771066,484661.0754,Higher relative profit,Higher relative profit/ha
666,West Bengal,Howrah,2014,Rabi,Pulses,956.0,37.8,41.8,Alluvial,Rain-fed,448.74,43.86,2443.59,7.25,38236.35,266474.0,17716.0275,677396228.099625,109.050208913934,15.041408126059864,0.00039337981073140775,277213.5375,Higher relative profit,Higher relative profit/ha
671,West Bengal,Darjeeling,2014,Rabi,Wheat,572.89,37.5,44.9,Black,Canal,70.99,58.92,3285.48,5.53,63395.53,259262.0,18168.704400000002,1151814644.8513322,78.91145281663562,14.269702136823799,0.00022509003610859943,350577.28090000007,Higher relative profit,Moderate relative profit/ha
676,West Bengal,Darjeeling,2014,Zaid,Millets,1840.92,20.5,42.1,Red,Rain-fed,132.49,13.87,2856.23,7.42,13855.28,377224.0,21193.226599999998,293638088.646448,132.0705965555995,17.79927177299185,0.00128465623018747,102806.17760000001,Higher relative profit,Higher relative profit/ha
688,West Bengal,Siliguri,2014,Zaid,Pulses,839.61,32.8,87.3,Sandy,Drip,379.35,53.42,2687.75,5.65,44190.8,267976.0,15185.7875,671072098.2550001,99.70272532787648,17.646500058031233,0.00039932520022337755,249678.02000000005,Higher relative profit,Higher relative profit/ha
697,West Bengal,Siliguri,2014,Kharif,Maize,1712.65,21.7,50.5,Sandy,Sprinkler,96.01,19.49,3534.68,6.06,34745.42,272870.0,21420.160799999998,744252483.4635359,77.19793588104157,12.73893331370323,0.0003666363311683448,210557.24519999998,Higher relative profit,Moderate relative profit/ha
702,West Bengal,Siliguri,2014,Zaid,Pulses,828.85,23.5,67.1,Black,Drip,84.89,10.85,3184.84,5.59,14175.06,314820.0,17803.2556,252362216.325336,98.84954974190225,17.68328260141364,0.0012474926103602836,79238.5854,Higher relative profit,Higher relative profit/ha
708,West Bengal,Malda,2014,Zaid,Cotton,2069.05,23.4,78.5,Red,Rain-fed,306.97,18.7,4134.71,5.1,12074.2,241966.0,21087.020999999997,254608908.95819998,58.52067013164164,11.474641202282676,0.0009503438076462768,61578.41999999999,Higher relative profit,Moderate relative profit/ha
710,West Bengal,Malda,2014,Rabi,Maize,860.78,18.3,71.2,Sandy,Sprinkler,397.19,56.65,2957.98,6.47,48470.12,334086.0,19138.1306,927627486.7576721,112.94396851905692,17.456563913300915,0.00036015103559266853,313601.6764,Higher relative profit,Higher relative profit/ha
722,Uttarakhand,Dehradun,2015,Kharif,Millets,1358.45,34.4,56.2,Red,Canal,282.39,28.2,2931.59,6.26,51659.03,275844.0,18351.7534,948033779.443202,94.09364883902592,15.030934319333213,0.0002909643158095151,323385.5278,Higher relative profit,Higher relative profit/ha
737,Uttarakhand,Dehradun,2015,Zaid,Rice,2149.03,27.8,55.0,Red,Rain-fed,164.65,27.5,3136.45,6.17,35363.87,253990.0,19351.8965,684357952.079455,80.98008895407229,13.12481182399875,0.0003711361857171952,218195.0779,Higher relative profit,Moderate relative profit/ha
744,Uttarakhand,Haridwar,2015,Zaid,Maize,2138.06,26.7,85.2,Sandy,Drip,278.13,50.27,2848.45,7.72,22523.68,334847.0,21990.034,495296489.00512,117.55410837473012,15.227216110716336,0.000676053651566544,173882.8096,Higher relative profit,Higher relative profit/ha
752,Uttarakhand,Haridwar,2015,Rabi,Pulses,1807.95,28.2,49.7,Alluvial,Canal,313.47,21.91,4523.1,7.84,47684.94,285163.0,35461.104,1690960616.57376,63.04591983374234,8.041571407365096,0.00016863964613073005,373849.9296,Higher relative profit,Moderate relative profit/ha
765,Uttarakhand,Nainital,2015,Kharif,Maize,2001.01,37.2,48.9,Black,Rain-fed,213.92,38.21,4398.54,8.14,40116.4,429043.0,35804.115600000005,1436332223.0558403,97.54213898248055,11.98306375706149,0.00029870735552196836,326547.49600000004,Higher relative profit,Higher relative profit/ha
772,Uttarakhand,Nainital,2015,Kharif,Rice,2188.37,35.2,74.8,Alluvial,Rain-fed,140.54,9.84,3648.13,7.13,55255.82,347915.0,26011.1669,1437268356.216358,95.36803787145743,13.375601384496134,0.000242066833584157,393973.99659999995,Higher relative profit,Higher relative profit/ha
783,Uttarakhand,Almora,2015,Rabi,Sugarcane,706.42,31.6,44.2,Alluvial,Drip,182.86,30.04,4814.99,6.06,34679.9,239508.0,29178.839399999997,1011919232.50806,49.74215938143174,8.208277125648802,0.00023668687411580776,210160.19400000002,Higher relative profit,Moderate relative profit/ha
786,Uttarakhand,Almora,2015,Zaid,Wheat,1889.95,24.0,53.4,Alluvial,Drip,257.13,41.52,4339.13,7.36,37670.81,341695.0,31935.9968,1203054867.6134079,78.74735257989505,10.699368557050958,0.0002840227899811806,277257.16159999993,Higher relative profit,Moderate relative profit/ha
787,Uttarakhand,Almora,2015,Kharif,Barley,1941.28,31.2,42.8,Laterite,Canal,249.13,18.44,3730.96,8.31,31049.26,478819.0,31004.2776,962659876.314576,128.33667474322962,15.443643170063734,0.0004973916663412826,258019.3506,Higher relative profit,Higher relative profit/ha
792,Uttarakhand,Almora,2015,Kharif,Maize,2116.63,32.3,42.8,Laterite,Tube Well,343.22,28.76,4599.47,3.32,13703.24,264623.0,15270.2404,209251769.058896,57.53336797500581,17.329327703315005,0.0012646153539830729,45494.756799999996,Higher relative profit,Moderate relative profit/ha
793,Uttarakhand,Pauri,2015,Zaid,Barley,2140.43,20.0,49.4,Black,Rain-fed,170.81,22.09,2863.15,6.16,29091.43,243067.0,17637.004,513085667.27572,84.89495835006898,13.781649082803405,0.0004737357043914103,179203.2088,Higher relative profit,Higher relative profit/ha
795,Uttarakhand,Pauri,2015,Kharif,Millets,1649.44,28.1,72.7,Laterite,Canal,193.02,24.48,2386.11,8.22,36448.05,335898.0,19613.824200000003,714885645.1328101,140.7722192187284,17.125574114200532,0.0004698625609381169,299602.971,Higher relative profit,Higher relative profit/ha
796,Uttarakhand,Pauri,2015,Rabi,Maize,1507.38,24.0,48.3,Black,Tube Well,254.88,12.0,2762.02,5.33,27547.19,228970.0,14721.5666,405537792.227854,82.89947212547338,15.553371880951854,0.000564608291479162,146826.5227,Higher relative profit,Moderate relative profit/ha
798,Uttarakhand,Pauri,2015,Kharif,Pulses,1955.77,20.4,67.2,Black,Drip,254.33,44.43,3537.71,4.97,41788.61,310730.0,17582.4187,734744837.9110069,87.8336551045733,17.67276762667471,0.00042290872145962045,207689.39169999998,Higher relative profit,Higher relative profit/ha
801,Uttarakhand,Pauri,2015,Zaid,Millets,1946.76,30.3,58.8,Black,Tube Well,304.48,15.16,4110.9,6.0,21051.1,380258.0,24665.399999999998,519233801.93999994,92.49993918606631,15.416656531011053,0.0007323444632827289,126306.59999999999,Higher relative profit,Higher relative profit/ha
803,Uttarakhand,Pauri,2015,Kharif,Cotton,1222.75,29.3,35.6,Laterite,Tube Well,171.1,40.48,4476.78,5.73,14259.49,437894.0,25651.9494,365783715.94980603,97.81450060087832,17.070593473102672,0.001197139131420736,81706.87770000001,Higher relative profit,Higher relative profit/ha
808,Uttarakhand,Pauri,2015,Rabi,Cotton,606.05,34.9,39.0,Black,Sprinkler,355.34,38.36,4219.33,7.94,29021.44,502095.0,33501.4802,972261197.5354879,118.99875098653104,14.987248235079477,0.000516419868727378,230430.23359999998,Higher relative profit,Higher relative profit/ha
816,Uttar Pradesh,Lucknow,2015,Kharif,Millets,2103.88,23.4,37.3,Alluvial,Canal,64.24,32.92,3286.65,4.35,28081.17,235875.0,14296.9275,401474451.60517496,71.76760531240016,16.49830007181613,0.0005875218187780684,122153.08949999999,Higher relative profit,Moderate relative profit/ha
817,Uttar Pradesh,Lucknow,2015,Zaid,Wheat,1792.5,34.2,64.4,Black,Tube Well,394.12,42.51,3715.83,5.23,14763.44,304271.0,19433.7909,286909605.924696,81.88507009201174,15.656801164820601,0.001060511721172071,77212.7912,Higher relative profit,Moderate relative profit/ha
819,Uttar Pradesh,Lucknow,2015,Kharif,Sugarcane,1143.52,33.1,79.4,Black,Tube Well,264.49,7.52,4028.66,7.57,25245.89,261323.0,30496.9562,769922801.560018,64.86598521592788,8.568822353491132,0.0003394145484073302,191111.3873,Higher relative profit,Moderate relative profit/ha
821,Uttar Pradesh,Lucknow,2015,Zaid,Sugarcane,1290.87,32.7,54.6,Black,Sprinkler,416.04,17.12,3594.36,8.07,53351.05,316949.0,29006.485200000003,1547526442.2294602,88.17953682992243,10.926832320932148,0.00020481007067212634,430542.9735000001,Higher relative profit,Higher relative profit/ha
822,Uttar Pradesh,Lucknow,2015,Zaid,Cotton,973.95,28.8,40.7,Black,Rain-fed,188.65,27.6,4757.76,4.75,16157.64,386912.0,22599.36,365152323.1104,81.32230293247243,17.12048482788893,0.0010595906845237875,76748.79000000001,Higher relative profit,Moderate relative profit/ha
826,Uttar Pradesh,Lucknow,2015,Zaid,Pulses,1706.42,30.4,82.6,Red,Sprinkler,363.05,56.07,3786.76,7.09,41324.59,470506.00000000006,26848.1284,1109487898.397356,124.25028256345796,17.524722505424254,0.0004240749274324138,292991.3431,Higher relative profit,Higher relative profit/ha
827,Uttar Pradesh,Lucknow,2015,Rabi,Millets,1162.9,32.4,77.3,Red,Canal,154.04,57.82,2389.93,8.45,24626.03,344871.0,20194.908499999998,497320422.56825495,144.30171594983955,17.077126147910008,0.0006934583506927428,208089.9535,Higher relative profit,Higher relative profit/ha
834,Uttar Pradesh,Kanpur,2015,Zaid,Pulses,480.3,36.6,85.2,Red,Drip,60.21,38.5,4059.37,4.93,53386.31,261803.00000000003,20012.694099999997,1068403891.1577708,64.4935051498139,13.081846886371988,0.0002450412266060717,263194.5082999999,Higher relative profit,Moderate relative profit/ha
838,Uttar Pradesh,Kanpur,2015,Rabi,Rice,2046.34,31.1,68.3,Sandy,Drip,229.59,28.04,2889.78,7.24,18639.91,279856.0,20922.007200000004,389984331.2273521,96.84335831793423,13.376154463803068,0.0007176083180553483,134952.94840000002,Higher relative profit,Higher relative profit/ha
848,Uttar Pradesh,Varanasi,2015,Kharif,Barley,1287.86,19.7,42.5,Red,Drip,161.38,41.78,4845.35,7.07,51446.71,350254.0,34256.624500000005,1762390626.2303953,72.28662532118422,10.224416594226906,0.00019873800665245464,363728.23970000003,Higher relative profit,Moderate relative profit/ha
852,Uttar Pradesh,Varanasi,2015,Zaid,Cotton,1504.08,30.6,47.9,Laterite,Tube Well,189.48,34.18,4776.24,7.61,56556.67,608830.0,36347.1864,2055675826.653288,127.4705626182939,16.750402446556357,0.00029617023856879054,430396.2587,Higher relative profit,Higher relative profit/ha
853,Uttar Pradesh,Varanasi,2015,Kharif,Barley,1476.12,28.9,51.2,Laterite,Canal,137.57,57.96,4494.41,6.78,34238.48,380040.0,30472.0998,1043318379.560304,84.55837362412419,12.471736522732181,0.00036426081189153787,232136.89440000002,Higher relative profit,Higher relative profit/ha
854,Uttar Pradesh,Varanasi,2015,Rabi,Maize,1236.52,24.4,41.2,Black,Canal,328.79,43.77,3891.04,4.73,54650.23,237268.0,18404.6192,1005816672.3424162,60.97804186027386,12.891763606823226,0.00023589587101139782,258495.58790000004,Higher relative profit,Moderate relative profit/ha
860,Uttar Pradesh,Varanasi,2015,Zaid,Cotton,1749.85,34.3,55.8,Laterite,Canal,210.3,50.01,4395.45,7.49,16055.94,429470.0,32921.9205,528592380.23277,97.70785698847672,13.045107742119722,0.0008124786055578011,120258.9906,Higher relative profit,Higher relative profit/ha
861,Uttar Pradesh,Varanasi,2015,Rabi,Wheat,1736.77,28.8,85.5,Sandy,Canal,88.22,37.35,2016.51,7.27,57543.06,232328.00000000003,14660.027699999999,843582853.5427619,115.21291736713432,15.847719032618203,0.00027540626154775574,418338.0462,Higher relative profit,Higher relative profit/ha
866,Uttar Pradesh,Agra,2015,Rabi,Barley,1968.57,23.4,46.5,Sandy,Sprinkler,274.96,31.88,2549.1,8.2,24494.18,263660.0,20902.62,511992536.75159997,103.4325840492723,12.613729762106377,0.0005149684440183904,200852.27599999998,Higher relative profit,Higher relative profit/ha
870,Uttar Pradesh,Agra,2015,Kharif,Sugarcane,2085.16,36.5,74.6,Laterite,Canal,390.96,12.44,2669.45,7.25,12520.52,235397.0,19353.512499999997,242316040.32649997,88.1818352095001,12.163011753034496,0.0009714462141376313,90773.76999999999,Higher relative profit,Higher relative profit/ha
876,Uttar Pradesh,Agra,2015,Rabi,Rice,1989.91,34.8,87.5,Alluvial,Sprinkler,428.2,50.85,3585.6,7.33,41705.75,339068.0,26282.448,1096129205.676,94.56381079875057,12.900929167633091,0.00030933214646980547,305703.1475,Higher relative profit,Higher relative profit/ha
886,Uttar Pradesh,Meerut,2015,Rabi,Wheat,1082.76,23.7,50.3,Laterite,Rain-fed,276.02,27.77,4192.85,3.19,22558.91,237982.00000000003,13375.1915,301729741.281265,56.75900640375878,17.79279197609993,0.0007887256953505259,71962.9229,Higher relative profit,Moderate relative profit/ha
887,Uttar Pradesh,Meerut,2015,Rabi,Rice,1281.79,29.6,54.2,Black,Sprinkler,306.73,29.73,3192.03,7.27,13946.75,379355.0,23206.0581,323649090.806175,118.844434419476,16.347239947658323,0.0011721182316782278,101392.8725,Higher relative profit,Higher relative profit/ha
891,Uttar Pradesh,Meerut,2015,Zaid,Maize,1753.68,26.8,68.9,Red,Tube Well,287.43,43.2,3681.68,4.66,24910.2,261359.0,17156.6288,427375054.73376,70.98905934247409,15.233703721560964,0.0006115448178481491,116081.532,Higher relative profit,Moderate relative profit/ha
899,Uttar Pradesh,Meerut,2015,Kharif,Millets,462.69,37.2,58.2,Laterite,Canal,115.42,42.53,4187.74,4.59,16379.94,285647.0,19221.726599999998,314850728.404404,68.21029958879969,14.860631718692744,0.0009072457969133429,75183.9246,Higher relative profit,Moderate relative profit/ha
905,Punjab,Ludhiana,2015,Rabi,Cotton,1021.7,27.2,68.9,Red,Canal,417.51,54.7,4668.1,7.19,42160.62,282150.0,33563.639,1415063829.69618,60.44214991109873,8.406418624631256,0.00019939029892423915,303134.8578,Higher relative profit,Moderate relative profit/ha
907,Punjab,Ludhiana,2015,Zaid,Cotton,1698.87,32.9,39.4,Black,Canal,414.94,58.08,3988.86,5.37,64730.68,303220.0,21420.178200000002,1386542700.607176,76.01670652767959,14.15581127144871,0.0002186878196158099,347603.7516,Higher relative profit,Moderate relative profit/ha
909,Punjab,Ludhiana,2015,Kharif,Wheat,1132.93,18.4,57.8,Red,Drip,101.91,19.69,3035.49,8.32,28862.45,257938.0,25255.2768,728929163.87616,84.97408985040308,10.213231953173446,0.0003538588010779904,240135.58400000003,Higher relative profit,Higher relative profit/ha
913,Punjab,Ludhiana,2015,Kharif,Barley,1147.71,33.3,76.3,Alluvial,Tube Well,163.56,45.92,4949.43,3.94,40492.41,229803.00000000003,19500.7542,789632534.375622,46.43019499215062,11.78431344978442,0.0002910252427500467,159540.0954,Higher relative profit,Moderate relative profit/ha
914,Punjab,Ludhiana,2015,Kharif,Sugarcane,780.35,20.2,50.9,Laterite,Sprinkler,395.96,47.18,4923.48,8.35,41153.73,473610.00000000006,41111.058,1691873380.94634,96.19415535353045,11.520258126171312,0.00027993229595886716,343633.64550000004,Higher relative profit,Higher relative profit/ha
917,Punjab,Ludhiana,2015,Kharif,Barley,2153.65,26.2,70.0,Red,Sprinkler,297.55,12.62,3137.61,8.49,43777.11,408138.0,26638.3089,1166148178.929279,130.07926415328865,15.32146809814943,0.0003499881124667532,371667.6639,Higher relative profit,Higher relative profit/ha
918,Punjab,Ludhiana,2015,Kharif,Sugarcane,699.63,30.5,72.6,Black,Tube Well,430.74,6.25,3046.58,6.97,32634.99,278458.0,21234.6626,692993001.604374,91.40019300330206,13.113370588709047,0.00040181935366638837,227465.88030000002,Higher relative profit,Higher relative profit/ha
921,Punjab,Amritsar,2015,Zaid,Wheat,1627.64,26.1,63.6,Sandy,Sprinkler,238.08,26.19,3936.91,8.19,58817.92,431203.0,32243.292899999997,1896483422.3287678,109.52828487316195,13.373416956430031,0.00022736977024060068,481718.76479999995,Higher relative profit,Higher relative profit/ha
926,Punjab,Amritsar,2015,Kharif,Millets,1683.54,31.5,43.5,Sandy,Rain-fed,372.08,12.07,3076.5,7.47,25637.21,236231.0,22981.454999999998,589180387.94055,76.78563302454087,10.279201208104535,0.0004009485122641869,191509.9587,Higher relative profit,Moderate relative profit/ha
938,Punjab,Patiala,2015,Rabi,Sugarcane,1427.82,21.1,43.6,Sandy,Tube Well,356.56,48.22,4276.55,5.65,20328.03,424464.00000000006,24162.507500000003,491176177.33522505,99.2538377898072,17.567050936249064,0.0008641787195438547,114853.3695,Higher relative profit,Higher relative profit/ha
942,Punjab,Patiala,2015,Zaid,Sugarcane,688.75,32.5,86.8,Laterite,Drip,287.18,57.36,4738.87,6.9,32673.34,575401.0,32698.203,1068359504.00802,121.42156252439928,17.59732790208685,0.0005385836863353073,225446.046,Higher relative profit,Higher relative profit/ha
945,Punjab,Patiala,2015,Kharif,Wheat,652.84,33.4,82.9,Black,Rain-fed,329.7,45.65,4790.28,3.84,52953.26,284616.0,18394.675199999998,974058018.4811519,59.415316014930234,15.47273854555475,0.00029219614704656047,203340.5184,Higher relative profit,Moderate relative profit/ha
946,Punjab,Patiala,2015,Rabi,Millets,809.83,25.2,45.9,Laterite,Tube Well,438.58,19.25,3057.72,8.01,19434.31,353238.0,24492.337199999998,475991673.769332,115.5233311094541,14.422388403177791,0.0007421096196972154,155668.8231,Higher relative profit,Higher relative profit/ha
947,Punjab,Patiala,2015,Zaid,Wheat,1897.01,19.2,89.4,Laterite,Rain-fed,199.39,36.11,4978.71,8.21,58273.29,460692.0,40875.20910000001,2381932913.6949396,92.53240297185415,11.270694637253854,0.00019341098876095468,478423.7109000001,Higher relative profit,Higher relative profit/ha
949,Punjab,Patiala,2015,Rabi,Rice,1780.81,26.6,50.2,Laterite,Sprinkler,230.52,53.43,3720.79,5.95,15870.37,320533.0,22138.7005,351349368.254185,86.1464903958568,14.478401747202824,0.0009122913799238973,94428.70150000001,Higher relative profit,Higher relative profit/ha
953,Punjab,Patiala,2015,Kharif,Barley,2183.81,22.7,85.6,Laterite,Drip,358.94,6.5,4400.42,8.09,18524.84,622282.0,35599.3978,659473148.341352,141.41422864181146,17.480127149791283,0.000943604757168822,149865.9556,Higher relative profit,Higher relative profit/ha
957,Punjab,Jalandhar,2015,Kharif,Rice,1570.78,34.2,83.2,Sandy,Canal,56.34,58.03,3675.18,7.75,14404.58,469227.00000000006,28482.645,410280538.5141,127.6745628785529,16.47413714561973,0.0011436735500528117,111635.49500000001,Higher relative profit,Higher relative profit/ha
961,Punjab,Jalandhar,2015,Rabi,Maize,580.21,25.0,47.2,Black,Sprinkler,217.95,8.65,4846.78,4.59,33999.07,377781.0,22246.7202,756367797.350214,77.94473856869922,16.98142452477107,0.0004994673243936105,156055.7313,Higher relative profit,Moderate relative profit/ha
964,Punjab,Jalandhar,2015,Zaid,Cotton,991.53,37.5,71.8,Black,Sprinkler,257.97,36.74,4429.56,6.75,18980.48,365379.0,29899.530000000002,567507431.1744001,82.486522363395,12.220225535317779,0.0006438312168774329,128118.24,Higher relative profit,Moderate relative profit/ha
969,Punjab,Jalandhar,2015,Zaid,Barley,1395.94,36.8,88.1,Black,Canal,438.67,15.04,4118.13,7.67,39077.94,297449.0,31586.0571,1234318044.1903741,72.22914283910416,9.417098153729356,0.00024098246104398938,299727.79980000004,Higher relative profit,Moderate relative profit/ha
973,Punjab,Bathinda,2015,Zaid,Rice,506.6,26.2,42.9,Laterite,Tube Well,378.98,47.05,4054.24,8.14,24850.54,523507.0,33001.5136,820105433.777344,129.12580409645213,15.863120896370038,0.0006383410942526818,202283.39560000002,Higher relative profit,Higher relative profit/ha
982,Punjab,Bathinda,2015,Zaid,Sugarcane,1420.47,18.5,87.0,Red,Rain-fed,89.52,55.64,4029.29,6.52,57019.79,276768.0,26270.9708,1497965238.112132,68.68902461724026,10.535126475036849,0.00018476263197456268,371769.0308,Higher relative profit,Moderate relative profit/ha
986,Punjab,Bathinda,2015,Kharif,Wheat,600.67,29.6,85.0,Alluvial,Canal,330.09,35.83,3808.18,5.13,33092.48,292187.0,19535.9634,646493478.0952321,76.72615265034742,14.956365039054075,0.0004519566088444889,169764.42240000004,Higher relative profit,Moderate relative profit/ha
987,Punjab,Bathinda,2015,Rabi,Barley,1933.98,20.9,53.7,Sandy,Sprinkler,191.52,12.32,1987.68,7.37,51022.96,245589.0,14649.2016,747445627.268736,123.55560251147065,16.76466791200416,0.0003285710572652814,376039.2152,Higher relative profit,Higher relative profit/ha
989,Punjab,Bathinda,2015,Zaid,Millets,1566.21,22.3,35.7,Black,Tube Well,147.47,6.14,3099.88,7.32,33969.87,306608.0,22691.121600000002,770814450.9061922,98.90963521168561,13.512245247498033,0.0003977714735881542,248659.44840000005,Higher relative profit,Higher relative profit/ha
990,Punjab,Bathinda,2015,Rabi,Maize,1926.23,29.6,69.5,Laterite,Rain-fed,405.44,58.85,3759.28,6.36,64041.56,383363.0,23909.020800000002,1531170990.104448,101.97777233938413,16.03424093386543,0.00025037242899556835,407304.3216,Higher relative profit,Higher relative profit/ha
992,Maharashtra,Pune,2015,Zaid,Rice,2165.82,33.7,62.9,Sandy,Drip,240.3,22.24,4055.54,5.61,50165.63,345270.0,22751.579400000002,1141347314.0960221,85.13539503987138,15.175649739727518,0.00030251089719649725,281429.1843,Higher relative profit,Higher relative profit/ha
994,Maharashtra,Pune,2015,Rabi,Millets,1961.64,21.0,72.5,Laterite,Drip,76.17,44.54,2891.79,8.12,50571.31,355416.0,23481.334799999997,1187481861.3845878,122.90519021090743,15.136107168830966,0.0002993022559398,410639.0371999999,Higher relative profit,Higher relative profit/ha
1009,Maharashtra,Nashik,2015,Kharif,Wheat,481.42,25.6,84.5,Laterite,Drip,96.53,20.97,4531.54,6.02,60507.98,308467.0,27279.870799999997,1650649876.7689838,68.0711193104331,11.307494902065299,0.0001868760930717783,364258.03959999996,Higher relative profit,Moderate relative profit/ha
1013,Maharashtra,Nashik,2015,Rabi,Cotton,1365.27,23.7,66.4,Black,Drip,93.4,11.57,4132.1,7.65,62361.08,428244.0,31610.565000000006,1971268972.8102005,103.63834369932962,13.5474959084091,0.00021724280446087688,477062.26200000005,Higher relative profit,Higher relative profit/ha
1014,Maharashtra,Nashik,2015,Rabi,Wheat,1244.12,20.2,47.6,Black,Tube Well,383.24,15.15,3836.45,7.09,24812.85,384973.0,27200.4305,674920201.9319249,100.34615334488916,14.153195112114126,0.000570397802433583,175923.1065,Higher relative profit,Higher relative profit/ha
1021,Maharashtra,Nashik,2015,Zaid,Pulses,1732.01,26.6,51.5,Red,Drip,67.02,27.57,4411.04,7.42,64336.94,302760.0,32729.9168,2105742693.366592,68.63687475062571,9.250252661809395,0.00014377825028373116,477380.09479999996,Higher relative profit,Moderate relative profit/ha
1027,Maharashtra,Nagpur,2015,Rabi,Rice,438.64,36.4,82.8,Alluvial,Rain-fed,182.6,9.95,4664.66,3.8,51409.97,311610.0,17725.708,911278116.50876,66.80229641603033,17.579551688429035,0.00034194829696319667,195357.886,Higher relative profit,Moderate relative profit/ha
1029,Maharashtra,Nagpur,2015,Rabi,Barley,684.9,29.0,60.8,Alluvial,Canal,443.32,42.95,4527.89,8.33,47185.06,357050.0,37717.3237,1779694181.823922,78.85571425100875,9.466472299040666,0.0002006243565026868,393051.5498,Higher relative profit,Moderate relative profit/ha
1030,Maharashtra,Nagpur,2015,Rabi,Maize,1984.42,27.5,61.2,Alluvial,Tube Well,356.86,37.24,4940.09,3.85,35369.64,260928.00000000003,19019.3465,672707438.74026,52.81847091854602,13.7190833554665,0.00038787738171681984,136173.114,Higher relative profit,Moderate relative profit/ha
1033,Maharashtra,Nagpur,2015,Rabi,Cotton,2167.67,36.1,36.3,Alluvial,Rain-fed,177.43,14.18,3282.09,6.31,25945.01,371983.0,20709.9879,537320843.1653789,113.33723328732606,17.96152666994074,0.0006922921467342175,163713.01309999998,Higher relative profit,Higher relative profit/ha
1045,Maharashtra,Aurangabad,2015,Kharif,Wheat,1643.56,26.2,83.4,Black,Tube Well,179.75,48.79,4731.54,4.14,58040.16,247676.00000000003,19588.5756,1136924061.9960961,52.345747896033856,12.643900457979193,0.0002178474431838091,240286.26240000004,Higher relative profit,Moderate relative profit/ha
1049,Maharashtra,Aurangabad,2015,Zaid,Cotton,654.66,28.4,62.2,Laterite,Sprinkler,136.56,31.98,4788.6,5.81,29944.77,308992.0,27821.766,833116383.86382,64.5265839702627,11.106124607618366,0.0003708869564741478,173979.1137,Higher relative profit,Moderate relative profit/ha
1051,Maharashtra,Aurangabad,2015,Rabi,Sugarcane,2100.24,31.8,85.1,Black,Drip,411.02,39.86,4519.02,4.68,26868.16,241259.0,21149.013600000002,568235081.246976,53.38746011303335,11.407576947229348,0.0004245760389706385,125742.98879999999,Higher relative profit,Moderate relative profit/ha
1053,Maharashtra,Aurangabad,2015,Kharif,Barley,1750.35,30.5,39.5,Red,Drip,246.38,38.14,4465.46,8.2,26098.39,457521.0,36616.772,955638796.1970799,102.45775351251606,12.494847989331229,0.00047875934068466406,214006.79799999998,Higher relative profit,Higher relative profit/ha
1055,Maharashtra,Aurangabad,2015,Rabi,Sugarcane,1883.45,30.9,87.7,Black,Tube Well,289.03,11.62,3693.76,6.57,22331.98,388009.0,24268.003200000003,541952562.102336,105.04445334834965,15.988501270677267,0.0007159464261868973,146721.1086,Higher relative profit,Higher relative profit/ha
1063,Maharashtra,Kolhapur,2015,Kharif,Rice,472.23,29.8,46.5,Laterite,Drip,283.1,5.39,3538.94,5.45,31510.27,327609.0,19287.223,607745604.28021,92.57263474373683,16.985804540135195,0.0005390561407482449,171730.9715,Higher relative profit,Higher relative profit/ha
1070,Maharashtra,Kolhapur,2015,Zaid,Wheat,935.45,18.7,41.6,Alluvial,Tube Well,106.74,30.13,4668.0,8.38,60472.0,360011.0,39117.840000000004,2365534020.48,77.12317909168809,9.203243328363733,0.00015219015955092826,506755.36,Higher relative profit,Moderate relative profit/ha
1074,Maharashtra,Kolhapur,2015,Zaid,Sugarcane,1688.02,32.9,50.8,Sandy,Sprinkler,85.37,25.2,4121.5,5.18,31783.18,363328.0,21349.37,678550869.5965999,88.1543127502123,17.01820709463558,0.0005354469595124082,164636.8724,Higher relative profit,Higher relative profit/ha
1075,Maharashtra,Kolhapur,2015,Rabi,Maize,977.28,30.8,57.4,Sandy,Tube Well,282.08,25.47,4919.21,6.8,19824.56,492613.0,33450.628,663143981.82368,100.14067299424094,14.72656955797661,0.0007428447117099501,134807.008,Higher relative profit,Higher relative profit/ha
1078,Maharashtra,Kolhapur,2015,Rabi,Wheat,1335.22,29.5,49.0,Red,Sprinkler,270.18,56.83,3724.59,6.19,53749.38,297223.0,23055.2121,1239203356.143498,79.80019277289581,12.891792047317578,0.00023985006054614172,332708.66219999996,Higher relative profit,Moderate relative profit/ha
1083,Karnataka,Bengaluru,2015,Rabi,Cotton,1661.14,35.2,56.1,Alluvial,Tube Well,265.61,10.39,3474.1,5.73,30605.91,352618.0,19906.593,609259393.7646301,101.49909329034858,17.71362884648317,0.0005787649786097904,175371.86430000002,Higher relative profit,Higher relative profit/ha
1088,Karnataka,Bengaluru,2015,Kharif,Wheat,944.1,22.5,82.6,Black,Drip,283.43,32.13,3597.76,7.1,62246.18,234007.00000000003,25544.096,1590022397.55328,65.04241528061905,9.16090356065057,0.00014717214069442607,441947.878,Higher relative profit,Moderate relative profit/ha
1089,Karnataka,Bengaluru,2015,Rabi,Wheat,1188.58,25.3,73.4,Laterite,Sprinkler,58.22,33.88,3499.68,5.83,17635.39,259866.0,20403.1344,359817232.366416,74.25421752845975,12.73657247486445,0.0007222166606388887,102814.3237,Higher relative profit,Moderate relative profit/ha
1097,Karnataka,Bengaluru,2015,Rabi,Pulses,899.3,23.6,70.8,Sandy,Tube Well,444.67,23.78,4197.99,5.62,60724.32,390549.0,23592.7038,1432650895.216416,93.0323797817527,16.553804231628593,0.0002726058394993735,341270.6784,Higher relative profit,Higher relative profit/ha
1098,Karnataka,Bengaluru,2015,Zaid,Barley,1763.35,34.8,67.4,Laterite,Rain-fed,274.08,42.52,3036.78,6.94,19275.17,239641.0,21075.253200000003,406229088.22304404,78.91286164951033,11.370729344309845,0.0005899159044672419,133769.6798,Higher relative profit,Moderate relative profit/ha
1100,Karnataka,Mysuru,2015,Rabi,Pulses,1331.81,26.2,49.5,Black,Rain-fed,219.54,41.25,3864.74,7.7,19381.72,467181.00000000006,29758.498,576770875.85656,120.88290544771449,15.69907862957331,0.0008099940887379091,149239.244,Higher relative profit,Higher relative profit/ha
1107,Karnataka,Mysuru,2015,Rabi,Sugarcane,1375.08,18.3,43.8,Black,Drip,278.5,38.78,4873.02,7.11,18601.85,362476.0,34647.17220000001,644501500.1885701,74.384262736455,10.461921622567509,0.000562412965515124,132259.15350000001,Higher relative profit,Moderate relative profit/ha
1108,Karnataka,Mysuru,2015,Rabi,Millets,1497.29,35.8,85.5,Black,Drip,161.79,5.17,3388.69,4.38,57627.45,244840.0,14842.4622,855333248.30739,72.2521092221478,16.495915347522327,0.0002862510027343276,252408.231,Higher relative profit,Moderate relative profit/ha
1109,Karnataka,Mysuru,2015,Kharif,Rice,1925.11,26.2,59.4,Laterite,Tube Well,110.15,53.85,4267.87,6.68,13220.41,446188.0,28509.3716,376905581.39435595,104.54582730964158,15.650572950545147,0.0011838190306159302,88312.3388,Higher relative profit,Higher relative profit/ha
1115,Karnataka,Mysuru,2015,Zaid,Sugarcane,1137.04,21.3,38.7,Black,Rain-fed,398.72,39.15,2905.78,6.92,58206.88,335162.0,20107.997600000002,1170423803.343488,115.3432124937194,16.668094290999914,0.0002863595212627771,402791.60959999997,Higher relative profit,Higher relative profit/ha
1120,Karnataka,Hubli,2015,Zaid,Millets,2131.79,36.9,54.5,Laterite,Drip,292.21,44.51,3771.78,6.69,39743.93,304736.0,25233.208200000005,1002866860.3762262,80.79368361887491,12.076783799532869,0.0003038648618677838,265886.89170000004,Higher relative profit,Moderate relative profit/ha
1130,Karnataka,Hubli,2015,Zaid,Rice,543.95,27.2,84.5,Red,Rain-fed,296.72,58.87,4267.91,8.18,25678.42,474297.0,34911.5038,896472257.4079959,111.1309751142831,13.585693779252214,0.0005290704715964695,210049.4756,Higher relative profit,Higher relative profit/ha
1136,Karnataka,Belagavi,2015,Kharif,Maize,1372.67,27.9,40.1,Red,Rain-fed,438.02,49.45,3275.05,8.44,12110.62,270215.0,27641.422,334754758.10164,82.5071372956138,9.775727167726755,0.0008072028655615282,102213.63279999999,Higher relative profit,Moderate relative profit/ha
1139,Karnataka,Belagavi,2015,Rabi,Millets,1491.67,31.8,36.8,Laterite,Tube Well,390.86,41.58,3505.05,7.11,31013.85,326184.0,24920.9055,772893225.041175,93.0611546197629,13.088769988714896,0.00042202983469368996,220508.4735,Higher relative profit,Higher relative profit/ha
1141,Karnataka,Belagavi,2015,Zaid,Maize,668.79,19.5,77.4,Sandy,Sprinkler,325.09,36.86,3621.34,4.38,18498.78,229089.0,15861.4692,293417829.207576,63.26083714867977,14.443113504264788,0.0007807603260466252,81024.65639999999,Higher relative profit,Moderate relative profit/ha
1143,Karnataka,Belagavi,2015,Zaid,Millets,1234.31,37.3,78.1,Black,Canal,395.03,29.73,4097.33,6.64,49491.38,396778.0,27206.2712,1346475906.3422558,96.83818486673029,14.584063985953357,0.00029467887106711025,328622.7632,Higher relative profit,Higher relative profit/ha
1144,Karnataka,Belagavi,2015,Kharif,Maize,2117.72,26.3,61.8,Black,Tube Well,445.35,13.15,4432.67,2.95,44007.86,229760.0,13076.3765,575463346.31929,51.83331942147735,17.57061675304317,0.00039926087642169305,129823.187,Higher relative profit,Moderate relative profit/ha
1147,Karnataka,Belagavi,2015,Rabi,Cotton,1369.83,33.1,37.4,Sandy,Sprinkler,183.04,27.4,3172.51,6.98,37149.43,371630.0,22144.119800000004,822641428.4217142,117.1406867117834,16.78233333979705,0.0004517521087079141,259303.02140000003,Higher relative profit,Higher relative profit/ha
1148,Karnataka,Belagavi,2015,Rabi,Sugarcane,2061.56,34.7,47.3,Red,Canal,155.88,54.03,4275.61,7.16,47426.91,422331.00000000006,30613.367599999998,1451897429.962116,98.77678272807859,13.795640045821031,0.00029088211831259996,339576.6756,Higher relative profit,Higher relative profit/ha
1149,Karnataka,Belagavi,2015,Zaid,Sugarcane,472.98,37.0,59.7,Laterite,Canal,208.79,28.65,4797.32,7.06,26502.64,546791.0,33869.07919999999,897620013.1690878,113.9784296232063,16.144253487706276,0.0006091564269712858,187108.63839999997,Higher relative profit,Higher relative profit/ha
1150,Karnataka,Belagavi,2015,Rabi,Cotton,1784.02,31.3,62.3,Sandy,Rain-fed,282.07,34.37,2806.56,6.89,57327.4,333688.0,19337.198399999997,1108551307.55616,118.89573000399065,17.256274311174263,0.00030101267999550405,394985.786,Higher relative profit,Higher relative profit/ha
1153,Karnataka,Mangalore,2015,Kharif,Rice,1935.45,18.1,48.2,Sandy,Sprinkler,361.47,48.69,4727.38,8.25,18008.65,488015.0,39000.885,702353287.6552501,103.23159974446733,12.512921181147556,0.0006948283842013452,148571.36250000002,Higher relative profit,Higher relative profit/ha
1156,Karnataka,Mangalore,2015,Zaid,Rice,1853.1,33.5,57.1,Black,Tube Well,117.01,39.16,2468.77,5.48,48959.8,240291.0,13528.859600000002,662370260.2440801,97.33227477650814,17.761364010311702,0.0003627744396486853,268299.704,Higher relative profit,Higher relative profit/ha
1162,Karnataka,Mangalore,2015,Zaid,Rice,816.73,23.5,81.3,Sandy,Rain-fed,270.08,34.77,4310.34,7.12,41093.63,422707.0,30689.6208,1261147921.995504,98.0681338363099,13.773614302852513,0.00033517638385444445,292586.6456,Higher relative profit,Higher relative profit/ha
1165,Karnataka,Mangalore,2015,Kharif,Rice,1535.51,18.3,47.0,Sandy,Rain-fed,333.26,14.32,4790.73,7.51,39013.28,643886.0,35978.3823,1403634702.6169438,134.40248145898434,17.89646890266103,0.00045872761538278843,292989.7328,Higher relative profit,Higher relative profit/ha
1166,Karnataka,Mangalore,2015,Rabi,Sugarcane,1286.78,22.8,58.6,Sandy,Rain-fed,295.3,26.36,4142.62,3.34,19219.16,245418.0,13836.350799999998,265923039.84132797,59.242218692518264,17.73719122530487,0.0009228910745997677,64191.994399999996,Higher relative profit,Moderate relative profit/ha
1171,Tamil Nadu,Chennai,2015,Kharif,Millets,2108.46,26.7,48.9,Laterite,Canal,223.32,13.72,3928.83,7.29,51661.19,379290.0,28641.1707,1479636961.355133,96.54019135467811,13.242824602836505,0.00025633990627851395,376610.0751,Higher relative profit,Higher relative profit/ha
1173,Tamil Nadu,Chennai,2015,Zaid,Millets,2134.31,23.4,61.4,Sandy,Drip,225.25,12.34,3926.94,5.91,32382.83,414613.0,23208.2154,751547693.9015821,105.5816997458581,17.864923814866007,0.0005516788932550368,191382.52530000004,Higher relative profit,Higher relative profit/ha
1175,Tamil Nadu,Chennai,2015,Zaid,Cotton,1857.48,33.2,71.8,Alluvial,Drip,272.38,38.75,4015.07,5.07,21696.2,264030.0,20356.4049,441656631.99138004,65.7597501413425,12.97036491939694,0.0005978173560069016,109999.73400000001,Higher relative profit,Moderate relative profit/ha
1181,Tamil Nadu,Chennai,2015,Rabi,Millets,1640.19,28.8,71.2,Alluvial,Canal,328.35,5.35,4226.03,7.16,23467.0,366674.0,30258.374799999998,710073281.4316,86.7655932399912,12.118099614523912,0.0005163889553212558,168023.72,Higher relative profit,Higher relative profit/ha
1184,Tamil Nadu,Chennai,2015,Kharif,Maize,456.68,32.5,74.8,Laterite,Tube Well,196.66,46.61,3829.35,7.29,34886.59,415366.0,27915.9615,973892703.3062849,108.46906132894617,14.879157932640076,0.00042650078246799357,254323.24109999998,Higher relative profit,Higher relative profit/ha
1186,Tamil Nadu,Chennai,2015,Rabi,Cotton,1684.65,32.3,83.6,Black,Sprinkler,262.35,54.55,2999.25,8.22,43037.88,278600.0,24653.835000000003,1061048792.2698001,92.8898891389514,11.300473131259293,0.0002625703945282457,353771.37360000005,Higher relative profit,Higher relative profit/ha
1188,Tamil Nadu,Chennai,2015,Kharif,Cotton,1075.95,28.7,86.0,Sandy,Tube Well,399.89,11.34,3503.14,7.78,24176.1,408890.0,27254.4292,658905805.7821199,116.72099887529474,15.002699084228116,0.0006205591093777788,188090.05799999996,Higher relative profit,Higher relative profit/ha
1193,Tamil Nadu,Coimbatore,2015,Rabi,Millets,2115.56,20.0,78.1,Red,Tube Well,265.61,25.43,3958.58,6.66,44058.15,400531.0,26364.1428,1161555358.10382,101.18047380626386,15.192263334273852,0.00034482299720423694,293427.27900000004,Higher relative profit,Higher relative profit/ha
1198,Tamil Nadu,Coimbatore,2015,Zaid,Sugarcane,832.7,30.0,68.8,Black,Drip,234.01,24.53,4993.83,6.84,53266.53,598822.0,34157.7972,1819467329.287716,119.91237186688373,17.531048518550254,0.00032911940234421605,364343.0652,Higher relative profit,Higher relative profit/ha
1199,Tamil Nadu,Coimbatore,2015,Rabi,Rice,509.28,34.0,86.0,Red,Drip,396.1,18.9,2690.02,7.7,60507.45,318673.0,20713.154,1253300129.9973,118.46491847644255,15.385054347589943,0.0002542671083906187,465907.365,Higher relative profit,Higher relative profit/ha
1205,Tamil Nadu,Coimbatore,2015,Zaid,Maize,1894.75,23.5,74.9,Alluvial,Rain-fed,103.7,38.56,3516.23,6.12,30016.24,234495.0,21519.3276,645929301.8802241,66.68932350841668,10.896948285689,0.00036303508652945867,183699.38880000004,Higher relative profit,Moderate relative profit/ha
1214,Tamil Nadu,Madurai,2015,Rabi,Wheat,1651.75,35.1,51.2,Black,Tube Well,257.87,27.4,3761.01,7.26,45415.33,430877.00000000006,27304.9326,1240062524.656758,114.56417292163542,15.780189107663283,0.0003474639314007689,329715.2958,Higher relative profit,Higher relative profit/ha
1215,Tamil Nadu,Madurai,2015,Kharif,Barley,1171.61,37.3,75.9,Alluvial,Sprinkler,257.74,10.28,3757.08,4.31,56866.46,281571.0,16193.014799999999,920839428.403608,74.9441055287617,17.38842355655724,0.0003057764375795019,245094.4426,Higher relative profit,Moderate relative profit/ha
1221,Tamil Nadu,Madurai,2015,Zaid,Maize,1125.14,30.0,66.5,Sandy,Sprinkler,427.04,28.14,3159.97,7.1,58087.74,326838.0,22435.786999999997,1303244161.9513798,103.43072877274152,14.567708277850919,0.0002507880023882995,412422.95399999997,Higher relative profit,Higher relative profit/ha
1222,Tamil Nadu,Madurai,2015,Rabi,Millets,561.38,28.4,43.0,Alluvial,Sprinkler,363.41,36.86,3220.21,5.35,19787.39,235222.0,17228.123499999998,340899598.66266495,73.0455467190028,13.653373218505198,0.0006900037457443957,105862.53649999999,Higher relative profit,Moderate relative profit/ha
1225,Tamil Nadu,Salem,2015,Zaid,Cotton,1410.99,37.9,47.5,Black,Sprinkler,292.69,22.92,3346.46,7.83,46460.05,445060.00000000006,26202.7818,1217382552.56709,132.9942685703699,16.98521948536014,0.0003655876281958401,363782.1915,Higher relative profit,Higher relative profit/ha
1227,Tamil Nadu,Salem,2015,Rabi,Wheat,1388.65,35.0,43.1,Sandy,Tube Well,286.2,24.73,3415.12,4.37,26100.04,236338.0,14924.0744,389518938.802976,69.20342476984703,15.836023974793372,0.0006067432837188514,114057.17480000001,Higher relative profit,Moderate relative profit/ha
1234,Tamil Nadu,Salem,2015,Kharif,Barley,1608.51,29.9,54.0,Black,Sprinkler,272.19,10.06,4375.0,6.49,55778.32,489176.0,28393.75,1583755673.5,111.81165714285714,17.228298481179838,0.00030887087458316846,362001.2968,Higher relative profit,Higher relative profit/ha
1243,Tamil Nadu,Tiruchirappalli,2015,Kharif,Barley,1125.01,36.5,41.5,Alluvial,Rain-fed,241.33,8.36,4318.43,4.82,59716.56,274397.0,20814.8326,1242990199.847856,63.54091649048381,13.182762757361786,0.00022075556189709832,287833.81919999997,Higher relative profit,Moderate relative profit/ha
1247,Tamil Nadu,Tiruchirappalli,2015,Zaid,Maize,2005.92,18.8,53.2,Red,Sprinkler,63.56,38.28,3675.22,6.03,40740.96,393370.0,22161.5766,902883905.797536,107.03304836173074,17.75009093892715,0.00043568170555939654,245667.98880000002,Higher relative profit,Higher relative profit/ha
1262,Rajasthan,Jaipur,2015,Kharif,Wheat,1797.4,21.5,56.1,Laterite,Canal,261.68,59.87,3510.79,5.02,41758.74,247632.00000000003,17624.1658,735962957.3590919,70.53455205238708,14.05070758015679,0.00033647345633888357,209628.87479999996,Higher relative profit,Moderate relative profit/ha
1271,Rajasthan,Jaipur,2015,Rabi,Maize,1981.6,30.9,69.5,Black,Drip,299.63,8.24,3717.65,7.66,39538.3,346103.0,28477.199,1125940037.2217002,93.0972522964776,12.15368828935739,0.0003073902593019272,302863.378,Higher relative profit,Higher relative profit/ha
1275,Rajasthan,Jaipur,2015,Kharif,Maize,2122.04,36.5,52.9,Laterite,Rain-fed,119.02,36.72,2877.69,5.69,51272.71,275339.0,16374.056100000002,839542229.9390311,95.6805632295348,16.81556471520822,0.0003279632520927453,291741.7199,Higher relative profit,Higher relative profit/ha
1276,Rajasthan,Jaipur,2015,Zaid,Rice,1552.64,22.7,65.3,Black,Rain-fed,144.58,14.16,3301.27,6.33,24959.62,287879.0,20897.0391,521582155.061142,87.20250085573127,13.776066485897516,0.0005519341434644244,157994.3946,Higher relative profit,Higher relative profit/ha
1279,Rajasthan,Jodhpur,2015,Kharif,Maize,1427.88,26.8,43.9,Laterite,Rain-fed,182.44,41.67,3019.89,6.75,60265.16,309589.0,20384.2575,1228460539.7187002,102.51664795737594,15.18765154924088,0.0002520137928654114,406789.8300000001,Higher relative profit,Higher relative profit/ha
1280,Rajasthan,Jodhpur,2015,Rabi,Maize,1443.24,29.2,85.3,Alluvial,Sprinkler,147.21,13.21,4080.37,6.7,17223.49,435566.0,27338.479,470864019.67171,106.7466920891978,15.932342102865343,0.0009250356404460038,115397.383,Higher relative profit,Higher relative profit/ha
1281,Rajasthan,Jodhpur,2015,Zaid,Sugarcane,711.88,35.7,49.6,Laterite,Rain-fed,271.68,38.36,4704.66,7.66,39487.07,470622.0,36037.6956,1423023008.795892,100.03315861294972,13.059159087852443,0.00033071988090917974,302470.9562,Higher relative profit,Higher relative profit/ha
1286,Rajasthan,Jodhpur,2015,Kharif,Wheat,1539.92,32.6,41.4,Alluvial,Canal,112.96,52.67,4627.54,8.21,33735.91,589888.0,37992.10340000001,1281698181.0130944,127.47334436871427,15.526594929197836,0.0004602393985873757,276971.8211000001,Higher relative profit,Higher relative profit/ha
1295,Rajasthan,Jodhpur,2015,Rabi,Cotton,458.29,19.2,35.9,Red,Sprinkler,195.27,54.78,4787.29,5.32,52725.86,318730.0,25468.3828,1342842385.939208,66.57837732830056,12.514732580507625,0.00023735473599686423,280501.5752,Higher relative profit,Moderate relative profit/ha
1296,Rajasthan,Jodhpur,2015,Kharif,Rice,1067.6,29.8,77.8,Red,Tube Well,189.21,20.68,4233.18,8.1,25317.9,562877.0,34288.758,868119346.1682001,132.96788702582927,16.415788521707317,0.0006483866561487057,205074.99000000002,Higher relative profit,Higher relative profit/ha
1302,Rajasthan,Udaipur,2015,Rabi,Pulses,758.14,31.4,83.0,Laterite,Tube Well,130.15,27.14,4130.67,7.91,35292.24,344452.0,32673.599700000002,1153124522.276328,83.38889332723262,10.542211545794263,0.00029871188526980045,279161.61840000004,Higher relative profit,Moderate relative profit/ha
1306,Rajasthan,Udaipur,2015,Zaid,Maize,476.13,30.2,62.6,Sandy,Tube Well,373.13,21.37,4167.64,7.2,61250.83,358584.0,30007.008,1837954145.8166401,86.04006104174064,11.950008478019534,0.00019509953543518567,441005.976,Higher relative profit,Higher relative profit/ha
1308,Rajasthan,Udaipur,2015,Zaid,Sugarcane,1272.92,37.1,61.7,Sandy,Sprinkler,278.41,18.65,4171.49,6.76,35155.37,285076.0,28199.272399999998,991355854.952788,68.33913062239152,10.109338849466202,0.00028756172526320163,237650.30120000002,Higher relative profit,Moderate relative profit/ha
1309,Rajasthan,Udaipur,2015,Zaid,Cotton,1449.16,36.2,89.8,Black,Canal,228.43,5.81,3586.29,7.85,20752.56,346496.0,28152.3765,584233882.45884,96.61683801365757,12.307877453969118,0.0005930775506235913,162907.59600000002,Higher relative profit,Higher relative profit/ha
1311,Rajasthan,Udaipur,2015,Kharif,Rice,823.38,31.7,76.3,Alluvial,Tube Well,278.62,37.75,4436.26,6.89,35774.75,289338.0,30565.8314,1093484976.87715,65.22115475648407,9.466060196877223,0.00026460171480938995,246488.0275,Higher relative profit,Moderate relative profit/ha
1312,Rajasthan,Udaipur,2015,Rabi,Wheat,1715.72,28.8,69.4,Red,Rain-fed,435.83,56.03,2590.27,7.15,57124.23,327906.0,18520.430500000002,1057965331.5810152,126.59143641396457,17.705096001953084,0.0003099402127950448,408438.2445000001,Higher relative profit,Higher relative profit/ha
1314,Rajasthan,Udaipur,2015,Zaid,Maize,511.09,18.5,64.7,Alluvial,Rain-fed,217.52,22.61,3366.26,7.25,21530.99,241348.0,24405.385000000002,525472100.38115007,71.69618508374279,9.889128977067971,0.0004592974580856695,156099.67750000002,Higher relative profit,Moderate relative profit/ha
1315,Rajasthan,Kota,2015,Rabi,Barley,564.71,31.0,39.6,Sandy,Sprinkler,113.13,54.0,3404.27,5.51,53947.55,262587.0,18757.5277,1011922663.472135,77.13459860704351,13.999019710897189,0.00025949315049334377,297251.00049999997,Higher relative profit,Moderate relative profit/ha
1318,Rajasthan,Kota,2015,Zaid,Sugarcane,999.95,25.5,40.9,Alluvial,Sprinkler,422.4,36.96,4309.07,6.01,45982.38,254242.0,25897.5107,1190829178.061466,59.00159431153358,9.81723699027181,0.00021349997521380603,276354.10380000004,Higher relative profit,Moderate relative profit/ha
1326,Rajasthan,Kota,2015,Rabi,Rice,1790.32,20.5,49.2,Laterite,Sprinkler,265.3,46.42,3189.39,5.19,62690.58,253175.0,16552.934100000002,1037713039.4307781,79.38038308265844,15.29487149954883,0.00024397399895724093,325364.11020000005,Higher relative profit,Moderate relative profit/ha
1327,Rajasthan,Kota,2015,Zaid,Maize,574.42,19.6,49.9,Laterite,Rain-fed,256.79,59.74,3957.66,7.33,44995.02,498710.00000000006,29009.6478,1305289682.953956,126.01132992728029,17.191177343421593,0.0003820684454284406,329813.49659999995,Higher relative profit,Higher relative profit/ha
1332,Rajasthan,Kota,2015,Zaid,Cotton,1852.59,24.0,88.4,Sandy,Sprinkler,150.09,7.58,4610.49,8.49,48167.65,420385.00000000006,39143.0601,1885429218.8257651,91.18011317669057,10.739707087949418,0.00022296514544407745,408943.3485,Higher relative profit,Higher relative profit/ha
1333,Rajasthan,Ajmer,2015,Rabi,Barley,1176.41,26.2,53.0,Laterite,Rain-fed,224.32,13.9,4118.94,8.0,28681.62,548702.0,32951.52,945102975.0623999,133.21437068760412,16.651796335950515,0.0005805737728883694,229452.96,Higher relative profit,Higher relative profit/ha
1334,Rajasthan,Ajmer,2015,Rabi,Wheat,1428.18,33.7,52.0,Red,Tube Well,177.57,17.14,3928.17,7.08,13531.24,258884.0,27811.443600000002,376323318.098064,65.90447969410693,9.308542329676118,0.0006879297336885695,95801.1792,Higher relative profit,Moderate relative profit/ha
1336,Rajasthan,Ajmer,2015,Rabi,Barley,688.48,21.7,44.6,Red,Tube Well,167.64,57.98,4011.14,4.33,58711.77,259473.0,17368.2362,1019719889.080074,64.68809365915925,14.939513547149941,0.0002544551722278163,254221.96409999998,Higher relative profit,Moderate relative profit/ha
1338,Rajasthan,Ajmer,2015,Zaid,Barley,2188.07,18.1,84.7,Black,Drip,264.74,10.96,2985.17,8.37,37503.62,323451.0,24985.8729,937060682.609898,108.35262313369087,12.945355213105243,0.00034517615134499664,313905.29939999996,Higher relative profit,Higher relative profit/ha
1343,Rajasthan,Ajmer,2015,Zaid,Maize,1965.77,34.9,39.2,Laterite,Sprinkler,105.98,15.65,4679.81,8.39,27129.7,525059.0,39263.60590000001,1065209848.9852303,112.19664900925464,13.372663767491611,0.0004929160207260534,227618.18300000005,Higher relative profit,Higher relative profit/ha
1345,Rajasthan,Ajmer,2015,Kharif,Barley,1633.15,34.4,84.4,Alluvial,Rain-fed,191.45,5.69,2760.22,7.05,15565.39,308247.0,19459.551,302895500.53989,111.67479403815639,15.84039631746899,0.0010176678077111457,109735.9995,Higher relative profit,Higher relative profit/ha
1349,Rajasthan,Ajmer,2015,Kharif,Millets,1484.98,22.3,73.8,Sandy,Canal,270.99,5.86,3462.58,6.72,54424.01,341935.0,23268.5376,1266367123.027776,98.751508990406,14.695165028334227,0.00027001253726680974,365729.3472,Higher relative profit,Higher relative profit/ha
1364,West Bengal,Kolkata,2015,Rabi,Maize,1084.25,24.1,39.3,Red,Rain-fed,391.91,46.86,4903.95,5.37,61529.79,458412.0,26334.2115,1620338503.4105852,93.47811458110299,17.40747012683482,0.00028291125529332733,330414.9723,Higher relative profit,Higher relative profit/ha
1368,West Bengal,Kolkata,2015,Kharif,Wheat,974.13,33.6,42.0,Alluvial,Canal,387.97,12.78,4238.36,3.88,56016.74,248367.0,16444.836799999997,921186147.3680319,58.59978859747639,15.103038298318658,0.00026961651638989805,217344.95119999998,Higher relative profit,Moderate relative profit/ha
1370,West Bengal,Howrah,2015,Rabi,Pulses,1997.36,35.7,50.4,Laterite,Drip,73.36,31.7,3294.55,7.86,39385.64,248831.0,25895.163000000004,1019897567.6593201,75.52806908378989,9.609169094629756,0.00024397646184319351,309571.1304,Higher relative profit,Moderate relative profit/ha
1372,West Bengal,Howrah,2015,Rabi,Rice,609.1,25.4,35.1,Alluvial,Canal,121.2,30.51,4055.59,8.36,46817.67,378032.0,33904.7324,1587340572.941508,93.21257819454136,11.149829927576718,0.00023815431070313233,391395.72119999997,Higher relative profit,Higher relative profit/ha
1376,West Bengal,Howrah,2015,Kharif,Maize,2159.33,22.0,52.1,Red,Sprinkler,265.37,16.73,3875.51,6.85,13882.65,300592.0,26547.2435,368546089.975275,77.56192088267092,11.32290815805415,0.0008156157619801803,95096.1525,Higher relative profit,Moderate relative profit/ha
1377,West Bengal,Howrah,2015,Kharif,Barley,799.2,21.7,60.8,Red,Drip,168.71,58.4,3939.99,6.52,35206.07,340123.0,25688.7348,904399395.580236,86.32585361891782,13.24016159799353,0.00037607610272869223,229543.5764,Higher relative profit,Higher relative profit/ha
1379,West Bengal,Howrah,2015,Kharif,Sugarcane,1384.89,37.4,52.5,Sandy,Canal,141.14,55.66,4009.19,5.8,57039.91,280410.0,23253.302,1326366253.28282,69.94180869452433,12.058932533538679,0.00021141219426080226,330831.478,Higher relative profit,Moderate relative profit/ha
1384,West Bengal,Howrah,2015,Zaid,Rice,1600.35,21.6,84.6,Alluvial,Canal,363.97,54.51,1850.99,8.22,12560.51,252561.0,15215.1378,191109890.488278,136.44644217418787,16.599323865472975,0.0013215485569831938,103247.3922,Higher relative profit,Higher relative profit/ha
1385,West Bengal,Howrah,2015,Zaid,Pulses,599.79,22.3,74.6,Sandy,Rain-fed,123.24,53.32,4836.4,5.98,48378.86,306463.0,28921.672,1399197520.65392,63.36593333884708,10.596309922884126,0.00021902768942641738,289305.58280000003,Higher relative profit,Moderate relative profit/ha
1395,West Bengal,Darjeeling,2015,Rabi,Wheat,1557.67,35.8,81.1,Black,Canal,68.56,18.44,3222.31,8.2,41456.65,320776.0,26422.941999999995,1095406658.4643,99.54846057641878,12.14005616785595,0.0002928373654855361,339944.52999999997,Higher relative profit,Higher relative profit/ha
1415,West Bengal,Siliguri,2015,Kharif,Maize,860.31,33.7,71.6,Sandy,Sprinkler,417.85,45.64,4710.11,5.25,28989.75,364370.0,24728.0775,716860784.7056249,77.35912749383773,14.735071903588139,0.0005082855803719638,152196.1875,Higher relative profit,Moderate relative profit/ha
1416,West Bengal,Siliguri,2015,Rabi,Wheat,1360.84,27.9,89.2,Alluvial,Sprinkler,430.15,38.97,3725.54,7.99,19818.5,309608.0,29767.0646,589938569.7751,83.10419429129738,10.401025568372637,0.0005248139651523898,158349.815,Higher relative profit,Moderate relative profit/ha
1417,West Bengal,Siliguri,2015,Kharif,Barley,874.61,22.0,53.6,Red,Canal,145.77,12.37,4831.9,8.42,62203.44,721789.0,40684.598,2530721950.61712,149.37995405534056,17.74108717996919,0.00028521070828187617,523752.9648,Higher relative profit,Higher relative profit/ha
1420,West Bengal,Siliguri,2015,Rabi,Cotton,1699.14,36.9,85.4,Laterite,Tube Well,184.2,15.97,4838.57,4.39,41908.84,380459.0,21241.322299999996,890199177.6591318,78.63046313270243,17.911267228406025,0.0004273863754856022,183979.80759999997,Higher relative profit,Moderate relative profit/ha
1429,West Bengal,Malda,2015,Kharif,Wheat,600.66,36.2,70.5,Alluvial,Rain-fed,68.66,46.98,3531.3,7.15,55124.58,437417.0,25248.795000000002,1391829219.8811002,123.86854699402485,17.324272306856624,0.0003142749079785573,394140.74700000003,Higher relative profit,Higher relative profit/ha
1433,West Bengal,Malda,2015,Kharif,Millets,1811.37,24.9,74.6,Black,Tube Well,436.54,24.37,4476.93,6.01,23300.06,278382.0,26906.3493,626919553.070958,62.181450234870766,10.346331153888647,0.0004440474039074855,140033.36059999999,Higher relative profit,Moderate relative profit/ha
1437,West Bengal,Malda,2015,Zaid,Sugarcane,2007.31,29.2,65.8,Red,Sprinkler,434.76,43.83,4821.92,4.8,54069.06,331038.0,23145.216,1251440072.61696,68.65273583966552,14.302653299930318,0.00026452565108271383,259531.488,Higher relative profit,Moderate relative profit/ha
1439,West Bengal,Malda,2015,Zaid,Wheat,1542.53,33.1,51.1,Black,Drip,448.86,24.04,4952.91,7.46,42001.9,560643.0,36948.7086,1551915963.74634,113.19466737735998,15.17354790581233,0.0003612586074870977,313334.174,Higher relative profit,Higher relative profit/ha
1445,Uttarakhand,Dehradun,2016,Kharif,Sugarcane,1463.68,27.0,62.3,Alluvial,Canal,371.94,8.31,4036.8,7.12,12962.49,278432.0,28742.016000000003,372568094.97984004,68.97344431232659,9.687281504540252,0.0007473318401433869,92292.92880000001,Higher relative profit,Moderate relative profit/ha
1446,Uttarakhand,Dehradun,2016,Rabi,Millets,572.97,32.6,39.9,Laterite,Sprinkler,172.99,56.74,2900.71,6.69,34789.81,338948.0,19405.749900000003,675122351.928519,116.8500125831262,17.466369593890313,0.0005020541817816859,232743.8289,Higher relative profit,Higher relative profit/ha
1453,Uttarakhand,Dehradun,2016,Rabi,Sugarcane,1035.41,32.0,60.9,Alluvial,Canal,65.05,45.65,4877.75,5.32,44672.31,457462.0,25949.63,1159229915.7453,93.7854543590795,17.62884480433825,0.00039462577163209715,237656.68920000002,Higher relative profit,Higher relative profit/ha
1455,Uttarakhand,Dehradun,2016,Zaid,Millets,1144.35,22.1,51.5,Red,Sprinkler,444.98,51.93,3109.0,7.89,44900.54,333508.0,24530.01,1101410695.2054,107.271791572853,13.595917816584667,0.0003028007640127416,354265.2606,Higher relative profit,Higher relative profit/ha
1456,Uttarakhand,Dehradun,2016,Kharif,Barley,1027.63,23.6,71.2,Red,Rain-fed,149.21,58.48,3793.22,7.59,61931.07,314439.0,28790.5398,1783028935.691586,82.8950074079542,10.921608354144162,0.00017635103598475147,470056.8213,Higher relative profit,Moderate relative profit/ha
1458,Uttarakhand,Dehradun,2016,Kharif,Millets,913.16,29.5,49.8,Alluvial,Sprinkler,213.97,5.94,3819.45,7.31,49079.23,271199.0,27920.1795,1370300911.321785,71.00472581130792,9.71336878403665,0.00019791200440668385,358769.1713,Higher relative profit,Moderate relative profit/ha
1459,Uttarakhand,Haridwar,2016,Zaid,Pulses,1300.91,20.6,74.8,Red,Canal,339.42,17.02,2920.54,7.17,46054.9,352286.0,20940.2718,964402123.72182,120.62358330993584,16.823372846574035,0.000365289531549825,330213.63300000003,Higher relative profit,Higher relative profit/ha
1461,Uttarakhand,Haridwar,2016,Kharif,Pulses,746.89,30.6,78.1,Red,Rain-fed,198.22,30.99,2969.47,7.47,18660.03,231676.00000000003,22181.940899999998,413915682.6522269,78.01930984317069,10.44435205397198,0.0005597178597232684,139390.42409999997,Higher relative profit,Moderate relative profit/ha
1464,Uttarakhand,Haridwar,2016,Rabi,Barley,2147.53,19.6,66.6,Laterite,Drip,137.36,8.78,3558.5,5.23,22025.09,278376.0,18610.955,409907958.86095005,78.22846705072362,14.957641883503559,0.0006791183093237557,115191.22070000002,Higher relative profit,Moderate relative profit/ha
1467,Uttarakhand,Haridwar,2016,Kharif,Wheat,458.81,33.8,89.4,Black,Canal,310.45,44.09,4496.21,5.35,26870.73,373633.0,24054.7235,646367980.393155,83.09954383803247,15.532625016454668,0.000578049982879314,143758.4055,Higher relative profit,Moderate relative profit/ha
1469,Uttarakhand,Haridwar,2016,Kharif,Maize,1867.12,30.2,50.4,Black,Drip,206.34,14.96,3782.87,6.53,51956.26,385051.0,24702.1411,1283430865.5482862,101.78806038801228,15.587758099236183,0.00030001693923381286,339274.3778000001,Higher relative profit,Higher relative profit/ha
1471,Uttarakhand,Haridwar,2016,Kharif,Barley,1243.2,19.4,73.1,Laterite,Sprinkler,318.13,28.53,2335.84,8.01,12567.43,309821.0,18710.078400000002,235137600.58651203,132.6379375299678,16.55904338701221,0.0013176157246956783,100665.1143,Higher relative profit,Higher relative profit/ha
1476,Uttarakhand,Haridwar,2016,Kharif,Barley,1047.57,28.8,64.5,Black,Drip,418.2,13.47,3420.43,5.79,29992.36,331169.0,19804.289699999998,593977386.226692,96.82086755174058,16.72208420582739,0.0005575447949353565,173655.7644,Higher relative profit,Higher relative profit/ha
1482,Uttarakhand,Nainital,2016,Zaid,Rice,1076.22,25.5,52.6,Alluvial,Sprinkler,374.36,37.51,3265.64,7.4,22194.96,240521.0,24165.736,536357543.89056,73.65202533040997,9.952976396001347,0.0004484340767454119,164242.704,Higher relative profit,Moderate relative profit/ha
1485,Uttarakhand,Nainital,2016,Kharif,Cotton,1523.05,36.1,56.8,Laterite,Tube Well,303.86,16.51,4743.38,5.56,28776.22,272480.0,26373.192799999997,758920798.1152159,57.444269697979074,10.331703183089763,0.0003590361480100501,159995.78319999998,Higher relative profit,Moderate relative profit/ha
1487,Uttarakhand,Nainital,2016,Kharif,Pulses,1430.87,36.5,43.3,Sandy,Rain-fed,164.34,8.92,4627.9,8.17,52736.06,385044.0,37809.943,1993947422.64458,83.20058773957952,10.183670469960772,0.00019310639569889698,430853.6102,Higher relative profit,Moderate relative profit/ha
1492,Uttarakhand,Nainital,2016,Rabi,Rice,1355.51,23.2,64.5,Black,Sprinkler,205.79,59.39,3775.38,7.31,47707.12,232536.0,27598.0278,1316622424.017936,61.592740333423386,8.42581947105655,0.00017661555489110537,348739.0472,Higher relative profit,Moderate relative profit/ha
1493,Uttarakhand,Nainital,2016,Rabi,Millets,1196.04,28.5,48.5,Red,Canal,175.47,23.0,3710.07,4.03,33291.51,261014.0,14951.582100000001,497760744.99797106,70.35285048530082,17.457282998833946,0.0005243764250655482,134164.78530000002,Higher relative profit,Moderate relative profit/ha
1494,Uttarakhand,Nainital,2016,Kharif,Barley,1703.6,22.4,71.2,Red,Canal,94.72,12.75,4657.79,7.1,21489.42,328490.0,33070.309,710661759.63078,70.52486264945392,9.933079246401961,0.0004622311466015352,152574.88199999998,Higher relative profit,Moderate relative profit/ha
1495,Uttarakhand,Almora,2016,Zaid,Wheat,911.78,30.2,64.3,Alluvial,Canal,368.34,11.2,3690.42,8.04,60602.94,406003.0,29670.976799999997,1798148426.751792,110.0153912020854,13.683506368418584,0.00022578948097928223,487247.63759999996,Higher relative profit,Higher relative profit/ha
1499,Uttarakhand,Almora,2016,Zaid,Pulses,1395.67,21.2,58.0,Laterite,Drip,374.13,14.4,3913.93,6.8,15309.73,332977.0,26614.724,407464238.46452,85.0748480427601,12.511007065111778,0.0008171931879341947,104106.164,Higher relative profit,Higher relative profit/ha
1500,Uttarakhand,Almora,2016,Zaid,Millets,1761.32,36.7,82.2,Black,Drip,120.92,35.57,4458.72,7.64,38584.89,576699.0,34064.6208,1314379646.4597118,129.34182904510712,16.929558775537583,0.0004387613590588851,294788.5595999999,Higher relative profit,Higher relative profit/ha
1501,Uttarakhand,Almora,2016,Kharif,Millets,1133.52,32.9,62.8,Laterite,Tube Well,304.0,53.58,4821.03,7.87,51752.25,594909.0,37941.5061,1963558309.063725,123.39873429536843,15.67963586980539,0.000302974959925518,407290.2075,Higher relative profit,Higher relative profit/ha
1506,Uttarakhand,Almora,2016,Rabi,Sugarcane,1373.83,24.0,71.3,Laterite,Sprinkler,121.28,42.16,4954.31,7.2,19985.79,424767.0,35671.03200000001,712913754.6352801,85.73686345828177,11.907897702539135,0.0005958182139679809,143897.68800000002,Higher relative profit,Higher relative profit/ha
1511,Uttarakhand,Almora,2016,Rabi,Millets,836.56,34.8,63.5,Sandy,Sprinkler,301.97,16.34,3692.07,5.12,40260.55,339740.0,18903.398400000002,761061216.4531201,92.01884037951609,17.972429761624237,0.0004464029865867266,206134.01600000003,Higher relative profit,Higher relative profit/ha
1512,Uttarakhand,Almora,2016,Kharif,Wheat,877.4,24.3,78.6,Black,Tube Well,116.67,40.2,4050.4,7.59,29313.35,298480.0,30742.536,901166717.6556,73.69148726051748,9.709023354481882,0.0003312150728075052,222488.3265,Higher relative profit,Moderate relative profit/ha
1516,Uttarakhand,Pauri,2016,Kharif,Wheat,783.14,31.6,74.6,Red,Tube Well,353.91,27.18,3001.65,7.55,43611.33,327484.0,22662.4575,988339912.643475,109.1013276031516,14.450506967304847,0.00033134754127665556,329265.5415,Higher relative profit,Higher relative profit/ha
1517,Uttarakhand,Pauri,2016,Kharif,Cotton,574.76,23.2,66.1,Sandy,Tube Well,380.19,58.83,3358.34,7.75,27592.05,325034.0,26027.135000000002,718142010.2767501,96.78412549056974,12.488274256847708,0.000452604074610176,213838.3875,Higher relative profit,Higher relative profit/ha
1521,Uttarakhand,Pauri,2016,Rabi,Maize,731.63,35.1,41.9,Laterite,Rain-fed,53.17,17.98,4666.16,5.93,27629.45,440824.0,27670.3288,764515966.06316,94.47254273321104,15.931288825162063,0.0005766053549803585,163842.6385,Higher relative profit,Higher relative profit/ha
1528,Uttarakhand,Pauri,2016,Zaid,Rice,1899.88,34.9,41.5,Black,Canal,282.23,43.63,4901.91,4.55,25777.75,367432.0,22303.690499999997,574938957.7863749,74.95690455353117,16.47404495682004,0.0006390800188852806,117288.76249999998,Higher relative profit,Moderate relative profit/ha
1533,Uttar Pradesh,Lucknow,2016,Rabi,Barley,1459.93,19.3,52.1,Red,Rain-fed,133.96,26.78,2979.54,5.4,59098.92,229936.0,16089.516000000001,950873018.9227201,77.1716439450385,14.291045175007127,0.000241815674042895,319134.168,Higher relative profit,Moderate relative profit/ha
1537,Uttar Pradesh,Lucknow,2016,Kharif,Rice,1916.66,19.0,42.9,Black,Rain-fed,226.44,37.11,3682.53,5.65,59551.28,342415.0,20806.294500000004,1239041469.5319602,92.98362810350493,16.457279310354853,0.00027635475358976083,336464.7320000001,Higher relative profit,Higher relative profit/ha
1541,Uttar Pradesh,Lucknow,2016,Rabi,Maize,1900.11,26.9,66.7,Alluvial,Rain-fed,198.16,13.13,4321.07,7.95,43015.66,350743.0,34352.506499999996,1477695739.75179,81.1704045525761,10.210113780198252,0.00023735806402129482,341974.49700000003,Higher relative profit,Moderate relative profit/ha
1546,Uttar Pradesh,Lucknow,2016,Rabi,Barley,1423.03,22.2,48.3,Alluvial,Rain-fed,297.47,43.74,3170.49,5.18,63697.67,291769.0,16423.138199999998,1046115637.4279938,92.02646909468253,17.765727624456087,0.00027890702476960445,329953.93059999996,Higher relative profit,Higher relative profit/ha
1550,Uttar Pradesh,Kanpur,2016,Rabi,Wheat,2007.94,30.5,73.3,Laterite,Rain-fed,433.56,22.78,4469.05,3.64,58226.2,233406.0,16267.342,947185508.7603999,52.22720712455667,14.348133825427658,0.00024642057742781874,211943.368,Higher relative profit,Moderate relative profit/ha
1553,Uttar Pradesh,Kanpur,2016,Kharif,Barley,1435.24,18.9,62.2,Sandy,Drip,154.05,46.59,4595.47,7.48,45214.9,512881.00000000006,34374.115600000005,1554222199.4424403,111.6057769934305,14.920558421581616,0.00032999206946342056,338207.45200000005,Higher relative profit,Higher relative profit/ha
1555,Uttar Pradesh,Kanpur,2016,Kharif,Millets,644.41,27.8,59.9,Laterite,Rain-fed,405.31,6.17,4842.39,7.08,62872.34,612012.0,34284.1212,2155522924.687608,126.38635054177792,17.85117945505338,0.00028392739088529837,445136.1671999999,Higher relative profit,Higher relative profit/ha
1561,Uttar Pradesh,Kanpur,2016,Kharif,Cotton,1379.18,27.3,67.3,Black,Drip,344.15,31.11,3747.6,8.38,57874.16,431609.0,31404.888000000003,1817531512.8940802,115.16944177607002,13.743370140342483,0.00023746988535716947,484985.46080000006,Higher relative profit,Higher relative profit/ha
1564,Uttar Pradesh,Kanpur,2016,Rabi,Maize,1802.26,18.6,53.4,Sandy,Sprinkler,366.97,26.5,4032.68,6.47,15714.16,302763.0,26091.439599999998,410005056.50473595,75.0773679042225,11.603920850729908,0.0007384372343625055,101670.61519999999,Higher relative profit,Moderate relative profit/ha
1567,Uttar Pradesh,Varanasi,2016,Rabi,Barley,1292.11,21.7,36.4,Alluvial,Sprinkler,379.45,22.39,4618.04,6.85,51404.52,503716.0,31633.573999999997,1626108687.3544798,109.07571177382613,15.923461572821333,0.00030976773195861635,352120.96199999994,Higher relative profit,Higher relative profit/ha
1573,Uttar Pradesh,Varanasi,2016,Kharif,Cotton,1718.51,34.0,83.7,Laterite,Tube Well,152.12,35.58,3976.7,7.83,39225.84,380283.0,31137.560999999998,1221396985.7762399,95.62778182915483,12.212998956469328,0.0003113508584257043,307138.3272,Higher relative profit,Higher relative profit/ha
1574,Uttar Pradesh,Varanasi,2016,Zaid,Wheat,2034.14,28.0,49.8,Alluvial,Sprinkler,232.47,6.3,3771.09,4.4,46839.51,294758.0,16592.796000000002,777198434.1699601,78.16254716806016,17.764215265468216,0.00037925706877523304,206093.84400000004,Higher relative profit,Moderate relative profit/ha
1580,Uttar Pradesh,Varanasi,2016,Zaid,Rice,1092.07,33.1,69.5,Sandy,Tube Well,378.16,12.64,2522.91,8.02,51334.72,279625.0,20233.738199999996,1038693285.0503038,110.83431434335748,13.819739943062032,0.0002692084410524111,411704.45439999993,Higher relative profit,Higher relative profit/ha
1581,Uttar Pradesh,Varanasi,2016,Rabi,Wheat,1098.77,28.8,75.3,Red,Tube Well,170.08,59.39,4759.68,8.08,57929.84,518268.0,38458.214400000004,2227878206.877696,108.88715207745058,13.476132682852793,0.00023262851550863588,468073.10719999997,Higher relative profit,Higher relative profit/ha
1586,Uttar Pradesh,Agra,2016,Rabi,Rice,1639.69,21.0,42.6,Black,Canal,139.0,29.57,4619.97,3.31,12059.82,269290.0,15292.1007,184419981.86387402,58.28825728305595,17.609745402735935,0.0014601996881160692,39918.0042,Higher relative profit,Moderate relative profit/ha
1588,Uttar Pradesh,Agra,2016,Zaid,Pulses,2192.34,18.3,51.2,Alluvial,Tube Well,113.79,10.21,3880.79,8.14,41238.0,357600.0,31589.6306,1302693186.6828,92.14618673002147,11.320170359953497,0.0002745082293019423,335677.32,Higher relative profit,Higher relative profit/ha
1592,Uttar Pradesh,Agra,2016,Rabi,Barley,1752.57,22.5,79.8,Black,Drip,406.48,55.24,3794.21,3.48,50446.52,233793.0,13203.8508,666088323.459216,61.61836060734645,17.706425461881164,0.0003509939924871164,175553.8896,Higher relative profit,Moderate relative profit/ha
1594,Uttar Pradesh,Agra,2016,Kharif,Millets,1921.62,23.2,54.2,Black,Tube Well,434.44,9.57,4995.95,5.1,20648.64,284821.0,25479.344999999998,526113822.3407999,57.010378406509275,11.17850556990378,0.000541367643094353,105308.06399999998,Higher relative profit,Moderate relative profit/ha
1596,Uttar Pradesh,Agra,2016,Rabi,Rice,2121.51,30.4,59.3,Laterite,Canal,449.12,51.88,2265.79,7.45,26286.81,240296.0,16880.1355,443724914.662755,106.05395910477141,14.23543075231831,0.0005415427262691178,195836.73450000002,Higher relative profit,Higher relative profit/ha
1598,Uttar Pradesh,Agra,2016,Kharif,Sugarcane,963.77,23.4,46.5,Alluvial,Rain-fed,71.46,44.93,4405.66,6.7,41027.24,515818.0,29517.922,1211038870.1952798,117.08075521034306,17.474739583633294,0.0004259301767224238,274882.508,Higher relative profit,Higher relative profit/ha
1604,Uttar Pradesh,Meerut,2016,Kharif,Wheat,2177.42,22.1,38.4,Alluvial,Canal,329.55,10.78,2288.94,7.24,45013.58,283781.0,16571.925600000002,745961698.7496481,123.979221823202,17.124201909282043,0.0003804230169935838,325898.3192,Higher relative profit,Higher relative profit/ha
1606,Uttar Pradesh,Meerut,2016,Kharif,Wheat,1805.21,20.1,69.7,Sandy,Rain-fed,205.18,56.0,3826.74,8.06,48238.37,437003.0,30843.5244,1487841342.111228,114.19720179578441,14.16838731957623,0.00029371612928828707,388801.2622,Higher relative profit,Higher relative profit/ha
1607,Uttar Pradesh,Meerut,2016,Rabi,Rice,1447.3,23.7,88.8,Red,Drip,236.66,33.81,4349.94,7.93,45320.37,302536.0,34495.02419999999,1563327259.9029539,69.54946505009265,8.77042434427398,0.00019352058123695766,359390.5341,Higher relative profit,Moderate relative profit/ha
1621,Punjab,Ludhiana,2016,Rabi,Sugarcane,1721.83,18.4,51.3,Black,Canal,167.09,46.71,4228.62,3.9,26849.73,259440.0,16491.618,442795490.56314,61.353349319636195,15.731628030675948,0.000585913825974263,104713.947,Higher relative profit,Moderate relative profit/ha
1627,Punjab,Ludhiana,2016,Rabi,Barley,2012.66,31.9,78.9,Red,Drip,256.8,56.49,4968.88,5.52,24389.07,235206.0,27428.2176,668948719.021632,47.3358181320539,8.575329371748895,0.0003516054270109068,134627.6664,Higher relative profit,Moderate relative profit/ha
1632,Punjab,Ludhiana,2016,Rabi,Rice,2143.68,20.1,44.0,Sandy,Sprinkler,361.78,13.67,4426.9,3.92,27314.36,284102.0,17353.447999999997,473998325.9132799,64.17628588854504,16.371501502179857,0.0005993734249010358,107072.29119999998,Higher relative profit,Moderate relative profit/ha
1635,Punjab,Ludhiana,2016,Kharif,Sugarcane,1851.2,19.6,85.8,Black,Drip,228.26,47.82,4452.04,6.2,61892.2,301202.0,27602.648,1708388610.5456,67.6548278991204,10.91206901598716,0.00017630766099746272,383731.64,Higher relative profit,Moderate relative profit/ha
1639,Punjab,Amritsar,2016,Rabi,Wheat,937.24,33.4,79.9,Black,Sprinkler,73.8,50.67,3620.78,4.5,46231.73,264617.0,16293.51,753277155.0723001,73.08287164644082,16.240638143653516,0.00035128770097189775,208042.785,Higher relative profit,Moderate relative profit/ha
1642,Punjab,Amritsar,2016,Kharif,Maize,735.11,19.6,55.4,Sandy,Drip,380.11,21.46,4087.86,5.72,26813.12,313844.0,23382.5592,626959365.736704,76.77464492423908,13.42214072102082,0.0005005810857155311,153371.0464,Higher relative profit,Moderate relative profit/ha
1644,Punjab,Amritsar,2016,Zaid,Wheat,604.34,35.7,47.4,Sandy,Sprinkler,185.06,23.07,3617.78,7.75,23979.93,337805.0,28037.795000000002,672344361.45435,93.37356058135099,12.048201365335611,0.0005024285460939882,185844.4575,Higher relative profit,Higher relative profit/ha
1646,Punjab,Amritsar,2016,Zaid,Wheat,1024.28,32.9,64.6,Alluvial,Tube Well,308.04,11.73,4175.1,6.96,51890.91,258758.0,29058.696000000004,1507882178.8533602,61.97647960527891,8.904666609953866,0.0001716035931910592,361160.73360000004,Higher relative profit,Moderate relative profit/ha
1648,Punjab,Amritsar,2016,Rabi,Millets,956.18,25.4,43.8,Red,Sprinkler,412.57,26.12,3016.96,7.53,45968.61,310405.0,22717.7088,1044301495.920768,102.88668063215952,13.663569805067667,0.0002972369581126701,346143.6333,Higher relative profit,Higher relative profit/ha
1650,Punjab,Amritsar,2016,Rabi,Maize,1602.0,28.2,85.5,Black,Canal,150.75,10.66,4537.96,6.32,59188.88,351536.0,28679.9072,1697531585.671936,77.46564535606308,12.257222366465676,0.000207086573803486,374073.7216,Higher relative profit,Moderate relative profit/ha
1656,Punjab,Amritsar,2016,Rabi,Wheat,1990.16,24.7,62.7,Laterite,Tube Well,363.76,45.44,2698.98,7.26,40698.75,347346.0,19594.5948,797475515.1164999,128.69528488540115,17.72662326245195,0.0004355569461580995,295472.925,Higher relative profit,Higher relative profit/ha
1657,Punjab,Patiala,2016,Zaid,Maize,1128.16,21.4,75.7,Red,Rain-fed,156.45,31.52,3326.46,6.89,31207.87,395124.0,22919.3094,715262828.244978,118.78212874948143,17.239786465817335,0.0005524179146419585,215022.22429999997,Higher relative profit,Higher relative profit/ha
1667,Punjab,Patiala,2016,Rabi,Maize,1235.06,31.2,56.4,Sandy,Rain-fed,194.8,57.31,4482.05,6.69,34365.46,447539.00000000006,29984.914500000003,1030445379.85317,99.85140728015084,14.925471940231812,0.00043431608190991225,229904.9274,Higher relative profit,Higher relative profit/ha
1674,Punjab,Patiala,2016,Rabi,Cotton,896.45,27.1,56.8,Laterite,Tube Well,200.07,34.82,2311.72,5.96,57375.37,231257.00000000003,13777.8512,790509310.404944,100.0367691588947,16.784692811895084,0.0002925417790228644,341957.2052,Higher relative profit,Higher relative profit/ha
1679,Punjab,Jalandhar,2016,Rabi,Barley,1138.56,35.2,85.1,Red,Drip,306.95,47.69,3110.11,6.83,35962.46,307382.0,21242.051300000003,763916420.1941981,98.8331602419207,14.470448058846367,0.0004023764797749199,245623.60180000003,Higher relative profit,Higher relative profit/ha
1681,Punjab,Jalandhar,2016,Kharif,Millets,2177.34,18.5,81.4,Alluvial,Tube Well,369.53,40.07,4255.99,7.36,45750.43,429454.0,31324.0864,1433090422.157152,100.90578220343563,13.71002475590158,0.00029966985569100836,336723.1648,Higher relative profit,Higher relative profit/ha
1682,Punjab,Jalandhar,2016,Kharif,Wheat,872.25,35.1,58.2,Black,Canal,330.06,9.28,4335.16,6.18,35467.44,323407.0,26791.2888,950218428.036672,74.6009374509822,12.071349102100681,0.0003403501662962052,219188.77920000002,Higher relative profit,Moderate relative profit/ha
1686,Punjab,Jalandhar,2016,Zaid,Cotton,1636.76,30.8,73.1,Black,Canal,95.18,24.73,2871.35,8.34,35830.98,429582.0,23947.058999999997,858046592.0878199,149.60976544134292,17.938820796324094,0.0005006511347533362,298830.3732,Higher relative profit,Higher relative profit/ha
1689,Punjab,Jalandhar,2016,Rabi,Cotton,1593.98,31.6,53.9,Sandy,Drip,308.08,36.89,3802.47,7.79,14745.67,349416.0,29621.241299999998,436785049.200171,91.89184924535894,11.796129556528747,0.0007999724364188773,114868.7693,Higher relative profit,Higher relative profit/ha
1690,Punjab,Jalandhar,2016,Rabi,Rice,991.42,22.0,59.7,Alluvial,Drip,68.55,31.18,4690.89,8.33,33850.11,429179.0,39075.1137,1322696897.007507,91.4920196380644,10.983435730860073,0.0003244726747080016,281971.4163,Higher relative profit,Higher relative profit/ha
1693,Punjab,Bathinda,2016,Kharif,Millets,1536.42,19.8,58.0,Black,Tube Well,50.87,56.54,3458.57,6.45,58881.59,264320.0,22307.7765,1313517349.684635,76.42464949386596,11.84878286726604,0.00020123068801752877,379786.25549999997,Higher relative profit,Moderate relative profit/ha
1694,Punjab,Bathinda,2016,Rabi,Barley,1105.44,18.3,36.8,Black,Rain-fed,103.39,5.92,3162.01,4.53,45686.94,229822.0,14323.905300000002,654415402.0067822,72.68224958175337,16.04464670678882,0.00035118672221840245,206961.83820000003,Higher relative profit,Moderate relative profit/ha
1697,Punjab,Bathinda,2016,Zaid,Millets,1055.62,18.2,65.3,Laterite,Canal,156.5,29.82,4132.3,7.97,15116.33,464390.0,32934.431,497847727.35822994,112.38051448345956,14.100440964047626,0.0009327952594345074,120477.15009999998,Higher relative profit,Higher relative profit/ha
1703,Punjab,Bathinda,2016,Zaid,Barley,718.46,35.9,55.7,Sandy,Drip,444.11,54.98,4745.12,6.0,20178.96,488220.0,28470.72,574509520.0512,102.88886266311495,17.148143777185823,0.0008498031502706693,121073.76000000001,Higher relative profit,Higher relative profit/ha
1705,Punjab,Bathinda,2016,Zaid,Rice,844.71,28.5,37.7,Black,Sprinkler,429.01,49.41,4486.54,7.14,17069.22,320384.0,32033.8956,546793611.4534321,71.41003980795892,10.001406135568477,0.0005859322298012724,121874.23080000002,Higher relative profit,Moderate relative profit/ha
1710,Punjab,Bathinda,2016,Kharif,Rice,1520.29,23.2,84.8,Red,Tube Well,210.27,55.35,2885.09,8.33,53169.76,413657.0,24032.799700000003,1277818192.1770723,143.37750295484716,17.212185228673125,0.00032372132634552283,442904.1008000001,Higher relative profit,Higher relative profit/ha
1714,Maharashtra,Pune,2016,Zaid,Millets,2183.04,25.0,47.4,Sandy,Sprinkler,84.46,36.66,3349.88,8.25,19770.48,313267.0,27636.510000000002,546387068.2248,93.51588713625563,11.335259046818862,0.0005733426323902538,163106.46,Higher relative profit,Higher relative profit/ha
1715,Maharashtra,Pune,2016,Rabi,Rice,1463.42,28.3,45.6,Red,Sprinkler,233.85,15.44,3685.64,7.12,57144.56,291417.0,26241.7568,1499573645.963008,79.06822153004634,11.105087293545834,0.00019433323650660422,406869.2672,Higher relative profit,Moderate relative profit/ha
1716,Maharashtra,Pune,2016,Kharif,Wheat,1803.52,27.9,36.4,Laterite,Tube Well,349.92,34.4,4343.41,6.85,28706.3,257563.0,29752.3585,854080128.8085499,59.29972072634175,8.656893536692227,0.00030156772334617233,196638.15499999997,Higher relative profit,Moderate relative profit/ha
1717,Maharashtra,Pune,2016,Rabi,Pulses,537.19,33.1,38.9,Black,Drip,238.49,6.88,4602.7,5.27,53406.18,280712.0,24256.228999999996,1295432532.0952199,60.98855019879636,11.572779923870279,0.0002166936471372841,281450.5686,Higher relative profit,Moderate relative profit/ha
1725,Maharashtra,Pune,2016,Kharif,Maize,473.85,31.6,41.5,Alluvial,Canal,329.72,10.1,4211.57,7.2,45347.68,539476.0,30323.304,1375091486.33472,128.09379874963494,17.79080538189374,0.0003923200785992523,326503.296,Higher relative profit,Higher relative profit/ha
1728,Maharashtra,Pune,2016,Kharif,Millets,2113.55,25.3,50.3,Black,Canal,242.1,43.4,3970.8,7.5,47981.49,440435.00000000006,29781.0,1428936753.69,110.91845471945201,14.789127295926935,0.0003082256781922974,359861.175,Higher relative profit,Higher relative profit/ha
1729,Maharashtra,Nashik,2016,Rabi,Millets,1751.29,23.8,76.0,Laterite,Drip,379.15,36.48,3673.05,5.41,34324.9,316483.0,19871.200500000003,682076970.0424501,86.16354255999782,15.926717663585547,0.00046399895305115375,185697.709,Higher relative profit,Higher relative profit/ha
1732,Maharashtra,Nashik,2016,Zaid,Barley,829.67,34.6,55.4,Sandy,Sprinkler,101.71,34.2,3241.25,5.92,34733.54,314191.0,19188.2,666474112.228,96.93513305052063,16.37417788015551,0.00047142266178902325,205622.55680000002,Higher relative profit,Higher relative profit/ha
1735,Maharashtra,Nashik,2016,Rabi,Wheat,1521.91,28.7,37.4,Red,Sprinkler,395.22,30.49,4594.43,8.12,61525.57,545271.0,37306.7716,2295320387.549812,118.68088097979509,14.615872041846687,0.0002375576860457642,499587.6283999999,Higher relative profit,Higher relative profit/ha
1737,Maharashtra,Nashik,2016,Zaid,Barley,1026.15,25.0,46.6,Red,Drip,404.53,51.49,3834.24,4.11,33525.65,262691.0,15758.7264,528321545.73216003,68.51188240694376,16.669557763246655,0.0004972180334533902,137790.42150000003,Higher relative profit,Moderate relative profit/ha
1738,Maharashtra,Nashik,2016,Rabi,Rice,1287.98,27.9,52.3,Sandy,Tube Well,212.96,5.66,4850.59,4.18,54975.58,332590.0,20275.4662,1114655514.115396,68.56691660189792,16.403568565047348,0.0002983791815392825,229797.9244,Higher relative profit,Moderate relative profit/ha
1740,Maharashtra,Nashik,2016,Kharif,Pulses,448.91,25.5,45.9,Red,Tube Well,51.75,29.27,3429.01,5.83,16778.81,259295.0,19991.1283,335427343.43132305,75.61803552628892,12.970503520804275,0.000773028809599982,97820.46230000001,Higher relative profit,Moderate relative profit/ha
1742,Maharashtra,Nashik,2016,Kharif,Cotton,1717.46,25.3,40.3,Sandy,Canal,374.66,43.19,4938.82,4.61,14883.95,346684.0,22767.9602,338877181.21879005,70.19571476587525,15.226836174810249,0.0010230373103114595,68615.00950000001,Higher relative profit,Moderate relative profit/ha
1744,Maharashtra,Nashik,2016,Zaid,Cotton,1528.96,29.2,56.8,Laterite,Tube Well,431.94,25.58,2396.67,6.84,63440.17,294065.0,16393.2228,1039988841.279876,122.69732587298209,17.938205536985688,0.00028275784155347764,433930.76279999997,Higher relative profit,Higher relative profit/ha
1747,Maharashtra,Nagpur,2016,Zaid,Millets,1076.91,35.2,70.9,Red,Drip,153.31,29.16,4600.39,5.74,49582.76,270356.0,26406.238600000004,1309294191.0065362,58.76806096874395,10.238338147864798,0.00020648987970546212,284605.04240000003,Higher relative profit,Moderate relative profit/ha
1759,Maharashtra,Nagpur,2016,Kharif,Cotton,2007.74,20.0,40.5,Red,Sprinkler,337.44,37.21,4679.35,5.1,46498.58,348552.0,23864.685,1109673964.6473,74.4872685308857,14.605346770761901,0.0003141030709058621,237142.75799999997,Higher relative profit,Moderate relative profit/ha
1760,Maharashtra,Nagpur,2016,Kharif,Cotton,1412.29,24.8,48.8,Black,Drip,51.63,9.03,3456.77,4.39,49047.63,260893.0,15175.220299999999,744308590.4428889,75.47305721815452,17.192040368600118,0.0003505172496326555,215319.09569999995,Higher relative profit,Moderate relative profit/ha
1766,Maharashtra,Aurangabad,2016,Rabi,Pulses,1718.42,31.7,57.3,Laterite,Rain-fed,161.11,32.46,4641.27,8.11,29091.11,584036.0,37640.6997,1095009735.449667,125.83538557334522,15.516077136047501,0.0005333614680239943,235928.90209999998,Higher relative profit,Higher relative profit/ha
1768,Maharashtra,Aurangabad,2016,Zaid,Wheat,1043.34,26.3,54.4,Sandy,Tube Well,180.04,13.46,4469.69,7.49,25780.64,525551.0,33477.9781,863083701.323984,117.58108504169194,15.69840921784939,0.0006089224013775216,193096.99360000002,Higher relative profit,Higher relative profit/ha
1772,Maharashtra,Aurangabad,2016,Kharif,Wheat,1450.99,26.7,38.6,Red,Rain-fed,292.96,37.8,4353.23,7.91,59452.16,577679.0,34434.0493,2047178608.431488,132.70123563423022,16.776388828600535,0.0002821829993830423,470266.58560000005,Higher relative profit,Higher relative profit/ha
1777,Maharashtra,Aurangabad,2016,Zaid,Millets,1052.63,25.3,87.2,Black,Drip,312.52,8.67,4506.83,6.59,64651.78,441561.0,29700.0097,1920158493.1222658,97.97596093041007,14.867368881701072,0.0002299607045885059,426055.2302,Higher relative profit,Higher relative profit/ha
1779,Maharashtra,Aurangabad,2016,Rabi,Maize,840.45,33.3,44.3,Black,Tube Well,406.6,6.71,3249.84,6.47,31967.43,299146.0,21026.4648,672162041.6414641,92.04945474238731,14.22711819820515,0.0004450504215761213,206829.27210000003,Higher relative profit,Higher relative profit/ha
1788,Maharashtra,Kolhapur,2016,Kharif,Pulses,1728.81,28.9,79.4,Sandy,Drip,89.91,56.06,3270.5,5.14,46109.5,276923.0,16810.37,775117755.515,84.67298578199052,16.473343537352243,0.0003572657161182021,237002.83,Higher relative profit,Higher relative profit/ha
1790,Maharashtra,Kolhapur,2016,Rabi,Maize,1461.06,20.9,65.4,Sandy,Tube Well,407.39,17.31,4535.92,4.93,61273.94,276543.0,22362.0856,1370213091.329264,60.967345103088235,12.36660144078869,0.00020182481232296616,302080.5242,Higher relative profit,Moderate relative profit/ha
1792,Maharashtra,Kolhapur,2016,Rabi,Millets,423.89,27.7,48.0,Alluvial,Rain-fed,90.62,14.39,4046.42,7.76,23555.08,352595.0,31400.2192,739634675.2735361,87.13751909094952,11.229061738524424,0.00047671507541152154,182787.42080000002,Higher relative profit,Higher relative profit/ha
1793,Maharashtra,Kolhapur,2016,Rabi,Millets,1617.01,18.7,42.0,Red,Canal,87.45,31.31,3057.17,7.6,23800.12,249503.00000000003,23234.492,552983697.7390399,81.61240624499129,10.738474505919907,0.0004511941328833598,180880.91199999995,Higher relative profit,Moderate relative profit/ha
1795,Maharashtra,Kolhapur,2016,Zaid,Pulses,1931.5,22.0,64.5,Alluvial,Sprinkler,227.59,22.84,3775.25,7.18,53151.55,379960.0,27106.295,1440741594.00725,100.64499039798689,14.01740813342436,0.0002637252936823923,381628.129,Higher relative profit,Higher relative profit/ha
1797,Maharashtra,Kolhapur,2016,Rabi,Cotton,874.13,37.5,66.6,Alluvial,Canal,167.38,55.32,4949.41,7.18,34432.7,588569.0,35536.7638,1223626726.89626,118.91700222854845,16.56225657779226,0.00048100371384736786,247226.78600000002,Higher relative profit,Higher relative profit/ha
1798,Maharashtra,Kolhapur,2016,Rabi,Barley,792.27,20.7,52.6,Laterite,Drip,137.45,32.42,3343.34,7.54,30818.56,439869.0,25208.783600000002,776898409.9036161,131.56573964957198,17.449037088802648,0.0005661859959973032,232371.9424,Higher relative profit,Higher relative profit/ha
1802,Karnataka,Bengaluru,2016,Rabi,Pulses,1380.58,31.0,85.7,Alluvial,Drip,244.82,45.74,4624.41,5.65,34508.82,324497.0,26127.9165,901643567.4735299,70.17046498904725,12.419551325495089,0.00035989498700607814,194974.83299999998,Higher relative profit,Moderate relative profit/ha
1803,Karnataka,Bengaluru,2016,Rabi,Maize,538.46,31.3,57.2,Red,Tube Well,270.72,40.5,4719.68,7.71,17240.74,577757.0,36388.732800000005,627368681.1342721,122.41444335209167,15.877359708442496,0.0009209210108407468,132926.1054,Higher relative profit,Higher relative profit/ha
1811,Karnataka,Bengaluru,2016,Rabi,Pulses,1723.12,30.9,84.1,Alluvial,Rain-fed,303.48,24.58,3813.87,5.87,37756.28,277307.0,22387.4169,845265580.953132,72.7101343255014,12.386734978790697,0.00032807085281682136,221629.3636,Higher relative profit,Moderate relative profit/ha
1820,Karnataka,Mysuru,2016,Kharif,Sugarcane,497.61,37.2,58.7,Black,Rain-fed,184.1,40.59,4717.67,7.84,12999.94,416631.00000000006,36986.5328,480822707.208032,88.312874787766,11.26439729435791,0.0008664960987787566,101919.5296,Higher relative profit,Higher relative profit/ha
1826,Karnataka,Mysuru,2016,Zaid,Cotton,1450.57,26.6,45.6,Laterite,Drip,119.55,8.0,4070.18,8.14,25118.41,513652.00000000006,33131.2652,832204703.112332,126.19884132888474,15.50354316079665,0.0006172183335169961,204463.8574,Higher relative profit,Higher relative profit/ha
1828,Karnataka,Mysuru,2016,Kharif,Pulses,1865.33,29.3,38.6,Sandy,Tube Well,245.17,54.35,4806.16,3.9,25053.28,269835.0,18744.023999999998,469599281.5987199,56.14357407993076,14.395788225623273,0.000574606926742657,97707.79199999999,Higher relative profit,Moderate relative profit/ha
1829,Karnataka,Mysuru,2016,Rabi,Barley,940.26,23.3,78.1,Laterite,Tube Well,197.79,18.71,4260.08,6.3,20440.46,450392.0,26838.503999999997,548591367.4718399,105.72383617209067,16.78156129715725,0.0008209972425844257,128774.89799999999,Higher relative profit,Higher relative profit/ha
1833,Karnataka,Mysuru,2016,Kharif,Maize,932.86,27.4,70.1,Sandy,Canal,296.36,46.36,3818.69,6.95,16089.69,237846.0,26539.895500000002,427018691.22739506,62.284710201666016,8.96182880599511,0.0005569920120272739,111823.34550000001,Higher relative profit,Moderate relative profit/ha
1840,Karnataka,Hubli,2016,Kharif,Pulses,1813.48,29.4,41.2,Black,Drip,360.43,18.58,3048.0,6.54,13796.03,309843.0,19933.920000000002,275008958.33760005,101.65452755905511,15.543505742974787,0.0011266651161946433,90226.03620000002,Higher relative profit,Higher relative profit/ha
1841,Karnataka,Hubli,2016,Rabi,Cotton,2149.71,22.3,85.5,Alluvial,Sprinkler,217.7,31.51,4020.53,8.19,26502.49,525061.0,32928.140699999996,872677719.620343,130.59497130975268,15.945661942582749,0.0006016665582208596,217055.3931,Higher relative profit,Higher relative profit/ha
1845,Karnataka,Hubli,2016,Zaid,Cotton,1998.68,37.9,46.5,Alluvial,Drip,128.99,28.4,3507.26,5.33,47578.89,240338.0,18693.6958,889425296.1616621,68.52585779212262,12.856633732105557,0.00027021718522869193,253595.4837,Higher relative profit,Moderate relative profit/ha
1847,Karnataka,Hubli,2016,Kharif,Wheat,2193.45,24.1,60.5,Black,Sprinkler,396.97,13.89,4670.98,5.26,46725.84,267641.0,24569.354799999997,1148023741.2880318,57.29868250345752,10.893285647045158,0.00023313193828179777,245777.9184,Higher relative profit,Moderate relative profit/ha
1848,Karnataka,Hubli,2016,Zaid,Millets,1931.95,24.0,42.5,Red,Tube Well,243.83,43.35,3885.77,5.64,63396.9,279741.0,21915.7428,1389390154.71732,71.9911368917872,12.764385973721136,0.00020134085379129165,357558.516,Higher relative profit,Moderate relative profit/ha
1852,Karnataka,Hubli,2016,Rabi,Pulses,909.39,32.4,38.6,Laterite,Tube Well,333.03,37.11,3026.33,5.68,39591.61,294784.0,17189.554399999997,680562133.8785839,97.40642956980898,17.14901929045933,0.00043314781314675836,224880.34479999996,Higher relative profit,Higher relative profit/ha
1860,Karnataka,Belagavi,2016,Zaid,Pulses,1600.62,34.5,87.0,Sandy,Drip,175.77,22.53,3920.87,4.43,19717.8,272031.0,17369.4541,342487422.05297995,69.38026509422654,15.661459389215924,0.0007942802639856336,87349.85399999999,Higher relative profit,Moderate relative profit/ha
1861,Karnataka,Belagavi,2016,Zaid,Wheat,1824.78,26.7,41.5,Black,Canal,330.08,41.57,4786.86,5.26,14169.55,392582.0,25178.883599999997,356773450.11437994,82.01242568197107,15.591715909119975,0.0011003677540302958,74531.833,Higher relative profit,Moderate relative profit/ha
1864,Karnataka,Belagavi,2016,Zaid,Wheat,715.52,30.8,72.1,Alluvial,Drip,420.54,17.28,1989.08,6.72,38379.26,228934.0,13366.6176,513000892.190976,115.09542099865264,17.127294791466166,0.0004462643310857522,257908.62720000002,Higher relative profit,Higher relative profit/ha
1865,Karnataka,Belagavi,2016,Kharif,Millets,1404.96,33.5,71.7,Laterite,Sprinkler,88.94,50.31,3140.77,7.81,35565.54,424644.0,24529.413699999997,872401844.1238979,135.20378760622395,17.31162453344737,0.00048675275374554614,277766.8674,Higher relative profit,Higher relative profit/ha
1870,Karnataka,Belagavi,2016,Kharif,Maize,1552.27,35.0,51.3,Sandy,Rain-fed,170.52,47.56,2544.6,7.84,29124.76,334444.0,19949.664,581029176.08064,131.43283816709896,16.764392623354457,0.00057560620665559,228338.11839999998,Higher relative profit,Higher relative profit/ha
1876,Karnataka,Mangalore,2016,Kharif,Sugarcane,1462.61,36.0,56.0,Black,Canal,133.97,52.21,4187.64,4.09,64268.73,277363.0,17127.4476,1100759305.393548,66.23372591722305,16.194065016435957,0.00025197424963020054,262859.10569999996,Higher relative profit,Moderate relative profit/ha
1880,Karnataka,Mangalore,2016,Kharif,Millets,1442.86,30.4,84.4,Alluvial,Tube Well,140.76,20.71,3920.22,6.51,63803.05,239056.0,25520.632199999996,1628294172.28821,60.980251108356164,9.367166068871915,0.00014681376625211358,415357.8555,Higher relative profit,Moderate relative profit/ha
1890,Karnataka,Mangalore,2016,Rabi,Maize,1278.13,37.9,52.4,Laterite,Sprinkler,188.17,57.92,4556.98,4.77,56224.41,320105.0,21736.794599999997,1222138451.6761858,70.24498681144092,14.72641232944254,0.00026192204292481755,268190.4357,Higher relative profit,Moderate relative profit/ha
1893,Tamil Nadu,Chennai,2016,Kharif,Maize,1751.25,35.5,74.1,Red,Rain-fed,121.73,56.96,3724.51,6.33,44536.11,326366.0,23576.1483,1049989934.0651131,87.62656027235796,13.843058494843282,0.000310827741687437,281913.5763,Higher relative profit,Higher relative profit/ha
1896,Tamil Nadu,Chennai,2016,Kharif,Sugarcane,814.32,30.2,42.4,Laterite,Drip,167.04,35.55,4220.29,8.09,62217.36,537456.0,34142.1461,2124234195.0762959,127.35049013219471,15.741716950827529,0.0002530116506201409,503338.44239999994,Higher relative profit,Higher relative profit/ha
1902,Tamil Nadu,Chennai,2016,Rabi,Pulses,1774.48,19.9,66.0,Red,Tube Well,136.06,7.75,3300.11,7.7,12048.46,230802.0,25410.847,306161573.64562,69.93766874437519,9.082814122646127,0.0007538568516346594,92773.14199999999,Higher relative profit,Moderate relative profit/ha
1904,Tamil Nadu,Chennai,2016,Rabi,Cotton,859.51,19.4,50.5,Black,Sprinkler,158.78,8.51,2087.77,7.72,30016.31,239685.0,16117.5844,483790409.80156404,114.80431273559827,14.871024965751072,0.0004954314826089906,231725.9132,Higher relative profit,Higher relative profit/ha
1913,Tamil Nadu,Coimbatore,2016,Zaid,Barley,591.69,22.8,79.2,Alluvial,Tube Well,236.85,15.47,4584.8,5.11,41908.05,297985.0,23428.328,981835541.2404001,64.99411097539696,12.719004104774356,0.0003034978746272937,214150.1355,Higher relative profit,Moderate relative profit/ha
1925,Tamil Nadu,Coimbatore,2016,Zaid,Barley,1056.76,33.6,42.8,Black,Rain-fed,207.14,23.32,4305.73,5.52,20821.65,361412.0,23767.629599999997,494881264.86083996,83.9374507923163,15.206059926144256,0.0007303004289354713,114935.508,Higher relative profit,Higher relative profit/ha
1926,Tamil Nadu,Coimbatore,2016,Rabi,Wheat,470.92,18.7,83.4,Alluvial,Rain-fed,320.12,12.77,2775.91,6.05,16577.12,246294.0,16794.2555,278400388.73415995,88.72549902554478,14.665371739759468,0.0008846754888520726,100291.57599999999,Higher relative profit,Higher relative profit/ha
1927,Tamil Nadu,Madurai,2016,Zaid,Rice,1460.61,29.2,53.6,Black,Drip,133.39,12.88,4399.32,4.12,46540.23,277249.0,18125.198399999997,843550902.3316319,63.02087595355646,15.29632911494089,0.0003286689626360009,191745.7476,Higher relative profit,Moderate relative profit/ha
1929,Tamil Nadu,Madurai,2016,Kharif,Wheat,1347.38,29.9,47.9,Black,Sprinkler,271.22,33.66,3662.88,7.11,28415.3,422926.0,26043.076800000003,740021840.1950401,115.46269602061766,16.23947904650037,0.0005715047543577007,202032.78300000002,Higher relative profit,Higher relative profit/ha
1930,Tamil Nadu,Madurai,2016,Kharif,Sugarcane,1004.66,37.0,38.5,Red,Drip,267.5,56.88,3804.39,5.76,14680.33,337376.0,21913.286399999997,321694275.73651195,88.68070833957613,15.39595630895419,0.0010487472903507066,84558.70079999999,Higher relative profit,Higher relative profit/ha
1934,Tamil Nadu,Madurai,2016,Rabi,Cotton,2161.72,19.9,67.1,Alluvial,Canal,99.92,21.96,3369.6,5.63,37141.65,229204.0,18970.847999999998,704608596.6192,68.02113010446344,12.081905880011268,0.0003252926533961541,209107.4895,Higher relative profit,Moderate relative profit/ha
1949,Tamil Nadu,Salem,2016,Rabi,Pulses,2069.46,28.3,71.6,Sandy,Tube Well,399.03,32.87,3954.09,5.3,57375.93,306250.0,20956.677,1202408832.58461,77.45144900596597,14.613480944521882,0.00025469706450983684,304092.429,Higher relative profit,Moderate relative profit/ha
1955,Tamil Nadu,Salem,2016,Rabi,Wheat,514.18,20.8,65.8,Alluvial,Drip,190.47,24.49,3415.26,6.23,45709.37,234026.00000000003,21277.0698,972561456.004026,68.52362631249159,10.998976936194476,0.00024062849556216758,284769.3751,Higher relative profit,Moderate relative profit/ha
1957,Tamil Nadu,Salem,2016,Rabi,Pulses,738.56,33.9,74.9,Red,Drip,90.23,12.82,3318.42,5.41,26562.88,299619.0,17952.6522,476874146.07033604,90.28965592058871,16.689400355007155,0.0006282978485392832,143705.1808,Higher relative profit,Higher relative profit/ha
1964,Tamil Nadu,Tiruchirappalli,2016,Kharif,Rice,1184.49,27.9,38.3,Laterite,Tube Well,184.23,44.18,3633.41,7.2,40612.2,449356.00000000006,26160.552,1062437569.9344,123.67335368152784,17.17685467798998,0.0004229481455816227,292407.84,Higher relative profit,Higher relative profit/ha
1983,Rajasthan,Jaipur,2016,Zaid,Barley,1750.15,34.9,48.2,Black,Canal,191.75,10.86,3736.71,6.78,32229.19,399369.0,25334.8938,816523105.910022,106.87717270004897,15.763594793517546,0.000489109245175493,218513.9082,Higher relative profit,Higher relative profit/ha
1985,Rajasthan,Jaipur,2016,Kharif,Barley,2130.55,24.0,78.3,Alluvial,Tube Well,404.3,14.67,2178.89,6.51,12044.97,248433.0,14184.5739,170852767.08828297,114.01814685459111,17.51430827259464,0.0014540765375583868,78412.75469999999,Higher relative profit,Higher relative profit/ha
1987,Rajasthan,Jaipur,2016,Kharif,Barley,871.48,18.5,48.8,Laterite,Sprinkler,175.28,34.63,2870.35,5.53,59826.89,274123.0,15873.0355,949634348.824595,95.50159388227917,17.269727645981767,0.00028866163101544753,330842.7017,Higher relative profit,Higher relative profit/ha
1993,Rajasthan,Jaipur,2016,Zaid,Barley,1040.7,32.8,65.4,Red,Tube Well,263.81,10.61,4708.38,8.27,34931.43,503284.0,38938.302599999995,1360170591.5907178,106.89111753936598,12.9251653614711,0.0003700153518327506,288882.9260999999,Higher relative profit,Higher relative profit/ha
1994,Rajasthan,Jaipur,2016,Rabi,Sugarcane,570.48,26.2,80.6,Alluvial,Tube Well,117.27,30.35,4779.91,7.28,35777.46,340325.0,34797.7448,1244974922.672208,71.19903931245568,9.78008781764501,0.00027335891976806094,260459.90880000003,Higher relative profit,Moderate relative profit/ha
1999,Rajasthan,Jodhpur,2016,Kharif,Sugarcane,1624.15,36.3,65.1,Red,Rain-fed,382.35,13.42,4268.0,8.49,23544.84,518932.0,36235.32,853154811.7488,121.58669165885661,14.321165095271684,0.0006082506865738601,199895.69160000002,Higher relative profit,Higher relative profit/ha
2000,Rajasthan,Jodhpur,2016,Rabi,Rice,1188.3,23.4,80.8,Laterite,Tube Well,330.23,15.13,2832.49,7.61,45355.57,354162.0,21555.2489,977650600.351373,125.03556941065989,16.430429620323245,0.0003622582545059679,345155.8877,Higher relative profit,Higher relative profit/ha
2004,Rajasthan,Jodhpur,2016,Kharif,Maize,1664.71,27.2,70.0,Black,Drip,406.81,23.07,4733.97,7.96,34182.46,492970.0,37682.4012,1288077171.722952,104.13458471430955,13.082234260591653,0.00038271775233823585,272092.38159999996,Higher relative profit,Higher relative profit/ha
2005,Rajasthan,Jodhpur,2016,Kharif,Millets,745.8,26.6,36.6,Red,Drip,326.96,11.66,3318.63,6.36,63654.91,317937.0,21106.486800000002,1343531517.6701882,95.80369007692933,15.063473282536057,0.00023664275517059182,404845.22760000004,Higher relative profit,Higher relative profit/ha
2006,Rajasthan,Jodhpur,2016,Rabi,Maize,1563.41,32.7,87.0,Black,Drip,87.62,38.92,4409.84,7.33,24165.31,520217.0,32324.127200000003,781122554.2674321,117.96731854216932,16.093767877512867,0.0006659864027199679,177131.72230000002,Higher relative profit,Higher relative profit/ha
2010,Rajasthan,Jodhpur,2016,Kharif,Sugarcane,1241.42,24.4,80.7,Laterite,Canal,103.69,51.13,4951.58,6.2,45050.23,401729.0,30699.796000000002,1383032870.7530801,81.13147722545128,13.0857221331373,0.0002904695965622662,279311.42600000004,Higher relative profit,Moderate relative profit/ha
2011,Rajasthan,Jodhpur,2016,Kharif,Rice,448.89,22.0,56.1,Laterite,Tube Well,296.6,14.97,2931.75,8.43,13867.33,434190.0,24714.6525,342726242.052825,148.09925812228192,17.568120773698922,0.001266871183832715,116901.59189999998,Higher relative profit,Higher relative profit/ha
2019,Rajasthan,Udaipur,2016,Rabi,Maize,1390.86,37.0,46.7,Laterite,Tube Well,159.91,20.66,3675.66,5.91,47348.99,285952.0,21723.1506,1028569240.527894,77.79609648335266,13.163468102090127,0.0002780094802886002,279832.5309,Higher relative profit,Moderate relative profit/ha
2021,Rajasthan,Udaipur,2016,Rabi,Millets,2034.73,19.6,88.0,Laterite,Tube Well,135.96,33.8,4000.98,8.14,61414.14,406458.0,32567.9772,2000134311.2776082,101.58961054541638,12.480296135800536,0.0002032153529431583,499911.0996,Higher relative profit,Higher relative profit/ha
2022,Rajasthan,Udaipur,2016,Zaid,Pulses,1153.9,32.6,35.0,Red,Rain-fed,185.48,34.86,2575.4,8.09,48369.92,246761.0,20834.986,1007786606.02112,95.81463073697289,11.843588471813707,0.000244854415136798,391312.6528,Higher relative profit,Higher relative profit/ha
2023,Rajasthan,Udaipur,2016,Rabi,Maize,767.94,31.9,88.3,Red,Canal,197.17,53.82,4918.58,5.4,29366.31,446995.0,26560.332000000002,779978943.21492,90.87887154422619,16.82942065633818,0.0005730859837799907,158578.07400000002,Higher relative profit,Higher relative profit/ha
2026,Rajasthan,Udaipur,2016,Kharif,Pulses,1968.33,38.0,58.5,Sandy,Rain-fed,118.97,25.7,4171.52,4.95,53848.03,295113.0,20649.024,1111909263.82272,70.7447165541577,14.291861930132871,0.0002654110453090461,266547.7485,Higher relative profit,Moderate relative profit/ha
2038,Rajasthan,Kota,2016,Kharif,Pulses,2116.9,36.3,82.6,Alluvial,Rain-fed,102.05,27.64,4920.88,5.81,60517.35,420594.0,28590.3128,1730209966.32708,85.47129781665068,14.711066749853817,0.00024308841596424525,351605.8035,Higher relative profit,Higher relative profit/ha
2039,Rajasthan,Kota,2016,Rabi,Millets,452.03,38.0,75.5,Alluvial,Canal,78.06,45.46,4093.17,5.47,51933.61,260094.0,22389.6399,1162774826.607039,63.543415005973365,11.616712066905553,0.0002236838930878395,284076.8467,Higher relative profit,Moderate relative profit/ha
2040,Rajasthan,Kota,2016,Rabi,Barley,1900.39,37.9,39.8,Laterite,Canal,90.72,53.77,2561.67,6.67,35734.57,295448.0,17086.3389,610572973.465773,115.33413749624268,17.29147488699291,0.0004838864686770516,238349.5819,Higher relative profit,Higher relative profit/ha
2042,Rajasthan,Kota,2016,Rabi,Barley,1608.19,35.2,80.9,Sandy,Sprinkler,269.02,13.1,3109.14,6.6,49736.78,239854.0,20520.323999999997,1020614840.3167198,77.14480531593946,11.688606866051435,0.0002350093203872755,328262.74799999996,Higher relative profit,Moderate relative profit/ha
2047,Rajasthan,Kota,2016,Rabi,Millets,1561.25,34.8,89.6,Laterite,Rain-fed,264.91,46.12,3528.44,7.47,33921.85,454843.0,26357.446799999998,894093356.73258,128.90767591343484,17.256716989750313,0.0005087198071375916,253396.21949999998,Higher relative profit,Higher relative profit/ha
2052,Rajasthan,Kota,2016,Kharif,Sugarcane,2128.93,19.3,49.2,Sandy,Rain-fed,204.07,19.25,3547.53,8.37,21171.62,509151.0,29692.8261,628645230.9152819,143.52267634100346,17.147273159020724,0.0008099178598057554,177206.45939999996,Higher relative profit,Higher relative profit/ha
2059,Rajasthan,Ajmer,2016,Rabi,Maize,1595.48,20.7,75.7,Red,Tube Well,211.8,12.78,4138.71,7.95,20053.08,290768.0,32902.7445,659801367.67806,70.2557076963595,8.837195936648993,0.0004406902050283045,159421.986,Higher relative profit,Moderate relative profit/ha
2069,Rajasthan,Ajmer,2016,Rabi,Rice,1756.6,30.3,46.8,Black,Sprinkler,56.67,23.11,3823.65,6.53,57412.41,329847.0,24968.434500000003,1433497998.5721452,86.26495625907182,13.210559917162607,0.00023009937950980644,374903.0373,Higher relative profit,Higher relative profit/ha
2076,West Bengal,Kolkata,2016,Zaid,Sugarcane,1043.35,22.0,86.6,Sandy,Tube Well,178.95,23.95,3957.73,3.61,45310.94,246281.0,14287.4053,647375764.303982,62.22784272802844,17.237629564550815,0.0003804297497370572,163572.4934,Higher relative profit,Moderate relative profit/ha
2077,West Bengal,Kolkata,2016,Kharif,Cotton,1367.41,27.1,50.2,Laterite,Tube Well,436.79,8.54,3216.96,8.29,32445.9,449985.00000000006,26668.5984,865286676.82656,139.8789540435691,16.873215204290602,0.0005200415215571337,268976.511,Higher relative profit,Higher relative profit/ha
2083,West Bengal,Kolkata,2016,Rabi,Sugarcane,1074.51,35.6,57.0,Black,Sprinkler,444.71,31.73,4649.87,3.58,26445.98,279787.0,16646.5346,440233921.100908,60.17092950985727,16.80752220945734,0.0006355416668037009,94676.6084,Higher relative profit,Moderate relative profit/ha
2084,West Bengal,Kolkata,2016,Kharif,Maize,2006.49,18.8,84.0,Alluvial,Rain-fed,243.82,19.7,3763.92,8.43,45548.58,297558.0,31729.8456,1445249410.699248,79.05534655359305,9.377858428658726,0.00020588695473401641,383974.5294,Higher relative profit,Moderate relative profit/ha
2088,West Bengal,Kolkata,2016,Zaid,Cotton,919.43,25.9,59.5,Sandy,Canal,293.8,50.77,4172.83,7.26,16355.86,479044.0,30294.745799999997,495496621.040388,114.80074673542896,15.812775032428233,0.0009667956947802336,118743.5436,Higher relative profit,Higher relative profit/ha
2090,West Bengal,Howrah,2016,Rabi,Cotton,1515.84,21.6,76.8,Red,Tube Well,353.98,33.45,3256.05,6.04,37221.04,243860.0,19666.542,732009146.44368,74.89442729687812,12.399739618688429,0.00033313791389731265,224815.0816,Higher relative profit,Moderate relative profit/ha
2093,West Bengal,Howrah,2016,Zaid,Sugarcane,937.22,20.3,46.6,Red,Tube Well,287.5,30.66,4971.14,6.05,17818.86,526243.0,30075.397,535909288.58742005,105.85962173666402,17.497458138291574,0.0009819628269312163,107804.103,Higher relative profit,Higher relative profit/ha
2094,West Bengal,Howrah,2016,Kharif,Millets,1945.85,33.3,68.8,Red,Rain-fed,155.13,41.48,4111.37,6.01,48794.42,317208.0,24709.3337,1205677606.477954,77.1538440957637,12.837578052539717,0.00026309520745486305,293254.4642,Higher relative profit,Moderate relative profit/ha
2095,West Bengal,Howrah,2016,Rabi,Millets,2131.46,24.7,49.0,Red,Tube Well,139.3,19.87,4835.38,5.83,28378.09,336453.0,28190.2654,799985888.645086,69.58150135046263,11.935077418604225,0.000420573668580381,165444.2647,Higher relative profit,Moderate relative profit/ha
2099,West Bengal,Howrah,2016,Rabi,Cotton,1713.16,27.9,67.4,Sandy,Rain-fed,338.15,49.37,3498.32,8.31,18597.73,334113.0,29071.039200000003,540655337.861016,95.50670035902947,11.49298439940186,0.0006179778069367531,154547.1363,Higher relative profit,Higher relative profit/ha
2101,West Bengal,Howrah,2016,Rabi,Millets,1026.28,31.6,71.2,Sandy,Canal,65.73,10.77,3773.55,8.06,36380.63,483771.0,30414.813000000002,1106510058.27219,128.2005008546329,15.90576933680309,0.00043720434024378053,293227.8778,Higher relative profit,Higher relative profit/ha
2105,West Bengal,Howrah,2016,Zaid,Rice,889.79,18.9,60.7,Black,Rain-fed,392.91,14.07,3212.74,8.32,24015.68,322147.0,26729.9968,641939049.549824,100.27173067226107,12.051890705800608,0.0005018342476998614,199810.45760000002,Higher relative profit,Higher relative profit/ha
2113,West Bengal,Darjeeling,2016,Zaid,Millets,1907.5,32.4,63.2,Black,Drip,362.13,34.54,4499.26,7.49,61772.28,357272.0,33699.4574,2081692318.360872,79.40683579077448,10.60171372373491,0.00017162574740215046,462674.3772,Higher relative profit,Moderate relative profit/ha
2114,West Bengal,Darjeeling,2016,Zaid,Wheat,2103.01,23.2,63.7,Black,Tube Well,129.33,22.8,4876.41,7.77,17898.48,470937.0,37889.7057,678168139.677336,96.57452921308914,12.429154338878911,0.0006944251321273601,139071.1896,Higher relative profit,Higher relative profit/ha
2119,West Bengal,Darjeeling,2016,Kharif,Wheat,1096.43,36.2,78.8,Red,Canal,277.65,58.09,3624.66,6.68,46194.16,249262.0,24212.728799999997,1118486668.223808,68.76838103435908,10.294667819514835,0.00022285647838416874,308576.98880000005,Higher relative profit,Moderate relative profit/ha
2121,West Bengal,Darjeeling,2016,Kharif,Cotton,715.27,37.2,85.7,Laterite,Canal,76.79,18.69,4516.51,6.52,53390.82,335976.0,29447.6452,1572233924.2970638,74.38841052051252,11.409265417256522,0.00021369339180886382,348108.14639999997,Higher relative profit,Moderate relative profit/ha
2130,West Bengal,Siliguri,2016,Zaid,Millets,2013.05,23.3,82.8,Laterite,Drip,96.52,5.02,2759.94,7.75,57515.62,296598.0,21389.535,1230232367.0367,107.465379682167,13.86650060415058,0.00024109103934114907,445746.055,Higher relative profit,Higher relative profit/ha
2139,West Bengal,Siliguri,2016,Rabi,Barley,1418.8,37.5,73.9,Red,Drip,322.02,5.13,3098.66,5.98,22108.65,229336.0,18529.9868,409672992.66582,74.01134684024707,12.376479404723591,0.0005598025842701201,132209.727,Higher relative profit,Moderate relative profit/ha
2140,West Bengal,Siliguri,2016,Zaid,Cotton,562.62,28.1,48.3,Red,Rain-fed,336.16,7.67,3948.8,7.49,26039.76,393682.0,29576.512000000002,770165274.11712,99.69661669367909,13.310629732133389,0.00051116560721502,195037.8024,Higher relative profit,Higher relative profit/ha
2145,West Bengal,Malda,2016,Rabi,Millets,765.37,34.0,39.2,Sandy,Tube Well,370.58,49.31,2880.18,7.02,21205.1,327027.0,20218.863599999997,428743024.5243599,113.54394517009354,16.17435116383099,0.0007627575990601786,148859.80199999997,Higher relative profit,Higher relative profit/ha
2147,West Bengal,Malda,2016,Rabi,Millets,962.0,31.7,43.3,Red,Rain-fed,58.48,42.46,3680.05,5.99,12192.2,335757.0,22043.4995,268758754.6039,91.23707558321217,15.231565205878494,0.0012492876762092563,73031.278,Higher relative profit,Higher relative profit/ha
2155,West Bengal,Malda,2016,Rabi,Rice,539.19,34.8,79.1,Red,Canal,308.37,9.58,3047.56,8.31,59914.0,320781.0,25325.2236,1517335446.7704,105.25830500465946,12.666462696108239,0.00021141073365337382,497885.34,Higher relative profit,Higher relative profit/ha
2157,West Bengal,Malda,2016,Rabi,Maize,940.68,29.5,88.7,Laterite,Drip,366.69,30.84,2302.71,6.75,46225.5,234436.0,15543.2925,718496467.45875,101.80873839953793,15.082776059190806,0.00032628692083786664,312022.125,Higher relative profit,Higher relative profit/ha
2159,West Bengal,Malda,2016,Zaid,Rice,1007.61,26.1,74.1,Alluvial,Drip,172.95,54.19,4346.09,5.93,56250.64,364262.0,25772.3137,1449709139.905768,83.81372682111967,14.13384937961546,0.0002512655745715153,333566.2952,Higher relative profit,Moderate relative profit/ha
2160,West Bengal,Malda,2016,Zaid,Cotton,2070.57,30.9,70.2,Red,Canal,100.14,30.9,4334.31,8.22,45203.66,541901.0,35628.02820000001,1610517273.2232125,125.025898009141,15.209963261452675,0.0003364763663263699,371574.0852000001,Higher relative profit,Higher relative profit/ha
2165,Uttarakhand,Dehradun,2017,Rabi,Maize,684.25,28.8,48.3,Laterite,Canal,367.57,46.89,3833.67,5.7,48272.77,374016.0,21851.919,1054852659.94563,97.56082291903058,17.115933845443962,0.00035456705396114547,275154.789,Higher relative profit,Higher relative profit/ha
2167,Uttarakhand,Dehradun,2017,Zaid,Sugarcane,657.85,29.3,66.6,Red,Rain-fed,331.27,39.99,2218.39,7.35,33548.7,271426.0,16305.166499999998,547017139.3585498,122.35269722636687,16.646625472975085,0.0004961928621071782,246582.94499999995,Higher relative profit,Higher relative profit/ha
2170,Uttarakhand,Dehradun,2017,Rabi,Barley,1457.47,23.5,82.0,Sandy,Drip,345.74,41.95,4339.12,6.98,48511.15,295153.0,30287.0576,1469259994.2922401,68.02139604343738,9.745185679575556,0.00020088548054572104,338607.82700000005,Higher relative profit,Moderate relative profit/ha
2178,Uttarakhand,Dehradun,2017,Zaid,Barley,842.86,34.8,58.7,Laterite,Drip,347.99,12.38,4275.16,6.1,58248.24,379998.0,26078.476,1519025328.8822398,88.88509435904153,14.57132694410517,0.0002501590939761471,355314.26399999997,Higher relative profit,Higher relative profit/ha
2181,Uttarakhand,Haridwar,2017,Zaid,Wheat,541.57,23.7,76.5,Sandy,Canal,343.09,51.73,3690.13,5.58,37736.39,270450.0,20590.9254,777027191.355306,73.29010089075453,13.134426682930918,0.0003480573176960202,210569.0562,Higher relative profit,Moderate relative profit/ha
2184,Uttarakhand,Haridwar,2017,Kharif,Maize,1084.35,21.5,36.9,Red,Tube Well,241.67,13.58,2492.55,7.22,50372.13,320965.0,17996.211,906507479.99943,128.76973380674409,17.835143186529653,0.0003540676796182662,363686.77859999996,Higher relative profit,Higher relative profit/ha
2189,Uttarakhand,Haridwar,2017,Kharif,Millets,777.12,36.6,35.9,Laterite,Tube Well,62.95,24.22,4190.98,3.73,29557.65,248712.0,15632.355399999999,462055689.58880997,59.3445924342278,15.910078400597266,0.0005382727788101309,110250.03450000001,Higher relative profit,Moderate relative profit/ha
2191,Uttarakhand,Haridwar,2017,Zaid,Millets,1611.94,18.3,40.7,Alluvial,Rain-fed,155.05,8.17,4774.29,8.17,27373.84,437354.0,39005.9493,1067742615.186312,91.60608174199724,11.21249470526282,0.00040960620450995625,223644.2728,Higher relative profit,Higher relative profit/ha
2192,Uttarakhand,Haridwar,2017,Rabi,Cotton,1461.74,18.6,89.6,Laterite,Drip,337.97,41.62,2972.13,5.22,23065.39,255468.0,15514.5186,357848422.171254,85.95451746727095,16.466382656565315,0.0007139000318904348,120401.33579999999,Higher relative profit,Higher relative profit/ha
2204,Uttarakhand,Nainital,2017,Zaid,Sugarcane,921.04,37.4,47.1,Alluvial,Rain-fed,81.4,10.13,3802.53,4.96,17875.81,312683.0,18860.5488,337147586.844528,82.23025196382409,16.578679831416146,0.0009274365654712231,88664.0176,Higher relative profit,Moderate relative profit/ha
2210,Uttarakhand,Nainital,2017,Rabi,Wheat,803.47,26.5,79.5,Black,Canal,190.24,56.72,3543.83,5.26,30427.2,321635.0,18640.5458,567179615.16576,90.75915041071383,17.25459133283533,0.0005670778557617963,160047.07200000001,Higher relative profit,Higher relative profit/ha
2214,Uttarakhand,Nainital,2017,Kharif,Sugarcane,1576.92,24.3,84.9,Laterite,Canal,288.21,49.49,4097.78,8.02,35540.01,296850.0,32864.1956,1167993840.265956,72.44166353488963,9.0326263759214,0.00025415373760225165,285030.8802,Higher relative profit,Moderate relative profit/ha
2216,Uttarakhand,Almora,2017,Kharif,Millets,902.77,22.6,71.6,Black,Sprinkler,257.59,41.5,3679.02,8.39,61057.74,362386.0,30866.9778,1884667905.098172,98.50068768313301,11.74024882993242,0.00019228109048799417,512274.4386,Higher relative profit,Higher relative profit/ha
2217,Uttarakhand,Almora,2017,Zaid,Rice,1264.08,31.6,80.0,Sandy,Sprinkler,340.76,24.81,4543.67,7.6,52127.96,383690.0,34531.892,1800077084.90032,84.44495308858258,11.111178037971392,0.00021315198288924777,396172.496,Higher relative profit,Higher relative profit/ha
2218,Uttarakhand,Almora,2017,Kharif,Maize,1092.51,26.1,54.1,Laterite,Drip,337.74,44.47,4790.5,5.68,46322.51,341857.0,27210.039999999997,1260437350.0003998,71.36144452562363,12.563634599581626,0.00027122093771649307,263111.85679999995,Higher relative profit,Moderate relative profit/ha
2223,Uttarakhand,Almora,2017,Rabi,Cotton,1121.16,34.4,64.4,Alluvial,Drip,288.39,5.86,4699.49,6.04,45304.78,320085.0,28384.919599999997,1285972537.795688,68.11058221211238,11.276586458959004,0.0002489050042613385,273640.8712,Higher relative profit,Moderate relative profit/ha
2224,Uttarakhand,Almora,2017,Rabi,Sugarcane,850.97,20.6,73.3,Red,Drip,442.88,44.84,4929.27,4.1,51610.25,356682.0,20210.007,1043043513.7717501,72.36000462543134,17.648781615958864,0.0003419627228304235,211602.025,Higher relative profit,Moderate relative profit/ha
2226,Uttarakhand,Almora,2017,Kharif,Pulses,1163.44,26.3,81.5,Black,Canal,233.87,35.9,3960.13,8.27,51590.21,467281.00000000006,32750.2751,1689593569.966771,117.99637890675307,14.268002286185379,0.0002765641443635407,426651.03669999994,Higher relative profit,Higher relative profit/ha
2230,Uttarakhand,Almora,2017,Kharif,Barley,1879.51,20.4,56.1,Laterite,Sprinkler,305.23,39.51,3617.14,7.25,20243.66,318221.0,26224.265,530875104.4099,87.97585938061563,12.134601293878017,0.0005994272425973374,146766.535,Higher relative profit,Higher relative profit/ha
2232,Uttarakhand,Almora,2017,Kharif,Sugarcane,1585.46,37.6,42.7,Laterite,Sprinkler,409.88,13.21,4445.67,7.08,54667.29,538703.0,31475.3436,1720671736.430844,121.1747610596378,17.115079245711556,0.0003130771480662669,387044.4132,Higher relative profit,Higher relative profit/ha
2234,Uttarakhand,Pauri,2017,Kharif,Cotton,1768.22,23.0,85.7,Alluvial,Rain-fed,301.92,47.17,3675.27,4.38,17987.18,285250.0,16097.6826,289551914.509068,77.61334541407842,17.71994187536037,0.0009851428559318565,78783.8484,Higher relative profit,Moderate relative profit/ha
2238,Uttarakhand,Pauri,2017,Kharif,Maize,1520.48,24.9,69.1,Sandy,Rain-fed,277.11,31.93,3870.85,6.47,63419.08,399873.0,25044.3995,1588292775.44246,103.30366715320925,15.966563702196174,0.0002517627771042433,410321.4476,Higher relative profit,Higher relative profit/ha
2241,Uttarakhand,Pauri,2017,Zaid,Cotton,1714.51,21.2,46.4,Black,Sprinkler,368.59,34.87,1871.32,8.18,13699.89,267532.0,15307.397599999998,209709663.30626398,142.96432464784218,17.477301301692197,0.0012757256665339794,112065.1002,Higher relative profit,Higher relative profit/ha
2242,Uttarakhand,Pauri,2017,Rabi,Maize,1530.9,37.9,65.7,Sandy,Sprinkler,254.51,17.27,4554.65,7.51,54366.66,287091.0,34205.4215,1859634520.84719,63.03250524189565,8.393143174686506,0.00015438033483547645,408293.6166,Higher relative profit,Moderate relative profit/ha
2252,Uttar Pradesh,Lucknow,2017,Kharif,Pulses,410.93,34.4,71.0,Alluvial,Rain-fed,435.73,27.44,2908.41,6.35,17231.92,280505.0,18468.403499999997,318246051.6397199,96.44616818123993,15.188372941927549,0.000881409206979115,109422.69199999997,Higher relative profit,Higher relative profit/ha
2253,Uttar Pradesh,Lucknow,2017,Zaid,Maize,1675.03,25.4,73.4,Black,Tube Well,328.53,12.32,3986.6,5.23,14543.69,271719.0,20849.918,303234743.91742,68.15807956654794,13.03213758442599,0.0008960681631983348,76063.49870000001,Higher relative profit,Moderate relative profit/ha
2263,Uttar Pradesh,Lucknow,2017,Rabi,Maize,1239.78,30.7,86.1,Sandy,Sprinkler,328.37,56.43,4570.59,7.45,23677.32,449768.0,34050.8955,806233949.0400599,98.40480113070741,13.20869813834999,0.0005578628889734982,176396.03399999999,Higher relative profit,Higher relative profit/ha
2267,Uttar Pradesh,Lucknow,2017,Zaid,Barley,1552.45,36.5,50.7,Red,Drip,142.9,47.27,4168.69,8.45,17783.63,419535.00000000006,35225.430499999995,626436022.6027149,100.63952944450178,11.910003484556423,0.0006697172334645077,150271.67349999998,Higher relative profit,Higher relative profit/ha
2270,Uttar Pradesh,Kanpur,2017,Rabi,Sugarcane,2183.77,31.5,61.9,Laterite,Tube Well,432.1,16.58,4980.79,5.96,17186.67,441337.0,29685.5084,510195036.65302795,88.60783128780776,14.867085786544926,0.0008650358554941084,102432.5532,Higher relative profit,Higher relative profit/ha
2279,Uttar Pradesh,Kanpur,2017,Kharif,Pulses,491.9,37.4,46.7,Black,Drip,183.13,5.36,2542.25,6.81,44102.9,254872.0,17312.7225,763541269.14525,100.25449896745009,14.72165917290016,0.000333802520308192,300340.749,Higher relative profit,Higher relative profit/ha
2282,Uttar Pradesh,Kanpur,2017,Kharif,Pulses,2108.02,31.5,57.0,Red,Canal,233.16,38.3,2215.16,8.05,36498.04,306299.0,17832.038,650834436.20552,138.27398472345115,17.176892512229955,0.0004706250667770092,293809.222,Higher relative profit,Higher relative profit/ha
2284,Uttar Pradesh,Kanpur,2017,Zaid,Sugarcane,1634.56,33.1,80.0,Sandy,Drip,285.27,39.94,4211.49,6.61,20350.22,478775.0,27837.9489,566508384.463758,113.68304329346621,17.19864497631864,0.0008451331227042578,134514.9542,Higher relative profit,Higher relative profit/ha
2286,Uttar Pradesh,Kanpur,2017,Kharif,Millets,1200.05,23.6,60.0,Sandy,Drip,71.66,20.73,2842.33,4.78,40698.11,229492.0,13586.3374,552938254.002314,80.74080068113133,16.891380895634168,0.0004150409170262248,194536.9658,Higher relative profit,Moderate relative profit/ha
2287,Uttar Pradesh,Varanasi,2017,Zaid,Wheat,1120.41,21.0,73.1,Sandy,Canal,257.42,43.15,3738.26,8.21,63985.09,296909.0,30691.114600000004,1963773729.8813143,79.42438460674217,9.674102875364454,0.00015119308069058671,525317.5889000001,Higher relative profit,Moderate relative profit/ha
2288,Uttar Pradesh,Varanasi,2017,Zaid,Cotton,865.64,32.1,55.1,Alluvial,Tube Well,281.84,12.55,4417.09,4.78,12696.47,288807.0,21113.6902,268069334.213594,65.38399715649896,13.678660492991414,0.0010773593363345413,60689.126599999996,Higher relative profit,Moderate relative profit/ha
2291,Uttar Pradesh,Varanasi,2017,Zaid,Millets,2116.29,21.1,51.8,Alluvial,Tube Well,209.55,8.37,3033.82,4.94,64411.91,253818.0,14987.070800000001,965345855.5332282,83.66284090684351,16.935797754421763,0.00026292960035530325,318194.83540000004,Higher relative profit,Moderate relative profit/ha
2293,Uttar Pradesh,Varanasi,2017,Kharif,Wheat,1830.82,19.5,81.2,Black,Tube Well,306.51,25.79,4997.34,8.28,42593.11,483163.0,41377.9752,1762416649.270872,96.68403590710257,11.67681593080949,0.0002741480002472111,352670.9508,Higher relative profit,Higher relative profit/ha
2300,Uttar Pradesh,Varanasi,2017,Zaid,Millets,884.25,27.2,73.1,Laterite,Rain-fed,315.44,56.54,3236.02,7.54,34379.83,340375.0,24399.5908,838853783.7735641,105.18321889234306,13.95002903081473,0.0004057620130993879,259223.91820000004,Higher relative profit,Higher relative profit/ha
2302,Uttar Pradesh,Varanasi,2017,Kharif,Rice,1028.6,32.4,59.2,Laterite,Sprinkler,65.74,48.63,3431.68,3.87,59724.2,238435.0,13280.6016,793173306.07872,69.48054597165238,17.953629450039372,0.0003006089566714895,231132.654,Higher relative profit,Moderate relative profit/ha
2307,Uttar Pradesh,Agra,2017,Zaid,Rice,562.95,37.3,85.1,Sandy,Sprinkler,257.23,49.04,4321.85,8.22,25265.12,524865.0,35525.607,897558723.9278401,121.4445202864514,14.774272540930827,0.0005847695376444215,207679.2864,Higher relative profit,Higher relative profit/ha
2310,Uttar Pradesh,Agra,2017,Kharif,Pulses,933.71,34.5,80.2,Alluvial,Rain-fed,256.82,53.64,2472.92,6.98,57816.55,262067.0,17260.981600000003,997970405.7254802,105.97471814696796,15.182624376356438,0.00026259997139843936,403559.5190000001,Higher relative profit,Higher relative profit/ha
2317,Uttar Pradesh,Agra,2017,Rabi,Rice,2058.02,19.4,54.8,Alluvial,Tube Well,271.75,27.11,3555.73,6.32,24719.6,381187.0,22472.213600000003,555504131.30656,107.20358407415637,16.96259241679689,0.0006862001171862365,156227.872,Higher relative profit,Higher relative profit/ha
2319,Uttar Pradesh,Agra,2017,Kharif,Sugarcane,1906.59,37.2,44.7,Red,Rain-fed,403.98,40.78,3777.23,4.79,40455.47,259767.0,18092.9317,731958055.6013991,68.77182485578057,14.357374708931223,0.0003548932865921771,193781.70130000002,Higher relative profit,Moderate relative profit/ha
2323,Uttar Pradesh,Meerut,2017,Kharif,Barley,1179.02,18.8,85.9,Sandy,Sprinkler,383.67,38.74,2011.56,7.93,44103.19,249034.0,15951.6708,703519568.1098521,123.80142774761876,15.611781557076768,0.0003539830465115282,349738.29670000006,Higher relative profit,Higher relative profit/ha
2327,Uttar Pradesh,Meerut,2017,Zaid,Wheat,1310.47,36.3,59.7,Black,Drip,140.6,19.78,4852.75,8.18,12384.42,389808.0,39695.494999999995,491605682.18789995,80.32723713358405,9.819955639802453,0.0007929281823292857,101304.55559999999,Higher relative profit,Moderate relative profit/ha
2330,Uttar Pradesh,Meerut,2017,Kharif,Maize,1391.35,34.3,79.6,Red,Rain-fed,419.11,6.25,3575.01,6.96,14213.22,379905.0,24882.069600000003,353654329.280112,106.26683561724302,15.26822350822457,0.001074226917491221,98924.01120000001,Higher relative profit,Higher relative profit/ha
2331,Uttar Pradesh,Meerut,2017,Zaid,Pulses,922.64,26.2,68.2,Alluvial,Rain-fed,365.9,42.62,4907.41,7.01,59295.77,613391.0,34400.9441,2039830469.136457,124.99281698492688,17.83064436304235,0.00030070685249626323,415663.3477,Higher relative profit,Higher relative profit/ha
2333,Uttar Pradesh,Meerut,2017,Zaid,Barley,1914.54,37.7,53.9,Laterite,Tube Well,293.49,21.34,4830.21,4.96,61153.9,255045.0,23957.8416,1465115449.42224,52.80205208469197,10.645575017074995,0.0001740784319082674,303323.344,Higher relative profit,Moderate relative profit/ha
2347,Punjab,Ludhiana,2017,Kharif,Cotton,2065.13,27.6,85.2,Sandy,Sprinkler,85.42,49.03,3311.5,7.8,29220.63,311671.0,25829.7,754760106.7110001,94.11777140268761,12.066380949062513,0.0004129404790061854,227920.91400000002,Higher relative profit,Higher relative profit/ha
2357,Punjab,Ludhiana,2017,Kharif,Wheat,967.82,35.8,76.5,Alluvial,Tube Well,440.62,58.41,4775.12,6.75,42386.55,380053.0,32232.059999999998,1366205822.793,79.59025113505001,11.791148316303707,0.0002781813645202005,286109.2125,Higher relative profit,Moderate relative profit/ha
2358,Punjab,Ludhiana,2017,Kharif,Barley,1965.36,18.5,54.0,Black,Drip,293.01,27.14,3026.26,7.31,33035.83,328825.0,22121.960600000002,730817329.6482981,108.65722046354244,14.86418884590184,0.00044994143770269547,241491.91730000003,Higher relative profit,Higher relative profit/ha
2359,Punjab,Amritsar,2017,Kharif,Sugarcane,1642.04,19.2,62.1,Red,Canal,346.88,22.51,4112.08,6.9,42739.88,472884.0,28373.352000000003,1212673659.6777601,114.99873543316278,16.666483396110547,0.00038995157207064095,294905.172,Higher relative profit,Higher relative profit/ha
2361,Punjab,Amritsar,2017,Rabi,Sugarcane,1521.49,31.0,48.4,Sandy,Drip,184.02,45.27,4219.58,4.8,19533.45,334377.0,20253.984,395630183.7648,79.24414278198304,16.509196412913134,0.0008451756557552882,93760.56,Higher relative profit,Moderate relative profit/ha
2367,Punjab,Amritsar,2017,Kharif,Rice,530.84,28.8,41.5,Laterite,Canal,172.77,55.46,4312.76,7.61,16034.78,432043.0,32820.1036,526263140.80320805,100.17784435025366,13.163974290440692,0.0008209638230422052,122024.67580000001,Higher relative profit,Higher relative profit/ha
2370,Punjab,Amritsar,2017,Kharif,Barley,451.59,22.6,35.4,Sandy,Tube Well,84.49,38.05,2126.95,8.35,20065.95,279798.0,17760.032499999998,356371924.143375,131.54893156867817,15.754363062117147,0.0007851291896031409,167550.6825,Higher relative profit,Higher relative profit/ha
2371,Punjab,Amritsar,2017,Zaid,Millets,2032.77,31.7,73.0,Black,Sprinkler,310.65,44.97,3853.17,6.63,54554.84,304151.0,25546.5171,1393686152.947764,78.93526628723882,11.905771687366338,0.00021823492997809796,361698.5892,Higher relative profit,Moderate relative profit/ha
2376,Punjab,Amritsar,2017,Kharif,Barley,634.78,24.9,62.5,Laterite,Drip,436.89,11.17,4837.53,6.62,64790.59,554292.0,32024.4486,2074882919.218674,114.58161499773645,17.308401057059886,0.00026714374814398027,428913.7058,Higher relative profit,Higher relative profit/ha
2378,Punjab,Patiala,2017,Rabi,Maize,1160.61,36.2,63.3,Sandy,Canal,244.57,10.01,4782.19,7.42,14810.1,441758.0,35483.849799999996,525519363.92297995,92.37566888810358,12.449551063086735,0.0008406122215978782,109890.942,Higher relative profit,Higher relative profit/ha
2380,Punjab,Patiala,2017,Kharif,Cotton,561.75,36.4,50.9,Sandy,Drip,300.21,54.01,4254.26,7.04,28609.1,344606.0,29949.990400000002,856842270.35264,81.00257154005632,11.506047093758,0.00040218137214236027,201408.06399999998,Higher relative profit,Moderate relative profit/ha
2381,Punjab,Patiala,2017,Kharif,Sugarcane,1270.11,31.5,79.5,Black,Tube Well,335.18,52.27,3326.33,5.39,41404.14,261681.0,17928.9187,742331459.903418,78.66958479765988,14.595470277858977,0.00035251234001863047,223168.31459999998,Higher relative profit,Moderate relative profit/ha
2389,Punjab,Patiala,2017,Kharif,Sugarcane,1629.16,32.9,35.5,Sandy,Sprinkler,352.81,37.66,4920.89,4.46,54969.36,282552.0,21947.169400000002,1206421855.7295842,57.41888154378577,12.874188686947482,0.00023420663233021964,245163.34560000003,Higher relative profit,Moderate relative profit/ha
2391,Punjab,Patiala,2017,Kharif,Sugarcane,891.33,23.4,43.5,Sandy,Tube Well,328.1,28.94,3640.43,5.15,57857.29,325070.0,18748.214500000002,1084720883.308705,89.29439654106795,17.33871777496465,0.00029968077963839386,297965.0435,Higher relative profit,Higher relative profit/ha
2395,Punjab,Jalandhar,2017,Zaid,Millets,800.83,18.2,85.1,Laterite,Drip,353.57,59.95,2361.09,6.86,25669.25,252771.0,16197.077400000002,415766829.04995006,107.05691015590256,15.605963579577633,0.0006079633639306809,176091.05500000002,Higher relative profit,Higher relative profit/ha
2398,Punjab,Jalandhar,2017,Kharif,Sugarcane,2187.24,20.6,64.3,Laterite,Drip,191.98,27.01,3889.32,6.83,24236.52,249652.0,26564.0556,643820264.830512,64.18911274978659,9.398113140525124,0.0003877666076039433,165535.4316,Higher relative profit,Moderate relative profit/ha
2399,Punjab,Jalandhar,2017,Kharif,Maize,1006.63,29.6,40.6,Sandy,Sprinkler,143.23,17.62,2410.52,6.8,49044.93,276254.0,16391.536,803921735.71248,114.60348804407347,16.853454124128454,0.0003436329529704386,333505.524,Higher relative profit,Higher relative profit/ha
2402,Punjab,Jalandhar,2017,Zaid,Rice,1466.4,34.0,70.3,Alluvial,Tube Well,198.67,56.44,3419.9,4.69,34311.22,233970.0,16039.331000000002,550329014.5938201,68.41428111933098,14.587266763183575,0.00042514567430664295,160919.62180000002,Higher relative profit,Moderate relative profit/ha
2404,Punjab,Jalandhar,2017,Rabi,Barley,920.86,24.5,74.2,Sandy,Drip,301.7,29.77,3273.7,8.43,43934.34,364945.0,27597.290999999997,1212468765.8729398,111.47783853132542,13.223942886278223,0.00030099332062979035,370366.4862,Higher relative profit,Higher relative profit/ha
2406,Punjab,Jalandhar,2017,Rabi,Sugarcane,544.54,25.4,48.1,Alluvial,Canal,87.84,33.04,3812.05,7.22,34292.11,315261.0,27523.001,943821777.82211,82.7011712857911,11.454455856757772,0.0003340259860579524,247589.0342,Higher relative profit,Moderate relative profit/ha
2417,Punjab,Bathinda,2017,Kharif,Barley,1183.59,29.5,51.5,Red,Drip,415.67,48.6,3474.46,8.27,40596.78,450578.0,28733.7842,1166499115.734876,129.6828859736477,15.681122850501538,0.0003862651877932569,335735.37059999997,Higher relative profit,Higher relative profit/ha
2422,Punjab,Bathinda,2017,Rabi,Wheat,777.24,35.4,58.1,Laterite,Rain-fed,166.29,28.49,4533.08,5.49,15105.71,317787.0,24886.6092,375929901.458532,70.1039911053853,12.769397286955428,0.0008453357893773566,82930.3479,Higher relative profit,Moderate relative profit/ha
2426,Punjab,Bathinda,2017,Rabi,Maize,1455.02,33.7,61.5,Laterite,Canal,365.93,5.64,4958.44,7.66,15634.74,628812.0,37981.6504,593833228.774896,126.81649873750617,16.555678686358505,0.0010589033579297452,119762.10840000001,Higher relative profit,Higher relative profit/ha
2450,Maharashtra,Nashik,2017,Kharif,Maize,628.38,32.4,41.8,Alluvial,Rain-fed,291.81,53.58,4614.65,5.42,60570.11,422469.0,25011.403,1514943430.96433,91.54952163219313,16.89105565169615,0.00027886783847175034,328289.9962,Higher relative profit,Higher relative profit/ha
2461,Maharashtra,Nashik,2017,Rabi,Millets,574.03,20.4,81.8,Sandy,Tube Well,140.71,50.03,4447.1,6.93,61440.35,297283.0,30818.403000000002,1893493466.76105,66.84873288210294,9.646281801169255,0.0001570023901421339,425781.62549999997,Higher relative profit,Moderate relative profit/ha
2469,Maharashtra,Nagpur,2017,Kharif,Sugarcane,1477.65,22.0,35.6,Laterite,Tube Well,169.75,47.86,3254.85,8.49,34837.1,266969.0,27633.6765,962677151.59815,82.02190577138731,9.661001857642793,0.00027731934798369535,295766.979,Higher relative profit,Moderate relative profit/ha
2475,Maharashtra,Nagpur,2017,Zaid,Sugarcane,1049.58,29.2,39.0,Alluvial,Sprinkler,383.38,21.97,2479.08,8.49,15867.61,241213.0,21047.3892,333971763.34381205,97.29940139083854,11.460471306341406,0.0007222556709133514,134716.00890000002,Higher relative profit,Higher relative profit/ha
2478,Maharashtra,Nagpur,2017,Rabi,Cotton,2187.08,30.1,39.8,Laterite,Sprinkler,395.6,33.85,2029.52,7.04,32377.09,231359.0,14287.8208,462598059.945472,113.9969056722772,16.19274228299392,0.0005001296374378896,227934.71360000002,Higher relative profit,Higher relative profit/ha
2481,Maharashtra,Nagpur,2017,Rabi,Sugarcane,1614.33,19.1,63.0,Alluvial,Rain-fed,204.78,36.12,4906.49,7.74,60292.09,539433.0,37976.232599999996,2289666433.7801337,109.94274929735921,14.204489573302226,0.00023559457921100803,466660.7766,Higher relative profit,Higher relative profit/ha
2486,Maharashtra,Aurangabad,2017,Rabi,Cotton,1723.63,28.4,71.1,Red,Drip,204.9,39.05,4114.4,5.82,63539.69,369863.0,23945.807999999997,1521509217.11952,89.89475986778146,15.44583502882843,0.00024308955597404438,369800.99580000003,Higher relative profit,Higher relative profit/ha
2495,Maharashtra,Aurangabad,2017,Rabi,Cotton,1465.42,27.2,66.1,Black,Rain-fed,237.73,33.51,4979.64,7.5,13151.58,331343.0,37347.3,491176003.734,66.53954904370596,8.871939872494128,0.0006745911801087116,98636.85,Higher relative profit,Moderate relative profit/ha
2499,Maharashtra,Aurangabad,2017,Zaid,Cotton,2127.92,20.0,75.5,Sandy,Canal,132.84,55.24,2541.32,8.03,35632.4,231508.0,20406.7996,727143246.06704,91.0975398611745,11.344650044978147,0.00031838018334375863,286128.17199999996,Higher relative profit,Higher relative profit/ha
2501,Maharashtra,Aurangabad,2017,Rabi,Sugarcane,1770.43,31.6,51.6,Laterite,Drip,262.36,19.79,4848.03,7.08,24083.9,452235.00000000006,34324.0524,826657045.5963601,93.2822197882439,13.175454772350832,0.0005470648346966576,170514.01200000002,Higher relative profit,Higher relative profit/ha
2502,Maharashtra,Aurangabad,2017,Zaid,Barley,2073.45,24.6,50.7,Alluvial,Drip,321.36,52.74,4400.44,5.73,37398.07,331337.0,25214.5212,942974428.854084,75.29633400296335,13.140721466485749,0.0003513743213616571,214290.94110000003,Higher relative profit,Moderate relative profit/ha
2503,Maharashtra,Kolhapur,2017,Rabi,Rice,1960.37,29.1,80.1,Laterite,Sprinkler,147.94,41.48,2010.81,8.4,25022.34,295289.0,16890.804,422647440.56136,146.8507715796122,17.482234711858595,0.0006986650613754987,210187.65600000002,Higher relative profit,Higher relative profit/ha
2509,Maharashtra,Kolhapur,2017,Kharif,Cotton,630.44,19.6,87.1,Red,Sprinkler,106.01,7.14,4983.88,7.44,61463.86,343478.0,37080.067200000005,2279084059.1713924,68.91779095804874,9.263143945974292,0.00015070878962001886,457291.1184000001,Higher relative profit,Moderate relative profit/ha
2515,Maharashtra,Kolhapur,2017,Kharif,Cotton,1453.37,20.3,74.2,Black,Rain-fed,180.14,6.67,2903.33,5.98,27269.66,262485.0,17361.9134,473453475.36744404,90.40825534816918,15.118437349192169,0.0005544050548922197,163072.56680000003,Higher relative profit,Higher relative profit/ha
2516,Maharashtra,Kolhapur,2017,Rabi,Wheat,1198.52,35.0,67.8,Sandy,Sprinkler,194.44,48.11,3046.54,7.04,61510.25,250566.0,21447.6416,1319249796.7264,82.24608900588865,11.682683097427365,0.00018993067167549094,433032.16,Higher relative profit,Moderate relative profit/ha
2520,Maharashtra,Kolhapur,2017,Kharif,Cotton,2059.64,34.9,40.8,Red,Rain-fed,220.55,15.86,2861.84,6.95,46926.52,256296.0,19889.788,933358534.3777599,89.55636932882341,12.885808536521354,0.00027459544275862255,326139.31399999995,Higher relative profit,Higher relative profit/ha
2524,Karnataka,Bengaluru,2017,Zaid,Sugarcane,766.37,33.9,86.0,Red,Canal,243.46,58.38,3845.02,4.23,14860.33,263544.0,16264.434600000002,241694865.41941804,68.54164607726358,16.203698836232522,0.0010903996638185372,62859.19590000001,Higher relative profit,Moderate relative profit/ha
2537,Karnataka,Bengaluru,2017,Zaid,Barley,1408.33,20.7,84.7,Alluvial,Drip,140.62,16.43,2481.25,5.27,26301.6,232919.0,13076.187499999998,343924653.1499999,93.87163727959698,17.812454891764133,0.0006772384528608197,138609.43199999997,Higher relative profit,Higher relative profit/ha
2540,Karnataka,Mysuru,2017,Kharif,Maize,2049.82,30.7,61.3,Laterite,Canal,219.74,40.15,4709.13,3.13,63310.11,252856.0,14739.5769,933164234.892459,53.69484384589085,17.154902187185577,0.00027096623567998186,198160.6443,Higher relative profit,Moderate relative profit/ha
2550,Karnataka,Mysuru,2017,Kharif,Barley,1140.22,26.0,37.4,Red,Tube Well,138.67,27.09,4531.21,8.27,30006.89,308093.0,37473.1067,1124451390.7051628,67.99353814985402,8.221709570719954,0.00027399405838858857,248156.98029999994,Higher relative profit,Moderate relative profit/ha
2552,Karnataka,Mysuru,2017,Rabi,Wheat,413.87,37.2,84.7,Laterite,Canal,388.18,55.46,4624.19,5.21,14208.47,332240.0,24092.029899999998,342310884.073253,71.84825883019514,13.7904527505173,0.0009705797141083664,74026.1287,Higher relative profit,Moderate relative profit/ha
2558,Karnataka,Hubli,2017,Kharif,Millets,1661.0,19.1,66.8,Black,Canal,266.1,20.5,2087.54,8.43,24364.22,304282.0,17597.962199999998,428760622.592484,145.76103930942642,17.29075199400076,0.000709678044033454,205390.3746,Higher relative profit,Higher relative profit/ha
2561,Karnataka,Hubli,2017,Zaid,Sugarcane,454.95,32.0,89.0,Black,Drip,324.25,44.66,4473.15,5.5,53045.95,346050.0,24602.324999999997,1305053701.8337498,77.36159082525738,14.065743786410433,0.00026516150217708293,291752.725,Higher relative profit,Moderate relative profit/ha
2563,Karnataka,Hubli,2017,Rabi,Pulses,1890.46,37.6,53.4,Alluvial,Sprinkler,131.05,51.25,2388.71,6.05,57182.07,258753.00000000003,14451.6955,826377863.699685,108.32332095566227,17.904681149696245,0.00031311705137110715,345951.5235,Higher relative profit,Higher relative profit/ha
2567,Karnataka,Hubli,2017,Kharif,Barley,1600.19,28.5,54.0,Alluvial,Rain-fed,387.6,41.76,3482.54,4.57,55633.87,262782.0,15915.2078,885424601.7681861,75.4569940330908,16.511377250129275,0.00029678642255390956,254246.78590000002,Higher relative profit,Moderate relative profit/ha
2569,Karnataka,Hubli,2017,Kharif,Wheat,2135.45,27.0,70.0,Black,Canal,434.7,24.91,3507.28,5.31,17939.63,259398.0,18623.6568,334101512.23898405,73.95987774001505,13.928413887008483,0.0007764047467538897,95259.43530000001,Higher relative profit,Moderate relative profit/ha
2570,Karnataka,Hubli,2017,Rabi,Pulses,1957.58,36.0,41.6,Red,Sprinkler,131.86,27.07,4291.87,6.52,42153.49,430526.0,27982.9924,1179580790.3034759,100.3119852185644,15.385273806528282,0.0003649822068476011,274840.7548,Higher relative profit,Higher relative profit/ha
2571,Karnataka,Hubli,2017,Rabi,Maize,1033.07,19.0,54.6,Sandy,Canal,219.77,46.09,4408.48,6.47,34051.46,363063.0,28522.865599999997,971245217.0637759,82.35559648677096,12.728840260706486,0.0003738118794526427,220312.9462,Higher relative profit,Moderate relative profit/ha
2578,Karnataka,Belagavi,2017,Rabi,Sugarcane,548.87,30.9,63.1,Red,Canal,184.26,56.3,3986.76,5.34,26675.86,323857.0,21289.2984,567910343.616624,81.23313166581384,15.212196941163642,0.0005702607878870125,142449.0924,Higher relative profit,Moderate relative profit/ha
2580,Karnataka,Belagavi,2017,Rabi,Cotton,1553.33,22.1,48.6,Black,Canal,420.0,9.21,3480.68,4.81,13677.85,232315.0,16742.070799999998,228995533.09177998,66.74414194927428,13.876120987375112,0.0010144957714388672,65790.4585,Higher relative profit,Moderate relative profit/ha
2583,Karnataka,Belagavi,2017,Kharif,Cotton,878.84,20.1,78.2,Red,Rain-fed,76.98,21.49,4304.73,6.89,43429.24,314523.0,29659.589699999997,1288093439.3828278,73.06451275689766,10.604428556879196,0.00024417716167446623,299227.46359999996,Higher relative profit,Moderate relative profit/ha
2584,Karnataka,Belagavi,2017,Zaid,Maize,606.52,37.2,40.9,Alluvial,Drip,259.83,8.91,2773.92,5.87,34029.92,275776.0,16282.9104,554106138.279168,99.4174309280729,16.936529970710886,0.0004976952626015837,199755.6304,Higher relative profit,Higher relative profit/ha
2586,Karnataka,Belagavi,2017,Zaid,Pulses,1689.95,18.8,45.4,Black,Tube Well,233.22,26.76,3250.83,7.56,56367.15,266970.0,24576.2748,1385294568.09282,82.12364226982032,10.862915644156129,0.00019271713478783526,426135.654,Higher relative profit,Moderate relative profit/ha
2593,Karnataka,Mangalore,2017,Zaid,Rice,1190.64,30.3,71.7,Black,Drip,340.81,35.18,2872.52,6.34,21416.99,291934.0,18211.7768,390041441.607832,101.62992772896273,16.02995705504144,0.0007484691852142359,135783.7166,Higher relative profit,Higher relative profit/ha
2598,Karnataka,Mangalore,2017,Zaid,Rice,2043.65,24.2,50.0,Alluvial,Canal,305.71,11.81,4553.41,3.49,54182.53,241442.0,15891.4009,861036306.006277,53.02443663100841,15.193248318340517,0.00028040861728569186,189097.02969999998,Higher relative profit,Moderate relative profit/ha
2599,Karnataka,Mangalore,2017,Rabi,Rice,743.24,28.3,83.5,Black,Sprinkler,137.09,24.76,4161.22,5.1,21053.75,374497.0,21222.222,446807356.4325,89.99692397902538,17.64645568216184,0.000838162117540193,107374.125,Higher relative profit,Higher relative profit/ha
2602,Karnataka,Mangalore,2017,Zaid,Wheat,959.69,20.7,85.5,Laterite,Tube Well,129.16,59.61,4674.91,6.02,51818.6,364027.0,28142.958199999997,1458328693.7825198,77.8682370355793,12.934923095611179,0.00024961930842614776,311947.97199999995,Higher relative profit,Moderate relative profit/ha
2604,Karnataka,Mangalore,2017,Rabi,Sugarcane,1898.61,32.0,83.5,Black,Rain-fed,198.15,9.02,3470.82,7.14,51979.36,375364.0,24781.6548,1288134556.2449281,108.14850669294287,15.146849676882756,0.000291401234583934,371132.6304,Higher relative profit,Higher relative profit/ha
2613,Tamil Nadu,Chennai,2017,Kharif,Pulses,1502.2,25.0,40.3,Sandy,Tube Well,215.39,41.27,1836.5,7.92,49311.97,249700.0,14545.08,717246548.6076,135.9651511026409,17.167317058414255,0.00034813691398689314,390550.8024,Higher relative profit,Higher relative profit/ha
2616,Tamil Nadu,Chennai,2017,Zaid,Maize,789.66,34.5,41.2,Black,Rain-fed,256.38,29.27,4445.53,7.57,55248.41,489256.00000000006,33652.6621,1859256073.2922611,110.05571889066097,14.538404080668556,0.00026314610828924407,418230.4637000001,Higher relative profit,Higher relative profit/ha
2624,Tamil Nadu,Chennai,2017,Zaid,Pulses,1059.5,37.2,60.0,Black,Sprinkler,171.38,7.6,2414.56,8.32,19777.28,297512.0,20089.1392,397308530.917376,123.21582400106024,14.809594230896662,0.0007488185549730127,164546.96959999998,Higher relative profit,Higher relative profit/ha
2628,Tamil Nadu,Chennai,2017,Kharif,Rice,1456.47,24.4,75.7,Red,Canal,213.96,33.04,4162.28,5.91,53889.39,400547.0,24599.0748,1325629135.536372,96.23259367462065,16.283010774047487,0.0003021561530766536,318486.2949,Higher relative profit,Higher relative profit/ha
2633,Tamil Nadu,Coimbatore,2017,Rabi,Sugarcane,1612.79,23.3,86.5,Sandy,Sprinkler,389.77,29.76,4701.42,4.97,43454.52,283472.0,23366.057399999998,1015360808.6094478,60.29497470976854,12.131785655889043,0.00027918351545222557,215968.96439999997,Higher relative profit,Moderate relative profit/ha
2634,Tamil Nadu,Coimbatore,2017,Zaid,Maize,1559.82,35.9,42.4,Alluvial,Rain-fed,439.37,10.82,4632.45,6.6,36143.19,287348.0,30574.17,1105048035.4023001,62.02937970188562,9.398390863922064,0.00026003213506948505,238545.05400000003,Higher relative profit,Moderate relative profit/ha
2638,Tamil Nadu,Coimbatore,2017,Rabi,Millets,1239.16,18.3,48.3,Black,Drip,180.52,47.71,3495.4,6.02,23878.83,327148.0,21042.307999999997,502465695.53963995,93.59386622418035,15.54715385783727,0.0006510852440357115,143750.55659999998,Higher relative profit,Higher relative profit/ha
2639,Tamil Nadu,Coimbatore,2017,Kharif,Cotton,1912.19,31.2,77.5,Black,Canal,276.52,38.75,2466.13,7.71,43838.12,306290.0,19013.8623,833531977.170876,124.19864321832182,16.108773439471054,0.00036746040750540974,337991.9052,Higher relative profit,Higher relative profit/ha
2640,Tamil Nadu,Coimbatore,2017,Rabi,Cotton,1836.57,22.6,89.0,Laterite,Sprinkler,371.12,29.33,3014.53,6.61,61475.43,273667.0,19926.0433,1224962080.0661192,90.78264273369314,13.734136570906678,0.00022340854827541143,406352.5923,Higher relative profit,Higher relative profit/ha
2650,Tamil Nadu,Madurai,2017,Rabi,Sugarcane,1885.86,28.2,73.2,Alluvial,Tube Well,429.6,45.52,3180.05,7.59,21083.93,318089.0,24136.5795,508893952.617435,100.02641467901448,13.178710761398483,0.000625059500833027,160027.0287,Higher relative profit,Higher relative profit/ha
2651,Tamil Nadu,Madurai,2017,Rabi,Pulses,482.03,27.9,71.6,Black,Rain-fed,85.21,42.74,4469.48,7.2,54839.65,373520.0,32180.255999999998,1764753975.9503999,83.57124318712692,11.607117109323184,0.0002116555650760569,394845.48000000004,Higher relative profit,Moderate relative profit/ha
2652,Tamil Nadu,Madurai,2017,Kharif,Maize,904.9,32.0,62.1,Red,Tube Well,242.97,20.69,4557.76,5.33,26020.8,337015.0,24292.860800000002,632119672.30464,73.94312118233518,13.873005850344311,0.0005331506275880953,138690.864,Higher relative profit,Moderate relative profit/ha
2654,Tamil Nadu,Madurai,2017,Rabi,Pulses,1844.19,27.9,67.7,Alluvial,Sprinkler,364.06,49.86,2856.11,7.79,57863.22,323329.0,22249.0969,1287404388.726018,113.20607399574946,14.53223029470468,0.00025114797093394876,450754.4838,Higher relative profit,Higher relative profit/ha
2656,Tamil Nadu,Madurai,2017,Kharif,Barley,508.8,34.7,68.8,Laterite,Drip,444.49,17.24,4227.8,6.63,36842.94,347677.0,28030.314000000002,1032719176.8831601,82.23591466010691,12.403607037723516,0.0003366617060886974,244268.69220000002,Higher relative profit,Moderate relative profit/ha
2657,Tamil Nadu,Madurai,2017,Zaid,Pulses,1603.17,35.9,40.7,Black,Sprinkler,240.77,16.07,3459.62,6.85,23533.15,277682.0,23698.396999999997,557697931.3605499,80.26372838635457,11.717332611146654,0.0004979075309147587,161202.07749999998,Higher relative profit,Moderate relative profit/ha
2660,Tamil Nadu,Madurai,2017,Kharif,Rice,711.94,32.5,74.9,Sandy,Drip,247.2,53.07,3437.16,7.5,54454.07,319514.0,25778.699999999997,1403755134.3089998,92.95872173538619,12.394496231384826,0.0002276137712274735,408405.52499999997,Higher relative profit,Higher relative profit/ha
2664,Tamil Nadu,Madurai,2017,Rabi,Cotton,1622.51,24.8,54.6,Laterite,Tube Well,367.26,56.26,4888.78,8.12,35444.73,687254.0,39696.893599999996,1407045675.490728,140.57781286946846,17.31253853072272,0.0004884375908836861,287811.2076,Higher relative profit,Higher relative profit/ha
2667,Tamil Nadu,Salem,2017,Rabi,Sugarcane,2009.26,30.5,87.5,Black,Tube Well,328.76,26.2,4398.32,6.07,32280.86,424515.0,26697.8024,861828021.582064,96.51753396751488,15.900746946872301,0.0004925750722524834,195944.82020000002,Higher relative profit,Higher relative profit/ha
2670,Tamil Nadu,Salem,2017,Zaid,Cotton,1330.95,19.0,88.8,Alluvial,Sprinkler,113.96,42.97,3382.22,8.48,44146.47,467348.0,28681.225599999998,1266174865.513632,138.17788316549485,16.294561694044205,0.00036910225651211076,374362.06560000003,Higher relative profit,Higher relative profit/ha
2678,Tamil Nadu,Salem,2017,Zaid,Maize,590.88,35.5,49.3,Laterite,Tube Well,127.35,21.27,4362.11,7.47,59925.35,295422.0,32584.961699999996,1952665234.6090946,67.72456448828663,9.066206758806779,0.00015129167804287801,447642.36449999997,Higher relative profit,Moderate relative profit/ha
2680,Tamil Nadu,Salem,2017,Kharif,Millets,887.32,19.5,76.3,Sandy,Tube Well,71.84,40.51,4692.48,4.54,20015.52,261780.00000000003,21303.8592,426407819.894784,55.787131751227506,12.28791448264923,0.0006139193227380169,90870.4608,Higher relative profit,Moderate relative profit/ha
2688,Tamil Nadu,Tiruchirappalli,2017,Rabi,Sugarcane,625.02,28.3,58.9,Alluvial,Tube Well,424.48,19.68,4461.12,5.6,57533.12,416140.0,24982.271999999997,1437308052.84864,93.28150778279894,16.65741210407124,0.00028952735579212876,322185.472,Higher relative profit,Higher relative profit/ha
2690,Tamil Nadu,Tiruchirappalli,2017,Zaid,Millets,2185.3,35.8,50.6,Laterite,Tube Well,205.01,29.07,3335.56,5.85,56922.79,230561.0,19513.025999999998,1110735881.2625399,69.12212641955173,11.815748105906282,0.0002075749995020673,332998.32149999996,Higher relative profit,Moderate relative profit/ha
2691,Tamil Nadu,Tiruchirappalli,2017,Zaid,Maize,1974.98,36.1,84.1,Laterite,Tube Well,333.15,49.0,4179.0,6.6,25513.24,323987.0,27581.399999999998,703690877.736,77.5273988992582,11.746575590796697,0.0004604109705704449,168387.384,Higher relative profit,Moderate relative profit/ha
2694,Tamil Nadu,Tiruchirappalli,2017,Zaid,Pulses,1413.74,18.5,60.4,Red,Rain-fed,378.88,16.64,4852.21,6.03,12356.21,444259.0,29258.8263,361528202.116323,91.55807353762512,15.183760122325891,0.0012288363602047788,74507.9463,Higher relative profit,Higher relative profit/ha
2705,Rajasthan,Jaipur,2017,Rabi,Sugarcane,1582.69,22.1,81.3,Sandy,Drip,334.82,36.63,3581.9,6.64,35180.24,249810.0,23783.816,836720354.99584,69.74231553086351,10.503360772720407,0.0002985585309457925,233596.79359999998,Higher relative profit,Moderate relative profit/ha
2707,Rajasthan,Jaipur,2017,Rabi,Cotton,1540.88,26.4,87.2,Alluvial,Tube Well,286.76,26.63,4438.09,8.03,27049.73,438921.0,35637.8627,963994563.812071,98.8986253095363,12.316142628833912,0.00045531480827475584,217209.3319,Higher relative profit,Higher relative profit/ha
2710,Rajasthan,Jaipur,2017,Zaid,Rice,1796.52,34.0,70.0,Red,Tube Well,278.85,39.87,4505.28,6.54,32282.61,479170.0,29464.531199999998,951191969.5624319,106.35742950493643,16.262603899837377,0.0005037574068465151,211128.2694,Higher relative profit,Higher relative profit/ha
2715,Rajasthan,Jaipur,2017,Rabi,Wheat,2033.14,18.2,61.6,Laterite,Drip,317.71,14.56,3420.62,6.33,24800.89,374289.0,21652.5246,537001880.826894,109.42139144365642,17.286159785727712,0.000696997558786306,156989.6337,Higher relative profit,Higher relative profit/ha
2717,Rajasthan,Jaipur,2017,Zaid,Rice,723.5,25.8,58.5,Red,Drip,185.83,42.58,2942.48,7.03,42586.34,345442.0,20685.634400000003,880925459.674096,117.39824909600065,16.699608690754,0.0003921353347283191,299381.9702,Higher relative profit,Higher relative profit/ha
2724,Rajasthan,Jodhpur,2017,Kharif,Sugarcane,974.45,27.2,37.6,Sandy,Drip,300.88,54.64,4608.41,7.93,28939.21,468650.0,36544.6913,1057574495.9158729,101.69451068806812,12.824024046414644,0.0004431366318021343,229487.93529999998,Higher relative profit,Higher relative profit/ha
2733,Rajasthan,Jodhpur,2017,Kharif,Wheat,1515.88,22.0,70.1,Alluvial,Rain-fed,109.44,54.09,3388.75,5.62,20808.37,273857.0,19044.775,396290724.76675004,80.81357432681668,14.37963955993179,0.000691050743519641,116943.03940000001,Higher relative profit,Moderate relative profit/ha
2748,Rajasthan,Udaipur,2017,Kharif,Rice,1581.08,30.8,76.3,Red,Rain-fed,81.67,30.46,4357.22,7.35,58829.46,519080.0,32025.567,1884046812.80382,119.13100554940993,16.20830007474965,0.00027551332401741665,432396.53099999996,Higher relative profit,Higher relative profit/ha
2755,Rajasthan,Kota,2017,Kharif,Maize,2115.55,18.1,52.6,Black,Drip,183.24,32.9,4385.9,6.7,34912.44,303806.0,29385.53,1025920552.9932001,69.26879317813905,10.338625847483438,0.0002961301429371146,233913.34800000003,Higher relative profit,Moderate relative profit/ha
2758,Rajasthan,Kota,2017,Zaid,Wheat,818.83,27.9,48.8,Laterite,Tube Well,230.83,32.07,3695.8,5.28,50482.08,350505.0,19513.824,985098424.27392,94.83873586233021,17.961881792107995,0.0003558070862394734,266545.3824,Higher relative profit,Higher relative profit/ha
2760,Rajasthan,Kota,2017,Kharif,Millets,836.27,32.5,65.2,Black,Canal,275.88,11.48,3479.06,7.83,18913.11,316270.0,27241.0398,515212782.251778,90.90673917667417,11.61005608897499,0.0006138628754855753,148089.6513,Higher relative profit,Higher relative profit/ha
2761,Rajasthan,Kota,2017,Kharif,Sugarcane,860.11,26.5,45.7,Laterite,Rain-fed,203.34,6.71,4440.4,5.55,31285.47,241210.0,24644.219999999998,771006005.4834,54.32168273128548,9.7876905822136,0.00031285100023153235,173634.3585,Higher relative profit,Moderate relative profit/ha
2762,Rajasthan,Kota,2017,Rabi,Rice,519.06,27.4,74.2,Sandy,Rain-fed,159.27,57.3,4029.66,6.45,36427.08,381629.0,25991.307,946787419.39356,94.70501233354675,14.682947648611899,0.0004030778104808812,234954.66600000003,Higher relative profit,Higher relative profit/ha
2781,Rajasthan,Ajmer,2017,Zaid,Millets,1363.13,31.6,88.8,Laterite,Canal,425.91,21.97,3749.41,8.41,45691.53,542649.0,31532.538099999998,1440769910.5722928,144.7291707228604,17.209176066927515,0.0003766382099029627,384265.76729999995,Higher relative profit,Higher relative profit/ha
2782,Rajasthan,Ajmer,2017,Rabi,Barley,1157.29,32.9,56.4,Sandy,Canal,340.16,25.77,4338.1,5.77,24844.32,311853.0,25030.837,621874124.29584,71.88700122173302,12.45875237811664,0.0005014728669618102,143351.72639999999,Higher relative profit,Moderate relative profit/ha
2788,Rajasthan,Ajmer,2017,Rabi,Barley,521.91,37.6,66.8,Red,Tube Well,117.86,43.75,4230.98,6.6,49560.45,390837.0,27924.467999999997,1383949200.0905998,92.37505258828925,13.996220089134734,0.0002824070420897053,327098.97,Higher relative profit,Higher relative profit/ha
2792,West Bengal,Kolkata,2017,Kharif,Barley,1165.96,18.3,69.0,Black,Canal,134.59,21.9,2393.21,7.9,12905.83,243168.0,18906.359,244002255.17297,101.60746445151074,12.861704360950725,0.0009965809530228375,101956.057,Higher relative profit,Higher relative profit/ha
2796,West Bengal,Kolkata,2017,Kharif,Maize,994.46,21.4,86.9,Alluvial,Tube Well,425.28,45.95,4164.3,4.26,54034.8,291946.0,17739.918,958572921.1464001,70.10686069687583,16.457009553257233,0.00030456316213361084,230188.24800000002,Higher relative profit,Moderate relative profit/ha
2803,West Bengal,Kolkata,2017,Zaid,Cotton,584.34,37.1,38.6,Black,Canal,84.01,53.64,1984.5,8.44,22723.62,272722.0,16749.18,380602001.63159996,137.4260519022424,16.282707571355733,0.000716554297746386,191787.3528,Higher relative profit,Higher relative profit/ha
2810,West Bengal,Howrah,2017,Kharif,Rice,1743.43,23.9,79.8,Red,Drip,241.0,13.65,4669.47,7.8,34263.47,395414.0,36421.866,1247939513.03502,84.68070252084283,10.856500323184978,0.00031685349800195307,267255.066,Higher relative profit,Higher relative profit/ha
2813,West Bengal,Howrah,2017,Zaid,Rice,1465.13,35.8,74.5,Sandy,Canal,431.49,21.51,3056.42,8.15,32356.93,379932.0,24909.823,806005399.12339,124.30621446005458,15.252296252767431,0.000471376495012581,263708.97949999996,Higher relative profit,Higher relative profit/ha
2828,West Bengal,Darjeeling,2017,Rabi,Maize,712.8,18.2,45.4,Black,Sprinkler,216.87,16.33,3710.85,4.78,31806.81,251938.0,17737.863,564184838.24703,67.89226188070118,14.203402067092298,0.00044655223416281914,152036.55180000002,Higher relative profit,Moderate relative profit/ha
2831,West Bengal,Darjeeling,2017,Zaid,Maize,423.16,22.9,88.7,Laterite,Drip,51.32,51.37,4299.04,6.11,50153.33,296691.0,26267.134400000003,1317384259.7175522,69.01331460046895,11.295141505805063,0.0002252121944007519,306436.84630000003,Higher relative profit,Moderate relative profit/ha
2833,West Bengal,Darjeeling,2017,Kharif,Wheat,1857.17,22.2,56.5,Black,Drip,203.98,17.57,3289.57,8.05,28097.08,258240.0,26481.038500000002,744039857.2175801,78.50266144207298,9.751883408953164,0.0003470781806847247,226181.494,Higher relative profit,Moderate relative profit/ha
2835,West Bengal,Darjeeling,2017,Rabi,Wheat,1898.69,27.8,47.0,Black,Tube Well,303.18,15.89,3737.1,6.02,20230.92,236432.00000000003,22497.341999999997,455141926.2146399,63.26616895453695,10.509330391119097,0.0005194687335582909,121790.13839999998,Higher relative profit,Moderate relative profit/ha
2836,West Bengal,Darjeeling,2017,Rabi,Pulses,1146.19,34.6,67.0,Sandy,Canal,186.92,49.73,4158.83,6.54,14889.27,327149.0,27198.748199999998,404969505.61181396,78.6637107070979,12.028090322186225,0.0008078361344905577,97375.82579999999,Higher relative profit,Moderate relative profit/ha
2837,West Bengal,Darjeeling,2017,Zaid,Millets,1821.44,20.5,82.2,Red,Drip,209.21,13.35,4261.15,5.74,54160.61,343314.0,24459.001,1324714414.15061,80.56839116201026,14.03630508048959,0.00025916076426187946,310881.90140000003,Higher relative profit,Moderate relative profit/ha
2839,West Bengal,Darjeeling,2017,Rabi,Barley,1706.59,26.2,54.4,Alluvial,Sprinkler,215.57,24.05,2589.91,8.46,62816.76,329347.0,21910.638600000002,1376355326.3829362,127.16542273669742,15.03137384594532,0.00023928922545424688,531429.7896000001,Higher relative profit,Higher relative profit/ha
2840,West Bengal,Darjeeling,2017,Rabi,Pulses,1581.79,32.2,66.0,Black,Rain-fed,375.84,53.92,4789.26,5.31,41780.64,270469.0,25430.9706,1062522227.489184,56.47406906286148,10.635417902610449,0.0002545537335620146,221855.1984,Higher relative profit,Moderate relative profit/ha
2841,West Bengal,Darjeeling,2017,Zaid,Pulses,1224.43,34.7,89.3,Red,Canal,395.38,9.23,4418.91,7.91,40410.95,432351.0,34953.5781,1412507296.9201949,97.84109656001141,12.36929160050713,0.0003060876223030424,319650.61449999997,Higher relative profit,Higher relative profit/ha
2848,West Bengal,Siliguri,2017,Kharif,Barley,852.26,29.9,67.5,Alluvial,Rain-fed,347.08,23.79,4939.89,7.73,46651.53,494559.0,38185.349700000006,1781404987.0900412,100.11538718473487,12.951537798801406,0.0002776230018351254,360616.3269,Higher relative profit,Higher relative profit/ha
2849,West Bengal,Siliguri,2017,Kharif,Barley,1360.84,19.2,43.8,Red,Rain-fed,134.94,10.2,4841.3,7.05,34388.35,574154.0,34131.165,1173714447.9277499,118.59500547373639,16.821986592019346,0.0004891769041556035,242437.86749999996,Higher relative profit,Higher relative profit/ha
2852,West Bengal,Siliguri,2017,Kharif,Cotton,1711.24,23.7,81.5,Alluvial,Sprinkler,351.29,17.76,2911.31,8.28,41387.03,259448.0,24105.6468,997661127.281004,89.11727023230092,10.762955342065329,0.00026005623844149554,342684.60839999997,Higher relative profit,Higher relative profit/ha
2853,West Bengal,Siliguri,2017,Zaid,Pulses,2103.37,25.6,38.7,Red,Drip,137.61,11.01,4799.38,3.76,18670.19,263520.0,18045.6688,336916065.173072,54.90709216607145,14.60295004416794,0.0007821532637947412,70199.9144,Higher relative profit,Moderate relative profit/ha
2855,West Bengal,Siliguri,2017,Kharif,Cotton,513.5,21.6,66.1,Sandy,Sprinkler,298.58,45.61,2989.17,6.52,24098.27,306295.0,19489.3884,469660543.798068,102.46824369306529,15.715988296482408,0.000652162511934774,157120.7204,Higher relative profit,Higher relative profit/ha
2858,West Bengal,Siliguri,2017,Rabi,Sugarcane,1133.44,21.2,76.6,Black,Sprinkler,315.8,39.85,4375.73,7.18,49399.13,308007.0,31417.741399999995,1552009091.7249818,70.38985494991694,9.803600967955006,0.0001984569559819172,354685.7534,Higher relative profit,Moderate relative profit/ha
2865,West Bengal,Malda,2017,Kharif,Wheat,1672.95,34.3,55.1,Sandy,Rain-fed,91.69,55.9,4112.78,3.5,34937.37,243725.0,14394.73,502914008.0601,59.2604029391312,16.93154369689463,0.0004846255942245975,122280.79500000001,Higher relative profit,Moderate relative profit/ha
2868,West Bengal,Malda,2017,Rabi,Cotton,1743.8,36.0,55.7,Black,Rain-fed,325.26,51.98,3909.39,5.42,24943.12,301659.0,21188.893799999998,528517120.7206559,77.16267755327557,14.236656375143097,0.0005707648592134062,135191.71039999998,Higher relative profit,Moderate relative profit/ha
2876,West Bengal,Malda,2017,Zaid,Cotton,1967.94,18.2,89.1,Sandy,Tube Well,281.83,46.53,4760.99,3.83,17313.87,296917.0,18234.5917,315711350.19687897,62.364550230099205,16.28317238383791,0.0009404698304791427,66312.1221,Higher relative profit,Moderate relative profit/ha
2880,West Bengal,Malda,2017,Rabi,Barley,2141.41,21.0,77.3,Laterite,Rain-fed,144.25,16.41,4463.7,3.47,14602.38,251754.0,15489.039,226176833.31282,56.40029571879831,16.25368752703121,0.0011130848209011965,50670.2586,Higher relative profit,Moderate relative profit/ha
2894,Uttarakhand,Dehradun,2018,Rabi,Sugarcane,1310.49,23.6,37.6,Black,Sprinkler,415.04,57.18,4850.38,7.33,37537.06,424145.0,35553.2854,1334565807.256924,87.4457259018881,11.929839822904242,0.0003178149759971677,275146.64979999996,Higher relative profit,Higher relative profit/ha
2898,Uttarakhand,Dehradun,2018,Rabi,Millets,1430.3,22.6,40.9,Red,Tube Well,78.69,11.87,4704.31,7.44,12523.95,350144.0,35000.0664,438339081.59028006,74.43046908048152,10.004095306516332,0.0007987971292217177,93178.18800000001,Higher relative profit,Moderate relative profit/ha
2901,Uttarakhand,Haridwar,2018,Kharif,Sugarcane,1301.93,21.1,81.2,Red,Canal,103.1,34.34,4726.17,5.76,12251.6,276568.0,27222.7392,333522111.58272,58.518419777536565,10.159447878044544,0.0008292343757586391,70569.216,Higher relative profit,Moderate relative profit/ha
2903,Uttarakhand,Haridwar,2018,Rabi,Rice,1169.24,26.0,63.8,Red,Drip,233.97,13.22,4187.71,5.24,25170.16,229114.0,21943.6004,552323933.0440639,54.71104732658183,10.441039566141571,0.0004148181642922243,131891.63839999997,Higher relative profit,Moderate relative profit/ha
2911,Uttarakhand,Haridwar,2018,Rabi,Rice,613.69,23.3,82.2,Red,Tube Well,225.86,35.58,3597.99,4.48,60384.23,280614.0,16118.995200000001,973333113.5256962,77.99187879899611,17.40890151763306,0.0002883021199017203,270521.35040000005,Higher relative profit,Moderate relative profit/ha
2918,Uttarakhand,Nainital,2018,Rabi,Millets,1436.3,32.8,43.2,Laterite,Rain-fed,395.52,11.32,4278.21,7.91,37463.35,336683.0,33840.6411,1267783781.753685,78.69716540328783,9.949072743778485,0.00026556815511102146,296335.0985,Higher relative profit,Moderate relative profit/ha
2919,Uttarakhand,Nainital,2018,Zaid,Cotton,1201.64,36.8,63.0,Laterite,Canal,384.32,51.0,3541.01,8.06,63279.04,297788.0,28540.540600000004,1806018010.2490244,84.09691020358598,10.43385982674764,0.00016488650628624643,510029.06240000005,Higher relative profit,Higher relative profit/ha
2920,Uttarakhand,Nainital,2018,Rabi,Wheat,1911.11,24.5,88.6,Laterite,Canal,347.94,12.86,3273.04,5.51,54193.03,269291.0,18034.450399999998,977341511.5607119,82.27549923007358,14.932032528144026,0.00027553418821837466,298603.5953,Higher relative profit,Moderate relative profit/ha
2924,Uttarakhand,Nainital,2018,Kharif,Cotton,779.19,29.0,40.5,Black,Rain-fed,413.38,27.4,2048.43,8.01,20901.35,276281.0,16407.9243,342947768.56780493,134.8745136519188,16.838266373522945,0.0008056066413663686,167419.8135,Higher relative profit,Higher relative profit/ha
2927,Uttarakhand,Nainital,2018,Kharif,Pulses,459.07,34.3,56.6,Black,Canal,75.87,19.16,3537.7,7.56,36977.03,238993.0,26745.012,988951111.0743599,67.55603923453091,8.935984025731603,0.00024166310884707622,279546.3468,Higher relative profit,Moderate relative profit/ha
2929,Uttarakhand,Nainital,2018,Kharif,Cotton,798.26,22.5,44.2,Black,Sprinkler,436.53,46.0,4576.09,4.6,47273.06,245379.0,21050.014,995098574.8228399,53.621978588707826,11.656951867110397,0.00024658763082208764,217456.07599999997,Higher relative profit,Moderate relative profit/ha
2931,Uttarakhand,Nainital,2018,Rabi,Pulses,1897.89,20.7,41.1,Black,Sprinkler,97.66,29.23,4965.23,3.74,31366.02,240987.0,18569.960199999998,582465743.032404,48.53491177649374,12.977249138099932,0.00041373591989356414,117308.9148,Higher relative profit,Moderate relative profit/ha
2935,Uttarakhand,Almora,2018,Zaid,Pulses,792.18,34.7,44.5,Alluvial,Sprinkler,371.05,19.69,4354.68,7.09,29714.23,446561.0,30874.681200000003,917417378.353476,102.54737431912332,14.463663514685942,0.00048675881941702485,210673.8907,Higher relative profit,Higher relative profit/ha
2938,Uttarakhand,Almora,2018,Kharif,Rice,702.08,32.4,39.0,Laterite,Rain-fed,273.35,19.99,3894.53,5.26,58625.25,298735.0,20485.2278,1200951601.08195,76.70630345638627,14.582947425168491,0.00024874857548869286,308368.81499999994,Higher relative profit,Moderate relative profit/ha
2941,Uttarakhand,Almora,2018,Kharif,Wheat,1010.39,37.6,74.1,Black,Canal,186.51,40.29,3631.23,6.0,54949.01,303130.0,21787.38,1197194961.4938002,83.47860091484152,13.913100152473588,0.0002532001969184447,329694.06000000006,Higher relative profit,Moderate relative profit/ha
2942,Uttarakhand,Almora,2018,Rabi,Sugarcane,2199.37,19.9,73.6,Laterite,Tube Well,277.36,27.99,4459.57,8.21,15979.58,627032.0,36613.0697,585061476.316726,140.60369049033878,17.125906271661236,0.0010717369462564872,131192.3518,Higher relative profit,Higher relative profit/ha
2948,Uttarakhand,Almora,2018,Zaid,Cotton,2008.02,37.6,65.4,Red,Rain-fed,245.68,19.01,4592.58,4.22,59307.82,284799.0,19380.687599999997,1149426331.6570318,62.012855519119974,14.694989459507104,0.0002477749048861871,250279.00039999996,Higher relative profit,Moderate relative profit/ha
2951,Uttarakhand,Almora,2018,Kharif,Barley,1501.44,25.5,68.7,Black,Drip,121.11,41.54,3029.72,7.11,62449.24,266162.0,21541.3092,1345238388.1450078,87.85036240972764,12.355887821340033,0.00019785489497294178,444014.0964,Higher relative profit,Higher relative profit/ha
2957,Uttarakhand,Pauri,2018,Zaid,Sugarcane,1316.73,22.9,60.8,Red,Drip,273.12,26.69,3982.54,5.89,35689.17,354571.0,23457.1606,837166592.3707019,89.0313719385116,15.115682841852564,0.00042353696770904356,210209.21129999997,Higher relative profit,Higher relative profit/ha
2960,Uttarakhand,Pauri,2018,Zaid,Cotton,1177.56,18.7,74.1,Red,Drip,125.84,17.67,4152.81,6.39,40314.2,356125.0,26536.4559,1069795990.44378,85.75518745138832,13.420217128542776,0.00033289057276450425,257607.73799999995,Higher relative profit,Higher relative profit/ha
2966,Uttarakhand,Pauri,2018,Rabi,Barley,647.75,31.5,62.8,Laterite,Sprinkler,362.78,25.85,4170.1,3.33,62876.65,242132.00000000003,13886.433,873132387.4894501,58.063835399630705,17.43658720709631,0.00027731418908444246,209379.2445,Higher relative profit,Moderate relative profit/ha
2970,Uttarakhand,Pauri,2018,Zaid,Cotton,681.93,21.5,82.2,Black,Sprinkler,409.92,21.11,4882.18,6.25,62806.04,373346.0,30513.625,1916439952.295,76.47116656903268,12.23538665104523,0.0001948122609074737,392537.75,Higher relative profit,Moderate relative profit/ha
2979,Uttar Pradesh,Lucknow,2018,Rabi,Sugarcane,1581.27,31.4,48.0,Black,Sprinkler,358.37,26.72,4317.1,7.89,29688.53,510260.00000000006,34061.919,1011248304.08907,118.19508466331565,14.980365610052681,0.0005045842825512979,234242.50169999996,Higher relative profit,Higher relative profit/ha
2981,Uttar Pradesh,Lucknow,2018,Rabi,Wheat,1045.67,19.5,49.2,Sandy,Canal,228.13,30.43,3730.74,8.21,49752.07,443505.0,30629.3754,1523874828.957078,118.87856028562699,14.479727196787696,0.00029103768339262457,408464.49470000004,Higher relative profit,Higher relative profit/ha
2982,Uttar Pradesh,Lucknow,2018,Zaid,Rice,768.07,31.1,77.1,Black,Sprinkler,406.8,15.75,4667.72,6.53,51677.11,546694.0,30480.211600000002,1575129247.6764762,117.12227811436847,17.936030339106964,0.00034707881959937314,337451.5283,Higher relative profit,Higher relative profit/ha
2988,Uttar Pradesh,Lucknow,2018,Kharif,Maize,679.25,31.9,54.9,Alluvial,Drip,101.86,35.07,2826.22,6.08,58090.2,291817.0,17183.4176,998188165.06752,103.25346222162464,16.982477339083,0.00029234668393434695,353188.416,Higher relative profit,Higher relative profit/ha
2994,Uttar Pradesh,Kanpur,2018,Kharif,Sugarcane,1203.77,34.2,75.1,Black,Drip,431.91,25.73,4167.37,6.94,27670.89,451984.0,28921.5478,800284967.803542,108.4578523145293,15.627932610162723,0.0005647788202751239,192035.97660000002,Higher relative profit,Higher relative profit/ha
2995,Uttar Pradesh,Kanpur,2018,Zaid,Cotton,1871.03,26.9,75.9,Laterite,Drip,213.37,17.59,4768.1,5.41,57612.82,246660.0,25795.421000000002,1486146946.8972201,51.731297581846015,9.562162214758967,0.00016597282019451516,311685.3562,Higher relative profit,Moderate relative profit/ha
2996,Uttar Pradesh,Kanpur,2018,Kharif,Rice,1509.04,19.5,35.0,Red,Drip,137.43,20.96,2792.13,5.86,24978.31,292378.0,16361.881800000001,408692155.78375804,104.71503833990538,17.869460467560643,0.000715399098960684,146372.8966,Higher relative profit,Higher relative profit/ha
3006,Uttar Pradesh,Kanpur,2018,Kharif,Sugarcane,763.92,35.5,45.7,Sandy,Tube Well,335.47,38.69,2414.29,8.01,55521.42,284381.0,19338.4629,1073698920.8253179,117.79073764957813,14.705460380721366,0.0002648610280630677,444726.5742,Higher relative profit,Higher relative profit/ha
3009,Uttar Pradesh,Varanasi,2018,Zaid,Barley,449.01,28.0,66.3,Red,Rain-fed,249.44,49.57,4656.67,8.33,53921.05,602829.0,38790.0611,2091600824.076155,129.45495386187983,15.540810787740678,0.0002882141721598648,449162.3465,Higher relative profit,Higher relative profit/ha
3010,Uttar Pradesh,Varanasi,2018,Zaid,Pulses,1591.17,26.9,42.7,Alluvial,Canal,209.89,56.98,4484.11,6.52,63451.27,450362.0,29236.397199999996,1855086532.5644436,100.43509191344549,15.404155201448695,0.00024277142445610145,413702.28039999993,Higher relative profit,Higher relative profit/ha
3012,Uttar Pradesh,Varanasi,2018,Rabi,Rice,1728.1,26.5,41.7,Black,Rain-fed,233.53,22.57,2961.86,7.33,62733.79,378978.0,21710.433800000003,1361977794.8181021,127.95270539458313,17.456030749602064,0.00027825563782456095,459838.6807,Higher relative profit,Higher relative profit/ha
3013,Uttar Pradesh,Varanasi,2018,Rabi,Pulses,1396.51,32.3,67.5,Red,Rain-fed,388.53,35.42,3385.92,8.37,47576.59,312920.0,28340.1504,1348327716.1191359,92.41801342028164,11.04157866431083,0.0002320800768678636,398216.0583,Higher relative profit,Higher relative profit/ha
3018,Uttar Pradesh,Varanasi,2018,Kharif,Wheat,1134.39,23.2,85.7,Black,Sprinkler,131.68,52.32,3913.98,6.77,61229.83,324168.0,26497.6446,1622446274.258418,82.82311100210016,12.233842097799139,0.00019980199353483648,414525.9491,Higher relative profit,Moderate relative profit/ha
3019,Uttar Pradesh,Varanasi,2018,Zaid,Barley,1166.02,31.3,37.5,Red,Rain-fed,209.64,31.44,4978.84,3.75,30853.5,295867.0,18670.65,576054899.7750001,59.424886118051596,15.846636298147091,0.0005136090329507865,115700.62500000001,Higher relative profit,Moderate relative profit/ha
3022,Uttar Pradesh,Varanasi,2018,Kharif,Wheat,675.25,36.8,35.9,Alluvial,Tube Well,164.5,25.34,3967.13,6.57,61624.93,287480.0,26064.044100000003,1606194893.179413,72.46548512400652,11.029754204567201,0.0001789820159563216,404875.7901,Higher relative profit,Moderate relative profit/ha
3027,Uttar Pradesh,Agra,2018,Zaid,Wheat,1343.16,22.4,54.2,Laterite,Tube Well,362.94,47.5,4368.77,6.08,25813.64,384328.0,26562.121600000002,685665044.6186241,87.97167166044446,14.46902494415205,0.0005605185841342813,156946.9312,Higher relative profit,Higher relative profit/ha
3028,Uttar Pradesh,Agra,2018,Zaid,Sugarcane,1608.15,18.7,37.2,Sandy,Sprinkler,63.95,24.63,2999.32,8.12,41084.97,261378.00000000003,24354.4784,1000603014.429648,87.14575303735514,10.732235595733393,0.00026122048028107093,333609.9564,Higher relative profit,Higher relative profit/ha
3035,Uttar Pradesh,Agra,2018,Zaid,Wheat,1926.7,23.2,40.8,Laterite,Sprinkler,124.14,19.37,4845.87,6.18,38511.94,429109.0,29947.476599999998,1153335421.970604,88.55148817446609,14.328719769331084,0.00037205915280640457,238003.7892,Higher relative profit,Higher relative profit/ha
3036,Uttar Pradesh,Agra,2018,Zaid,Cotton,1711.12,25.4,39.7,Alluvial,Rain-fed,319.27,36.53,4429.03,7.3,61397.42,523066.0,32331.918999999998,1985096410.2489798,118.09944841195477,16.178006631774625,0.0002634965220325972,448201.16599999997,Higher relative profit,Higher relative profit/ha
3045,Uttar Pradesh,Meerut,2018,Zaid,Sugarcane,1150.75,24.9,83.7,Alluvial,Rain-fed,112.79,52.65,3665.65,7.66,33670.08,297814.0,28078.879,945418102.2403201,81.2445268915472,10.606335103335143,0.00031500771911843224,257912.8128,Higher relative profit,Moderate relative profit/ha
3051,Uttar Pradesh,Meerut,2018,Rabi,Maize,1138.72,37.8,44.6,Alluvial,Sprinkler,107.42,52.46,2522.84,5.87,18986.86,256656.0,14809.070800000001,281177754.009688,101.73296760793392,17.330999592493,0.0009127891390410525,111452.8682,Higher relative profit,Higher relative profit/ha
3055,Uttar Pradesh,Meerut,2018,Zaid,Rice,923.64,26.9,47.4,Alluvial,Drip,444.26,7.97,3460.93,4.51,60947.08,242627.0,15608.794299999998,951310434.9056439,70.10456726949116,15.544249948889393,0.00025504503167156475,274871.3308,Higher relative profit,Moderate relative profit/ha
3059,Uttar Pradesh,Meerut,2018,Zaid,Rice,934.09,31.4,72.2,Alluvial,Sprinkler,270.27,57.29,4475.3,4.77,58816.75,233035.0,21347.181,1255571808.08175,52.071369517127344,10.916429668160868,0.00018560069483881494,280555.89749999996,Higher relative profit,Moderate relative profit/ha
3060,Uttar Pradesh,Meerut,2018,Rabi,Barley,1817.34,25.2,49.8,Laterite,Drip,268.43,8.16,4088.55,7.27,42421.43,456689.00000000006,29723.7585,1260924340.544655,111.69950226853042,15.364443228133483,0.000362185886428946,308403.79610000004,Higher relative profit,Higher relative profit/ha
3061,Punjab,Ludhiana,2018,Rabi,Barley,1139.96,30.0,63.8,Sandy,Drip,241.22,24.27,4892.54,5.94,46361.17,313908.0,29061.6876,1347333839.310492,64.16053828890514,10.801437422374605,0.00023298457356392437,275385.3498,Higher relative profit,Moderate relative profit/ha
3064,Punjab,Ludhiana,2018,Rabi,Rice,487.77,24.2,36.7,Black,Drip,404.66,42.24,4946.02,7.91,29324.42,315775.0,39123.018200000006,1147259817.364444,63.84426265967383,8.071335355205289,0.0002752427961134539,231956.1622,Higher relative profit,Moderate relative profit/ha
3067,Punjab,Ludhiana,2018,Rabi,Pulses,1772.34,30.1,70.0,Laterite,Tube Well,194.79,35.47,3030.28,6.38,12301.02,315140.0,19333.186400000002,237817912.57012802,103.99699037712686,16.300468711148408,0.001325131469678808,78480.5076,Higher relative profit,Higher relative profit/ha
3077,Punjab,Ludhiana,2018,Rabi,Barley,1043.78,34.8,49.3,Black,Tube Well,62.26,36.34,3361.95,7.42,61283.96,426805.0,24945.668999999998,1528769381.1692398,126.95162033938638,17.10938279506555,0.0002791820697465626,454726.98319999996,Higher relative profit,Higher relative profit/ha
3087,Punjab,Amritsar,2018,Zaid,Wheat,857.4,18.1,66.0,Laterite,Rain-fed,239.51,9.54,3763.41,4.98,44933.07,254328.00000000003,18741.7818,842125793.544126,67.57913700606632,13.570107832543437,0.00030200713711623614,223766.68860000002,Higher relative profit,Moderate relative profit/ha
3090,Punjab,Amritsar,2018,Rabi,Rice,1474.29,35.2,36.9,Sandy,Sprinkler,326.0,44.8,4503.38,7.25,53829.8,319149.0,32649.505,1757516324.249,70.86876967966283,9.775002714436253,0.00018159091645215573,390266.05,Higher relative profit,Moderate relative profit/ha
3093,Punjab,Amritsar,2018,Kharif,Sugarcane,1334.39,24.9,76.6,Red,Drip,221.57,28.35,3476.43,6.3,62772.59,232420.0,21901.509,1374814444.8383098,66.85594129609974,10.612054173984086,0.00016905554118420296,395467.3169999999,Higher relative profit,Moderate relative profit/ha
3094,Punjab,Amritsar,2018,Zaid,Millets,1574.88,27.9,42.9,Red,Drip,176.22,32.05,3527.73,7.5,21534.6,419189.00000000006,26457.975,569761908.435,118.8268376548092,15.84357835397456,0.0007357266145632871,161509.49999999997,Higher relative profit,Higher relative profit/ha
3096,Punjab,Amritsar,2018,Kharif,Pulses,490.75,35.2,53.1,Sandy,Rain-fed,276.63,41.47,4249.88,3.61,62473.12,261400.0,15342.0668,958466780.2444161,61.50761903865521,17.038121617356012,0.0002727272404092514,225527.96320000003,Higher relative profit,Moderate relative profit/ha
3099,Punjab,Patiala,2018,Zaid,Rice,830.88,22.1,40.9,Red,Sprinkler,240.17,15.32,4733.14,6.14,21440.36,308091.0,29061.4796,623088584.7566559,65.09230658717046,10.60135286436001,0.0004944577826286504,131643.8104,Higher relative profit,Moderate relative profit/ha
3102,Punjab,Patiala,2018,Zaid,Sugarcane,1263.5,21.4,47.4,Alluvial,Sprinkler,444.98,28.33,4736.99,5.24,19449.62,359793.0,24821.8276,482775114.525512,75.95392854956418,14.495024532359576,0.0007452600375924864,101916.0088,Higher relative profit,Moderate relative profit/ha
3105,Punjab,Patiala,2018,Rabi,Cotton,1112.24,24.1,55.1,Red,Sprinkler,173.43,29.18,2492.56,8.38,12822.29,357967.0,20887.6528,267827541.62091202,143.6141958468402,17.13773220129358,0.0013365578380533881,107450.7902,Higher relative profit,Higher relative profit/ha
3115,Punjab,Jalandhar,2018,Kharif,Pulses,1258.03,34.3,88.3,Sandy,Sprinkler,59.08,17.88,3507.08,6.32,12592.23,394202.0,22164.745600000002,279103574.486688,112.4017701335584,17.785090211006075,0.0014123860675198973,79582.89360000001,Higher relative profit,Higher relative profit/ha
3117,Punjab,Jalandhar,2018,Rabi,Millets,874.37,37.9,36.8,Red,Tube Well,175.84,8.05,4792.97,3.84,16500.81,311698.0,18405.0048,303697487.253888,65.03232859792571,16.935502239043156,0.0010263436909486961,63363.1104,Higher relative profit,Moderate relative profit/ha
3122,Punjab,Jalandhar,2018,Zaid,Maize,1947.42,25.9,42.4,Alluvial,Canal,227.39,8.33,4834.33,5.07,48924.06,343738.0,24510.0531,1199131308.467586,71.1035448552333,14.02436782154503,0.0002866558462552991,248044.9842,Higher relative profit,Moderate relative profit/ha
3130,Punjab,Jalandhar,2018,Rabi,Sugarcane,1987.54,33.9,43.5,Black,Tube Well,349.51,35.82,4230.7,4.87,41687.94,297519.0,20603.509,858917846.98146,70.32382348074788,14.440210160317838,0.0003463881918923755,203020.2678,Higher relative profit,Moderate relative profit/ha
3140,Punjab,Bathinda,2018,Zaid,Pulses,1610.05,35.6,62.4,Laterite,Tube Well,428.7,35.54,4955.79,7.34,57757.62,558503.0,36375.4986,2100962225.449332,112.69706747057482,15.353823906072865,0.0002658320046094847,423940.93080000003,Higher relative profit,Higher relative profit/ha
3149,Punjab,Bathinda,2018,Zaid,Barley,2170.95,31.6,70.5,Laterite,Rain-fed,151.52,16.93,4742.48,3.32,22010.9,232344.0,15745.033599999997,346562360.06623995,48.99208852752147,14.756653170940202,0.0006704247973022549,73076.188,Higher relative profit,Moderate relative profit/ha
3151,Maharashtra,Pune,2018,Rabi,Maize,1973.56,27.5,42.5,Red,Drip,367.16,59.75,2919.73,7.14,33254.65,241355.00000000003,20846.872199999998,693255438.6057299,82.66346545742245,11.577516170507346,0.000348147286785678,237438.20099999997,Higher relative profit,Moderate relative profit/ha
3158,Maharashtra,Pune,2018,Zaid,Cotton,1064.88,26.9,47.4,Laterite,Rain-fed,400.11,49.69,2438.03,6.27,50366.67,231716.0,15286.4481,769927486.924827,95.04230874927707,15.158262958417398,0.00030095821221489126,315799.02089999994,Higher relative profit,Higher relative profit/ha
3160,Maharashtra,Pune,2018,Rabi,Millets,783.53,34.7,61.5,Sandy,Drip,303.45,7.44,4223.15,7.59,17178.45,538866.0,32053.708499999997,550633028.781825,127.59811988681436,16.81134649365143,0.000978629998262441,130384.43549999999,Higher relative profit,Higher relative profit/ha
3161,Maharashtra,Pune,2018,Kharif,Barley,681.67,34.5,88.9,Laterite,Canal,296.63,13.69,4338.88,8.13,47895.16,374296.0,35275.0944,1689506290.3031042,86.26558005752636,10.61077245480029,0.0002215416433476846,389387.6508,Higher relative profit,Higher relative profit/ha
3164,Maharashtra,Pune,2018,Rabi,Rice,1673.92,29.4,53.0,Laterite,Sprinkler,436.8,54.18,4612.91,5.78,15080.26,470362.0,26662.6198,402079238.865148,101.96643767166496,17.641252192329578,0.001169824140454447,87163.90280000001,Higher relative profit,Higher relative profit/ha
3165,Maharashtra,Pune,2018,Rabi,Sugarcane,1837.91,32.1,50.1,Sandy,Rain-fed,420.78,46.61,4983.78,5.63,34108.38,462224.0,28058.681399999998,957036167.4901319,92.74566694356493,16.473475478430718,0.0004829744326300668,192030.1794,Higher relative profit,Higher relative profit/ha
3168,Maharashtra,Pune,2018,Zaid,Rice,1088.83,25.4,65.6,Black,Tube Well,428.9,36.21,3388.71,7.5,30768.41,327885.0,25415.325,781989139.88325,96.75805837619625,12.9010744501595,0.00041929610435376737,230763.07499999998,Higher relative profit,Higher relative profit/ha
3173,Maharashtra,Nashik,2018,Rabi,Barley,1047.91,27.4,71.9,Red,Canal,140.25,46.15,3955.37,4.06,51071.53,238179.0,16058.802199999998,820147598.3213658,60.2166169030963,14.831679040171503,0.0002904099219305062,207350.41179999997,Higher relative profit,Moderate relative profit/ha
3174,Maharashtra,Nashik,2018,Zaid,Millets,1810.17,24.4,36.6,Sandy,Canal,247.73,5.76,3470.28,7.56,30436.75,462145.0,26235.3168,798517778.6124,133.17225123044827,17.61537714688469,0.0005787535511145142,230101.83000000002,Higher relative profit,Higher relative profit/ha
3180,Maharashtra,Nashik,2018,Kharif,Maize,1043.82,34.5,37.1,Laterite,Canal,77.95,27.19,3279.77,6.44,50966.89,253084.0,21121.718800000002,1076508318.6905322,77.16516706964208,11.982168799633861,0.0002350971150021879,328226.77160000004,Higher relative profit,Moderate relative profit/ha
3184,Maharashtra,Nashik,2018,Zaid,Cotton,433.01,26.8,79.0,Black,Rain-fed,235.23,16.24,4797.18,5.94,41618.82,487657.0,28495.249200000002,1185938647.3099442,101.6549306050638,17.113624680987172,0.0004111991805867435,247215.79080000002,Higher relative profit,Higher relative profit/ha
3192,Maharashtra,Nagpur,2018,Zaid,Millets,1610.48,37.6,54.0,Red,Canal,337.82,11.71,4918.59,5.74,48656.25,473530.0,28232.7066,1373697630.5062501,96.27352554288932,16.7723912095626,0.0003447119580642281,279286.875,Higher relative profit,Higher relative profit/ha
3194,Maharashtra,Nagpur,2018,Zaid,Pulses,1170.08,30.1,81.1,Sandy,Sprinkler,136.51,47.44,2416.83,6.31,19706.16,240084.0,15250.197299999998,300522828.025368,99.33838954332742,15.743009436343492,0.0007988877303514988,124345.86959999999,Higher relative profit,Higher relative profit/ha
3199,Maharashtra,Nagpur,2018,Kharif,Rice,2049.06,25.6,47.8,Black,Canal,311.23,58.83,2717.14,5.71,42683.71,260248.0,15514.8694,662232186.1574739,95.78012174565905,16.774101881901757,0.0003929860333579663,243723.98409999997,Higher relative profit,Higher relative profit/ha
3203,Maharashtra,Nagpur,2018,Kharif,Wheat,1042.46,37.4,61.7,Sandy,Tube Well,261.97,51.37,3895.68,8.33,19803.4,321235.0,32451.0144,642640418.5689601,82.45928823722689,9.899074218154487,0.0004998674075236821,164962.32200000001,Higher relative profit,Moderate relative profit/ha
3205,Maharashtra,Aurangabad,2018,Kharif,Wheat,1414.2,31.2,83.2,Sandy,Canal,312.46,54.57,4213.53,4.15,39952.29,312162.0,17486.1495,698611715.807355,74.08562416785925,17.85195763080946,0.000446831899518387,165802.00350000002,Higher relative profit,Moderate relative profit/ha
3210,Maharashtra,Aurangabad,2018,Kharif,Sugarcane,858.96,36.0,52.5,Alluvial,Sprinkler,200.86,43.06,4588.33,5.83,32505.16,262898.0,26749.9639,869511856.5637239,57.29709938038459,9.827975879997357,0.0003023512537700893,189505.08279999997,Higher relative profit,Moderate relative profit/ha
3211,Maharashtra,Aurangabad,2018,Kharif,Wheat,1160.24,26.4,75.0,Alluvial,Sprinkler,169.06,22.61,3235.85,7.65,37256.35,367292.0,24754.2525,922253095.1283749,113.50711559559312,14.837531450404331,0.0003982551014901978,285011.0775,Higher relative profit,Higher relative profit/ha
3212,Maharashtra,Aurangabad,2018,Rabi,Millets,1704.64,18.2,73.6,Alluvial,Drip,228.05,14.51,4880.58,6.86,49420.05,549404.0,33480.7788,1654621762.3349402,112.56940773432666,16.40953465514966,0.0003320420488273415,339021.54300000006,Higher relative profit,Higher relative profit/ha
3218,Maharashtra,Aurangabad,2018,Rabi,Cotton,1001.38,33.8,57.1,Laterite,Sprinkler,119.81,14.83,3074.8,8.46,20586.91,463724.0,26012.808000000005,535523337.1432801,150.8143619097177,17.826756726916983,0.0008659267819656754,174165.25860000003,Higher relative profit,Higher relative profit/ha
3224,Maharashtra,Kolhapur,2018,Rabi,Rice,1173.44,25.1,71.6,Sandy,Rain-fed,399.2,21.99,4719.56,8.03,25176.76,323907.0,37898.0668,954150532.287568,68.63076218969564,8.546794793237316,0.0003394715917869224,202169.38279999996,Higher relative profit,Moderate relative profit/ha
3225,Maharashtra,Kolhapur,2018,Kharif,Barley,634.53,32.7,62.0,Black,Rain-fed,169.25,46.77,3485.32,7.07,12225.16,356487.0,24641.2124,301242764.183984,102.28243030769053,14.467104711130204,0.0011833877602526433,86431.88119999999,Higher relative profit,Higher relative profit/ha
3228,Maharashtra,Kolhapur,2018,Zaid,Pulses,460.35,18.4,49.8,Red,Tube Well,109.08,30.21,2160.58,6.96,24995.57,245422.0,15037.6368,375874303.268976,113.5907950642883,16.32051653222533,0.0006529363616122909,173969.1672,Higher relative profit,Higher relative profit/ha
3229,Maharashtra,Kolhapur,2018,Rabi,Pulses,652.27,26.6,72.7,Alluvial,Canal,192.45,51.61,4868.46,3.28,59104.52,235043.0,15968.548799999999,943813411.9205759,48.27871647297092,14.71912087590577,0.00024903545238005094,193862.82559999998,Higher relative profit,Moderate relative profit/ha
3230,Maharashtra,Kolhapur,2018,Rabi,Barley,426.77,28.2,73.6,Red,Sprinkler,400.89,15.57,4208.58,7.79,41120.02,498716.0,32784.8382,1348113202.480764,118.49982654482035,15.211787746446772,0.0003699362925029407,320324.9558,Higher relative profit,Higher relative profit/ha
3231,Maharashtra,Kolhapur,2018,Zaid,Millets,2061.47,29.3,75.6,Black,Drip,73.73,44.8,3398.22,7.64,20673.49,412637.0,25962.400799999996,536733433.314792,121.42739434174362,15.893638002846027,0.0007687931743912626,157945.4636,Higher relative profit,Higher relative profit/ha
3234,Maharashtra,Kolhapur,2018,Zaid,Cotton,2194.81,36.0,86.9,Sandy,Drip,101.79,40.0,3846.14,6.45,60416.08,317742.0,24807.603,1498778127.45624,82.61321740758267,12.80825076086553,0.0002120006918831134,389683.716,Higher relative profit,Moderate relative profit/ha
3241,Karnataka,Bengaluru,2018,Rabi,Rice,974.8,23.3,62.3,Alluvial,Tube Well,271.45,37.1,3859.35,5.84,36153.67,290205.0,22538.604,814853251.27668,75.19530490885771,12.875908374804403,0.0003561438817913756,211137.4328,Higher relative profit,Moderate relative profit/ha
3244,Karnataka,Bengaluru,2018,Kharif,Millets,1290.34,24.6,73.5,Sandy,Rain-fed,310.71,39.12,3146.41,7.3,22343.71,313688.0,22968.792999999998,513208049.8420299,99.69711512485658,13.657139058199533,0.0006112296954355178,163109.08299999998,Higher relative profit,Higher relative profit/ha
3245,Karnataka,Bengaluru,2018,Zaid,Pulses,898.8,20.2,72.3,Black,Sprinkler,284.49,42.05,4910.82,7.88,35975.83,587508.0,38697.2616,1392166104.787128,119.63541730301661,15.182159556220382,0.0004220099871558316,283489.5404,Higher relative profit,Higher relative profit/ha
3249,Karnataka,Bengaluru,2018,Rabi,Maize,1297.68,26.5,71.5,Alluvial,Canal,358.44,24.62,4100.41,5.01,60508.05,342726.0,20543.054099999998,1243020144.635505,83.58334898217495,16.683303190054882,0.00027572039075883097,303145.3305,Higher relative profit,Moderate relative profit/ha
3250,Karnataka,Bengaluru,2018,Kharif,Pulses,617.12,20.5,52.9,Red,Drip,255.09,40.85,4385.48,6.93,22243.9,429754.0,30391.376399999997,676022737.50396,97.99474629915085,14.140656031623498,0.0006357093869161207,154150.227,Higher relative profit,Higher relative profit/ha
3251,Karnataka,Bengaluru,2018,Rabi,Millets,1902.43,25.7,67.9,Red,Tube Well,118.24,35.6,3205.12,7.82,48234.21,378196.0,25064.0384,1208944091.6336641,117.99745407348243,15.089188500445323,0.0003128316707259292,377191.52220000006,Higher relative profit,Higher relative profit/ha
3255,Karnataka,Bengaluru,2018,Zaid,Maize,1780.45,26.9,71.6,Laterite,Canal,387.52,29.78,4624.93,6.06,33943.53,317102.0,28027.0758,951337888.229574,68.56363231443503,11.314130744956277,0.00033332216021599037,205697.79179999998,Higher relative profit,Moderate relative profit/ha
3256,Karnataka,Bengaluru,2018,Rabi,Pulses,1613.03,35.9,43.6,Black,Canal,85.47,54.93,3972.51,8.05,16751.29,425718.0,31978.705500000004,535684569.6550951,107.16599832347809,13.31254637558734,0.0007947176829717198,134847.88450000001,Higher relative profit,Higher relative profit/ha
3259,Karnataka,Mysuru,2018,Rabi,Millets,1066.26,34.9,81.5,Laterite,Rain-fed,385.06,26.71,3755.64,7.64,50431.23,398246.0,28693.0896,1447027801.028208,106.03945000053254,13.879509162373369,0.0002752165505852895,385294.5972,Higher relative profit,Higher relative profit/ha
3261,Karnataka,Mysuru,2018,Rabi,Rice,959.11,27.7,36.3,Black,Canal,217.27,10.37,1938.52,7.28,23675.97,231084.0,14112.4256,334125365.13283205,119.20640488620185,16.374506165687066,0.0006916086718173348,172361.06160000002,Higher relative profit,Higher relative profit/ha
3264,Karnataka,Mysuru,2018,Rabi,Barley,1925.26,27.2,53.2,Sandy,Tube Well,73.44,11.51,2354.59,7.33,45908.63,255617.0,17259.1447,792343688.148761,108.5611507735954,14.810525344283137,0.0003226087414127396,336510.25789999997,Higher relative profit,Higher relative profit/ha
3270,Karnataka,Mysuru,2018,Kharif,Maize,2105.41,33.0,57.3,Laterite,Rain-fed,425.28,40.34,4179.35,7.12,18308.09,309465.0,29756.972,544793321.5034801,74.04620335698134,10.39974766249738,0.0005680411043695645,130353.6008,Higher relative profit,Moderate relative profit/ha
3273,Karnataka,Mysuru,2018,Kharif,Wheat,946.95,32.7,50.5,Sandy,Rain-fed,154.69,47.35,3443.53,5.19,29416.3,251073.0,17871.920700000002,525725780.88741004,72.91151812239184,14.048462065971453,0.0004775740683216942,152670.597,Higher relative profit,Moderate relative profit/ha
3275,Karnataka,Mysuru,2018,Rabi,Wheat,1522.54,34.9,58.4,Alluvial,Tube Well,321.26,40.23,4151.64,5.02,59304.57,340253.0,20841.2328,1235980349.473896,81.95628715399215,16.3259536163331,0.0002752899753987441,297708.9414,Higher relative profit,Moderate relative profit/ha
3280,Karnataka,Hubli,2018,Kharif,Maize,2191.73,19.5,66.5,Black,Tube Well,83.1,12.5,4319.89,4.15,23249.34,310552.0,17927.543500000003,416803554.1962901,71.88886754060867,17.322618684484013,0.0007450800188084485,96484.76100000001,Higher relative profit,Moderate relative profit/ha
3283,Karnataka,Hubli,2018,Kharif,Rice,1609.96,25.4,88.6,Laterite,Rain-fed,134.29,35.01,4475.28,8.37,54717.19,392718.0,37458.09359999999,2049601624.5489838,87.75272161741836,10.484196131113306,0.0001916069909860741,457982.88029999996,Higher relative profit,Higher relative profit/ha
3285,Karnataka,Hubli,2018,Zaid,Cotton,1657.6,19.9,46.2,Alluvial,Tube Well,189.77,45.82,3978.85,7.67,29272.49,377558.0,30517.7795,893331395.2359551,94.89123741784687,12.37173890715083,0.0004226404691623715,224519.99830000004,Higher relative profit,Higher relative profit/ha
3287,Karnataka,Hubli,2018,Zaid,Cotton,475.0,35.2,64.8,Laterite,Canal,257.76,15.3,3699.89,5.01,51670.39,255162.0,18536.4489,957785543.878071,68.96475300617045,13.76541976171067,0.0002664082806750766,258868.6539,Higher relative profit,Moderate relative profit/ha
3290,Karnataka,Hubli,2018,Zaid,Sugarcane,1903.98,33.3,80.6,Sandy,Tube Well,399.76,56.55,2274.76,7.95,52127.34,298606.0,18084.342,942688644.1102799,131.2692327981853,16.511853182161673,0.0003167599417534383,414412.35299999994,Higher relative profit,Higher relative profit/ha
3300,Karnataka,Belagavi,2018,Zaid,Cotton,1472.51,21.5,87.7,Sandy,Rain-fed,331.6,6.41,3921.79,4.22,13555.31,240000.0,16549.9538,224339754.244678,61.196545455009066,14.501551055689353,0.00106980593255996,57203.4082,Higher relative profit,Moderate relative profit/ha
3310,Karnataka,Belagavi,2018,Kharif,Maize,2010.07,21.1,69.8,Red,Drip,162.94,7.67,3593.72,8.18,12381.63,451480.0,29396.629599999997,363978190.95424795,125.63026613091728,15.358223243388421,0.0012404039890861237,101281.7334,Higher relative profit,Higher relative profit/ha
3317,Karnataka,Mangalore,2018,Kharif,Cotton,1099.32,32.9,70.4,Alluvial,Tube Well,73.46,32.61,3837.61,7.88,13126.6,306519.0,30240.3668,396953198.83688,79.87236847934,10.13608737047462,0.0007721791911442887,103437.60800000001,Higher relative profit,Moderate relative profit/ha
3319,Karnataka,Mangalore,2018,Zaid,Maize,1101.79,36.1,61.0,Sandy,Rain-fed,191.73,6.15,2066.08,7.66,46317.66,231359.0,15826.1728,733031290.8516481,111.97969100906064,14.61875861737084,0.00031561954160401966,354793.27560000005,Higher relative profit,Higher relative profit/ha
3320,Karnataka,Mangalore,2018,Kharif,Sugarcane,1720.06,31.5,54.0,Alluvial,Drip,265.17,45.89,3218.65,7.27,45866.18,370786.0,23399.5855,1073249600.4683901,115.19922949062494,15.845836243552263,0.00034547974659220065,333447.1286,Higher relative profit,Higher relative profit/ha
3324,Karnataka,Mangalore,2018,Kharif,Millets,752.44,24.3,85.1,Sandy,Canal,151.71,49.63,3470.84,5.53,22765.81,274315.0,19193.7452,436961156.41161203,79.03418192714156,14.291895466029214,0.0006277789134684518,125894.9293,Higher relative profit,Moderate relative profit/ha
3332,Tamil Nadu,Chennai,2018,Kharif,Maize,980.2,24.7,35.6,Sandy,Canal,124.26,55.9,4358.22,5.15,33698.51,366497.0,22444.833000000002,756357429.2988302,84.09327661292913,16.328791575326044,0.0004845552985970609,173547.32650000002,Higher relative profit,Higher relative profit/ha
3333,Tamil Nadu,Chennai,2018,Rabi,Wheat,1802.11,21.7,82.1,Laterite,Drip,373.73,47.43,4420.65,7.41,29959.7,267007.0,32757.016499999998,981390387.23505,60.39994118511984,8.151139161284728,0.0002720701195701135,222001.377,Higher relative profit,Moderate relative profit/ha
3335,Tamil Nadu,Chennai,2018,Rabi,Rice,1447.02,30.9,75.4,Red,Rain-fed,181.35,51.45,4417.64,5.42,13855.2,276308.0,23943.6088,331743488.64576006,62.546518050361726,11.539947979771537,0.0008328965283627472,75095.18400000001,Higher relative profit,Moderate relative profit/ha
3351,Tamil Nadu,Coimbatore,2018,Zaid,Millets,1568.16,35.8,43.9,Sandy,Drip,244.95,43.26,2836.14,5.28,31280.27,254283.0,14974.8192,468416387.777184,89.65812689077408,16.980705850525393,0.000542856754450182,165159.8256,Higher relative profit,Higher relative profit/ha
3355,Tamil Nadu,Coimbatore,2018,Rabi,Sugarcane,2095.18,37.9,77.7,Laterite,Sprinkler,407.1,58.1,3984.65,6.95,46251.14,364691.0,27693.3175,1280847504.7569501,91.52397324733666,13.168917014005274,0.0002847263227242674,321445.423,Higher relative profit,Higher relative profit/ha
3360,Tamil Nadu,Coimbatore,2018,Rabi,Sugarcane,1869.3,28.9,88.6,Alluvial,Tube Well,220.29,8.86,4640.67,7.06,18886.5,410228.0,32763.1302,618780858.5223,88.39844246628181,12.52102584508241,0.0006629616840114584,133338.69,Higher relative profit,Higher relative profit/ha
3361,Tamil Nadu,Coimbatore,2018,Rabi,Sugarcane,1500.2,31.0,53.3,Red,Canal,76.51,18.21,2830.93,7.48,14609.56,245578.00000000003,21175.3564,309362639.847184,86.74817109571768,11.597349076967603,0.000793819189418956,109279.50880000001,Higher relative profit,Higher relative profit/ha
3362,Tamil Nadu,Coimbatore,2018,Rabi,Barley,1468.59,23.0,47.1,Laterite,Canal,405.08,27.26,3570.99,6.13,37208.25,357751.0,21890.1687,814494869.531775,100.18258242112132,16.342998763641326,0.00043923051376082786,228086.5725,Higher relative profit,Higher relative profit/ha
3369,Tamil Nadu,Madurai,2018,Kharif,Sugarcane,1621.15,22.7,69.2,Laterite,Rain-fed,62.91,42.19,3992.27,5.49,21625.37,372988.0,21917.5623,473975394.235551,93.42754873793606,17.01776844042551,0.0007869353652874153,118723.2813,Higher relative profit,Higher relative profit/ha
3370,Tamil Nadu,Madurai,2018,Zaid,Millets,1055.99,24.4,51.6,Alluvial,Rain-fed,201.21,39.9,2820.7,8.3,48330.76,343289.0,23411.81,1131510570.2756002,121.70347786010565,14.663069621699474,0.00030339000714450743,401145.3080000001,Higher relative profit,Higher relative profit/ha
3377,Tamil Nadu,Madurai,2018,Zaid,Maize,1843.59,25.8,84.9,Black,Canal,401.93,52.66,3101.08,7.52,20382.78,359693.0,23320.1216,475328908.14604795,115.98959072323191,15.424147702557436,0.0007567244361445022,153278.50559999997,Higher relative profit,Higher relative profit/ha
3382,Tamil Nadu,Madurai,2018,Rabi,Sugarcane,1242.25,29.8,60.9,Red,Canal,181.37,29.84,4910.85,7.11,13595.72,490499.0,34916.143500000006,474710110.50582004,99.88067238869034,14.047914541306657,0.001033260065763833,96665.5692,Higher relative profit,Higher relative profit/ha
3383,Tamil Nadu,Madurai,2018,Rabi,Maize,1368.57,30.5,72.8,Sandy,Rain-fed,410.86,16.19,4636.25,5.06,31984.59,325618.0,23459.425,750340090.2607499,70.23305473173362,13.880050342239846,0.0004339605523234735,161842.02539999998,Higher relative profit,Moderate relative profit/ha
3384,Tamil Nadu,Madurai,2018,Kharif,Rice,823.98,25.8,61.8,Sandy,Tube Well,356.61,33.65,4221.78,5.61,42905.56,332176.0,23684.1858,1016183254.8930479,78.68150401015686,14.025223531222256,0.0003268859218064572,240700.1916,Higher relative profit,Moderate relative profit/ha
3400,Tamil Nadu,Salem,2018,Zaid,Barley,906.42,18.3,39.3,Laterite,Rain-fed,172.77,40.0,4695.55,8.44,59050.46,581920.0,39630.442,2340195830.10332,123.93010403467112,14.68366161548236,0.0002486629505592735,498385.8824,Higher relative profit,Higher relative profit/ha
3404,Tamil Nadu,Tiruchirappalli,2018,Zaid,Barley,1850.99,30.9,62.3,Laterite,Rain-fed,445.9,9.66,3817.2,6.91,64953.42,285853.0,26376.852,1713266746.23384,74.88551818086556,10.8372674646694,0.0001668467567168811,448828.1322,Higher relative profit,Moderate relative profit/ha
3410,Tamil Nadu,Tiruchirappalli,2018,Kharif,Wheat,1928.44,22.8,49.9,Red,Rain-fed,342.45,39.78,4733.41,6.65,20430.1,374065.0,31477.1765,643081863.61265,79.02653689412074,11.883689758514395,0.0005816755551130144,135860.165,Higher relative profit,Moderate relative profit/ha
3411,Tamil Nadu,Tiruchirappalli,2018,Zaid,Pulses,1672.35,36.8,74.9,Laterite,Sprinkler,203.03,13.12,2574.45,5.63,31687.78,231422.0,14494.153499999999,459287547.39422995,89.89182155411837,15.966575764497046,0.0005038717058909474,178402.2014,Higher relative profit,Higher relative profit/ha
3414,Tamil Nadu,Tiruchirappalli,2018,Zaid,Millets,1333.18,18.2,82.0,Red,Tube Well,274.34,35.93,4086.75,5.81,43191.2,372039.0,23744.017499999998,1025532608.6459999,91.03541934299872,15.668746874870692,0.00036277637284610505,250940.87199999997,Higher relative profit,Higher relative profit/ha
3415,Tamil Nadu,Tiruchirappalli,2018,Kharif,Wheat,1898.64,33.1,53.8,Laterite,Canal,217.82,41.81,3426.68,3.95,36791.18,229554.0,13535.386,497982822.69548005,66.99020626378886,16.959545889566797,0.00046096770719413724,145325.16100000002,Higher relative profit,Moderate relative profit/ha
3426,Rajasthan,Jaipur,2018,Rabi,Cotton,1247.66,34.2,80.7,Laterite,Tube Well,338.0,44.95,3310.98,4.53,50947.04,235090.0,14998.7394,764141376.161376,71.00314710448266,15.673983908274318,0.00030765249381071633,230790.0912,Higher relative profit,Moderate relative profit/ha
3428,Rajasthan,Jaipur,2018,Kharif,Cotton,1782.78,36.6,88.7,Laterite,Sprinkler,383.38,6.14,2957.23,5.71,44800.03,276653.0,16885.7833,756483598.413499,93.55139776074232,16.38378244496363,0.00036570918468053766,255808.1713,Higher relative profit,Higher relative profit/ha
3435,Rajasthan,Jaipur,2018,Kharif,Barley,2020.54,37.5,85.2,Alluvial,Tube Well,101.48,23.36,4667.34,4.73,55890.53,276310.0,22076.518200000002,1233868302.7526462,59.200743892666914,12.516013507963406,0.00022393800001473246,264362.20690000005,Higher relative profit,Moderate relative profit/ha
3439,Rajasthan,Jodhpur,2018,Kharif,Cotton,1617.44,18.3,68.8,Sandy,Sprinkler,334.99,58.14,3426.54,7.01,54968.05,276506.0,24020.0454,1320335056.54947,80.69539535508122,11.51146866691601,0.00020942108491962165,385326.0305,Higher relative profit,Moderate relative profit/ha
3446,Rajasthan,Jodhpur,2018,Rabi,Wheat,1487.26,37.0,44.5,Red,Sprinkler,389.41,10.73,3392.89,5.29,43229.31,243468.0,17948.3881,775896433.175211,71.75829455125277,13.564895000236818,0.0003137893017546849,228683.04989999998,Higher relative profit,Moderate relative profit/ha
3452,Rajasthan,Jodhpur,2018,Zaid,Sugarcane,1030.27,23.7,44.7,Sandy,Canal,416.92,47.97,4608.81,3.84,27207.69,310327.0,17697.830400000003,481517083.19577605,67.3334331421777,17.534748214108774,0.0006444776537114608,104477.5296,Higher relative profit,Moderate relative profit/ha
3456,Rajasthan,Jodhpur,2018,Rabi,Barley,1564.91,37.9,45.7,Alluvial,Sprinkler,383.52,5.25,2994.15,6.17,26934.56,237843.0,18473.9055,497586516.12408006,79.43590000500977,12.874538088332216,0.0004779932580421664,166186.23520000002,Higher relative profit,Moderate relative profit/ha
3461,Rajasthan,Udaipur,2018,Kharif,Wheat,2035.03,38.0,35.6,Black,Sprinkler,78.21,59.18,2757.73,7.77,34477.39,329543.0,21427.5621,738766415.270919,119.49792039104626,15.379397733725387,0.00044607198322510456,267889.32029999996,Higher relative profit,Higher relative profit/ha
3462,Rajasthan,Udaipur,2018,Kharif,Millets,1081.23,31.0,44.2,Laterite,Canal,196.51,8.8,4270.98,6.29,63703.57,481447.0,26864.4642,1711362275.6771939,112.7251825108055,17.921332672624086,0.00028132383589528944,400695.45530000003,Higher relative profit,Higher relative profit/ha
3464,Rajasthan,Udaipur,2018,Zaid,Sugarcane,951.43,21.3,83.5,Red,Rain-fed,130.09,37.04,4488.7,7.19,37828.36,469586.0,32273.753,1220863147.03508,104.61514469668279,14.550089665741694,0.00038463442945297374,271985.9084,Higher relative profit,Higher relative profit/ha
3467,Rajasthan,Udaipur,2018,Zaid,Sugarcane,433.39,30.7,67.3,Red,Canal,84.52,44.58,3047.11,6.73,63977.48,343544.0,20507.050300000003,1311989400.4272442,112.74420680579303,16.7524824377107,0.00026184967644412845,430568.4404,Higher relative profit,Higher relative profit/ha
3468,Rajasthan,Udaipur,2018,Kharif,Barley,1242.43,24.6,71.2,Red,Rain-fed,310.83,15.29,3019.41,7.89,44602.36,364636.0,23823.1449,1062568485.1619639,120.76399031598889,15.305955680099986,0.0003431647042914318,351912.6204,Higher relative profit,Higher relative profit/ha
3472,Rajasthan,Udaipur,2018,Kharif,Pulses,1634.1,31.2,68.9,Sandy,Rain-fed,182.07,59.7,4532.74,6.74,58281.9,373228.0,30550.6676,1780550953.9964402,82.34048279848392,12.216688842505032,0.0002096137710422109,392820.00600000005,Higher relative profit,Moderate relative profit/ha
3476,Rajasthan,Kota,2018,Rabi,Sugarcane,999.94,20.6,64.5,Black,Rain-fed,61.85,38.99,4307.41,6.12,13958.54,392993.0,26361.3492,367965947.26216805,91.23649710614964,14.90792436374994,0.0010680145891869737,85426.26480000002,Higher relative profit,Higher relative profit/ha
3485,Rajasthan,Kota,2018,Rabi,Millets,930.12,34.4,55.8,Alluvial,Rain-fed,381.93,35.0,4863.25,7.52,39547.68,513325.0,36571.64,1446323515.7951999,105.55184290340821,14.03614932226173,0.00035491713603077936,297398.5536,Higher relative profit,Higher relative profit/ha
3486,Rajasthan,Kota,2018,Zaid,Sugarcane,1632.01,29.5,49.9,Sandy,Sprinkler,151.16,38.25,4849.51,3.43,37438.0,249049.0,16633.819300000003,622736926.9534001,51.355497771939845,14.972448330011614,0.00039992650061465926,128412.34000000003,Higher relative profit,Moderate relative profit/ha
3488,Rajasthan,Kota,2018,Kharif,Wheat,1371.4,21.8,78.4,Alluvial,Rain-fed,215.7,22.49,3655.61,7.81,35692.33,389536.0,28550.3141,1019027232.460853,106.55841295980697,13.64384288857964,0.0003822626006365973,278757.09729999996,Higher relative profit,Higher relative profit/ha
3500,Rajasthan,Ajmer,2018,Rabi,Cotton,492.71,27.8,76.4,Laterite,Drip,217.53,48.71,4903.03,6.05,23603.51,345869.0,29663.331499999997,700158741.6935649,70.5418894030834,11.65981643026172,0.0004939865481982011,142801.23549999998,Higher relative profit,Moderate relative profit/ha
3501,Rajasthan,Ajmer,2018,Zaid,Pulses,1462.12,19.3,77.4,Sandy,Canal,272.62,53.56,3101.37,6.88,27745.67,339309.0,21337.4256,592021169.3471519,109.40616566227183,15.902058962539511,0.0005731365997843813,190890.20959999997,Higher relative profit,Higher relative profit/ha
3502,Rajasthan,Ajmer,2018,Zaid,Wheat,1973.61,32.3,61.9,Black,Tube Well,433.6,50.41,4220.46,7.82,12174.79,469894.0,33003.9972,401816735.070588,111.33715282220422,14.237487573171896,0.0011694236675270698,95206.8578,Higher relative profit,Higher relative profit/ha
3505,Rajasthan,Ajmer,2018,Zaid,Sugarcane,704.63,21.6,48.9,Laterite,Canal,57.26,26.96,3481.98,5.39,57972.39,305281.0,18767.872199999998,1088018406.648558,87.67454149650486,16.266148700650255,0.00028058440751968744,312471.1821,Higher relative profit,Higher relative profit/ha
3511,West Bengal,Kolkata,2018,Rabi,Barley,1723.45,34.0,50.7,Black,Tube Well,409.84,34.55,4835.91,7.48,58014.62,455186.0,36172.6068,2098540037.9114163,94.12623477277286,12.583721226306531,0.00021690603551840088,433949.35760000005,Higher relative profit,Higher relative profit/ha
3513,West Bengal,Kolkata,2018,Zaid,Rice,1698.38,24.7,60.8,Black,Rain-fed,339.61,28.18,2500.43,8.01,53378.11,246214.0,20028.4443,1069080502.974273,98.46866338989695,12.293216403233076,0.00023030445257865212,427558.6611,Higher relative profit,Higher relative profit/ha
3516,West Bengal,Kolkata,2018,Kharif,Maize,791.45,30.0,36.5,Alluvial,Rain-fed,107.82,42.49,3879.91,7.49,27437.22,519248.0,29060.5259,797340042.4339981,133.8299084257109,17.867811538813203,0.0006512252895451217,205504.77780000004,Higher relative profit,Higher relative profit/ha
3518,West Bengal,Kolkata,2018,Rabi,Sugarcane,2029.1,31.9,54.2,Red,Canal,161.82,54.99,3501.28,5.68,22026.1,286918.0,19887.2704,438039006.55744,81.94660238541333,14.42721872982629,0.0006550055947183701,125108.24799999999,Higher relative profit,Moderate relative profit/ha
3520,West Bengal,Kolkata,2018,Zaid,Rice,1716.46,34.1,68.5,Red,Canal,186.14,46.93,2938.6,6.64,30034.72,250190.0,19512.304,586046587.19488,85.13918192336487,12.822165952313986,0.00042691145288898936,199430.54080000002,Higher relative profit,Higher relative profit/ha
3525,West Bengal,Kolkata,2018,Kharif,Cotton,2161.22,20.9,71.3,Red,Sprinkler,228.28,54.3,2586.26,6.94,61480.53,292097.0,17948.6444,1103492170.493532,112.9418542605925,16.274042400661745,0.0002647023765192289,426674.8781999999,Higher relative profit,Higher relative profit/ha
3540,West Bengal,Howrah,2018,Kharif,Maize,941.15,18.4,63.5,Black,Tube Well,337.68,6.9,3087.58,6.12,18801.43,295864.0,18895.9896,355271625.74512804,95.82391387429638,15.65750226704189,0.0008327825206402859,115064.75160000002,Higher relative profit,Higher relative profit/ha
3542,West Bengal,Howrah,2018,Kharif,Wheat,1860.41,30.2,62.8,Black,Sprinkler,115.9,44.54,3159.23,8.07,17861.62,405711.0,25494.986100000002,455381753.623482,128.42084938418537,15.913364235958534,0.0008909250244915376,144143.2734,Higher relative profit,Higher relative profit/ha
3547,West Bengal,Darjeeling,2018,Zaid,Sugarcane,1539.5,19.7,73.2,Black,Drip,404.56,15.5,3833.67,8.45,36083.48,316953.0,32394.511499999997,1168906707.82002,82.67613018334912,9.784157418147824,0.0002711533759534231,304905.40599999996,Higher relative profit,Moderate relative profit/ha
3548,West Bengal,Darjeeling,2018,Zaid,Barley,1093.62,34.6,56.3,Alluvial,Drip,115.59,9.53,4148.7,7.89,43250.41,578449.0,32733.243,1415726180.37963,139.4289777520669,17.671606812682754,0.000408588191711541,341245.73490000004,Higher relative profit,Higher relative profit/ha
3555,West Bengal,Darjeeling,2018,Zaid,Millets,1118.07,29.6,76.9,Red,Sprinkler,251.9,45.81,4510.57,5.66,40439.8,309691.0,25529.8262,1032421065.56276,68.6589499774973,12.130556533126732,0.0002999657894729136,228889.268,Higher relative profit,Moderate relative profit/ha
3558,West Bengal,Darjeeling,2018,Rabi,Maize,1517.43,19.0,64.6,Sandy,Tube Well,379.3,26.65,4545.24,8.11,15121.06,451374.0,36861.8964,557390947.1781839,99.30696728885604,12.245002131794827,0.0008097978668026466,122631.79659999999,Higher relative profit,Higher relative profit/ha
3559,West Bengal,Darjeeling,2018,Zaid,Millets,1930.58,35.6,61.0,Laterite,Rain-fed,196.89,16.19,3994.07,8.08,59096.11,338319.0,32272.085600000002,1907154720.5470161,84.70532564526911,10.483332381840237,0.00017739462685175447,477496.5688,Higher relative profit,Higher relative profit/ha
3571,West Bengal,Siliguri,2018,Rabi,Barley,2101.77,26.5,52.5,Red,Sprinkler,404.24,29.52,3420.6,6.35,18860.04,254029.0,21720.809999999998,409655345.4324,74.26445652809448,11.69519000442433,0.0006201041993773252,119761.254,Higher relative profit,Moderate relative profit/ha
3573,West Bengal,Siliguri,2018,Rabi,Barley,748.55,35.7,45.9,Red,Sprinkler,151.5,58.9,4951.57,5.6,13201.17,255050.0,27728.791999999998,366052497.08664,51.508915354120006,9.198020598950002,0.0006967579842506385,73926.55200000001,Higher relative profit,Moderate relative profit/ha
3576,West Bengal,Siliguri,2018,Kharif,Wheat,1328.11,33.3,79.1,Sandy,Rain-fed,414.81,18.13,4981.61,7.11,15733.29,498058.0,35419.2471,557261286.2059591,99.97932395350098,14.061789585583822,0.0008937602742709134,111863.69190000002,Higher relative profit,Higher relative profit/ha
3578,West Bengal,Siliguri,2018,Kharif,Millets,1844.99,24.2,63.9,Laterite,Sprinkler,103.15,50.14,3014.68,7.23,15157.21,329337.0,21796.1364,330368616.603444,109.24443058633089,15.109879749146735,0.000996877377112723,109586.6283,Higher relative profit,Higher relative profit/ha
3579,West Bengal,Siliguri,2018,Zaid,Barley,1205.03,35.3,53.4,Laterite,Canal,63.83,22.65,4861.82,3.53,54157.64,283227.0,17162.224599999998,929465581.4859439,58.255344706303404,16.502930511700683,0.000304720266830325,191176.4692,Higher relative profit,Moderate relative profit/ha
3580,West Bengal,Siliguri,2018,Kharif,Sugarcane,1106.43,27.0,47.0,Laterite,Drip,205.62,19.8,4863.28,4.64,16480.36,260924.0,22565.619199999997,371889528.038912,53.65185636031649,11.562900077654419,0.0007016169596813672,76468.8704,Higher relative profit,Moderate relative profit/ha
3581,West Bengal,Siliguri,2018,Zaid,Maize,1508.47,26.7,74.0,Black,Tube Well,306.51,32.96,3869.78,7.01,20282.01,406759.0,27127.1578,550193285.771178,105.11166009437228,14.994530683933279,0.000739302006257431,142176.8901,Higher relative profit,Higher relative profit/ha
3584,West Bengal,Malda,2018,Rabi,Pulses,2068.99,31.1,58.5,Red,Canal,100.56,33.62,3166.77,8.24,37115.0,333625.0,26094.1848,968485668.852,105.35182536148821,12.785415699209734,0.00034448109118172525,305827.6,Higher relative profit,Higher relative profit/ha
3586,West Bengal,Malda,2018,Kharif,Barley,1873.21,34.0,70.5,Laterite,Rain-fed,222.62,23.8,2893.34,7.87,31950.6,264582.0,22770.5858,727533878.66148,91.4451810018871,11.619463913835716,0.0003636696623486169,251451.22199999998,Higher relative profit,Higher relative profit/ha
3587,West Bengal,Malda,2018,Rabi,Cotton,1013.89,34.5,35.8,Red,Sprinkler,361.63,37.13,4846.37,6.72,63430.06,340918.0,32567.606399999997,2065765228.0083838,70.3450211188993,10.4680090950743,0.00016503230637136875,426250.0032,Higher relative profit,Moderate relative profit/ha
3590,West Bengal,Malda,2018,Rabi,Maize,1902.68,19.2,82.2,Sandy,Drip,254.58,23.21,3641.2,7.52,39531.74,236244.0,27381.823999999997,1082451147.0937598,64.8808085246622,8.627767091045506,0.0002182491104880662,297278.68479999993,Higher relative profit,Moderate relative profit/ha
3592,West Bengal,Malda,2018,Zaid,Maize,1845.63,19.2,68.8,Laterite,Sprinkler,448.18,19.27,4449.38,6.78,27981.79,369336.0,30166.796400000003,844120961.8375561,83.00841915053333,12.243129668220254,0.0004375391877438954,189716.53620000003,Higher relative profit,Moderate relative profit/ha
3593,West Bengal,Malda,2018,Kharif,Wheat,1370.67,27.0,46.0,Alluvial,Rain-fed,408.86,19.02,3320.13,4.76,28289.14,253685.0,15803.8188,447076442.567832,76.40815269281624,16.052132918658877,0.0005674309264494741,134656.3064,Higher relative profit,Moderate relative profit/ha
3596,West Bengal,Malda,2018,Zaid,Barley,1147.7,33.5,41.6,Laterite,Tube Well,117.85,46.07,3338.91,5.71,40913.64,290359.0,19065.1761,780025751.492004,86.96221221895769,15.229809495439174,0.00037224283870707114,233616.8844,Higher relative profit,Higher relative profit/ha
3597,West Bengal,Malda,2018,Zaid,Barley,710.13,32.7,62.6,Sandy,Tube Well,122.06,30.54,4870.91,5.8,18675.81,365581.0,28251.278,527615500.18518,75.05394269243324,12.94033494697125,0.0006928928355434783,108319.698,Higher relative profit,Moderate relative profit/ha
3600,West Bengal,Malda,2018,Kharif,Sugarcane,852.04,23.4,89.8,Black,Canal,241.33,52.96,3804.96,8.24,30330.67,349487.0,31352.8704,950953565.6551679,91.85037424834952,11.146890078683194,0.0003675121610793034,249924.72079999998,Higher relative profit,Higher relative profit/ha
3604,Uttarakhand,Dehradun,2019,Kharif,Pulses,1784.68,29.9,51.1,Alluvial,Tube Well,285.51,38.29,4260.47,6.77,52098.49,366665.0,28843.3819,1502696643.483331,86.06210112968756,12.712274908373349,0.00024400467092949044,352706.77729999996,Higher relative profit,Higher relative profit/ha
3606,Uttarakhand,Dehradun,2019,Rabi,Sugarcane,1814.08,35.5,68.9,Red,Rain-fed,256.25,49.19,4866.67,4.39,34979.79,260512.0,21364.6813,747332065.290927,53.529826349434,12.193582311943965,0.00034858935150679763,153561.2781,Higher relative profit,Moderate relative profit/ha
3607,Uttarakhand,Dehradun,2019,Rabi,Rice,454.64,26.1,87.5,Alluvial,Rain-fed,350.64,48.12,4311.23,6.76,41920.47,417854.0,29143.914799999995,1221726606.055956,96.92222405206867,14.337607108294184,0.00034201923566921325,283382.3772,Higher relative profit,Higher relative profit/ha
3610,Uttarakhand,Dehradun,2019,Zaid,Maize,1701.93,30.3,45.6,Red,Sprinkler,352.68,58.46,4413.55,7.89,17557.28,588079.0,34822.9095,611395572.50616,133.24398726648616,16.887704343027398,0.0009618633605562705,138526.9392,Higher relative profit,Higher relative profit/ha
3614,Uttarakhand,Dehradun,2019,Kharif,Rice,1765.44,27.5,75.4,Black,Tube Well,93.11,25.84,4956.84,7.66,54364.23,321674.0,37969.394400000005,2064176890.1223123,64.89497341047925,8.471928643665699,0.00015583645061588655,416430.0018,Higher relative profit,Moderate relative profit/ha
3615,Uttarakhand,Dehradun,2019,Zaid,Cotton,518.37,30.9,52.4,Black,Tube Well,329.74,12.09,4552.96,7.23,63848.32,362962.0,32917.9008,2101752664.0066562,79.72000632555525,11.026280266328525,0.00017269491611256998,461623.35360000003,Higher relative profit,Moderate relative profit/ha
3619,Uttarakhand,Haridwar,2019,Zaid,Cotton,1618.89,38.0,65.1,Laterite,Canal,393.38,40.58,3473.33,8.27,12924.3,459436.0,28724.4391,371243268.26013,132.27536686695478,15.994603006886912,0.0012375604873677425,106883.961,Higher relative profit,Higher relative profit/ha
3622,Uttarakhand,Haridwar,2019,Rabi,Rice,1648.5,34.3,57.0,Sandy,Tube Well,226.24,6.46,4350.15,8.38,20224.2,649720.0,36454.257,737258184.4194,149.3557693412871,17.822884169604666,0.000881265225304569,169478.796,Higher relative profit,Higher relative profit/ha
3623,Uttarakhand,Haridwar,2019,Kharif,Wheat,870.09,37.9,68.3,Red,Sprinkler,107.76,5.77,4983.43,4.96,46996.72,342829.0,24717.8128,1161656127.174016,68.79378259552155,13.869714232968056,0.00029512089850032206,233103.73119999998,Higher relative profit,Moderate relative profit/ha
3628,Uttarakhand,Haridwar,2019,Rabi,Rice,415.11,32.5,50.6,Laterite,Canal,180.14,22.51,4432.03,6.31,32414.92,314113.0,27966.109299999996,906519195.6707559,70.87339210249029,11.231916339538873,0.00034650452136049923,204538.14519999997,Higher relative profit,Moderate relative profit/ha
3633,Uttarakhand,Haridwar,2019,Rabi,Pulses,1526.16,25.8,60.6,Alluvial,Rain-fed,148.29,17.18,3662.2,7.03,64176.67,305913.0,25745.266,1652245440.1442199,83.53257604718476,11.882301002444489,0.00018514985278052739,451161.9901,Higher relative profit,Moderate relative profit/ha
3639,Uttarakhand,Nainital,2019,Kharif,Wheat,1593.68,18.4,43.5,Red,Drip,80.43,56.1,4946.03,4.0,53071.44,287616.0,19784.12,1049971737.5328,58.15088060525311,14.537720151313277,0.0002739273732032384,212285.76,Higher relative profit,Moderate relative profit/ha
3643,Uttarakhand,Nainital,2019,Zaid,Wheat,2096.37,20.5,37.9,Laterite,Drip,172.31,30.65,3152.46,5.95,44466.48,288115.0,18757.137000000002,834063857.2677602,91.3937052333733,15.36028659384425,0.0003454351815984591,264575.55600000004,Higher relative profit,Higher relative profit/ha
3648,Uttarakhand,Nainital,2019,Rabi,Barley,2010.98,37.0,58.7,Sandy,Tube Well,212.45,52.44,4410.54,4.64,47945.05,350199.0,20464.9056,981190922.23728,79.40048157368486,17.112172752949323,0.00035691218911961344,222465.032,Higher relative profit,Moderate relative profit/ha
3649,Uttarakhand,Nainital,2019,Rabi,Wheat,1277.93,20.2,89.8,Black,Drip,372.84,36.9,4497.84,6.98,18238.31,406278.0,31394.923200000005,572590341.7477921,90.32735713142308,12.940882110519064,0.0007095439276182422,127303.40380000003,Higher relative profit,Higher relative profit/ha
3656,Uttarakhand,Almora,2019,Zaid,Barley,1291.91,35.1,41.6,Laterite,Canal,135.45,23.43,3176.56,7.58,30650.62,351995.0,24078.3248,738015583.681376,110.81012164102047,14.618749556862861,0.00047694792330017663,232331.6996,Higher relative profit,Higher relative profit/ha
3678,Uttarakhand,Pauri,2019,Rabi,Maize,2063.3,22.9,49.1,Laterite,Drip,270.78,23.17,4319.25,8.26,32683.9,460219.0,35677.005,1166063663.7195,106.55067430688199,12.899597373714526,0.00039467742141282176,269969.014,Higher relative profit,Higher relative profit/ha
3679,Uttarakhand,Pauri,2019,Rabi,Maize,1605.8,35.3,86.1,Sandy,Sprinkler,386.26,54.4,2650.26,7.5,24484.31,245061.0,19876.95,486673405.65450007,92.466776844536,12.328903579271467,0.0005035430273212301,183632.325,Higher relative profit,Higher relative profit/ha
3690,Uttarakhand,Pauri,2019,Zaid,Rice,804.53,29.6,58.4,Laterite,Tube Well,338.62,57.21,4756.82,7.24,29156.48,326809.0,34439.3768,1004131000.8816639,68.70325133177207,9.489399355217136,0.000325464505839427,211092.9152,Higher relative profit,Moderate relative profit/ha
3693,Uttar Pradesh,Lucknow,2019,Rabi,Barley,1224.63,32.7,58.1,Laterite,Sprinkler,399.6,24.54,3131.45,6.69,15987.07,368267.0,20949.4005,334919532.251535,117.60270801066599,17.578880121175782,0.001099568596445489,106953.4983,Higher relative profit,Higher relative profit/ha
3694,Uttar Pradesh,Lucknow,2019,Rabi,Millets,1130.75,32.8,42.6,Black,Tube Well,201.3,59.09,2903.29,5.39,54331.37,232584.0,15648.7331,850217108.087347,80.11049533460316,14.86280061866478,0.00027355836266718066,292846.0843,Higher relative profit,Moderate relative profit/ha
3696,Uttar Pradesh,Lucknow,2019,Kharif,Cotton,666.25,20.9,82.2,Sandy,Canal,321.89,12.22,3263.97,7.11,54079.8,380917.0,23206.8267,1255020546.57066,116.70358489814552,16.4140063147884,0.0003035145528420667,384507.3780000001,Higher relative profit,Higher relative profit/ha
3700,Uttar Pradesh,Lucknow,2019,Rabi,Rice,1662.83,35.4,82.6,Laterite,Sprinkler,134.47,56.52,3205.42,8.1,20817.86,286302.0,25963.902,540512876.88972,89.31809248086054,11.026924997637105,0.0005296858081299953,168624.666,Higher relative profit,Higher relative profit/ha
3701,Uttar Pradesh,Lucknow,2019,Zaid,Maize,1640.81,20.9,56.9,Alluvial,Drip,265.76,36.33,3260.34,7.79,25499.48,399383.0,25398.048600000002,647637032.314728,122.49734690247028,15.724948254489124,0.0006166772128094034,198640.9492,Higher relative profit,Higher relative profit/ha
3709,Uttar Pradesh,Kanpur,2019,Rabi,Cotton,1103.97,20.1,41.2,Black,Tube Well,332.4,34.78,3692.59,7.99,14589.74,413940.0,29503.794100000003,430452684.93253404,112.10017900714674,14.030059950831882,0.0009616387921122571,116572.02260000001,Higher relative profit,Higher relative profit/ha
3712,Uttar Pradesh,Kanpur,2019,Zaid,Barley,1275.15,22.3,80.3,Laterite,Tube Well,173.47,56.34,2725.33,6.19,31332.51,232626.00000000003,16869.7927,528572948.470677,85.35700263821263,13.789499618451151,0.0004401019777365794,193948.23690000002,Higher relative profit,Higher relative profit/ha
3714,Uttar Pradesh,Kanpur,2019,Rabi,Sugarcane,1157.68,21.5,62.4,Sandy,Rain-fed,80.73,49.68,4828.85,4.39,57644.36,374199.0,21198.6515,1221982698.58054,77.49236360624164,17.65201904470197,0.0003062228298605791,253058.74039999998,Higher relative profit,Moderate relative profit/ha
3715,Uttar Pradesh,Kanpur,2019,Zaid,Pulses,2159.01,30.1,85.9,Red,Sprinkler,372.72,28.37,2883.79,5.69,38635.3,239129.0,16408.7651,633957562.26803,82.92178001865601,14.573247806442179,0.00037720032732869107,219834.85700000002,Higher relative profit,Moderate relative profit/ha
3717,Uttar Pradesh,Kanpur,2019,Kharif,Cotton,2042.27,19.7,84.3,Sandy,Tube Well,331.93,19.48,4562.3,3.8,28431.16,290077.0,17336.74,492903628.8184,63.58130767376104,16.731923072042377,0.0005885065214378301,108038.408,Higher relative profit,Moderate relative profit/ha
3723,Uttar Pradesh,Kanpur,2019,Zaid,Millets,862.09,31.5,81.5,Black,Sprinkler,120.59,36.47,3570.64,8.49,29066.08,315467.0,30314.7336,881130471.9962881,88.3502677391168,10.406391959848857,0.0003580252982118282,246771.01920000004,Higher relative profit,Higher relative profit/ha
3727,Uttar Pradesh,Varanasi,2019,Zaid,Wheat,762.42,30.8,66.1,Black,Drip,399.77,20.99,4670.01,8.25,48191.05,593050.0,38527.582500000004,1856684654.6366253,126.99116275982279,15.392868213311852,0.00031941342247807114,397576.16250000003,Higher relative profit,Higher relative profit/ha
3728,Uttar Pradesh,Varanasi,2019,Zaid,Cotton,1692.93,31.0,86.4,Black,Canal,333.47,7.34,3814.74,7.29,60549.3,253353.00000000003,27809.454599999997,1683843009.4117799,66.41422482266158,9.110318905714895,0.0001504611763590148,441404.397,Higher relative profit,Moderate relative profit/ha
3743,Uttar Pradesh,Varanasi,2019,Zaid,Barley,2086.12,26.0,38.5,Red,Rain-fed,431.75,37.89,3654.33,7.37,13742.51,456822.0,26932.4121,370118942.608371,125.00841467519354,16.96179303598284,0.0012342572816743695,101282.29870000001,Higher relative profit,Higher relative profit/ha
3746,Uttar Pradesh,Agra,2019,Kharif,Rice,1409.33,35.2,86.8,Alluvial,Rain-fed,70.9,30.52,3675.51,5.44,60939.19,332774.0,19994.774400000002,1218465356.1687362,90.53818381666761,16.643048495710957,0.0002731091190367144,331509.19360000006,Higher relative profit,Higher relative profit/ha
3749,Uttar Pradesh,Agra,2019,Kharif,Pulses,456.99,23.9,58.0,Black,Rain-fed,355.21,23.16,4308.73,5.8,20626.32,359715.0,24990.634,515464813.88688,83.48515687917322,14.393992565374694,0.0006978458864874924,119632.656,Higher relative profit,Moderate relative profit/ha
3750,Uttar Pradesh,Agra,2019,Kharif,Maize,597.83,33.3,79.7,Laterite,Tube Well,274.43,14.6,4103.38,6.47,26069.09,430121.0,26548.868599999998,692104844.931574,104.82114744430201,16.201104705456263,0.0006214679801042638,168667.0123,Higher relative profit,Higher relative profit/ha
3756,Uttar Pradesh,Agra,2019,Rabi,Rice,1513.21,27.0,70.7,Red,Rain-fed,157.68,6.54,3553.76,5.7,31452.29,267349.0,20256.432,637111173.6292801,75.22989734816082,13.198227604940495,0.0004196269208041924,179278.053,Higher relative profit,Moderate relative profit/ha
3759,Uttar Pradesh,Agra,2019,Zaid,Pulses,1902.84,33.2,89.0,Laterite,Canal,442.92,52.02,4159.16,5.43,32090.91,384541.0,22584.2388,724748774.749308,92.45640946729628,17.026963069483664,0.0005305852364262547,174253.64130000002,Higher relative profit,Higher relative profit/ha
3762,Uttar Pradesh,Agra,2019,Kharif,Barley,1414.04,31.4,48.9,Black,Drip,61.45,53.75,4269.51,5.91,38358.54,233257.00000000003,25232.8041,967893525.382014,54.63320146808417,9.244196525902566,0.00024099448325985728,226698.9714,Higher relative profit,Moderate relative profit/ha
3771,Uttar Pradesh,Meerut,2019,Kharif,Sugarcane,1289.96,31.5,46.5,Red,Canal,63.97,59.28,4546.66,7.33,51159.55,424251.0,33327.0178,1704995233.4899902,93.31047406227869,12.729941891170352,0.00024882826160844556,374999.5015000001,Higher relative profit,Higher relative profit/ha
3776,Uttar Pradesh,Meerut,2019,Zaid,Maize,1875.73,19.7,80.4,Red,Sprinkler,164.12,56.73,4658.95,3.07,26393.52,244788.0,14302.976499999999,377505896.31228,52.54145247319675,17.11447963296311,0.0006484349049677009,81028.1064,Higher relative profit,Moderate relative profit/ha
3779,Uttar Pradesh,Meerut,2019,Rabi,Cotton,1330.26,34.0,75.7,Laterite,Rain-fed,114.02,12.4,4448.17,6.72,40309.5,477434.0,29891.7024,1204919577.8927999,107.332678382346,15.97212475927768,0.00039623723338859775,270879.83999999997,Higher relative profit,Higher relative profit/ha
3784,Punjab,Ludhiana,2019,Rabi,Wheat,2097.34,19.0,58.6,Black,Drip,114.48,37.77,4630.9,5.27,45231.75,415532.0,24404.842999999997,1103873757.3652499,89.73029000842169,17.026620494956678,0.00037643072609299175,238371.32249999998,Higher relative profit,Higher relative profit/ha
3786,Punjab,Ludhiana,2019,Zaid,Maize,2105.49,28.5,50.5,Sandy,Sprinkler,445.12,47.12,4407.2,6.51,41508.97,328988.0,28690.872,1190928545.12184,74.64784897440552,11.466643467650618,0.00027624495302221706,270223.3947,Higher relative profit,Moderate relative profit/ha
3792,Punjab,Ludhiana,2019,Kharif,Barley,2082.17,37.7,37.7,Red,Rain-fed,171.32,11.13,4947.38,7.3,46929.37,458946.0,36115.874,1694895213.8193803,92.76546374040402,12.707597772658083,0.0002707813416770368,342584.40100000007,Higher relative profit,Higher relative profit/ha
3798,Punjab,Ludhiana,2019,Zaid,Sugarcane,2168.19,27.5,42.4,Alluvial,Canal,380.15,10.14,3019.19,5.01,13658.14,252681.0,15126.1419,206594963.730066,83.69165239683491,16.7049206380908,0.0012230743452688873,68427.28139999999,Higher relative profit,Moderate relative profit/ha
3799,Punjab,Amritsar,2019,Kharif,Maize,1085.17,22.6,36.4,Black,Sprinkler,64.82,48.03,3399.64,5.27,61432.17,264529.0,17916.102799999997,1100625072.9470758,77.81088585850267,14.764873976945479,0.00024034433387173983,323747.53589999996,Higher relative profit,Moderate relative profit/ha
3804,Punjab,Amritsar,2019,Zaid,Pulses,920.15,27.0,37.9,Black,Rain-fed,158.73,31.53,3125.19,8.08,46714.94,302554.0,25251.535200000002,1179623951.7758882,96.81139386725287,11.98160815188773,0.0002564834323213886,377456.71520000004,Higher relative profit,Higher relative profit/ha
3809,Punjab,Amritsar,2019,Zaid,Sugarcane,1092.27,21.4,61.3,Laterite,Sprinkler,211.43,19.07,4899.8,7.67,39983.99,323851.0,37581.466,1502656960.7293398,66.09473856075758,8.61730620088104,0.0002155189164683425,306677.20329999994,Higher relative profit,Moderate relative profit/ha
3812,Punjab,Amritsar,2019,Zaid,Maize,1235.49,21.4,59.2,Laterite,Drip,92.2,53.24,3646.9,6.52,45002.57,378539.0,23777.788,1070061568.9151601,103.79747182538594,15.91985764193036,0.00035375441095764884,293416.7564,Higher relative profit,Higher relative profit/ha
3814,Punjab,Amritsar,2019,Kharif,Rice,919.32,34.1,50.0,Alluvial,Drip,436.05,39.2,2463.69,6.38,56057.2,228938.0,15718.342200000001,881126252.37384,92.92484038170386,14.56502200340186,0.00025982428668220784,357644.936,Higher relative profit,Higher relative profit/ha
3820,Punjab,Patiala,2019,Zaid,Sugarcane,1859.39,18.8,62.5,Laterite,Sprinkler,381.74,10.51,4604.17,6.68,19017.65,281945.0,30755.8556,584904097.25134,61.236878742531225,9.16719741654659,0.0004820362882136642,127037.902,Higher relative profit,Moderate relative profit/ha
3829,Punjab,Patiala,2019,Rabi,Cotton,1332.51,21.3,63.1,Sandy,Tube Well,245.68,5.6,4568.9,5.69,14326.54,424811.0,25997.041,372447647.76814,92.97883516820242,16.34074431778601,0.0011405925169500808,81518.01260000002,Higher relative profit,Higher relative profit/ha
3832,Punjab,Patiala,2019,Zaid,Pulses,1548.31,35.0,75.3,Laterite,Canal,413.71,23.93,2362.9,8.11,24991.22,309527.0,19163.119,478909722.81518,130.99454060688137,16.15222448913457,0.0006463159657325481,202678.7942,Higher relative profit,Higher relative profit/ha
3834,Punjab,Patiala,2019,Rabi,Barley,2129.56,23.1,75.3,Red,Rain-fed,302.63,12.04,4320.09,6.81,52833.53,320571.0,29419.8129,1554352567.446537,74.20470406866524,10.896432315516186,0.00020624085340343882,359796.3393,Higher relative profit,Moderate relative profit/ha
3837,Punjab,Jalandhar,2019,Zaid,Maize,2174.52,33.5,63.8,Black,Canal,435.31,47.08,4098.24,6.82,47554.77,308363.0,27949.9968,1329155669.3247359,75.24278714765363,11.032666737192613,0.0002319991609084139,324323.5314,Higher relative profit,Moderate relative profit/ha
3846,Punjab,Jalandhar,2019,Zaid,Cotton,2092.9,28.1,46.1,Sandy,Sprinkler,412.06,32.84,3755.3,4.22,27924.58,241548.0,15847.366,442531039.65628004,64.32189172636008,15.242154437526084,0.000545832898382933,117841.7276,Higher relative profit,Moderate relative profit/ha
3853,Punjab,Bathinda,2019,Kharif,Maize,960.62,28.6,81.2,Laterite,Drip,372.68,11.77,4999.08,6.59,18199.55,410122.0,32943.9372,599564832.26826,82.03949526712915,12.449088811400479,0.0006840327816567156,119935.03450000001,Higher relative profit,Moderate relative profit/ha
3855,Punjab,Bathinda,2019,Zaid,Millets,1994.63,27.5,60.2,Sandy,Canal,77.38,22.8,3452.07,5.64,30472.63,291327.0,19469.6748,593292196.400724,84.39197351154525,14.963115870841355,0.0004910346061643302,171865.6332,Higher relative profit,Higher relative profit/ha
3858,Punjab,Bathinda,2019,Zaid,Cotton,675.71,31.9,61.5,Red,Canal,91.16,17.22,3320.82,6.97,14498.4,321713.0,23146.1154,335581639.51536,96.87757842942405,13.899222156301875,0.0009586728298503196,101053.848,Higher relative profit,Higher relative profit/ha
3859,Punjab,Bathinda,2019,Zaid,Barley,1075.9,29.9,72.6,Red,Rain-fed,306.66,59.82,2777.96,8.25,51126.29,302059.0,22918.170000000002,1171721005.6893,108.734107042578,13.179891762736727,0.0002577908892418505,421791.8925,Higher relative profit,Higher relative profit/ha
3861,Punjab,Bathinda,2019,Kharif,Barley,1747.33,20.5,63.5,Black,Rain-fed,207.27,43.13,3946.3,6.43,51760.33,306735.0,25374.709,1313403311.49397,77.72723817246535,12.088217445173461,0.00023354212473478166,332818.92189999996,Higher relative profit,Moderate relative profit/ha
3864,Punjab,Bathinda,2019,Kharif,Millets,1243.98,23.8,70.7,Alluvial,Tube Well,167.4,28.11,4220.04,7.22,30355.46,274303.0,30468.6888,924891064.120848,65.00009478583141,9.002783211333991,0.00029657871141909863,219166.42119999998,Higher relative profit,Moderate relative profit/ha
3870,Punjab,Bathinda,2019,Zaid,Millets,590.21,30.6,64.2,Alluvial,Sprinkler,270.56,37.58,3583.53,5.45,45969.54,249353.00000000003,19530.238500000003,897796079.9352902,69.58306474342339,12.767534815307043,0.0002777390162117576,250533.99300000005,Higher relative profit,Moderate relative profit/ha
3873,Maharashtra,Pune,2019,Zaid,Rice,1000.82,31.7,68.8,Alluvial,Tube Well,117.22,10.9,4000.38,7.29,58232.07,331579.0,29162.770200000003,1698208475.680314,82.88687574680405,11.369941803402476,0.00019525223478063678,424511.7903,Higher relative profit,Moderate relative profit/ha
3877,Maharashtra,Pune,2019,Zaid,Rice,821.69,24.7,45.3,Laterite,Rain-fed,163.3,5.68,2419.61,8.44,34038.36,292988.0,20421.5084,695114654.6622239,121.08893582023549,14.347030310454443,0.0004214959331311627,287283.75839999993,Higher relative profit,Higher relative profit/ha
3882,Maharashtra,Pune,2019,Rabi,Rice,445.92,25.4,60.2,Red,Tube Well,408.91,38.6,3652.24,8.31,62048.08,370751.0,30350.1144,1883166326.3003519,101.51331785424836,12.215802389199562,0.0001968763963236181,515619.5448,Higher relative profit,Higher relative profit/ha
3883,Maharashtra,Pune,2019,Rabi,Maize,2108.64,33.5,83.2,Laterite,Tube Well,377.2,39.75,4348.35,7.71,24354.11,596410.0,33525.7785,816490497.424635,137.15777248841513,17.78959435647408,0.0007304555311803255,187770.1881,Higher relative profit,Higher relative profit/ha
3886,Maharashtra,Pune,2019,Zaid,Sugarcane,1637.47,36.4,79.9,Red,Canal,416.09,16.61,3355.13,4.39,32912.08,250561.0,14729.0207,484762707.600056,74.67996769126681,17.011382162019775,0.0005168735054733634,144484.0312,Higher relative profit,Moderate relative profit/ha
3888,Maharashtra,Pune,2019,Zaid,Pulses,1237.44,29.6,39.7,Sandy,Canal,166.91,37.93,2344.71,8.22,56658.72,234508.0,19273.516200000002,1092012757.791264,100.01578020309547,12.167369854391175,0.00021474840685407608,465734.67840000003,Higher relative profit,Higher relative profit/ha
3898,Maharashtra,Nashik,2019,Rabi,Rice,926.24,30.5,41.8,Sandy,Rain-fed,255.03,54.42,4368.49,4.07,56787.16,277301.0,17779.7543,1009661752.1947881,63.47754029424355,15.596447246742887,0.0002746474246421706,231123.74120000005,Higher relative profit,Moderate relative profit/ha
3903,Maharashtra,Nashik,2019,Kharif,Rice,1616.97,37.4,41.8,Laterite,Tube Well,76.33,37.49,4840.32,7.44,46753.78,505987.0,36011.9808,1683696227.687424,104.53585713341268,14.050518431910305,0.00030052154995618117,347848.12320000003,Higher relative profit,Higher relative profit/ha
3906,Maharashtra,Nashik,2019,Rabi,Barley,2016.55,24.8,66.0,Sandy,Sprinkler,345.11,9.82,3837.7,5.15,40768.31,302902.0,19764.155,805751197.9280499,78.92800375224745,15.325825971310183,0.0003759249763188659,209956.7965,Higher relative profit,Moderate relative profit/ha
3912,Maharashtra,Nagpur,2019,Zaid,Wheat,1266.31,19.4,37.7,Laterite,Sprinkler,152.03,33.91,4242.74,5.06,52168.32,230319.0,21468.264399999996,1119963287.0638077,54.28543818381518,10.728347467157151,0.00020564870532838994,263971.6992,Higher relative profit,Moderate relative profit/ha
3913,Maharashtra,Nagpur,2019,Kharif,Sugarcane,1476.07,34.8,68.7,Black,Sprinkler,291.22,41.19,3808.48,6.96,23863.62,422906.00000000006,26507.0208,632553471.703296,111.04325085073312,15.954490064760506,0.0006685695659233807,166090.7952,Higher relative profit,Higher relative profit/ha
3918,Maharashtra,Nagpur,2019,Rabi,Barley,733.18,19.8,38.1,Black,Sprinkler,211.66,30.13,4906.57,7.09,40529.73,422081.00000000006,34787.5813,1409931277.442049,86.02363769394915,12.133094174040783,0.0002993628177153113,287355.7857,Higher relative profit,Higher relative profit/ha
3919,Maharashtra,Nagpur,2019,Zaid,Millets,535.42,37.9,89.1,Black,Drip,68.16,40.86,2245.45,7.82,38573.0,278725.0,17559.418999999998,677319469.0869999,124.12879378298338,15.873247286826519,0.0004115118680638405,301640.86,Higher relative profit,Higher relative profit/ha
3930,Maharashtra,Aurangabad,2019,Rabi,Pulses,1353.54,36.5,86.0,Laterite,Rain-fed,137.62,37.2,3342.3,7.51,57931.39,265098.0,25100.673,1454116876.82547,79.31603985279598,10.561390126870304,0.00018230859171289182,435064.7389,Higher relative profit,Moderate relative profit/ha
3933,Maharashtra,Aurangabad,2019,Zaid,Pulses,1728.41,31.5,58.9,Alluvial,Drip,197.73,8.58,4213.45,7.2,23059.42,516773.0,30336.84,699549935.0328,122.64842350093154,17.03450326401827,0.0007387221041994235,166027.824,Higher relative profit,Higher relative profit/ha
3939,Maharashtra,Aurangabad,2019,Kharif,Millets,950.9,27.4,53.5,Sandy,Rain-fed,202.23,17.38,4303.71,7.96,14506.77,401334.0,34257.5316,496966131.68893206,93.25303052482626,11.715204839802293,0.000807568110599554,115473.88920000002,Higher relative profit,Higher relative profit/ha
3940,Maharashtra,Aurangabad,2019,Rabi,Cotton,1527.06,35.4,54.8,Alluvial,Tube Well,393.62,12.62,4458.86,6.89,53268.09,313719.0,30721.545399999995,1636478045.3062856,70.35856698797451,10.21169332191212,0.00019170376339591155,367017.14009999996,Higher relative profit,Moderate relative profit/ha
3941,Maharashtra,Aurangabad,2019,Rabi,Barley,1531.08,35.2,58.8,Red,Tube Well,72.12,59.19,1864.39,8.39,44731.44,255661.0,15642.232100000001,699699566.6472241,137.12849779284377,16.344278640386623,0.0003653868205536558,375296.78160000005,Higher relative profit,Higher relative profit/ha
3944,Maharashtra,Kolhapur,2019,Kharif,Rice,448.43,27.1,84.9,Black,Canal,158.8,8.92,3844.65,7.55,21926.47,428317.0,29027.1075,636462001.785525,111.40597973807759,14.755758905705642,0.0006729655482941687,165544.8485,Higher relative profit,Higher relative profit/ha
3946,Maharashtra,Kolhapur,2019,Kharif,Sugarcane,413.38,36.1,64.5,Black,Rain-fed,89.1,19.47,4893.36,3.02,40302.59,231756.0,14777.947199999999,595589547.0432479,47.36132228162245,15.68255704689485,0.0003891203281698484,121713.82179999999,Higher relative profit,Moderate relative profit/ha
3952,Maharashtra,Kolhapur,2019,Rabi,Rice,1217.46,18.7,82.7,Red,Rain-fed,212.67,24.99,4232.73,7.85,32717.1,444021.0,33226.930499999995,1087088807.8615499,104.90180096533444,13.363286747176362,0.00040844961036205416,256829.235,Higher relative profit,Higher relative profit/ha
3978,Karnataka,Bengaluru,2019,Rabi,Millets,1225.16,26.0,52.3,Black,Sprinkler,114.96,51.53,4070.39,6.11,44750.14,281810.0,24870.0829,1112939691.586606,69.23415201000395,11.331285108020287,0.00025321228286705443,273423.3554,Higher relative profit,Moderate relative profit/ha
3981,Karnataka,Mysuru,2019,Rabi,Cotton,1415.02,28.5,69.6,Black,Canal,297.37,53.71,4855.86,5.3,18741.31,244670.0,25736.057999999997,482327441.15598,50.38654326936938,9.506894956484789,0.0005072695001835405,99328.943,Higher relative profit,Moderate relative profit/ha
3994,Karnataka,Mysuru,2019,Kharif,Rice,1052.12,20.3,81.6,Black,Drip,180.75,46.83,4539.56,7.76,60830.74,356054.0,35226.9856,2142883602.017344,78.43359268299129,10.107421737498878,0.00016615648169821507,472046.5424,Higher relative profit,Moderate relative profit/ha
3998,Karnataka,Hubli,2019,Rabi,Millets,994.96,26.3,65.6,Sandy,Rain-fed,301.86,59.43,3840.29,5.2,44320.71,281151.0,19969.508,885062772.91068,73.21087730353698,14.079014866064801,0.0003176622140318781,230467.692,Higher relative profit,Moderate relative profit/ha
4000,Karnataka,Hubli,2019,Zaid,Barley,650.1,37.4,35.3,Sandy,Sprinkler,299.83,33.17,2802.63,6.18,14530.81,238023.0,17320.2534,251677311.30725402,84.92844221320688,13.742466377541565,0.000945746753108847,89800.40580000001,Higher relative profit,Higher relative profit/ha
4004,Karnataka,Hubli,2019,Zaid,Rice,1216.39,32.2,50.2,Red,Drip,196.96,18.05,2898.87,6.32,50809.89,302412.0,18320.8584,930880800.0095761,104.32064908050378,16.506431816535407,0.00032486651351804557,321118.50480000005,Higher relative profit,Higher relative profit/ha
4014,Karnataka,Hubli,2019,Kharif,Millets,1772.05,29.4,74.2,Red,Drip,288.44,27.35,4870.26,4.53,41138.4,396795.0,22062.277800000003,907606809.0475202,81.47306303975557,17.985223629085112,0.0004371882141523519,186356.95200000002,Higher relative profit,Moderate relative profit/ha
4016,Karnataka,Belagavi,2019,Kharif,Cotton,473.64,24.2,88.9,Laterite,Canal,251.21,5.46,4738.07,7.7,12770.33,437754.0,36483.138999999996,465901724.46586996,92.39078358909852,11.99880306351929,0.0009395844166532335,98331.541,Higher relative profit,Higher relative profit/ha
4020,Karnataka,Belagavi,2019,Zaid,Sugarcane,638.66,30.3,65.9,Laterite,Tube Well,370.97,44.53,4751.08,7.13,55982.66,271397.0,33875.2004,1896423826.425064,57.123222509408386,8.011672161207347,0.00014310988726165116,399156.3658,Higher relative profit,Moderate relative profit/ha
4027,Karnataka,Belagavi,2019,Kharif,Wheat,1820.92,22.9,75.5,Sandy,Sprinkler,110.04,17.34,2750.62,6.13,15583.81,252707.00000000003,16861.3006,262763304.90328598,91.87274141829843,14.98739664246304,0.0009617286557307257,95528.75529999999,Higher relative profit,Higher relative profit/ha
4035,Karnataka,Mangalore,2019,Zaid,Cotton,1895.56,28.4,63.9,Alluvial,Drip,182.18,52.53,4727.77,5.98,34675.7,263698.0,28272.064600000005,980353630.4502201,55.77640198232993,9.32715752212875,0.0002689825301905585,207360.68600000002,Higher relative profit,Moderate relative profit/ha
4039,Karnataka,Mangalore,2019,Kharif,Wheat,1997.26,34.6,70.7,Sandy,Rain-fed,425.96,33.68,4309.62,7.46,57689.03,477470.0,32149.765199999998,1854688769.1157558,110.79167072734951,14.851430392406101,0.0002574394194599234,430360.1638,Higher relative profit,Higher relative profit/ha
4041,Karnataka,Mangalore,2019,Kharif,Maize,1318.45,18.3,78.2,Laterite,Tube Well,434.74,34.58,4260.65,6.26,29839.62,274133.0,26671.668999999998,795872467.7257799,64.34065224789646,10.2780594645202,0.0003444433764411276,186796.0212,Higher relative profit,Moderate relative profit/ha
4042,Karnataka,Mangalore,2019,Zaid,Barley,1111.38,20.9,40.2,Laterite,Canal,274.39,14.9,2690.51,5.82,41467.71,261630.00000000003,15658.768200000002,649333258.6748221,97.24178687312072,16.708210802941704,0.00040292099088523825,241342.07220000002,Higher relative profit,Higher relative profit/ha
4043,Karnataka,Mangalore,2019,Zaid,Rice,1936.78,22.0,87.5,Red,Tube Well,141.82,32.43,4500.98,6.65,30448.52,266007.0,29931.517,911370394.00484,59.099796044417,8.8871873751003,0.0002918758407666547,202482.65800000002,Higher relative profit,Moderate relative profit/ha
4051,Tamil Nadu,Chennai,2019,Zaid,Wheat,1672.9,29.7,57.4,Black,Drip,430.13,58.27,2962.65,7.93,62463.04,300032.0,23493.8145,1467495074.86608,101.2714968018497,12.770680555088234,0.00020445179349401236,495331.9072,Higher relative profit,Higher relative profit/ha
4052,Tamil Nadu,Chennai,2019,Kharif,Rice,2009.7,18.6,59.1,Alluvial,Sprinkler,329.5,26.47,4944.41,5.05,31922.68,403940.0,24969.2705,797086032.0049399,81.696299457367,16.177485041062774,0.0005067708927027046,161209.53399999999,Higher relative profit,Moderate relative profit/ha
4053,Tamil Nadu,Chennai,2019,Rabi,Pulses,1816.03,29.5,81.3,Alluvial,Rain-fed,255.44,18.76,3626.11,6.68,14703.05,388571.0,24222.4148,356143375.92513996,107.15918711787563,16.041794478723897,0.001091052161199472,98216.37399999998,Higher relative profit,Higher relative profit/ha
4056,Tamil Nadu,Chennai,2019,Kharif,Pulses,1526.81,33.4,45.5,Red,Rain-fed,196.89,28.25,3192.62,7.1,54612.17,381765.0,22667.602,1237926933.9163399,119.5773377351517,16.84187855424672,0.0003083905758413687,387746.40699999995,Higher relative profit,Higher relative profit/ha
4057,Tamil Nadu,Chennai,2019,Zaid,Maize,1021.35,26.4,54.2,Sandy,Rain-fed,334.57,55.36,4939.8,2.93,30402.51,235173.0,14473.614000000001,440034194.37114,47.60779788655411,16.24839518312427,0.0005344425569837579,89079.35429999999,Higher relative profit,Moderate relative profit/ha
4060,Tamil Nadu,Chennai,2019,Zaid,Sugarcane,417.28,18.3,35.4,Sandy,Canal,148.91,56.28,4387.44,3.72,28391.69,250591.0,16321.2768,463388631.309792,57.1155389019565,15.35363948977325,0.0005407793438774955,105617.0868,Higher relative profit,Moderate relative profit/ha
4061,Tamil Nadu,Chennai,2019,Zaid,Rice,2005.08,18.8,53.7,Alluvial,Sprinkler,183.13,5.02,4187.05,4.49,37887.48,276842.0,18799.8545,712279111.3716601,66.11862767342161,14.72575226579546,0.0003886706707808347,170114.7852,Higher relative profit,Moderate relative profit/ha
4067,Tamil Nadu,Chennai,2019,Rabi,Cotton,1916.67,28.7,64.9,Laterite,Sprinkler,430.99,52.79,4386.51,8.35,40241.59,593787.0,36627.3585,1473943143.540015,135.36661263738142,16.2115703757343,0.00040285610920776994,336017.2765,Higher relative profit,Higher relative profit/ha
4070,Tamil Nadu,Coimbatore,2019,Rabi,Wheat,927.33,21.5,61.1,Black,Tube Well,224.99,45.02,3997.55,7.34,61130.41,289008.0,29342.017,1793689529.43697,72.29628147240184,9.849629628392622,0.0001611248743202053,448697.2094,Higher relative profit,Moderate relative profit/ha
4073,Tamil Nadu,Coimbatore,2019,Rabi,Rice,1651.15,32.4,68.6,Laterite,Tube Well,421.05,39.82,3981.35,7.18,56794.85,464203.0,28586.092999999997,1623542864.0210497,116.59437125598102,16.23877036991379,0.0002859197686042624,407787.0229999999,Higher relative profit,Higher relative profit/ha
4076,Tamil Nadu,Coimbatore,2019,Rabi,Wheat,443.15,19.1,49.1,Laterite,Drip,159.67,23.94,4272.09,7.28,32258.53,322901.0,31100.8152,1003266580.153656,75.58384771856397,10.382396664637909,0.00032184965231329233,234842.0984,Higher relative profit,Moderate relative profit/ha
4081,Tamil Nadu,Coimbatore,2019,Rabi,Wheat,1997.52,26.8,61.2,Laterite,Rain-fed,303.43,20.72,3986.53,5.07,47867.56,250421.0,20211.707100000003,967485102.3116761,62.8167855252563,12.389898525691576,0.0002588370605414518,242688.52920000002,Higher relative profit,Moderate relative profit/ha
4099,Tamil Nadu,Madurai,2019,Rabi,Barley,2034.26,37.4,39.5,Red,Sprinkler,341.15,42.64,4003.79,6.22,14272.59,435028.0,24903.5738,355438498.382142,108.65405028735273,17.468496830764106,0.0012239191927158354,88775.5098,Higher relative profit,Higher relative profit/ha
4104,Tamil Nadu,Madurai,2019,Zaid,Sugarcane,1380.57,31.3,54.5,Red,Sprinkler,153.02,29.56,2229.88,7.69,24514.37,265274.0,17147.7772,420366954.958364,118.96335228801549,15.469876760470155,0.0006310534091012804,188515.5053,Higher relative profit,Higher relative profit/ha
4106,Tamil Nadu,Salem,2019,Rabi,Pulses,2114.77,25.3,62.6,Alluvial,Drip,295.38,15.75,3122.07,6.23,13110.9,261309.0,19450.496100000004,255013509.31749004,83.69735463971018,13.434567357898905,0.0010246868908998547,81680.907,Higher relative profit,Moderate relative profit/ha
4107,Tamil Nadu,Salem,2019,Zaid,Pulses,1241.26,31.3,59.8,Black,Rain-fed,73.4,32.4,3136.92,6.12,63546.91,278743.0,19197.9504,1219970426.2532642,88.85881692870714,14.5194145308345,0.0002284834074675621,388907.08920000005,Higher relative profit,Higher relative profit/ha
4108,Tamil Nadu,Salem,2019,Kharif,Cotton,2015.76,34.4,51.5,Red,Tube Well,380.29,30.79,3305.02,8.24,15678.23,280656.0,27233.3648,426970957.008304,84.9180942929241,10.305593967587876,0.0006573187131192664,129188.6152,Higher relative profit,Higher relative profit/ha
4113,Tamil Nadu,Salem,2019,Zaid,Millets,475.34,31.0,80.3,Red,Drip,281.52,39.13,3667.93,6.19,18201.0,368192.0,22704.4867,413244362.4267,100.38141404007165,16.216706630060038,0.0008909788819328631,112664.19,Higher relative profit,Higher relative profit/ha
4114,Tamil Nadu,Salem,2019,Rabi,Sugarcane,1021.89,20.9,67.0,Alluvial,Canal,365.28,14.47,4459.56,7.49,58781.55,597172.0,33402.104400000004,1963427469.8938203,133.90827794670324,17.878274759239417,0.00030414772593168125,440273.80950000003,Higher relative profit,Higher relative profit/ha
4119,Tamil Nadu,Salem,2019,Rabi,Wheat,1109.06,37.3,46.0,Alluvial,Tube Well,346.8,48.15,4760.96,8.01,48834.81,438354.0,38135.2896,1862329621.9109757,92.07260720526952,11.494707516263363,0.00023537938442400746,391166.8280999999,Higher relative profit,Higher relative profit/ha
4121,Tamil Nadu,Salem,2019,Rabi,Rice,900.5,32.3,51.8,Red,Drip,56.94,56.4,4193.46,7.31,17816.23,478218.0,30654.1926,546142145.8258979,114.03900359130647,15.600410888003621,0.0008756291812579666,130236.64129999999,Higher relative profit,Higher relative profit/ha
4123,Tamil Nadu,Tiruchirappalli,2019,Rabi,Sugarcane,1265.59,33.6,84.7,Red,Canal,306.88,12.77,4982.76,6.46,26234.26,271802.0,32188.6296,844444877.970096,54.548483169970055,8.444037642410226,0.0003218706242299278,169473.3196,Higher relative profit,Moderate relative profit/ha
4130,Tamil Nadu,Tiruchirappalli,2019,Kharif,Rice,1245.88,34.2,87.9,Laterite,Canal,229.52,17.57,4365.12,6.03,15539.15,321713.0,26321.673600000002,409016434.32144004,73.70083754856682,12.22236111916531,0.0007865527470399159,93701.07450000002,Higher relative profit,Moderate relative profit/ha
4135,Tamil Nadu,Tiruchirappalli,2019,Zaid,Barley,2179.29,19.9,72.7,Red,Sprinkler,98.03,31.12,3269.26,5.18,23551.14,288124.0,16934.7668,398833063.77415204,88.13125906168368,17.01375657561461,0.0007224175379881657,121994.90520000001,Higher relative profit,Higher relative profit/ha
4136,Tamil Nadu,Tiruchirappalli,2019,Rabi,Barley,2085.32,31.4,44.3,Sandy,Drip,61.46,49.51,3862.31,7.7,42389.44,283471.0,29739.787,1260652916.64928,73.39416048944803,9.53170915447377,0.00022486046417394918,326398.688,Higher relative profit,Moderate relative profit/ha
4138,Tamil Nadu,Tiruchirappalli,2019,Zaid,Rice,1694.26,35.2,62.9,Black,Tube Well,189.2,17.79,4906.96,7.88,24719.86,342373.0,38666.8448,955838990.097728,69.77293477020396,8.854433346472584,0.00035819107982296757,194792.4968,Higher relative profit,Moderate relative profit/ha
4144,Rajasthan,Jaipur,2019,Zaid,Maize,1238.93,27.8,43.1,Red,Tube Well,165.44,40.48,3582.33,8.14,29082.09,255297.0,29160.1662,848038577.843358,71.26562879466717,8.754991252416113,0.0003010440876985152,236728.21260000003,Higher relative profit,Moderate relative profit/ha
4157,Rajasthan,Jaipur,2019,Zaid,Cotton,1497.37,30.6,80.6,Red,Canal,200.85,19.09,2170.22,7.26,63619.94,261284.0,15755.797199999997,1002382872.5161679,120.39516731022663,16.583356378819097,0.0002606628736025072,461880.7644,Higher relative profit,Higher relative profit/ha
4173,Rajasthan,Jodhpur,2019,Kharif,Cotton,1055.3,26.3,66.4,Alluvial,Tube Well,247.42,27.0,3441.73,5.38,12417.11,262966.0,18516.5074,229921509.201614,76.40517995310498,14.201706310986056,0.0011437207458890237,66804.0518,Higher relative profit,Moderate relative profit/ha
4179,Rajasthan,Udaipur,2019,Zaid,Rice,685.41,23.0,51.1,Alluvial,Rain-fed,449.68,56.36,3911.49,8.07,40699.45,403036.0,31565.724299999998,1284707617.8616347,103.0389953700508,12.768153081790683,0.00031371807436686943,328444.56149999995,Higher relative profit,Higher relative profit/ha
4181,Rajasthan,Udaipur,2019,Rabi,Maize,1760.19,22.3,66.8,Alluvial,Sprinkler,302.82,19.74,4195.56,6.04,52004.01,273117.0,25341.1824,1317843102.9414241,65.09667362640505,10.777594971259115,0.00020724545994162978,314104.2204,Higher relative profit,Moderate relative profit/ha
4188,Rajasthan,Udaipur,2019,Zaid,Maize,704.88,30.0,85.8,Black,Rain-fed,104.48,24.86,2371.7,8.32,42243.25,258991.0,19732.543999999998,833566789.328,109.20057342834255,13.125068921675787,0.0003107021576624854,351463.84,Higher relative profit,Higher relative profit/ha
4194,Rajasthan,Udaipur,2019,Zaid,Barley,1311.05,28.4,46.2,Laterite,Tube Well,354.03,43.43,4930.51,8.0,48448.77,528937.0,39444.08,1911017159.7816,107.27835457183942,13.409794321479927,0.00027678296727615435,387590.16,Higher relative profit,Higher relative profit/ha
4202,Rajasthan,Kota,2019,Kharif,Sugarcane,1399.41,21.6,81.1,Sandy,Sprinkler,144.08,26.14,3888.0,8.25,42133.56,492059.0,32076.0,1351476070.56,126.55838477366255,15.340410275595461,0.0003640900573223687,347601.87,Higher relative profit,Higher relative profit/ha
4203,Rajasthan,Kota,2019,Rabi,Rice,1555.12,27.7,71.0,Sandy,Sprinkler,182.14,22.92,4955.16,5.57,30356.81,461618.0,27600.2412,837855278.062572,93.15905036366132,16.7251436918602,0.0005509519508756091,169087.43170000002,Higher relative profit,Higher relative profit/ha
4206,Rajasthan,Kota,2019,Kharif,Millets,1460.39,33.2,56.4,Red,Sprinkler,203.92,5.95,4585.98,6.31,49503.62,360838.0,28937.533799999994,1432512676.9723558,78.68285513674286,12.46954915003849,0.00025189166267110345,312367.8422,Higher relative profit,Moderate relative profit/ha
4210,Rajasthan,Kota,2019,Kharif,Rice,413.01,30.6,78.9,Sandy,Tube Well,346.59,53.03,4966.95,6.35,47596.07,307780.0,31540.132499999996,1501186354.2792747,61.965592566866995,9.758361034152284,0.00020502451219506744,302235.04449999996,Higher relative profit,Moderate relative profit/ha
4214,Rajasthan,Ajmer,2019,Rabi,Barley,968.02,19.8,53.6,Alluvial,Sprinkler,169.3,24.25,1576.51,8.39,42113.43,235204.0,13226.9189,557030923.210827,149.19283734324551,17.782221375833792,0.00042224585781385637,353331.6777,Higher relative profit,Higher relative profit/ha
4215,Rajasthan,Ajmer,2019,Zaid,Barley,514.78,29.5,84.6,Alluvial,Rain-fed,57.14,51.48,4933.17,6.01,26025.58,442565.0,29648.3517,771615549.036486,89.71209181925617,14.927136741972742,0.0005735563527104004,156413.7358,Higher relative profit,Higher relative profit/ha
4220,Rajasthan,Ajmer,2019,Rabi,Maize,2185.23,27.2,77.0,Alluvial,Canal,217.38,14.42,4297.07,5.63,24133.47,237137.0,24192.5041,583849071.922227,55.18574284337933,9.802085762589579,0.00040616147460723957,135871.43610000002,Higher relative profit,Moderate relative profit/ha
4222,Rajasthan,Ajmer,2019,Zaid,Cotton,2087.96,34.5,85.6,Black,Canal,402.89,9.52,4937.73,8.29,41194.54,415000.0,40933.78169999999,1686248307.5919178,84.04671782377733,10.138325431094975,0.00024610847532452056,341502.7366,Higher relative profit,Higher relative profit/ha
4227,Rajasthan,Ajmer,2019,Zaid,Wheat,1239.43,19.9,43.6,Alluvial,Drip,447.36,50.75,4135.82,7.62,29723.63,406341.0,31514.948399999997,936738665.7106919,98.24919846608412,12.893595599223637,0.00043378267052926033,226494.0606,Higher relative profit,Higher relative profit/ha
4229,Rajasthan,Ajmer,2019,Rabi,Cotton,2188.81,32.2,69.6,Black,Tube Well,403.11,54.25,3710.67,7.97,52026.02,348033.0,29574.0399,1538619591.318198,93.79249569484756,11.76819268442253,0.00022619821167220805,414647.3794,Higher relative profit,Higher relative profit/ha
4230,Rajasthan,Ajmer,2019,Zaid,Millets,1899.91,20.0,41.8,Laterite,Rain-fed,104.53,17.55,4878.35,6.24,37416.67,325228.0,30440.904000000002,1138997259.46968,66.66762327426281,10.683913986260066,0.00028553887842664956,233480.0208,Higher relative profit,Moderate relative profit/ha
4232,West Bengal,Kolkata,2019,Zaid,Rice,1124.35,25.7,47.5,Sandy,Sprinkler,136.88,45.16,3706.21,7.42,48770.87,471932.0,27500.0782,1341202738.882034,127.33547208603937,17.16111483639345,0.00035187223103449756,361879.8554,Higher relative profit,Higher relative profit/ha
4243,West Bengal,Kolkata,2019,Kharif,Sugarcane,1820.74,19.7,47.9,Sandy,Rain-fed,264.03,29.24,3950.26,6.04,18108.94,373667.0,23859.5704,432071528.79937595,94.59301413071545,15.661095054754213,0.0008648267129248987,109377.99759999999,Higher relative profit,Higher relative profit/ha
4244,West Bengal,Kolkata,2019,Kharif,Pulses,875.08,32.8,87.3,Laterite,Tube Well,418.21,54.3,3649.53,6.88,56306.12,311723.0,25108.7664,1413777213.9703681,85.41456023104344,12.414907010326083,0.0002204894780589762,387386.1056,Higher relative profit,Higher relative profit/ha
4247,West Bengal,Kolkata,2019,Zaid,Maize,1330.6,31.7,80.3,Red,Sprinkler,254.03,44.67,4428.43,6.48,12697.23,297359.0,28696.226400000003,364362586.732872,67.14772504025129,10.362303246952358,0.0008161073908996182,82278.0504,Higher relative profit,Moderate relative profit/ha
4255,West Bengal,Howrah,2019,Kharif,Millets,798.49,31.8,51.1,Alluvial,Drip,313.44,15.19,3362.08,5.56,43334.89,286141.0,18693.1648,810066240.359872,85.10832579831533,15.30725284142362,0.0003532316071743489,240941.9884,Higher relative profit,Higher relative profit/ha
4256,West Bengal,Howrah,2019,Kharif,Pulses,998.35,21.8,41.5,Laterite,Canal,185.24,18.89,4979.78,4.35,25697.97,266342.0,21662.042999999998,556670531.15271,53.4846920948315,12.295331516053219,0.00047845536110646946,111786.1695,Higher relative profit,Moderate relative profit/ha
4260,West Bengal,Howrah,2019,Rabi,Cotton,1807.08,29.5,87.8,Laterite,Sprinkler,281.99,48.63,4149.14,5.83,41629.53,365520.0,24189.486200000003,1006996941.447486,88.09536434056213,15.110697142463486,0.00036298024845496667,242700.1599,Higher relative profit,Higher relative profit/ha
4262,West Bengal,Howrah,2019,Zaid,Maize,1588.44,32.9,58.4,Laterite,Canal,429.42,52.75,3850.3,4.35,53730.94,296417.0,16748.805,899929036.5267,76.98542970677609,17.697799932592204,0.00032937819313401563,233729.589,Higher relative profit,Moderate relative profit/ha
4263,West Bengal,Howrah,2019,Kharif,Millets,1548.37,27.9,49.3,Black,Sprinkler,105.72,6.61,4387.27,6.01,55413.32,436216.0,26367.492700000003,1461110310.5827641,99.42766230480457,16.543704210450013,0.0002985510380978799,333034.0532,Higher relative profit,Higher relative profit/ha
4266,West Bengal,Howrah,2019,Zaid,Cotton,588.55,24.1,88.2,Red,Canal,154.11,42.39,4311.73,7.82,39464.09,434271.0,33717.728599999995,1330639476.0659738,100.71850510120069,12.879604232890115,0.00032636263075849753,308609.1838,Higher relative profit,Higher relative profit/ha
4269,West Bengal,Darjeeling,2019,Rabi,Cotton,584.45,24.3,89.7,Laterite,Tube Well,280.58,47.19,4461.52,3.4,36765.23,264641.0,15169.168000000001,557697950.4286401,59.31633165378615,17.445979898172396,0.00047452388841773583,125001.78200000002,Higher relative profit,Moderate relative profit/ha
4270,West Bengal,Darjeeling,2019,Kharif,Cotton,584.44,24.7,77.8,Laterite,Canal,161.97,27.45,1937.87,8.23,41457.99,259535.0,15948.6701,661199805.519099,133.92797246461322,16.27314367735276,0.0003925212890772746,341199.2577,Higher relative profit,Higher relative profit/ha
4281,West Bengal,Darjeeling,2019,Kharif,Cotton,1512.31,23.9,72.7,Red,Drip,321.41,21.13,4877.07,5.58,25990.63,341725.0,27214.0506,707310319.945878,70.06768408081082,12.55693263096968,0.00048313306106738006,145027.71540000002,Higher relative profit,Moderate relative profit/ha
4288,West Bengal,Siliguri,2019,Kharif,Barley,754.25,36.7,84.9,Alluvial,Rain-fed,145.95,17.47,4690.18,6.26,49931.1,434808.0,29360.5268,1466003399.70348,92.70603686852102,14.809271065258951,0.00029659412801358174,312568.686,Higher relative profit,Higher relative profit/ha
4289,West Bengal,Siliguri,2019,Zaid,Pulses,1591.62,34.5,49.2,Sandy,Tube Well,102.49,31.29,3600.65,7.58,64498.14,466200.0,27292.927,1760343026.65578,129.4766222765334,17.081348585294645,0.0002648347469445575,488895.9012,Higher relative profit,Higher relative profit/ha
4291,West Bengal,Siliguri,2019,Kharif,Sugarcane,1809.92,26.8,49.8,Sandy,Drip,138.93,45.38,3783.62,7.69,64470.67,349198.0,29096.037800000002,1875841051.311326,92.29203778392122,12.001565381524214,0.0001861554313228669,495779.4523,Higher relative profit,Higher relative profit/ha
4300,West Bengal,Siliguri,2019,Rabi,Wheat,2186.66,21.9,69.4,Black,Canal,71.91,51.21,2596.81,7.45,12517.61,300157.0,19346.2345,242168618.439545,115.58681613210054,15.51500887679202,0.0012394545665500058,93256.1945,Higher relative profit,Higher relative profit/ha
4301,West Bengal,Siliguri,2019,Zaid,Sugarcane,1193.84,22.4,43.3,Sandy,Canal,334.48,25.3,3502.33,7.0,26339.94,416603.0,24516.309999999998,645758134.4214,118.95024169624222,16.992891670891748,0.0006451378276067352,184379.58,Higher relative profit,Higher relative profit/ha
4304,West Bengal,Malda,2019,Rabi,Barley,1894.87,29.2,85.1,Sandy,Tube Well,413.12,47.26,2759.93,7.42,42676.41,350863.0,20478.6806,873956569.544646,127.12749961049738,17.133086200875656,0.0004014650295297954,316658.9622,Higher relative profit,Higher relative profit/ha
4305,West Bengal,Malda,2019,Kharif,Millets,470.32,31.0,73.4,Alluvial,Sprinkler,429.59,46.24,4249.0,7.18,26445.98,327679.0,30507.82,806809197.5636,77.11908684396329,10.740819894702408,0.0004061418746706459,189882.1364,Higher relative profit,Moderate relative profit/ha
4307,West Bengal,Malda,2019,Rabi,Millets,644.03,28.1,44.6,Red,Drip,139.7,12.22,3239.19,4.67,63735.06,242402.0,15127.0173,964121355.2365379,74.83414063392391,16.024441249234243,0.0002514227059523321,297642.7302,Higher relative profit,Moderate relative profit/ha
4308,West Bengal,Malda,2019,Zaid,Rice,1637.04,34.9,44.2,Red,Drip,361.43,45.13,4672.08,6.07,24793.31,472266.0,28359.5256,703126509.6537361,101.08260132531977,16.6528173517825,0.0006716657578912415,150495.39170000004,Higher relative profit,Higher relative profit/ha
4310,West Bengal,Malda,2019,Rabi,Rice,1576.28,28.2,50.1,Red,Canal,60.63,15.38,4631.78,8.15,60682.63,427078.0,37749.007,2290709024.64841,92.20602014776178,11.31362210401985,0.00018643921834007277,494563.4345,Higher relative profit,Higher relative profit/ha
4311,West Bengal,Malda,2019,Rabi,Barley,1826.31,22.6,73.0,Black,Sprinkler,263.59,29.02,3165.97,4.88,16973.98,230982.00000000003,15449.933599999998,262246863.92772797,72.95773491220702,14.95035551479652,0.0008807807900561047,82833.0224,Higher relative profit,Moderate relative profit/ha
4315,West Bengal,Malda,2019,Rabi,Maize,1254.53,35.5,70.7,Black,Tube Well,399.46,19.58,3498.52,6.5,27030.42,246323.0,22740.38,614682022.3596,70.40777242948447,10.831964989151457,0.00040073239665352805,175697.72999999998,Higher relative profit,Moderate relative profit/ha
4318,West Bengal,Malda,2019,Zaid,Millets,1076.5,34.4,42.2,Laterite,Sprinkler,440.68,38.28,4498.99,8.15,60334.66,493023.0,36666.7685,2212277010.74621,109.58526247002105,13.44604447484921,0.00022285771519801732,491727.47900000005,Higher relative profit,Higher relative profit/ha
4320,West Bengal,Malda,2019,Kharif,Pulses,1181.79,19.5,44.5,Red,Tube Well,411.38,14.42,3575.97,6.72,51013.96,338310.0,24030.518399999997,1225891904.436864,94.60649837666423,14.078347972717893,0.00027597049852075577,342813.8112,Higher relative profit,Higher relative profit/ha
4322,Uttarakhand,Dehradun,2020,Kharif,Pulses,1994.35,20.7,37.4,Red,Tube Well,148.23,7.56,4903.26,5.15,38517.58,366084.0,25251.789000000004,972637802.9506202,74.66134775639064,14.497349078910803,0.000376382656410678,198365.53700000004,Higher relative profit,Moderate relative profit/ha
4324,Uttarakhand,Dehradun,2020,Zaid,Sugarcane,1975.99,27.5,39.4,Alluvial,Sprinkler,244.74,53.76,3442.88,8.1,25667.08,254425.0,27887.328,715786278.76224,73.89888697834371,9.123319380042433,0.00035544827771770036,207903.348,Higher relative profit,Moderate relative profit/ha
4326,Uttarakhand,Dehradun,2020,Zaid,Pulses,849.53,28.3,40.0,Black,Rain-fed,277.99,7.16,4687.03,5.14,51951.03,276324.0,24091.334199999998,1251569625.764226,58.95503122446411,11.46985043277512,0.00022078196395288252,267028.2942,Higher relative profit,Moderate relative profit/ha
4335,Uttarakhand,Dehradun,2020,Rabi,Barley,1518.96,36.5,75.4,Black,Rain-fed,190.05,18.93,4821.59,4.66,47039.07,358147.0,22468.6094,1056902490.369258,74.27985374119325,15.939882777080097,0.00033886475172829943,219202.0662,Higher relative profit,Moderate relative profit/ha
4338,Uttarakhand,Dehradun,2020,Rabi,Pulses,1310.14,24.4,83.8,Sandy,Canal,286.18,41.67,4972.01,8.01,56474.13,488207.0,39825.8001,2249127412.201413,98.19107363018175,12.25856100251957,0.00021706507036973511,452357.78130000003,Higher relative profit,Higher relative profit/ha
4340,Uttarakhand,Haridwar,2020,Zaid,Millets,2189.41,33.3,51.1,Red,Rain-fed,234.55,54.25,4625.97,4.57,33031.77,279251.0,21140.682900000003,698314175.1957331,60.365934063558555,13.209175943885898,0.0003998930709400646,150955.1889,Higher relative profit,Moderate relative profit/ha
4342,Uttarakhand,Haridwar,2020,Zaid,Barley,1054.98,27.5,37.8,Sandy,Sprinkler,83.78,40.33,4101.64,8.39,20578.35,413281.00000000006,34412.759600000005,708157811.51466,100.75993992646845,12.00952800077097,0.0005836001429060625,172652.3565,Higher relative profit,Higher relative profit/ha
4348,Uttarakhand,Haridwar,2020,Rabi,Barley,1833.08,24.2,69.4,Red,Canal,331.66,54.1,2018.25,8.31,62529.78,250700.0,16771.6575,1048728053.71035,124.21652421652422,14.947836849160554,0.0002390514863343603,519622.4718,Higher relative profit,Higher relative profit/ha
4350,Uttarakhand,Haridwar,2020,Kharif,Sugarcane,1221.71,37.7,88.9,Laterite,Drip,112.51,31.46,4798.87,4.59,32942.01,263083.0,22026.813299999998,725607503.996733,54.821864313890565,11.943761288429318,0.0003625692933864484,151203.8259,Higher relative profit,Moderate relative profit/ha
4351,Uttarakhand,Haridwar,2020,Kharif,Cotton,645.34,33.0,45.4,Laterite,Tube Well,262.21,11.02,3378.17,6.78,37143.63,339472.0,22903.9926,850737426.657138,100.48991021766223,14.821520681071124,0.00039903263846509146,251833.8114,Higher relative profit,Higher relative profit/ha
4356,Uttarakhand,Haridwar,2020,Zaid,Pulses,1579.94,37.7,38.7,Sandy,Rain-fed,76.55,38.01,4032.68,7.11,25915.02,423418.0,28672.3548,743044648.0890961,104.99667714770327,14.767465140323946,0.0005698419349212906,184255.79220000003,Higher relative profit,Higher relative profit/ha
4359,Uttarakhand,Nainital,2020,Kharif,Millets,402.96,27.0,48.6,Alluvial,Canal,348.29,28.62,4253.53,8.08,15534.53,603583.0,34368.5224,533898842.27847207,141.90166755612398,17.562087568827224,0.0011305194021851465,125519.00240000003,Higher relative profit,Higher relative profit/ha
4366,Uttarakhand,Nainital,2020,Kharif,Wheat,1166.13,33.7,51.7,Alluvial,Rain-fed,134.36,17.96,3758.06,6.6,59455.14,255941.0,24803.196,1474677490.62744,68.10455394538671,10.318871809907078,0.00017355727040432634,392403.924,Higher relative profit,Moderate relative profit/ha
4376,Uttarakhand,Almora,2020,Zaid,Pulses,1316.7,27.1,79.2,Alluvial,Rain-fed,446.51,21.5,4072.06,7.0,57391.26,487002.00000000006,28504.42,1635904579.3692,119.59597844825471,17.0851397783221,0.000297695847387252,401738.82,Higher relative profit,Higher relative profit/ha
4379,Uttarakhand,Almora,2020,Kharif,Wheat,1288.71,24.0,67.7,Red,Sprinkler,268.0,35.93,2066.95,6.71,58266.54,233776.00000000003,13869.234499999999,808112306.7636299,113.10191344734999,16.85572480586438,0.00028928652372123655,390968.48339999997,Higher relative profit,Higher relative profit/ha
4380,Uttarakhand,Almora,2020,Zaid,Wheat,515.44,19.4,62.7,Black,Canal,383.55,37.6,4528.99,7.21,50649.3,549309.0,32654.0179,1653903148.82247,121.28730688299157,16.822095268098693,0.0003321288797298026,365181.453,Higher relative profit,Higher relative profit/ha
4382,Uttarakhand,Almora,2020,Rabi,Wheat,1017.93,22.9,77.0,Laterite,Canal,391.75,53.2,3957.46,6.56,53099.95,364657.0,25960.937599999997,1378524488.5131197,92.14420360534282,14.046372500814456,0.00026452703817639105,348335.6719999999,Higher relative profit,Higher relative profit/ha
4392,Uttarakhand,Almora,2020,Zaid,Pulses,718.31,29.8,76.3,Alluvial,Tube Well,342.04,20.6,4521.12,3.76,61759.53,257059.0,16999.4112,1049875645.9887359,56.857371624730156,15.121641389555894,0.0002448470930649228,232215.83279999997,Higher relative profit,Moderate relative profit/ha
4394,Uttarakhand,Pauri,2020,Kharif,Rice,434.9,31.4,49.1,Red,Drip,182.67,53.15,4986.84,8.48,21820.82,435178.0,42288.4032,922767634.314624,87.26528222281044,10.290717243255948,0.0004716008492465429,185040.55359999998,Higher relative profit,Higher relative profit/ha
4399,Uttarakhand,Pauri,2020,Kharif,Maize,2138.02,38.0,45.3,Red,Canal,321.16,34.97,3238.89,5.24,31765.57,266145.0,16971.7836,539118379.970652,82.17166992395543,15.681616397701418,0.00049366708665078,166451.5868,Higher relative profit,Moderate relative profit/ha
4401,Uttarakhand,Pauri,2020,Rabi,Cotton,1509.4,30.1,61.4,Red,Rain-fed,327.89,22.66,3499.52,7.33,49616.25,435092.0,25651.4816,1272730323.9359999,124.32905084125824,16.96167132895747,0.00034185718043901886,363687.1125,Higher relative profit,Higher relative profit/ha
4403,Uttarakhand,Pauri,2020,Rabi,Barley,595.81,37.0,57.0,Alluvial,Tube Well,147.54,21.47,3985.45,7.12,43970.71,254651.00000000003,28376.404,1247730631.1268399,63.89516867605918,8.974040544390334,0.00020409132680346382,313071.45519999997,Higher relative profit,Moderate relative profit/ha
4405,Uttarakhand,Pauri,2020,Zaid,Barley,1068.24,23.4,62.2,Red,Sprinkler,191.35,58.75,4648.3,4.3,48266.61,320359.0,19987.69,964738038.0309,68.91960501688789,16.027815120206487,0.00033206838268124664,207546.42299999998,Higher relative profit,Moderate relative profit/ha
4407,Uttarakhand,Pauri,2020,Rabi,Barley,1922.45,20.2,73.1,Laterite,Canal,111.41,43.77,4437.31,7.37,43477.96,584671.0,32702.974700000002,1421858625.887612,131.76248673182624,17.878220723449967,0.00041120192215665056,320432.5652,Higher relative profit,Higher relative profit/ha
4411,Uttar Pradesh,Lucknow,2020,Kharif,Barley,1205.83,23.3,80.4,Laterite,Canal,361.46,29.64,4935.79,7.29,60592.57,359606.0,35981.9091,2180236345.8753867,72.85682737717772,9.994077829516835,0.00016493899878346197,441719.8352999999,Higher relative profit,Moderate relative profit/ha
4412,Uttar Pradesh,Lucknow,2020,Zaid,Rice,2156.2,26.1,48.9,Alluvial,Sprinkler,384.85,41.47,4927.32,4.08,43949.63,350216.0,20103.4656,883539874.8377279,71.07636605700462,17.420677955148193,0.00039637826200466744,179314.49039999998,Higher relative profit,Moderate relative profit/ha
4413,Uttar Pradesh,Lucknow,2020,Kharif,Millets,1635.74,32.3,53.9,Sandy,Canal,338.03,35.59,2365.28,8.15,13110.64,299089.0,19277.032000000003,252734226.82048002,126.44972265440032,15.515303393177952,0.0011834131204256965,106851.716,Higher relative profit,Higher relative profit/ha
4414,Uttar Pradesh,Lucknow,2020,Rabi,Cotton,1692.03,32.0,64.4,Black,Drip,177.35,48.37,4247.93,7.88,27298.86,398496.0,33473.6884,913793533.315224,93.80945542887947,11.904753227015162,0.0004360897571186182,215115.01679999998,Higher relative profit,Higher relative profit/ha
4415,Uttar Pradesh,Lucknow,2020,Zaid,Millets,958.53,23.9,39.5,Black,Tube Well,117.13,14.15,3430.52,7.42,56872.22,331277.0,25454.4584,1447651558.105648,96.5675757611091,13.01449808101201,0.00022883752526298444,421991.8724,Higher relative profit,Higher relative profit/ha
4420,Uttar Pradesh,Lucknow,2020,Rabi,Pulses,1423.28,28.0,79.5,Sandy,Rain-fed,251.09,31.69,4745.19,6.04,40499.28,458584.0,28660.9476,1160747741.917728,96.641862601919,16.000308377801158,0.0003950763662416013,244615.65120000002,Higher relative profit,Higher relative profit/ha
4424,Uttar Pradesh,Lucknow,2020,Rabi,Barley,858.95,20.4,55.6,Alluvial,Canal,293.95,33.3,4921.45,6.98,58119.77,491274.0,34351.721,1996514123.6241698,99.82301963852117,14.301292211822517,0.00024606587761483775,405675.9946,Higher relative profit,Higher relative profit/ha
4425,Uttar Pradesh,Lucknow,2020,Rabi,Barley,1851.04,28.1,65.5,Sandy,Tube Well,354.37,30.0,3946.94,5.05,29645.77,305621.0,19932.047,590900880.99119,77.4323906621332,15.33314666576895,0.0005172119552222442,149711.1385,Higher relative profit,Moderate relative profit/ha
4426,Uttar Pradesh,Lucknow,2020,Kharif,Pulses,1837.97,30.3,37.3,Black,Sprinkler,306.57,56.27,4385.06,5.37,23052.89,277410.0,23547.772200000003,542844202.2716581,63.262532325669426,11.780732276660974,0.0005110306029595844,123794.0193,Higher relative profit,Moderate relative profit/ha
4430,Uttar Pradesh,Kanpur,2020,Kharif,Sugarcane,2049.59,20.9,71.3,Black,Tube Well,106.21,14.68,4319.07,7.81,63307.62,331612.0,33731.9367,2135488630.467654,76.77856575605396,9.830802273502428,0.00015528624000558588,494432.51220000006,Higher relative profit,Moderate relative profit/ha
4434,Uttar Pradesh,Kanpur,2020,Kharif,Wheat,2063.2,36.7,73.8,Laterite,Sprinkler,290.77,9.31,4846.22,8.37,44011.12,542957.0,40562.8614,1785216960.6187682,112.03721663482054,13.385569490420613,0.0003041406237882747,368373.07440000004,Higher relative profit,Higher relative profit/ha
4439,Uttar Pradesh,Kanpur,2020,Rabi,Sugarcane,1559.65,20.9,38.5,Black,Drip,367.81,59.76,2841.76,6.99,48486.61,341372.0,19863.902400000003,963133288.7468642,120.12696357187095,17.185545575374956,0.0003544390002801795,338921.40390000003,Higher relative profit,Higher relative profit/ha
4453,Uttar Pradesh,Varanasi,2020,Kharif,Cotton,1604.62,32.8,80.8,Sandy,Tube Well,198.01,54.36,4480.01,8.05,58358.97,479943.0,36064.080500000004,2104662591.9770854,107.12989479934195,13.308061465756765,0.00022803797712257025,469789.70850000007,Higher relative profit,Higher relative profit/ha
4456,Uttar Pradesh,Varanasi,2020,Rabi,Sugarcane,2020.75,18.9,71.6,Black,Rain-fed,417.25,23.64,3909.43,4.86,31097.03,249566.0,18999.8298,590838277.285494,63.83692763395175,13.135170295051802,0.00042239308046626323,151131.5658,Higher relative profit,Moderate relative profit/ha
4457,Uttar Pradesh,Varanasi,2020,Zaid,Wheat,1938.34,26.6,68.1,Alluvial,Sprinkler,194.27,51.1,3351.51,6.56,43616.37,307140.0,21985.905600000002,958945393.4346721,91.64227467619072,13.969858944541269,0.00032028935339051067,286123.3872,Higher relative profit,Higher relative profit/ha
4458,Uttar Pradesh,Varanasi,2020,Zaid,Cotton,1792.52,26.9,45.8,Red,Rain-fed,135.5,14.69,4947.83,5.69,22848.26,374539.0,28153.152700000002,643250552.7093021,75.69762906162904,13.303625494135154,0.0005822598961205429,130006.59940000002,Higher relative profit,Moderate relative profit/ha
4462,Uttar Pradesh,Varanasi,2020,Zaid,Barley,1536.22,20.0,36.7,Sandy,Tube Well,340.07,45.29,3899.61,7.44,35388.1,302199.0,29013.098400000003,1026718427.48904,77.49467254417749,10.415950610776544,0.00029433483602613714,263287.464,Higher relative profit,Moderate relative profit/ha
4463,Uttar Pradesh,Varanasi,2020,Rabi,Sugarcane,715.18,25.4,47.2,Black,Sprinkler,354.47,51.74,3952.15,7.51,28984.25,267640.0,29680.6465,860271278.3176249,67.72010171678707,9.017323797175376,0.00031111116544935185,217671.71749999997,Higher relative profit,Moderate relative profit/ha
4464,Uttar Pradesh,Varanasi,2020,Kharif,Barley,580.09,21.7,71.3,Laterite,Rain-fed,152.15,6.27,4497.65,6.1,13744.03,305300.0,27435.664999999997,377076602.82995,67.87989283292387,11.12785128408588,0.0008096498104330301,83838.583,Higher relative profit,Moderate relative profit/ha
4475,Uttar Pradesh,Agra,2020,Zaid,Rice,953.63,22.5,53.9,Sandy,Tube Well,107.0,21.8,4092.25,7.16,23379.48,501604.0,29300.510000000002,685030687.5348,122.57413403384446,17.11929246282744,0.0007322358094717007,167397.0768,Higher relative profit,Higher relative profit/ha
4478,Uttar Pradesh,Agra,2020,Zaid,Rice,1307.87,31.0,74.6,Black,Tube Well,341.91,49.98,3756.78,6.95,25417.35,381043.0,26109.621000000003,663637375.32435,101.42808468954796,14.593969020078843,0.0005741735082563228,176650.5825,Higher relative profit,Higher relative profit/ha
4488,Uttar Pradesh,Meerut,2020,Kharif,Sugarcane,936.19,21.3,80.8,Red,Sprinkler,286.86,49.26,3924.51,5.71,52530.4,333010.0,22408.952100000002,1177151217.39384,84.8539053283085,14.86057886660394,0.0002828948354972347,299948.584,Higher relative profit,Higher relative profit/ha
4489,Uttar Pradesh,Meerut,2020,Kharif,Barley,903.33,34.1,68.0,Red,Rain-fed,128.55,17.04,3582.55,7.53,57995.93,260008.0,26976.6015,1564533092.231895,72.57623759612567,9.638278565222532,0.00016618887851651887,436709.3529,Higher relative profit,Moderate relative profit/ha
4494,Uttar Pradesh,Meerut,2020,Rabi,Wheat,2177.45,29.8,87.1,Sandy,Tube Well,119.16,43.98,3233.78,7.21,41444.65,390614.0,23315.5538,966304966.79717,120.79176691055049,16.753365729618654,0.0004042347016953613,298815.9265,Higher relative profit,Higher relative profit/ha
4496,Uttar Pradesh,Meerut,2020,Rabi,Millets,1188.01,24.6,72.0,Laterite,Sprinkler,421.47,24.43,3459.3,7.13,45105.81,249657.00000000003,24664.809,1112526188.44029,72.16980313936347,10.121992025156166,0.00022440550397290652,321604.4253,Higher relative profit,Moderate relative profit/ha
4501,Punjab,Ludhiana,2020,Rabi,Rice,519.4,24.3,43.2,Laterite,Sprinkler,267.61,12.21,4071.7,7.72,36864.4,255247.0,31433.523999999998,1158778002.1455998,62.688066409607785,8.120215856166812,0.0002202725625852262,284593.16799999995,Higher relative profit,Moderate relative profit/ha
4503,Punjab,Ludhiana,2020,Rabi,Maize,2030.44,21.6,51.5,Sandy,Tube Well,386.38,28.82,4864.9,4.22,16901.78,307726.0,20529.877999999997,346991481.3828399,63.254332052046294,14.98917821138538,0.000886840215136239,71325.51159999998,Higher relative profit,Moderate relative profit/ha
4508,Punjab,Ludhiana,2020,Kharif,Rice,1301.84,34.8,39.3,Alluvial,Tube Well,221.77,34.73,2501.57,7.62,18068.51,332510.0,19061.9634,344421276.312534,132.9205259097287,17.443638570830537,0.0009654165490585852,137682.04619999998,Higher relative profit,Higher relative profit/ha
4516,Punjab,Ludhiana,2020,Rabi,Rice,802.43,26.4,58.3,Sandy,Canal,432.53,7.97,4805.04,6.38,59667.35,388423.0,30656.1552,1829171541.97272,80.8365799244127,12.670310332980046,0.00021234913789501374,380677.69299999997,Higher relative profit,Moderate relative profit/ha
4523,Punjab,Amritsar,2020,Zaid,Millets,2072.58,35.3,44.8,Laterite,Canal,140.45,11.37,2947.86,5.38,20153.68,282490.0,15859.4868,319627021.931424,95.82883854728514,17.812051774588316,0.0008838113820695931,108426.7984,Higher relative profit,Higher relative profit/ha
4524,Punjab,Amritsar,2020,Rabi,Millets,892.98,22.6,70.0,Black,Tube Well,131.72,7.06,3867.89,7.84,39597.76,324741.0,30324.257599999997,1200772674.622976,83.95817874862006,10.708951370997456,0.00027044336273055483,310446.43840000004,Higher relative profit,Higher relative profit/ha
4527,Punjab,Amritsar,2020,Kharif,Millets,454.96,31.4,78.3,Alluvial,Tube Well,66.61,40.66,2619.89,8.29,38300.37,308282.0,21718.888099999996,831841450.2185969,117.66982583238229,14.194188882072654,0.0003706018736130396,317510.0673,Higher relative profit,Higher relative profit/ha
4528,Punjab,Amritsar,2020,Zaid,Maize,1306.92,21.8,50.1,Red,Rain-fed,99.4,36.54,4148.7,5.69,47718.79,423930.0,23606.103,1126454671.77537,102.1838166172536,17.958491496881123,0.0003763400433431176,271519.9151,Higher relative profit,Higher relative profit/ha
4529,Punjab,Amritsar,2020,Zaid,Barley,1298.6,32.4,41.6,Red,Sprinkler,411.67,7.18,4728.78,4.65,34532.6,389114.0,21988.827,759331367.2602,82.28634023997733,17.69598714838222,0.0005124429422743211,160576.59000000003,Higher relative profit,Moderate relative profit/ha
4532,Punjab,Amritsar,2020,Zaid,Pulses,1504.07,33.1,46.6,Alluvial,Canal,79.06,59.86,4163.57,5.64,45490.18,348638.0,23482.534799999998,1068224734.9082639,83.73535211369091,14.846693637179238,0.000326371397896848,256564.6152,Higher relative profit,Moderate relative profit/ha
4534,Punjab,Amritsar,2020,Rabi,Pulses,981.58,28.8,83.7,Sandy,Canal,290.25,52.07,4757.45,8.09,53001.3,638642.0,38487.7705,2039901870.60165,134.2404018959737,16.59337477082493,0.0003130748636509846,428780.517,Higher relative profit,Higher relative profit/ha
4537,Punjab,Patiala,2020,Kharif,Wheat,737.19,18.0,77.4,Black,Sprinkler,235.98,15.67,2712.4,7.74,58584.51,237173.0,20993.976000000002,1229921796.91176,87.44027429582657,11.2971930614763,0.0001928358376894558,453444.10740000004,Higher relative profit,Higher relative profit/ha
4541,Punjab,Patiala,2020,Rabi,Pulses,427.69,31.5,76.6,Alluvial,Drip,329.25,6.01,3487.24,4.04,40304.68,236700.0,14088.4496,567830452.824128,67.87602803363119,16.80099703802752,0.00041684978116753485,162830.90720000002,Higher relative profit,Moderate relative profit/ha
4545,Punjab,Patiala,2020,Rabi,Wheat,552.62,30.0,48.8,Laterite,Rain-fed,83.17,13.77,4885.99,5.11,34516.73,313896.0,24967.408900000002,861793311.8008971,64.2440938274536,12.572229711830449,0.00036423582743297085,176380.49030000003,Higher relative profit,Moderate relative profit/ha
4549,Punjab,Patiala,2020,Zaid,Cotton,2144.23,33.7,50.4,Black,Sprinkler,183.54,6.58,4067.13,6.56,24601.0,419905.0,26680.372799999997,656363851.2528,103.24356487252682,15.738348303738846,0.0006397442503857097,161382.56,Higher relative profit,Higher relative profit/ha
4553,Punjab,Patiala,2020,Kharif,Barley,550.24,35.1,58.6,Red,Sprinkler,283.2,15.98,4836.9,5.79,39683.78,434643.0,28005.650999999998,1111370093.0407798,89.85982757551325,15.519832051038557,0.00039108754385390096,229769.0862,Higher relative profit,Higher relative profit/ha
4561,Punjab,Jalandhar,2020,Rabi,Millets,1899.86,21.8,52.8,Laterite,Canal,258.48,26.6,4810.84,5.0,13600.6,397086.0,24054.2,327151552.52000004,82.53984751103756,16.507969502207516,0.001213767738350331,68003.0,Higher relative profit,Moderate relative profit/ha
4567,Punjab,Jalandhar,2020,Kharif,Cotton,1889.78,33.8,76.1,Sandy,Rain-fed,429.44,45.3,3248.89,6.78,12672.18,298727.0,22027.4742,279136118.007756,91.94740357475938,13.561563949079554,0.0010701839737976854,85917.3804,Higher relative profit,Higher relative profit/ha
4568,Punjab,Jalandhar,2020,Rabi,Maize,1554.38,22.2,70.2,Laterite,Canal,311.18,9.69,4972.86,5.77,25046.94,274099.0,28693.402199999997,718681923.2992679,55.11898585522215,9.552683857057565,0.0003813912540636727,144520.84379999997,Higher relative profit,Moderate relative profit/ha
4570,Punjab,Jalandhar,2020,Kharif,Cotton,1506.2,30.1,85.2,Red,Rain-fed,405.44,52.32,2988.44,7.42,55810.96,284324.0,22174.2248,1237564773.343808,95.14127772349453,12.82227462580789,0.00022974474235540633,414117.3232,Higher relative profit,Higher relative profit/ha
4572,Punjab,Jalandhar,2020,Rabi,Sugarcane,908.93,32.0,47.6,Laterite,Tube Well,143.11,40.36,2208.07,8.08,41004.27,281244.0,17841.2056,731565611.547912,127.3709619713143,15.76373291724187,0.00038444125251447885,331314.50159999996,Higher relative profit,Higher relative profit/ha
4575,Punjab,Bathinda,2020,Rabi,Sugarcane,430.69,23.8,64.8,Black,Canal,61.39,30.1,2540.29,6.4,19093.97,286413.0,16257.856,310427014.72832,112.74815080168013,17.61689856276252,0.0009226419944496885,122201.408,Higher relative profit,Higher relative profit/ha
4577,Punjab,Bathinda,2020,Zaid,Barley,965.76,29.6,73.1,Sandy,Canal,264.24,15.74,2809.61,5.3,55821.07,244594.0,14890.933,831227813.3583101,87.05621064845299,16.42570012234962,0.0002942562749576391,295851.67100000003,Higher relative profit,Higher relative profit/ha
4584,Punjab,Bathinda,2020,Kharif,Barley,1517.16,26.4,61.4,Black,Tube Well,358.74,30.02,4951.72,6.29,56139.61,323579.0,31146.3188,1748542190.3676682,65.34678859063114,10.388996596284759,0.00018505644403808217,353118.1469,Higher relative profit,Moderate relative profit/ha
4586,Punjab,Bathinda,2020,Rabi,Millets,1401.4,30.3,43.7,Alluvial,Canal,233.47,59.52,4828.88,5.47,45834.0,402645.0,26413.9736,1210658065.9824,83.38268915359255,15.243636042704305,0.0003325835851704915,250711.97999999998,Higher relative profit,Moderate relative profit/ha
4587,Punjab,Bathinda,2020,Rabi,Maize,1513.58,36.9,46.6,Red,Tube Well,320.21,37.29,3867.9,6.21,27511.69,403161.0,24019.659,660821412.31371,104.23252927945397,16.784626292987756,0.0006100907030061678,170847.5949,Higher relative profit,Higher relative profit/ha
4588,Punjab,Bathinda,2020,Kharif,Wheat,1277.45,20.2,37.3,Alluvial,Rain-fed,222.61,43.23,2027.29,7.87,41078.44,271977.0,15954.7723,655397156.639212,134.15791524646204,17.046749078330624,0.0004149804393333979,323287.3228,Higher relative profit,Higher relative profit/ha
4591,Maharashtra,Pune,2020,Kharif,Sugarcane,2055.72,36.9,35.1,Red,Tube Well,201.43,45.34,2792.31,7.39,21167.76,355834.0,20635.170899999997,436800345.1701839,127.43355859485516,17.244053937057533,0.0008146376346414328,156429.74639999997,Higher relative profit,Higher relative profit/ha
4592,Maharashtra,Pune,2020,Kharif,Barley,1344.87,27.5,78.5,Alluvial,Canal,433.66,49.2,4467.75,5.27,54369.42,332126.0,23545.0425,1280130304.60035,74.33853729505904,14.105984306462815,0.00025944702567109996,286526.84339999995,Higher relative profit,Moderate relative profit/ha
4594,Maharashtra,Pune,2020,Kharif,Barley,1606.24,25.2,79.9,Sandy,Tube Well,90.71,17.36,4012.76,6.33,20855.79,447007.0,25400.770800000002,529753141.64293206,111.39639549836022,17.598166745396558,0.0008438024522397166,132017.1507,Higher relative profit,Higher relative profit/ha
4596,Maharashtra,Pune,2020,Rabi,Sugarcane,2007.3,28.6,39.0,Alluvial,Tube Well,156.44,5.35,3393.52,6.7,19708.89,340196.0,22736.584,448112833.03176,100.24870930479267,14.962493926088458,0.0007591748660674679,132049.563,Higher relative profit,Higher relative profit/ha
4599,Maharashtra,Pune,2020,Kharif,Sugarcane,642.31,20.0,53.7,Red,Canal,372.02,43.85,4870.61,4.55,32059.82,282774.0,22161.275499999996,710486503.5004098,58.05720433374876,12.75982512829643,0.00039800052303152144,145872.18099999998,Higher relative profit,Moderate relative profit/ha
4603,Maharashtra,Pune,2020,Zaid,Cotton,624.75,19.9,72.2,Black,Rain-fed,191.57,53.41,4952.38,5.79,21898.41,281383.0,28674.2802,627921144.274482,56.817732080333094,9.813079806620568,0.0004481183705401702,126791.7939,Higher relative profit,Moderate relative profit/ha
4604,Maharashtra,Pune,2020,Kharif,Cotton,1824.8,23.3,74.4,Black,Canal,209.99,55.95,4535.54,7.42,42403.35,328721.0,33653.7068,1427029908.2377799,72.47670619154499,9.76775016058558,0.000230353265970391,314632.85699999996,Higher relative profit,Moderate relative profit/ha
4617,Maharashtra,Nashik,2020,Zaid,Sugarcane,2047.65,24.5,52.0,Red,Canal,77.24,11.74,3603.7,5.78,25841.15,278524.0,20829.386,538255288.0339,77.28834253683715,13.371685560006426,0.0005174570620892036,149361.847,Higher relative profit,Moderate relative profit/ha
4630,Maharashtra,Nagpur,2020,Zaid,Sugarcane,1821.52,35.2,43.9,Red,Rain-fed,154.33,53.04,4727.39,4.75,61582.18,269785.0,22455.1025,1382834164.07345,57.068488108660375,12.014418549191658,0.0001950957005612932,292515.355,Higher relative profit,Moderate relative profit/ha
4632,Maharashtra,Nagpur,2020,Kharif,Rice,576.48,31.4,64.7,Alluvial,Rain-fed,119.94,40.79,2881.82,6.51,50629.32,322726.0,18760.6482,949838861.125224,111.9868694089152,17.202284087390968,0.00033976921055607634,329596.8732,Higher relative profit,Higher relative profit/ha
4634,Maharashtra,Nagpur,2020,Zaid,Rice,1991.67,22.9,80.5,Laterite,Sprinkler,341.32,51.57,4775.13,7.39,47892.3,626737.0,35288.210699999996,1690033573.3076098,131.25024868432902,17.76052079625562,0.00037084292874335997,353924.09699999995,Higher relative profit,Higher relative profit/ha
4640,Maharashtra,Nagpur,2020,Rabi,Cotton,1225.66,32.8,73.9,Red,Rain-fed,230.13,57.21,2680.67,6.5,22466.29,277239.0,17424.355,391460612.49295,103.42153267653235,15.911005027158826,0.0007082168452004681,146030.885,Higher relative profit,Higher relative profit/ha
4655,Maharashtra,Aurangabad,2020,Kharif,Millets,628.88,23.7,35.1,Red,Rain-fed,266.23,21.18,3808.25,6.53,34587.89,264381.0,24867.8725,860127238.564025,69.42322589115736,10.631428160973561,0.000307374290856527,225858.9217,Higher relative profit,Moderate relative profit/ha
4658,Maharashtra,Aurangabad,2020,Rabi,Barley,1019.17,27.7,81.5,Sandy,Drip,418.19,31.08,3654.86,7.67,44237.49,323526.0,28032.7762,1240099656.819738,88.51939609177916,11.540990363986854,0.000260887097436741,339301.54829999997,Higher relative profit,Higher relative profit/ha
4665,Maharashtra,Kolhapur,2020,Kharif,Millets,1733.32,33.7,65.7,Laterite,Tube Well,363.72,33.41,4308.44,6.25,41255.02,464155.0,26927.749999999996,1110904864.8049998,107.73156873485532,17.23705099757685,0.00041781705590196905,257843.87499999997,Higher relative profit,Higher relative profit/ha
4678,Maharashtra,Kolhapur,2020,Kharif,Rice,2166.78,30.4,38.0,Black,Tube Well,346.64,20.8,4314.24,5.27,41856.11,399180.0,22736.044799999996,951642392.1137278,92.52614597240766,17.5571434482747,0.0004194642896407406,220581.69969999997,Higher relative profit,Higher relative profit/ha
4689,Karnataka,Bengaluru,2020,Zaid,Millets,1355.24,37.2,55.4,Alluvial,Tube Well,275.37,28.14,4665.3,8.27,53409.32,438200.0,38582.031,2060640039.92892,93.9275073414357,11.357618783728622,0.0002126523757226009,441695.07639999996,Higher relative profit,Higher relative profit/ha
4690,Karnataka,Bengaluru,2020,Kharif,Maize,1809.64,25.7,43.5,Black,Drip,357.34,28.88,4464.12,4.71,16931.39,365495.0,21026.0052,355999494.18322796,81.87391915987922,17.382997698488158,0.0010266728070458574,79746.84689999999,Higher relative profit,Moderate relative profit/ha
4692,Karnataka,Bengaluru,2020,Kharif,Cotton,1940.29,18.6,52.9,Laterite,Sprinkler,139.9,45.46,4042.59,6.05,44085.76,383812.0,24457.6695,1078234947.73632,94.94210394821141,15.69290974350602,0.0003559632349199837,266718.848,Higher relative profit,Higher relative profit/ha
4693,Karnataka,Bengaluru,2020,Zaid,Barley,1647.81,31.9,67.5,Alluvial,Drip,394.21,38.86,2996.08,6.99,34575.59,322192.0,20942.5992,724102723.4735279,107.53784945662332,15.384527819259416,0.0004449534431446989,241683.3741,Higher relative profit,Higher relative profit/ha
4694,Karnataka,Bengaluru,2020,Zaid,Rice,589.54,35.7,36.2,Sandy,Canal,388.56,55.78,2350.39,6.61,29675.15,265401.0,15536.0779,461035442.09418505,112.9178561855692,17.082882932763873,0.0005756629008703872,196152.74150000003,Higher relative profit,Higher relative profit/ha
4695,Karnataka,Bengaluru,2020,Zaid,Barley,1925.66,19.3,83.5,Sandy,Rain-fed,223.43,7.7,2918.92,7.77,34811.85,365618.0,22680.0084,789533050.4195399,125.25797212667699,16.120717133420463,0.0004630813109162674,270488.0745,Higher relative profit,Higher relative profit/ha
4700,Karnataka,Mysuru,2020,Zaid,Barley,1408.33,30.3,77.9,Red,Tube Well,203.05,39.02,2363.27,8.25,55097.92,279797.0,19496.9775,1074242906.5368,118.39400491691597,14.350788474777692,0.0002604597138109332,454557.83999999997,Higher relative profit,Higher relative profit/ha
4706,Karnataka,Mysuru,2020,Rabi,Wheat,1692.44,29.2,42.6,Laterite,Drip,154.14,11.77,2266.46,7.67,26748.13,239710.0,17383.7482,464982756.74086607,105.76405495795204,13.78931616140183,0.0005155244931665066,205158.1571,Higher relative profit,Higher relative profit/ha
4708,Karnataka,Mysuru,2020,Rabi,Wheat,884.92,36.2,43.0,Sandy,Tube Well,116.64,45.11,4692.41,5.26,20943.83,250170.0,24682.076599999997,516937216.35737795,53.313755618115216,10.13569498443255,0.00048394658400266574,110164.54579999999,Higher relative profit,Moderate relative profit/ha
4709,Karnataka,Mysuru,2020,Rabi,Wheat,1780.73,36.8,59.2,Red,Drip,65.61,8.8,3371.06,7.72,27908.82,253190.0,26024.583199999997,726315408.1038239,75.1069396569625,9.728878193907061,0.00034859511057461624,215456.0904,Higher relative profit,Moderate relative profit/ha
4713,Karnataka,Mysuru,2020,Zaid,Wheat,1821.72,33.8,42.3,Alluvial,Sprinkler,247.63,24.7,4452.52,5.18,49620.06,304087.0,23064.0536,1144439723.475216,68.29548210900792,13.184456005599987,0.0002657081834564486,257031.91079999995,Higher relative profit,Moderate relative profit/ha
4715,Karnataka,Mysuru,2020,Kharif,Maize,1870.0,18.2,57.4,Laterite,Rain-fed,433.93,10.15,3513.08,7.36,49120.88,332356.0,25856.2688,1270082676.972544,94.60530360822982,12.853981468509485,0.000261680602393717,361529.6768,Higher relative profit,Higher relative profit/ha
4721,Karnataka,Hubli,2020,Zaid,Millets,466.75,36.3,52.0,Sandy,Canal,205.72,5.95,2270.27,8.0,50769.22,231664.0,18162.16,922078696.7152001,102.04248833839146,12.755311042298933,0.0002512410283691365,406153.76,Higher relative profit,Higher relative profit/ha
4725,Karnataka,Hubli,2020,Rabi,Barley,1703.76,23.8,78.7,Black,Rain-fed,162.07,32.55,4760.44,5.37,55588.99,271895.0,25563.5628,1421052636.853572,57.115518733562446,10.636037008112186,0.00019133351780833196,298512.8763,Higher relative profit,Moderate relative profit/ha
4726,Karnataka,Hubli,2020,Rabi,Pulses,1172.06,26.2,56.7,Black,Drip,291.41,9.37,2552.99,7.34,19391.35,322380.0,18738.9466,363373472.15190995,126.27546523879843,17.203741858146927,0.000887186392806428,142332.509,Higher relative profit,Higher relative profit/ha
4734,Karnataka,Hubli,2020,Rabi,Pulses,1454.27,18.1,45.5,Sandy,Sprinkler,366.43,12.97,3810.72,7.31,31073.46,476463.0,27856.363199999996,865593587.6406718,125.03227736490743,17.104278709289662,0.0005504465453570238,227146.99259999997,Higher relative profit,Higher relative profit/ha
4737,Karnataka,Belagavi,2020,Rabi,Rice,1245.54,21.1,38.9,Laterite,Sprinkler,217.37,9.03,4188.37,8.41,18394.79,304055.0,35224.1917,647941609.2412431,72.59506681596898,8.631993676096192,0.00046926296392055527,154700.18390000003,Higher relative profit,Moderate relative profit/ha
4743,Karnataka,Belagavi,2020,Rabi,Sugarcane,780.0,31.9,87.4,Red,Tube Well,413.4,20.14,4368.03,3.76,38574.89,242027.0,16423.7928,633546000.642792,55.40873116713942,14.736364672111549,0.0003820196161832619,145041.5864,Higher relative profit,Moderate relative profit/ha
4744,Karnataka,Belagavi,2020,Rabi,Pulses,1363.53,24.7,53.0,Alluvial,Drip,254.26,18.13,2186.37,6.65,60166.18,241140.0,14539.3605,874777780.9278901,110.29240247533583,16.585323680501627,0.00027565857896415605,400105.09700000007,Higher relative profit,Higher relative profit/ha
4748,Karnataka,Belagavi,2020,Zaid,Sugarcane,2012.0,22.5,49.3,Alluvial,Rain-fed,409.57,59.21,2607.53,6.64,19902.0,276140.0,17313.999200000002,344583212.0784,105.90098675758284,15.948943788792596,0.000801373921655743,132149.28,Higher relative profit,Higher relative profit/ha
4753,Karnataka,Mangalore,2020,Zaid,Cotton,1848.43,26.4,72.4,Laterite,Rain-fed,372.27,52.3,3352.44,5.94,56460.64,267336.0,19913.4936,1124328593.291904,79.74370905966997,13.424866845062283,0.00023777390488422174,335376.2016,Higher relative profit,Moderate relative profit/ha
4759,Karnataka,Mangalore,2020,Rabi,Pulses,608.6,20.2,80.5,Laterite,Drip,446.54,54.65,3783.74,5.86,28340.73,275733.0,22172.7164,628390968.8589721,72.87313610343206,12.435688754851885,0.0004387921113835771,166076.67780000003,Higher relative profit,Moderate relative profit/ha
4761,Karnataka,Mangalore,2020,Kharif,Wheat,1078.22,28.2,41.1,Sandy,Tube Well,432.58,5.41,4653.04,8.34,64150.06,510064.00000000006,38806.3536,2489429911.821216,109.6195175627117,13.143827045888692,0.00020489189013835207,535011.5004,Higher relative profit,Higher relative profit/ha
4763,Karnataka,Mangalore,2020,Rabi,Millets,712.75,34.4,55.0,Black,Drip,75.36,55.74,4939.94,5.76,54570.02,502884.0,28454.054399999997,1552738317.6890879,101.79961699939676,17.673544617950828,0.0003238691248042575,314323.3152,Higher relative profit,Higher relative profit/ha
4765,Karnataka,Mangalore,2020,Zaid,Wheat,978.52,32.6,62.6,Sandy,Tube Well,411.94,56.34,4216.62,7.54,42624.76,313423.0,31793.3148,1355182412.954448,74.33038784618961,9.858141624163077,0.00023127735204052943,321390.6904,Higher relative profit,Moderate relative profit/ha
4772,Tamil Nadu,Chennai,2020,Kharif,Millets,450.49,22.7,39.9,Sandy,Tube Well,84.57,37.35,3390.48,6.26,35579.73,241681.0,21224.4048,755158592.194704,71.28223732332884,11.38693886954135,0.00032004005846984643,222729.1098,Higher relative profit,Moderate relative profit/ha
4773,Tamil Nadu,Chennai,2020,Kharif,Wheat,1169.03,37.0,89.8,Red,Tube Well,70.14,58.09,2416.44,8.46,45927.17,302671.0,20443.082400000003,938892920.7088081,125.25492046150535,14.805546153842238,0.0003223700949534282,388543.8582,Higher relative profit,Higher relative profit/ha
4779,Tamil Nadu,Chennai,2020,Kharif,Cotton,473.27,30.4,50.0,Black,Rain-fed,414.89,59.6,4451.09,7.17,29027.7,287630.0,31914.315300000002,926399170.2338101,64.62012675546889,9.012569979842242,0.0003104817116010653,208128.609,Higher relative profit,Moderate relative profit/ha
4785,Tamil Nadu,Chennai,2020,Kharif,Millets,1869.79,27.5,83.3,Sandy,Tube Well,363.74,41.06,4138.47,7.92,13675.74,589610.0,32776.682400000005,448245386.56497604,142.47052654725056,17.988702846875068,0.0013153732702490006,108311.8608,Higher relative profit,Higher relative profit/ha
4791,Tamil Nadu,Coimbatore,2020,Zaid,Rice,954.94,27.2,59.5,Black,Canal,114.04,32.89,1697.07,8.15,53819.07,244066.0,13831.1205,744378042.3679351,143.81610658370016,17.64614804707977,0.00032787909651875755,438625.42050000007,Higher relative profit,Higher relative profit/ha
4795,Tamil Nadu,Coimbatore,2020,Kharif,Millets,641.83,29.8,77.5,Alluvial,Canal,375.01,56.5,2656.47,8.3,17517.35,389909.0,22048.701,386234812.46235,146.77711398961782,17.68398963730335,0.0010095128336936436,145394.005,Higher relative profit,Higher relative profit/ha
4797,Tamil Nadu,Coimbatore,2020,Rabi,Cotton,659.37,22.5,59.1,Sandy,Tube Well,237.39,37.63,4989.76,4.69,25227.49,383807.0,23401.974400000003,590373075.1562561,76.91892996857564,16.400624726775188,0.0006501092548951635,118316.9281,Higher relative profit,Moderate relative profit/ha
4798,Tamil Nadu,Coimbatore,2020,Kharif,Barley,454.19,34.4,61.7,Sandy,Canal,53.03,35.13,2400.8,8.16,54169.38,321116.0,19590.528000000002,1061206755.63264,133.75374875041652,16.39139077823732,0.00030259513360199656,442022.1408,Higher relative profit,Higher relative profit/ha
4799,Tamil Nadu,Coimbatore,2020,Rabi,Pulses,1220.31,37.5,41.4,Sandy,Drip,390.95,45.71,4099.56,7.16,21533.86,347667.0,29352.849600000005,632080153.8874562,84.80593039252992,11.84440368610753,0.0005500362538860905,154182.43760000003,Higher relative profit,Higher relative profit/ha
4803,Tamil Nadu,Coimbatore,2020,Kharif,Barley,703.05,18.5,77.6,Laterite,Tube Well,324.0,46.68,3280.06,8.48,17116.62,481682.0,27814.9088,476097224.264256,146.8515819832564,17.31740353576137,0.0010117303261836371,145148.9376,Higher relative profit,Higher relative profit/ha
4808,Tamil Nadu,Madurai,2020,Rabi,Rice,1726.25,32.3,37.5,Alluvial,Tube Well,198.64,35.55,3818.43,5.4,49730.92,307185.0,20619.522,1025427799.02024,80.44798516667845,14.897775030866379,0.0002995676539035751,268546.968,Higher relative profit,Moderate relative profit/ha
4817,Tamil Nadu,Madurai,2020,Kharif,Rice,634.78,19.3,79.8,Sandy,Tube Well,113.97,13.56,3991.94,6.97,45103.56,442512.0,27823.821799999998,1254953415.9856079,110.85136550148549,15.904069655880273,0.00035261229171001745,314371.8132,Higher relative profit,Higher relative profit/ha
4818,Tamil Nadu,Madurai,2020,Zaid,Sugarcane,430.93,31.7,37.1,Red,Tube Well,143.96,13.78,4661.63,4.89,35526.13,360714.0,22795.3707,809831302.8863909,77.37937159319809,15.824002370797155,0.00044541869240463726,173722.77569999997,Higher relative profit,Moderate relative profit/ha
4819,Tamil Nadu,Madurai,2020,Zaid,Sugarcane,1242.47,37.4,55.2,Red,Rain-fed,429.99,45.91,4667.17,7.89,46102.47,302559.0,36823.9713,1697676032.139111,64.82707936501134,8.216359868822732,0.00017821951554488794,363748.4883,Higher relative profit,Moderate relative profit/ha
4822,Tamil Nadu,Madurai,2020,Zaid,Maize,1317.14,38.0,85.7,Laterite,Canal,153.7,54.1,3786.65,6.58,19838.85,418836.0,24916.157,494307901.2994499,110.6085854251119,16.809815414150748,0.0008473180357808415,130539.63299999997,Higher relative profit,Higher relative profit/ha
4827,Tamil Nadu,Salem,2020,Rabi,Wheat,1945.16,34.5,63.1,Black,Drip,274.76,27.39,4607.46,6.55,45699.25,406087.0,30178.863,1379151404.95275,88.13684763405433,13.456007272374707,0.00029444700454328484,299330.08749999997,Higher relative profit,Higher relative profit/ha
4828,Tamil Nadu,Salem,2020,Kharif,Pulses,2061.13,30.9,89.7,Red,Sprinkler,257.72,14.86,2757.48,7.65,31570.59,320182.0,21094.722,665972819.4259801,116.11398813409345,15.178299102495874,0.00048077337491937505,241515.01350000003,Higher relative profit,Higher relative profit/ha
4835,Tamil Nadu,Salem,2020,Rabi,Rice,529.02,27.5,88.9,Red,Sprinkler,403.22,25.78,4045.48,8.15,27443.18,481351.0,32970.662000000004,904819811.9851601,118.98489178045621,14.599373224595853,0.0005319854777979758,223661.91700000002,Higher relative profit,Higher relative profit/ha
4840,Tamil Nadu,Salem,2020,Rabi,Millets,2097.57,37.0,70.7,Laterite,Tube Well,68.91,28.32,4834.16,6.31,52458.79,385917.0,30503.5496,1600179302.720984,79.83124265642842,12.651544002603554,0.00024117109835365157,331014.9649,Higher relative profit,Moderate relative profit/ha
4847,Tamil Nadu,Tiruchirappalli,2020,Kharif,Rice,1878.92,31.8,41.9,Sandy,Rain-fed,81.83,24.57,4517.97,6.66,17472.13,298960.0,30089.680200000003,525730804.11282605,66.1713114518246,9.935632350123813,0.0005686560453776278,116364.3858,Higher relative profit,Moderate relative profit/ha
4850,Tamil Nadu,Tiruchirappalli,2020,Kharif,Millets,875.43,31.5,60.0,Black,Drip,419.35,11.82,3471.41,7.18,40616.22,309614.0,24924.7238,1012348065.3000361,89.1896952535137,12.42196312723032,0.00030583749859613524,291624.45960000006,Higher relative profit,Higher relative profit/ha
4851,Tamil Nadu,Tiruchirappalli,2020,Zaid,Barley,1197.8,20.1,43.0,Sandy,Tube Well,92.99,24.5,4692.15,6.77,56029.8,393558.0,31765.855499999994,1779834530.4938998,83.87583517150986,12.389340498007368,0.00022112055545455038,379321.746,Higher relative profit,Moderate relative profit/ha
4854,Tamil Nadu,Tiruchirappalli,2020,Zaid,Cotton,467.46,18.3,43.2,Red,Tube Well,372.14,58.71,3935.14,5.56,37773.44,327328.0,21879.378399999998,826459387.2296959,83.18077628750184,14.96057127473055,0.0003960605990540059,210020.3264,Higher relative profit,Moderate relative profit/ha
4855,Tamil Nadu,Tiruchirappalli,2020,Zaid,Barley,1677.97,19.4,66.4,Black,Tube Well,336.61,55.26,4862.0,6.22,42332.12,490721.0,30241.64,1280192733.4768,100.92986425339366,16.226666278680653,0.0003833180638881458,263305.7864,Higher relative profit,Higher relative profit/ha
4857,Tamil Nadu,Tiruchirappalli,2020,Kharif,Maize,1863.69,28.0,84.8,Black,Tube Well,280.58,59.34,4738.16,6.31,39577.53,502204.0,29897.789599999996,1183280664.8276877,105.9913552940382,16.797362170212075,0.0004244166366676263,249734.21429999996,Higher relative profit,Higher relative profit/ha
4859,Tamil Nadu,Tiruchirappalli,2020,Rabi,Pulses,1140.1,35.7,75.0,Laterite,Sprinkler,385.86,12.95,3257.59,6.57,13190.66,236524.0,21402.3663,282311337.058758,72.60704999708373,11.051301369419138,0.0008378126166104756,86662.63620000001,Higher relative profit,Moderate relative profit/ha
4861,Rajasthan,Jaipur,2020,Zaid,Maize,804.03,34.0,47.1,Sandy,Sprinkler,231.1,58.64,4846.51,7.51,57092.0,394648.0,36397.2901,2077994086.3892,81.42931717875337,10.842785243509104,0.00018991776857544147,428760.92,Higher relative profit,Moderate relative profit/ha
4870,Rajasthan,Jaipur,2020,Rabi,Sugarcane,1424.36,30.8,42.5,Black,Rain-fed,336.69,22.31,4446.9,4.9,18380.07,388087.0,21789.81,400498233.0867,87.27135757493986,17.810481137742826,0.0009690105172473676,90062.34300000001,Higher relative profit,Higher relative profit/ha
4873,Rajasthan,Jaipur,2020,Zaid,Sugarcane,1544.69,34.8,74.1,Alluvial,Tube Well,297.61,21.76,3561.18,5.76,42263.83,357715.0,20512.3968,866932451.247744,100.4484468631184,17.43896646929139,0.00041262153641284736,243439.6608,Higher relative profit,Higher relative profit/ha
4875,Rajasthan,Jaipur,2020,Zaid,Millets,2199.08,19.6,51.1,Black,Canal,427.42,5.07,4632.06,3.4,63838.11,254130.00000000003,15749.004,1005386649.7424401,54.8632789730703,16.136258521491264,0.0002527684250284237,217049.574,Higher relative profit,Moderate relative profit/ha
4877,Rajasthan,Jaipur,2020,Zaid,Maize,1566.62,31.4,88.5,Red,Tube Well,293.96,12.19,4932.26,6.53,18692.44,497053.0,32207.6578,602039710.967032,100.77591205654203,15.432758354753757,0.000825614973473434,122061.63319999998,Higher relative profit,Higher relative profit/ha
4880,Rajasthan,Jodhpur,2020,Kharif,Millets,1601.76,18.3,65.6,Black,Drip,396.65,33.03,4824.14,7.33,55855.34,485988.0,35360.946200000006,1975097672.7227082,100.74085743780238,13.74363675822679,0.0002460577047463464,409419.6422,Higher relative profit,Higher relative profit/ha
4896,Rajasthan,Jodhpur,2020,Rabi,Millets,1966.21,23.2,40.6,Laterite,Tube Well,207.21,49.4,4446.68,7.92,31289.53,523853.0,35217.7056,1101945455.902368,117.8076677431252,14.87470552312187,0.00047538922838156626,247813.0776,Higher relative profit,Higher relative profit/ha
4901,Rajasthan,Udaipur,2020,Zaid,Sugarcane,990.81,29.0,73.0,Sandy,Canal,438.89,28.55,3723.92,6.04,31214.83,249519.0,22492.4768,702098839.590944,67.00439322004769,11.093442586100611,0.0003553901330265329,188537.5732,Higher relative profit,Moderate relative profit/ha
4909,Rajasthan,Udaipur,2020,Kharif,Sugarcane,1334.88,33.2,62.0,Red,Drip,55.02,39.76,3768.75,3.76,52503.28,250738.0,14170.5,743997729.24,66.53081260364843,17.694365054161814,0.00033701446946099017,197412.3328,Higher relative profit,Moderate relative profit/ha
4911,Rajasthan,Udaipur,2020,Rabi,Pulses,1150.05,29.4,38.5,Black,Sprinkler,386.98,5.74,2758.42,7.84,35367.09,250532.00000000003,21626.0128,764849141.038752,90.82445747928162,11.584752229500207,0.0003275574051894065,277277.98559999996,Higher relative profit,Higher relative profit/ha
4913,Rajasthan,Udaipur,2020,Zaid,Sugarcane,990.18,28.5,45.7,Alluvial,Sprinkler,424.25,9.85,4063.86,6.91,61469.69,306295.0,28081.2726,1726147121.5274942,75.37046059657567,10.907447264338012,0.00017744431872583077,424755.5579,Higher relative profit,Moderate relative profit/ha
4914,Rajasthan,Udaipur,2020,Rabi,Wheat,966.07,31.0,84.2,Alluvial,Drip,448.19,42.4,2661.64,6.39,31091.57,256549.0,17007.879599999997,528801679.1349719,96.38756556108264,15.08412606589713,0.0004851516364692143,198675.13229999997,Higher relative profit,Higher relative profit/ha
4918,Rajasthan,Kota,2020,Rabi,Barley,785.67,25.2,42.6,Black,Drip,416.64,27.62,4170.71,5.71,35078.46,399877.0,23814.7541,835384899.1066859,95.87744053170803,16.79114545213801,0.00047867396265793914,200298.00659999996,Higher relative profit,Higher relative profit/ha
4919,Rajasthan,Kota,2020,Zaid,Sugarcane,2188.96,29.2,54.4,Alluvial,Canal,270.37,18.74,2898.44,5.83,35712.2,258815.0,16897.9052,603461370.08344,89.29458605318723,15.316395549431771,0.00042888412221682714,208202.126,Higher relative profit,Higher relative profit/ha
4922,Rajasthan,Kota,2020,Rabi,Barley,404.69,28.1,64.2,Laterite,Rain-fed,230.33,12.32,3367.97,4.93,13761.16,296052.0,16604.092099999998,228491568.04283598,87.90220815506076,17.83006250609752,0.001295680197461371,67842.5188,Higher relative profit,Higher relative profit/ha
4924,Rajasthan,Kota,2020,Zaid,Wheat,1388.47,26.7,51.8,Laterite,Canal,141.13,55.06,4921.14,5.48,23971.48,313899.0,26967.847200000004,646459209.7978561,63.785830112534896,11.639750020535564,0.0004855665991643221,131363.7104,Higher relative profit,Moderate relative profit/ha
4928,Rajasthan,Kota,2020,Kharif,Cotton,645.94,35.9,65.5,Sandy,Drip,375.49,55.11,3179.56,6.01,39846.31,259560.0,19109.1556,761429337.8758359,81.63393677112556,13.583017765578298,0.000340885210338882,239476.32309999998,Higher relative profit,Moderate relative profit/ha
4933,Rajasthan,Ajmer,2020,Zaid,Wheat,1446.53,22.7,64.9,Sandy,Sprinkler,189.34,20.48,3950.93,7.35,43294.3,443685.00000000006,29039.335499999997,1257237702.93765,112.29887646705967,15.278758703001317,0.00035290462492756127,318213.105,Higher relative profit,Higher relative profit/ha
4934,Rajasthan,Ajmer,2020,Kharif,Sugarcane,411.87,20.4,76.8,Sandy,Drip,220.23,7.72,2724.91,6.83,36843.03,296037.0,18611.135299999998,685690616.1919589,108.64101933641845,15.906444998011487,0.0004317355276699959,251637.89489999998,Higher relative profit,Higher relative profit/ha
4936,Rajasthan,Ajmer,2020,Kharif,Barley,1750.41,24.7,75.5,Sandy,Canal,392.21,53.26,2965.43,7.96,45491.81,349798.0,23604.822799999998,1073826113.9012678,117.95860971258806,14.81892081816433,0.00032574920228859507,362114.80759999994,Higher relative profit,Higher relative profit/ha
4944,Rajasthan,Ajmer,2020,Zaid,Barley,547.67,35.6,61.5,Red,Canal,281.19,32.9,4447.06,7.76,48535.41,311029.0,34509.185600000004,1674917471.8620963,69.9403650951415,9.012933646281121,0.00018569810466793462,376634.78160000005,Higher relative profit,Moderate relative profit/ha
4945,Rajasthan,Ajmer,2020,Zaid,Barley,1322.85,31.8,61.4,Black,Drip,217.59,12.76,4162.47,7.57,40257.87,451015.0,31509.897900000004,1268521373.3714733,108.35273287254923,14.31343895278061,0.0003555438713667814,304752.07590000005,Higher relative profit,Higher relative profit/ha
4946,Rajasthan,Ajmer,2020,Kharif,Millets,597.28,25.5,58.0,Black,Tube Well,439.82,15.85,3482.0,4.92,26650.99,258360.0,17131.44,456569836.1256,74.1987363584147,15.081043975287542,0.0005658718109641534,131122.8708,Higher relative profit,Moderate relative profit/ha
4954,West Bengal,Kolkata,2020,Rabi,Sugarcane,1737.13,22.1,46.2,Red,Rain-fed,371.19,58.0,3328.03,7.33,39583.86,341695.0,24394.4599,965626885.4572141,102.67185091480545,14.007073794652857,0.000353858208740958,290149.6938,Higher relative profit,Higher relative profit/ha
4960,West Bengal,Kolkata,2020,Rabi,Pulses,1270.44,37.4,47.9,Black,Tube Well,253.06,34.07,3659.62,8.38,53087.02,384299.0,30667.6156,1628052322.709512,105.0106295189118,12.531101374571813,0.00023604831038871298,444869.2276,Higher relative profit,Higher relative profit/ha
4961,West Bengal,Kolkata,2020,Zaid,Rice,2155.68,27.5,77.4,Alluvial,Canal,387.05,42.88,4777.32,3.76,61452.01,259110.0,17962.723199999997,1103845445.7136319,54.237522292833646,14.424872950221715,0.00023473394849447097,231059.5576,Higher relative profit,Moderate relative profit/ha
4962,West Bengal,Kolkata,2020,Kharif,Millets,1915.48,28.9,62.6,Sandy,Tube Well,245.08,23.1,4004.39,6.76,31049.38,376157.0,27069.676399999997,840496669.0206319,93.93615506981088,13.895880927486818,0.0004475413334336086,209893.80879999997,Higher relative profit,Higher relative profit/ha
4965,West Bengal,Kolkata,2020,Rabi,Wheat,1857.97,21.9,59.4,Black,Sprinkler,51.65,34.81,2143.11,8.04,15352.39,307244.0,17230.6044,264530958.68451598,143.36361642659497,17.83129557544714,0.0011614670794219753,123433.21559999998,Higher relative profit,Higher relative profit/ha
4966,West Bengal,Kolkata,2020,Kharif,Rice,497.33,33.8,60.3,Black,Canal,167.37,16.95,4001.06,4.9,35644.69,284051.0,19605.194,698821062.51986,70.9939366067992,14.488558491183511,0.0004064717210665462,174658.981,Higher relative profit,Moderate relative profit/ha
4976,West Bengal,Howrah,2020,Kharif,Cotton,651.45,35.2,47.7,Laterite,Drip,135.85,16.42,4523.51,7.4,48475.26,560323.0,33473.974,1622659592.8832402,123.86907512086853,16.739064205522773,0.0003453114889022312,358716.92400000006,Higher relative profit,Higher relative profit/ha
4979,West Bengal,Howrah,2020,Kharif,Millets,2040.18,28.2,66.7,Alluvial,Drip,144.43,59.75,3560.87,4.65,61764.32,242327.0,16558.0455,1022696420.83656,68.05275115351024,14.635000248066717,0.00023694910343166926,287204.088,Higher relative profit,Moderate relative profit/ha
4980,West Bengal,Howrah,2020,Rabi,Millets,885.13,29.5,80.8,Alluvial,Canal,272.69,12.16,4199.48,7.81,32153.03,303826.0,32797.938799999996,1054553110.1745639,72.34848124053455,9.263569941169596,0.00028810877050062145,251115.1643,Higher relative profit,Moderate relative profit/ha
4983,West Bengal,Howrah,2020,Rabi,Rice,431.93,25.2,38.2,Black,Sprinkler,358.32,10.45,4050.03,8.31,44865.36,391528.0,33655.7493,1509977308.4142482,96.67286415162356,11.633316985754941,0.00025929396277562334,372831.14160000003,Higher relative profit,Higher relative profit/ha
4985,West Bengal,Howrah,2020,Rabi,Cotton,980.27,37.7,38.5,Laterite,Canal,169.59,46.0,3479.51,5.5,18911.49,255398.0,19137.305,361914952.13445,73.40056502208644,13.345557276742989,0.0007056851298730554,104013.19499999999,Higher relative profit,Moderate relative profit/ha
4988,West Bengal,Darjeeling,2020,Kharif,Barley,1887.91,19.9,52.4,Black,Drip,271.69,10.52,4019.28,7.3,13961.78,483229.0,29340.744000000002,409649012.7643201,120.227752234231,16.469555100579587,0.001179617147711795,101920.99400000002,Higher relative profit,Higher relative profit/ha
4993,West Bengal,Darjeeling,2020,Zaid,Wheat,473.38,30.7,64.7,Alluvial,Canal,92.79,15.18,4519.03,7.9,37448.56,473002.00000000006,35700.337,1336926212.1647198,104.66892231297426,13.249230672528387,0.0003537981346286316,295843.62399999995,Higher relative profit,Higher relative profit/ha
4994,West Bengal,Darjeeling,2020,Kharif,Maize,699.63,20.7,69.4,Alluvial,Canal,348.55,46.68,3978.96,4.23,62043.85,294500.0,16831.0008,1044260088.9850801,74.01431529846995,17.497474065832137,0.000282017864233637,262445.4855,Higher relative profit,Moderate relative profit/ha
4996,West Bengal,Darjeeling,2020,Kharif,Rice,978.81,18.6,79.2,Red,Canal,301.11,9.58,3499.31,7.31,57167.94,429140.0,25579.9561,1462353395.527434,122.63560530504586,16.776416594397517,0.0002934584768035636,417897.6414,Higher relative profit,Higher relative profit/ha
4999,West Bengal,Darjeeling,2020,Rabi,Rice,456.73,25.4,51.7,Alluvial,Canal,152.33,43.73,2558.27,8.5,53746.08,243126.00000000003,21745.295,1168724364.6936,95.03531683520505,11.180625510024125,0.00020802680883934464,456841.68,Higher relative profit,Higher relative profit/ha
5000,West Bengal,Darjeeling,2020,Rabi,Pulses,1399.97,33.9,51.3,Black,Rain-fed,339.12,23.66,3021.12,7.16,36781.23,362516.0,21631.2192,795622848.575616,119.99390954348057,16.758925913893933,0.00045563799562695247,263353.6068,Higher relative profit,Higher relative profit/ha
5002,West Bengal,Darjeeling,2020,Zaid,Millets,1391.18,25.1,58.2,Red,Sprinkler,417.49,25.74,4221.92,7.36,64234.38,539307.0,31073.3312,1995976164.166656,127.7397487399098,17.355944122270355,0.0002701971144155257,472765.0368,Higher relative profit,Higher relative profit/ha
5009,West Bengal,Siliguri,2020,Rabi,Maize,1231.87,27.4,72.3,Alluvial,Canal,85.61,25.32,3125.51,8.24,46297.8,236263.0,25754.202400000002,1192362911.87472,75.59182341441876,9.173764977478005,0.00019814688770261233,381493.87200000003,Higher relative profit,Moderate relative profit/ha
5010,West Bengal,Siliguri,2020,Rabi,Rice,769.05,20.3,80.2,Sandy,Tube Well,444.77,48.12,3165.56,4.86,15577.46,268209.0,15384.6216,239653327.589136,84.7271888702157,17.433577956834505,0.001119154082683217,75706.4556,Higher relative profit,Higher relative profit/ha
5012,West Bengal,Siliguri,2020,Kharif,Barley,2099.57,30.7,36.4,Laterite,Sprinkler,448.85,19.95,3553.46,6.07,12198.25,363166.0,21569.502200000003,263110180.21115002,102.20067202107242,16.837013512532522,0.0013802810659342547,74043.3775,Higher relative profit,Higher relative profit/ha
5013,West Bengal,Siliguri,2020,Rabi,Wheat,2085.19,36.0,79.8,Sandy,Rain-fed,346.39,45.38,4322.09,5.0,51778.21,271243.0,21610.45,1118950418.2945,62.75736969845607,12.551473939691213,0.00024240841735724764,258891.05000000002,Higher relative profit,Moderate relative profit/ha
5015,West Bengal,Siliguri,2020,Kharif,Maize,743.51,28.0,69.8,Alluvial,Sprinkler,354.49,6.77,4244.74,3.6,23890.07,250696.0,15281.064,365065688.63448,59.06039003566767,16.405663898796575,0.0006867147688891902,86004.25200000001,Higher relative profit,Moderate relative profit/ha
5033,West Bengal,Malda,2020,Kharif,Millets,1178.66,35.8,39.1,Sandy,Canal,190.7,50.6,4462.36,7.18,19217.36,473692.0,32039.744799999997,615719310.129728,106.1527980709759,14.784512266152634,0.0007693310770133168,137980.6448,Higher relative profit,Higher relative profit/ha
5042,Uttarakhand,Dehradun,2021,Zaid,Rice,1391.77,32.0,53.7,Red,Sprinkler,279.46,24.94,2694.21,8.07,42939.94,314774.0,21742.2747,933611971.0815182,116.83350592567024,14.477510027964092,0.0003371572020818867,346525.31580000004,Higher relative profit,Higher relative profit/ha
5043,Uttarakhand,Dehradun,2021,Rabi,Maize,896.19,34.5,72.5,Laterite,Canal,404.57,11.34,4350.17,5.01,56574.84,332450.0,21794.3517,1233011960.3312278,76.42230073767232,15.253952243048367,0.0002696243107898912,283439.94839999994,Higher relative profit,Moderate relative profit/ha
5048,Uttarakhand,Dehradun,2021,Zaid,Maize,1591.39,22.8,67.2,Sandy,Tube Well,287.68,54.96,4135.42,4.87,18560.3,342566.0,20139.4954,373795076.47262,82.83705161748988,17.00966152309854,0.0009164540186903518,90388.66100000001,Higher relative profit,Moderate relative profit/ha
5050,Uttarakhand,Dehradun,2021,Rabi,Millets,1092.01,37.1,69.7,Black,Drip,135.18,25.74,4834.19,5.53,26492.24,252766.0,26733.0707,708218924.921368,52.28714634716468,9.455180171277519,0.00035690376394285716,146502.0872,Higher relative profit,Moderate relative profit/ha
5052,Uttarakhand,Dehradun,2021,Zaid,Maize,669.91,26.9,55.7,Alluvial,Tube Well,249.56,53.93,4998.41,3.78,23348.06,279968.0,18893.9898,441138007.489788,56.01141162889799,14.817833764258728,0.0006346494639922429,88255.6668,Higher relative profit,Moderate relative profit/ha
5053,Uttarakhand,Dehradun,2021,Kharif,Sugarcane,445.59,34.3,62.9,Red,Drip,399.99,9.61,3985.05,6.69,50071.41,366390.0,26659.984500000002,1334903014.4931452,91.94112997327511,13.743068755347549,0.0002744693779413751,334977.73290000006,Higher relative profit,Higher relative profit/ha
5062,Uttarakhand,Haridwar,2021,Kharif,Maize,638.14,19.7,86.8,Laterite,Sprinkler,141.41,50.05,4992.1,7.41,45428.92,582490.0,36991.461,1680482122.45212,116.68235812583882,15.746607034526155,0.0003466207656824366,336628.2972,Higher relative profit,Higher relative profit/ha
5064,Uttarakhand,Haridwar,2021,Zaid,Barley,1844.32,36.4,76.2,Red,Sprinkler,253.85,29.92,4775.17,5.29,17226.55,244789.0,25260.6493,435153838.198915,51.26288697575165,9.69052683851638,0.000562534392464909,91128.4495,Higher relative profit,Moderate relative profit/ha
5067,Uttarakhand,Haridwar,2021,Zaid,Barley,1906.4,33.6,46.1,Sandy,Tube Well,144.86,43.01,2020.89,7.32,44283.68,240469.0,14792.9148,655084705.2704641,118.99163239958631,16.255687486282284,0.00036708077301349576,324156.53760000004,Higher relative profit,Higher relative profit/ha
5078,Uttarakhand,Nainital,2021,Zaid,Cotton,2033.19,34.4,85.6,Sandy,Drip,255.84,9.57,4676.47,6.89,62117.1,573710.0,32220.8783,2001467519.44893,122.68014121762782,17.805535735504765,0.00028664467168468526,427986.81899999996,Higher relative profit,Higher relative profit/ha
5079,Uttarakhand,Nainital,2021,Kharif,Barley,416.35,37.8,56.9,Laterite,Drip,224.5,33.19,4735.93,6.92,49706.19,335426.0,32772.6356,1629002851.934364,70.82579345556205,10.234941250803764,0.00020590878622569472,343966.8348,Higher relative profit,Moderate relative profit/ha
5084,Uttarakhand,Nainital,2021,Kharif,Rice,1274.75,22.8,44.5,Sandy,Canal,61.21,22.11,4975.02,5.12,39133.84,347167.0,25472.102400000003,996821179.7852161,69.78203102701094,13.629302934963073,0.0003482741007517554,200365.2608,Higher relative profit,Moderate relative profit/ha
5087,Uttarakhand,Nainital,2021,Rabi,Barley,2057.95,37.7,52.9,Sandy,Canal,326.31,30.09,2186.26,6.93,41870.72,260530.00000000003,15150.7818,634374142.5288961,119.16697922479486,17.195812297950198,0.000410688239847564,290164.0896,Higher relative profit,Higher relative profit/ha
5088,Uttarakhand,Nainital,2021,Rabi,Maize,1390.25,21.2,81.3,Red,Rain-fed,231.98,21.36,3111.15,6.69,64651.34,279896.0,20813.593500000003,1345626709.9902902,89.96544686048567,13.447749904407424,0.0002080041945674664,432517.46460000006,Higher relative profit,Higher relative profit/ha
5092,Uttarakhand,Nainital,2021,Kharif,Sugarcane,469.31,21.8,37.7,Red,Drip,366.34,30.5,4215.81,6.47,45747.3,253716.0,27276.2907,1247816653.54011,60.18202907626292,9.301704648572322,0.00020332794828486754,295985.031,Higher relative profit,Moderate relative profit/ha
5099,Uttarakhand,Almora,2021,Kharif,Barley,501.0,30.8,37.1,Alluvial,Tube Well,249.24,29.51,2402.13,7.77,34221.47,249560.0,18664.5501,638728341.310647,103.89112995549783,13.370801796074366,0.0003907138353809572,265900.8219,Higher relative profit,Higher relative profit/ha
5102,Uttarakhand,Almora,2021,Zaid,Maize,1149.72,21.5,86.9,Red,Canal,184.53,23.32,4452.34,7.63,17686.99,581466.0,33971.3542,600851002.0218581,130.59784293203126,17.11636211428981,0.0009677374224947154,134951.7337,Higher relative profit,Higher relative profit/ha
5105,Uttarakhand,Almora,2021,Kharif,Cotton,899.25,34.3,78.1,Sandy,Tube Well,88.13,21.61,4870.71,4.24,17084.57,233015.0,20651.810400000002,352827300.405528,47.840047960153655,11.283030179281521,0.0006604222511471768,72438.5768,Higher relative profit,Moderate relative profit/ha
5106,Uttarakhand,Almora,2021,Zaid,Rice,990.14,36.7,41.0,Alluvial,Tube Well,215.07,21.59,3781.26,5.8,48623.97,304323.0,21931.308,1066387262.25276,80.48190285777756,13.876190147892684,0.00028537756476677416,282019.026,Higher relative profit,Moderate relative profit/ha
5109,Uttarakhand,Almora,2021,Kharif,Wheat,728.62,20.3,66.3,Red,Sprinkler,230.33,29.52,3881.85,6.27,28081.81,351747.0,24339.1995,683488775.911095,90.61323853317361,14.451872174349859,0.0005146346398024151,176072.9487,Higher relative profit,Higher relative profit/ha
5111,Uttarakhand,Almora,2021,Kharif,Barley,1825.71,35.3,62.6,Sandy,Rain-fed,301.87,14.63,4544.95,6.94,55215.6,339008.0,31541.953,1741607860.0668,74.59003949438387,10.747844307548108,0.0001946523139755451,383196.264,Higher relative profit,Moderate relative profit/ha
5114,Uttarakhand,Pauri,2021,Rabi,Millets,583.24,20.5,42.4,Alluvial,Sprinkler,438.2,38.55,4892.23,3.73,38613.98,279073.0,18248.0179,704628598.230242,57.044129159912764,15.293332214453823,0.0003960568740765345,144030.1454,Higher relative profit,Moderate relative profit/ha
5118,Uttarakhand,Pauri,2021,Zaid,Wheat,863.65,30.5,69.4,Black,Canal,278.6,34.34,2599.67,6.0,24066.15,248087.0,15598.02,375384289.02300006,95.43018921632361,15.905031536053935,0.0006608880745800193,144396.90000000002,Higher relative profit,Higher relative profit/ha
5123,Uttarakhand,Pauri,2021,Kharif,Sugarcane,2132.94,36.3,40.8,Sandy,Sprinkler,279.69,53.57,3166.92,5.88,13695.91,240361.0,18621.4896,255038245.627536,75.89740189205916,12.907721410214142,0.0009424508054020612,80531.95079999999,Higher relative profit,Moderate relative profit/ha
5129,Uttarakhand,Pauri,2021,Rabi,Millets,815.65,29.0,73.4,Laterite,Drip,210.66,24.75,4507.38,4.66,18110.62,238603.00000000003,21004.3908,380402540.110296,52.936073727975014,11.359672473814381,0.0006272381880804953,84395.4892,Higher relative profit,Moderate relative profit/ha
5130,Uttarakhand,Pauri,2021,Zaid,Wheat,743.65,19.4,47.6,Black,Tube Well,217.3,22.24,2373.41,8.31,63767.71,337125.0,19723.0371,1257692910.112041,142.04246211147674,17.092955729419582,0.0002680503303226599,529909.6701,Higher relative profit,Higher relative profit/ha
5132,Uttar Pradesh,Lucknow,2021,Rabi,Wheat,454.6,30.0,68.2,Alluvial,Drip,119.87,52.38,2682.56,8.38,55176.66,297360.0,22479.8528,1240363194.795648,110.84933794584278,13.227844623608924,0.0002397362331030715,462380.41080000007,Higher relative profit,Higher relative profit/ha
5136,Uttar Pradesh,Lucknow,2021,Kharif,Wheat,1332.64,24.6,73.2,Black,Tube Well,381.54,44.04,4708.57,6.96,38236.2,549196.0,32771.6472,1253063256.66864,116.63753538760176,16.758266578678413,0.00043828274197431794,266123.952,Higher relative profit,Higher relative profit/ha
5141,Uttar Pradesh,Lucknow,2021,Kharif,Pulses,861.02,35.0,44.3,Black,Canal,261.9,51.18,3646.81,7.14,26542.25,420054.0,26038.2234,691113035.0386499,115.18395529243367,16.13220662359015,0.000607793484862442,189511.66499999998,Higher relative profit,Higher relative profit/ha
5146,Uttar Pradesh,Lucknow,2021,Zaid,Maize,1494.5,27.4,76.0,Laterite,Sprinkler,205.71,38.37,4578.07,6.27,36475.84,263486.0,28704.498899999995,1047020709.1565757,57.553947405784534,9.17925795945527,0.0002516530931009477,228703.51679999995,Higher relative profit,Moderate relative profit/ha
5154,Uttar Pradesh,Kanpur,2021,Kharif,Rice,1932.33,34.5,45.3,Laterite,Drip,171.51,49.02,4211.05,7.34,53060.78,506793.0,30909.107,1640061326.52346,120.34836917158428,16.39623558195971,0.0003090085668163889,389466.12519999995,Higher relative profit,Higher relative profit/ha
5155,Uttar Pradesh,Kanpur,2021,Kharif,Rice,1555.95,32.2,86.6,Alluvial,Tube Well,372.62,30.1,3152.69,7.53,54381.45,377298.0,23739.7557,1291002337.611765,119.67494425395456,15.893086886315345,0.00029225198824811305,409492.31849999994,Higher relative profit,Higher relative profit/ha
5162,Uttar Pradesh,Kanpur,2021,Zaid,Rice,2033.75,31.8,63.9,Alluvial,Drip,393.33,38.43,4229.11,6.74,60242.58,500432.0,28504.201399999998,1717166633.175612,118.33033427837064,17.55642941815588,0.00029142890988659314,406034.9892,Higher relative profit,Higher relative profit/ha
5163,Uttar Pradesh,Kanpur,2021,Zaid,Pulses,1472.65,22.7,74.5,Laterite,Rain-fed,275.35,35.95,2995.11,7.68,47267.28,233228.00000000003,23002.4448,1087262999.046144,77.86959410505791,10.13927006576275,0.0002145092771524562,363012.7104,Higher relative profit,Moderate relative profit/ha
5165,Uttar Pradesh,Kanpur,2021,Rabi,Millets,967.47,31.2,54.3,Black,Drip,292.76,48.84,3543.95,8.33,34676.86,421110.00000000006,29521.103499999997,1023699173.1150099,118.82503985665714,14.264710667065684,0.0004113610824932155,288858.2438,Higher relative profit,Higher relative profit/ha
5170,Uttar Pradesh,Varanasi,2021,Rabi,Wheat,537.09,23.2,63.6,Alluvial,Drip,210.9,8.95,4431.79,5.77,57870.72,417547.0,25571.4283,1479836967.149376,94.2163324525756,16.32865380460582,0.00028215743306124106,333914.05439999996,Higher relative profit,Higher relative profit/ha
5172,Uttar Pradesh,Varanasi,2021,Zaid,Barley,418.12,21.2,65.8,Black,Tube Well,409.15,56.93,4616.93,3.27,14947.56,256801.00000000003,15097.361100000002,225668710.88391602,55.621592703376486,17.009661377179352,0.001137955718336595,48878.5212,Higher relative profit,Moderate relative profit/ha
5175,Uttar Pradesh,Varanasi,2021,Rabi,Millets,1663.31,34.7,52.4,Red,Rain-fed,391.33,58.35,3250.11,8.42,12898.89,309779.0,27365.9262,352990071.801918,95.31338939297439,11.319879975412634,0.000877585588791953,108608.6538,Higher relative profit,Higher relative profit/ha
5178,Uttar Pradesh,Varanasi,2021,Rabi,Barley,1287.35,29.9,43.6,Sandy,Canal,200.17,21.63,4295.42,7.77,50626.82,299458.0,33375.4134,1689691046.6273878,69.71565062322195,8.972413207621873,0.00017722648208245891,393370.39139999996,Higher relative profit,Moderate relative profit/ha
5179,Uttar Pradesh,Varanasi,2021,Rabi,Cotton,1341.2,32.7,64.5,Sandy,Drip,331.94,26.41,4812.64,5.94,41598.16,258240.0,28587.081600000005,1189169994.3298564,53.65869875993217,9.03345096968555,0.00021715986884240912,247093.07040000006,Higher relative profit,Moderate relative profit/ha
5190,Uttar Pradesh,Agra,2021,Zaid,Wheat,715.4,24.4,49.7,Laterite,Rain-fed,267.85,46.55,4816.24,6.34,51394.86,479174.0,30534.9616,1569340076.537376,99.49130442004552,15.692634766568693,0.0003053347118090932,325843.4124,Higher relative profit,Higher relative profit/ha
5192,Uttar Pradesh,Agra,2021,Zaid,Wheat,1679.07,36.0,39.8,Red,Tube Well,87.27,7.39,4188.93,8.27,21434.31,514643.0,34642.4511,742537036.037241,122.85786585118394,14.855848349599027,0.0006930873141985455,177261.7437,Higher relative profit,Higher relative profit/ha
5197,Uttar Pradesh,Agra,2021,Zaid,Wheat,1044.87,18.4,46.8,Alluvial,Canal,101.26,51.19,4213.12,6.78,19102.66,426876.0,28564.9536,545666596.536576,101.32063648792344,14.944046679634726,0.0007823018720761781,129516.03480000001,Higher relative profit,Higher relative profit/ha
5202,Uttar Pradesh,Agra,2021,Rabi,Pulses,1988.52,22.5,47.1,Red,Canal,423.17,48.76,4204.07,8.33,24949.07,450975.0,35019.903099999996,873714013.8351169,107.27104924513627,12.877676980208436,0.0005161585975031709,207825.75309999997,Higher relative profit,Higher relative profit/ha
5203,Uttar Pradesh,Meerut,2021,Rabi,Barley,774.63,36.0,87.7,Sandy,Drip,133.45,39.29,4520.61,8.06,38886.39,554421.0,36436.1166,1416869040.193074,122.64296190115937,15.216248374833667,0.00039130010203656515,313424.30340000003,Higher relative profit,Higher relative profit/ha
5209,Uttar Pradesh,Meerut,2021,Zaid,Millets,742.33,30.3,55.4,Sandy,Tube Well,90.07,10.15,4008.46,5.8,42129.56,285591.0,23249.068,979473005.2500799,71.24706246289098,12.283976286705343,0.00029157618277298277,244351.44799999997,Higher relative profit,Moderate relative profit/ha
5213,Uttar Pradesh,Meerut,2021,Kharif,Maize,679.4,25.4,42.7,Alluvial,Rain-fed,104.57,9.07,3156.17,8.32,12500.25,289545.0,26259.3344,328248244.8336,91.73935497771032,11.026364780974799,0.000882091540647171,104002.07999999999,Higher relative profit,Higher relative profit/ha
5215,Uttar Pradesh,Meerut,2021,Zaid,Rice,2030.66,26.7,79.4,Sandy,Sprinkler,393.23,43.3,4496.72,7.54,54691.9,280527.0,33905.268800000005,1854343570.6827204,62.38480492447828,8.273846806959984,0.00015128102711662938,412376.9260000001,Higher relative profit,Moderate relative profit/ha
5216,Uttar Pradesh,Meerut,2021,Rabi,Sugarcane,1722.53,28.8,59.7,Red,Rain-fed,76.51,12.97,4759.29,6.27,40256.87,317576.0,29840.7483,1201295125.015821,66.72760012522876,10.642360466543662,0.00026436134916956193,252410.5749,Higher relative profit,Moderate relative profit/ha
5228,Punjab,Ludhiana,2021,Rabi,Sugarcane,1519.85,37.0,55.8,Sandy,Rain-fed,108.4,53.17,3875.91,8.03,63718.05,368806.0,31123.557299999997,1983132380.219265,95.15339623469069,11.849738011792118,0.00018597144783608595,511655.9415,Higher relative profit,Higher relative profit/ha
5230,Punjab,Ludhiana,2021,Kharif,Millets,2023.15,21.0,60.5,Laterite,Sprinkler,85.03,15.16,3253.01,6.18,58047.45,341682.0,20103.6018,1166962820.30541,105.03564391133135,16.996058885328697,0.00029279596063786954,358733.2409999999,Higher relative profit,Higher relative profit/ha
5236,Punjab,Ludhiana,2021,Kharif,Maize,747.7,24.7,63.9,Sandy,Drip,432.95,15.83,3119.41,8.31,44423.16,326872.0,25922.2971,1151550351.640836,104.78648205910734,12.609684964994866,0.0002838538493208242,369156.4596,Higher relative profit,Higher relative profit/ha
5239,Punjab,Amritsar,2021,Kharif,Sugarcane,699.15,26.8,56.5,Red,Drip,166.95,33.97,4351.66,4.67,30833.33,330621.0,20322.2522,626602708.425826,75.97583450912985,16.268915312447508,0.0005276405536621411,143991.6511,Higher relative profit,Moderate relative profit/ha
5241,Punjab,Amritsar,2021,Kharif,Millets,1964.43,19.0,44.6,Red,Sprinkler,435.23,31.07,4773.53,8.22,25245.04,660521.0,39238.416600000004,990575396.6036642,138.37160340460835,16.833528394721206,0.0006668053762133554,207514.22880000004,Higher relative profit,Higher relative profit/ha
5242,Punjab,Amritsar,2021,Rabi,Sugarcane,1532.9,22.2,45.8,Black,Tube Well,396.84,11.91,4139.1,5.03,57860.35,263458.0,20819.673000000003,1204633566.6655502,63.65103524920876,12.654281361671721,0.0002187038509388851,291037.5605,Higher relative profit,Moderate relative profit/ha
5243,Punjab,Amritsar,2021,Zaid,Wheat,925.57,31.7,64.2,Red,Canal,143.88,26.57,3705.22,6.21,18050.51,412373.0,23009.4162,415331697.212262,111.29514576732286,17.921923634029447,0.0009928763028872562,112093.6671,Higher relative profit,Higher relative profit/ha
5246,Punjab,Amritsar,2021,Kharif,Barley,1731.9,28.8,55.8,Laterite,Tube Well,205.53,9.21,4501.96,6.64,41070.64,465570.0,29893.0144,1227725232.937216,103.41495704093329,15.574541723032121,0.00037921351415590605,272709.0496,Higher relative profit,Higher relative profit/ha
5247,Punjab,Amritsar,2021,Kharif,Cotton,1515.46,27.4,52.9,Laterite,Drip,397.0,57.51,4470.3,5.23,18916.55,395513.0,23379.669,442262677.62195003,88.47571751336599,16.916963195672274,0.0008942943187670201,98933.5565,Higher relative profit,Higher relative profit/ha
5260,Punjab,Patiala,2021,Kharif,Rice,1646.48,33.7,48.9,Sandy,Drip,99.77,10.33,3022.58,7.14,29628.93,341616.0,21581.2212,639428492.249316,113.02132615183056,15.829317388211562,0.0005342520768793056,211550.5602,Higher relative profit,Higher relative profit/ha
5261,Punjab,Patiala,2021,Kharif,Sugarcane,1741.93,31.4,68.4,Laterite,Tube Well,257.29,17.9,4747.79,5.76,20984.13,419925.0,27347.270399999998,573858677.218752,88.44641401578419,15.355280211073644,0.0007317568186564629,120868.58880000001,Higher relative profit,Higher relative profit/ha
5262,Punjab,Patiala,2021,Kharif,Millets,1911.16,30.0,66.3,Black,Rain-fed,198.25,52.68,4931.2,3.78,53031.41,241620.0,18639.935999999998,988502088.3897599,48.998215444516546,12.962490858337713,0.0002444304395892493,200458.7298,Higher relative profit,Moderate relative profit/ha
5273,Punjab,Patiala,2021,Kharif,Wheat,1222.67,33.9,50.9,Red,Tube Well,83.17,6.12,4662.85,6.18,30795.36,359627.0,28816.413,887411812.24368,77.12600662684838,12.47993634738647,0.00040525378977178606,190315.32479999997,Higher relative profit,Moderate relative profit/ha
5274,Punjab,Patiala,2021,Zaid,Barley,1673.53,24.8,65.2,Black,Tube Well,287.87,8.34,4921.39,6.42,50663.14,544666.0,31595.323800000002,1600718313.024732,110.67320411509756,17.238816840357874,0.00034026349018947255,325257.3588,Higher relative profit,Higher relative profit/ha
5275,Punjab,Jalandhar,2021,Kharif,Wheat,1516.78,36.1,82.1,Red,Drip,199.71,30.04,3292.53,7.12,13843.76,388653.0,23442.8136,324536685.203136,118.04083789669342,16.57876936751312,0.001197562610700642,98567.5712,Higher relative profit,Higher relative profit/ha
5279,Punjab,Jalandhar,2021,Rabi,Maize,865.34,35.8,60.0,Alluvial,Tube Well,54.7,36.17,4779.16,8.14,36940.73,453083.0,38902.3624,1437081665.7805521,94.8038985930582,11.646670588827789,0.0003152799251348792,300697.5422,Higher relative profit,Higher relative profit/ha
5281,Punjab,Jalandhar,2021,Zaid,Rice,599.6,34.8,81.0,Red,Canal,64.5,24.67,4214.81,6.21,30334.74,273211.0,26173.970100000002,793980577.7512741,64.82166455901927,10.438271265542554,0.00034410287563178566,188378.7354,Higher relative profit,Moderate relative profit/ha
5284,Punjab,Jalandhar,2021,Zaid,Rice,1739.01,19.3,56.8,Black,Sprinkler,244.71,56.71,3477.71,8.16,40911.7,375204.0,28378.1136,1160996870.1691198,107.88823679950312,13.221597646997932,0.00032317399782942125,333839.47199999995,Higher relative profit,Higher relative profit/ha
5288,Punjab,Jalandhar,2021,Zaid,Cotton,892.04,31.5,88.2,Sandy,Sprinkler,349.28,36.16,3762.1,6.46,24949.25,406738.0,24303.166,606345764.3255,108.11461683634141,16.736008798195265,0.0006708020801505161,161172.155,Higher relative profit,Higher relative profit/ha
5296,Punjab,Bathinda,2021,Zaid,Rice,2198.88,18.2,43.2,Alluvial,Sprinkler,103.53,11.43,4140.95,4.9,34607.99,292323.0,20290.655,702218785.33345,70.5932213622478,14.406779869846488,0.0004162847905887192,169579.15099999998,Higher relative profit,Moderate relative profit/ha
5297,Punjab,Bathinda,2021,Rabi,Barley,1180.07,18.6,61.0,Alluvial,Tube Well,296.3,21.97,3486.08,5.45,64157.05,246215.0,18999.136,1218928518.3088,70.62804066458601,12.9592735164378,0.00020199297686595316,349655.9225,Higher relative profit,Moderate relative profit/ha
5298,Punjab,Bathinda,2021,Zaid,Pulses,1735.56,37.1,70.0,Alluvial,Rain-fed,190.14,48.74,3657.44,5.34,38954.14,285354.0,19530.7296,760802775.1405439,78.02014523819939,14.610514089550449,0.000375069609791166,208015.1076,Higher relative profit,Moderate relative profit/ha
5299,Punjab,Bathinda,2021,Kharif,Sugarcane,1713.61,24.2,55.0,Alluvial,Sprinkler,167.56,51.29,2893.29,7.75,45934.96,360488.0,22422.9975,1029999493.2426001,124.59449277466138,16.076708745117596,0.00034998852170803227,355995.94000000006,Higher relative profit,Higher relative profit/ha
5301,Punjab,Bathinda,2021,Zaid,Maize,1098.74,34.6,81.9,Sandy,Canal,385.64,51.51,3687.47,5.69,18987.11,320476.0,20981.7043,398381927.53157306,86.90945282266703,15.274069037375575,0.0008044441222163655,108036.65590000003,Higher relative profit,Higher relative profit/ha
5305,Punjab,Bathinda,2021,Kharif,Cotton,720.3,33.0,86.4,Red,Rain-fed,399.84,53.45,3292.94,5.8,37092.37,304091.0,19099.052,708429103.43324,92.34635310695002,15.921785018439659,0.0004292469049143977,215135.746,Higher relative profit,Higher relative profit/ha
5321,Maharashtra,Pune,2021,Rabi,Sugarcane,1052.19,26.7,53.9,Red,Drip,421.98,8.96,3982.65,7.15,64837.37,362057.0,28475.947500000002,1846305544.158075,90.90856590461125,12.71448474190367,0.0001960980950014424,463587.19550000003,Higher relative profit,Higher relative profit/ha
5322,Maharashtra,Pune,2021,Zaid,Maize,1427.99,29.4,73.0,Laterite,Canal,51.05,54.16,4858.46,8.03,18542.34,368481.0,39013.4338,723400354.087092,75.84316841138961,9.444977386225357,0.0005093735411078298,148894.9902,Higher relative profit,Moderate relative profit/ha
5330,Maharashtra,Nashik,2021,Rabi,Maize,1283.36,31.0,48.4,Red,Sprinkler,270.73,17.81,3633.12,6.09,62409.5,323095.0,22125.7008,1380853924.0776,88.93045096225833,14.602701307431582,0.0002339820268938476,380073.85500000004,Higher relative profit,Higher relative profit/ha
5342,Maharashtra,Nashik,2021,Zaid,Cotton,810.51,23.9,49.9,Laterite,Tube Well,425.16,29.3,3729.31,6.65,24290.02,373516.0,24799.911500000002,602390346.33323,100.1568654791369,15.061182778817576,0.0006200564173606105,161528.633,Higher relative profit,Higher relative profit/ha
5343,Maharashtra,Nashik,2021,Rabi,Sugarcane,1203.62,36.0,58.5,Laterite,Rain-fed,122.72,57.5,4213.01,8.2,64198.52,446899.0,34546.682,2217845855.31064,106.07594095432955,12.936090360284092,0.00020150137978701212,526427.864,Higher relative profit,Higher relative profit/ha
5345,Maharashtra,Nashik,2021,Rabi,Pulses,1588.51,26.6,88.4,Black,Rain-fed,370.78,14.76,4313.98,4.52,41422.41,278882.0,19499.189599999998,807703426.278936,64.64610406167854,14.302235411875785,0.00034527772314251593,187229.29320000001,Higher relative profit,Moderate relative profit/ha
5361,Maharashtra,Nagpur,2021,Zaid,Maize,1233.21,25.6,77.2,Black,Tube Well,308.12,27.68,2397.43,7.47,32370.44,267514.0,17908.802099999997,579715803.8499238,111.58365416299955,14.937570838420289,0.00046145714542095476,241807.18679999997,Higher relative profit,Higher relative profit/ha
5362,Maharashtra,Nagpur,2021,Kharif,Pulses,1089.43,28.4,36.8,Laterite,Drip,427.14,22.73,3471.5,6.01,33627.27,239698.0,20863.715,701589777.50805,69.0473858562581,11.488749726498853,0.0003416497897836742,202099.8927,Higher relative profit,Moderate relative profit/ha
5363,Maharashtra,Nagpur,2021,Kharif,Cotton,1346.27,29.0,80.0,Alluvial,Sprinkler,349.53,59.97,4615.12,5.01,18623.52,261227.0,23121.7512,430608395.908224,56.60242853923625,11.297889927991267,0.0006066463229288162,93303.8352,Higher relative profit,Moderate relative profit/ha
5367,Maharashtra,Aurangabad,2021,Kharif,Maize,1968.82,37.4,40.2,Laterite,Sprinkler,430.92,34.63,4733.19,5.65,29273.36,330868.0,26742.5235,782843517.72396,69.90380694626668,12.372355211728618,0.00042264896177714536,165394.48400000003,Higher relative profit,Moderate relative profit/ha
5371,Maharashtra,Aurangabad,2021,Zaid,Barley,839.94,23.8,67.2,Sandy,Tube Well,149.84,12.66,3926.45,7.58,19371.51,283412.0,29762.490999999998,576544392.0314099,72.18021367902304,9.522455630477973,0.0004915701269791553,146836.04579999996,Higher relative profit,Moderate relative profit/ha
5373,Maharashtra,Aurangabad,2021,Zaid,Wheat,416.73,34.5,70.3,Black,Canal,72.05,47.62,3788.9,6.53,33734.26,352352.0,24741.517,834636767.27242,92.9958563171369,14.24132562283873,0.0004221620875287831,220284.7178,Higher relative profit,Higher relative profit/ha
5375,Maharashtra,Aurangabad,2021,Rabi,Millets,1032.29,19.6,78.0,Alluvial,Tube Well,401.45,13.68,3887.01,6.17,41724.23,297241.0,23982.8517,1000666020.3866911,76.47034610150217,12.393897261183499,0.0002970431631975832,257438.49910000002,Higher relative profit,Moderate relative profit/ha
5376,Maharashtra,Aurangabad,2021,Kharif,Millets,1680.63,22.5,42.3,Alluvial,Drip,322.77,17.11,4105.78,6.34,62941.23,359057.0,26030.6452,1638400826.5815961,87.45159263282495,13.793626598237374,0.00021915089041376173,399047.39820000005,Higher relative profit,Higher relative profit/ha
5379,Maharashtra,Aurangabad,2021,Zaid,Cotton,1000.31,35.4,38.4,Sandy,Canal,399.45,42.15,3847.32,4.03,61230.07,269827.0,15504.699600000002,949353841.8369721,70.13375544534897,17.40291698395756,0.00028422173915459444,246757.18210000003,Higher relative profit,Moderate relative profit/ha
5381,Maharashtra,Aurangabad,2021,Rabi,Barley,1273.02,22.2,81.7,Black,Sprinkler,442.61,34.67,4601.02,4.41,19904.13,319546.0,20290.4982,403864713.93756604,69.45112170779522,15.748553675237012,0.0007912203987432262,87777.2133,Higher relative profit,Moderate relative profit/ha
5383,Maharashtra,Kolhapur,2021,Zaid,Sugarcane,595.58,36.4,68.3,Red,Drip,103.91,53.26,3934.53,6.46,42553.19,399657.0,25417.0638,1081577145.123522,101.57680841167814,15.723964150414574,0.0003695131704677034,274893.6074,Higher relative profit,Higher relative profit/ha
5394,Maharashtra,Kolhapur,2021,Rabi,Millets,1378.05,35.7,48.0,Alluvial,Tube Well,200.86,41.13,2974.09,8.17,58698.65,316934.0,24298.315300000002,1426278305.384345,106.56503333792857,13.043455732916593,0.00022221048921766673,479567.9705,Higher relative profit,Higher relative profit/ha
5395,Maharashtra,Kolhapur,2021,Zaid,Rice,1089.63,23.0,70.8,Alluvial,Tube Well,425.8,30.26,2685.57,6.03,55559.99,245850.0,16193.987100000002,899737761.3361291,91.54481171594857,15.181560815248517,0.000273246284156072,335026.7397,Higher relative profit,Higher relative profit/ha
5401,Karnataka,Bengaluru,2021,Kharif,Cotton,459.98,35.6,53.5,Sandy,Drip,355.84,45.92,3598.36,8.18,30393.98,448339.00000000006,29434.5848,894634181.719504,124.59537122466902,15.23170797367592,0.0005011422648062518,248622.75639999998,Higher relative profit,Higher relative profit/ha
5407,Karnataka,Bengaluru,2021,Kharif,Maize,587.08,31.7,79.9,Laterite,Drip,223.33,38.88,4123.22,5.51,61557.43,287416.0,22718.9422,1398519694.150546,69.70668555158346,12.650941116439832,0.00020551444588313435,339181.43929999997,Higher relative profit,Moderate relative profit/ha
5409,Karnataka,Bengaluru,2021,Kharif,Sugarcane,1115.47,35.8,46.5,Red,Sprinkler,276.44,52.38,4986.44,8.37,28530.61,447280.0,41736.502799999995,1190767884.150708,89.69926440506654,10.716757993436865,0.00037562316380325775,238801.20570000002,Higher relative profit,Higher relative profit/ha
5410,Karnataka,Bengaluru,2021,Kharif,Millets,1292.28,34.5,66.6,Sandy,Tube Well,420.82,20.03,3151.37,8.48,44706.0,234779.0,26723.6176,1194706048.4256,74.5006140186649,8.785449766351991,0.00019651612236281466,379106.88,Higher relative profit,Moderate relative profit/ha
5411,Karnataka,Bengaluru,2021,Kharif,Millets,1872.12,19.7,63.0,Red,Drip,91.24,54.3,4602.29,3.04,13529.47,230790.0,13990.9616,189290295.238352,50.146774757783625,16.495649591376193,0.0012192384174233132,41129.5888,Higher relative profit,Moderate relative profit/ha
5415,Karnataka,Bengaluru,2021,Kharif,Barley,2067.46,34.8,65.7,Alluvial,Rain-fed,243.86,18.01,3621.11,5.76,54969.46,253911.0,20857.5936,1146530657.091456,70.11965944144198,12.173551986361456,0.0002214602796964252,316624.08959999995,Higher relative profit,Moderate relative profit/ha
5418,Karnataka,Bengaluru,2021,Zaid,Millets,1785.81,23.0,86.3,Black,Canal,442.99,44.74,4238.81,8.22,59241.73,423505.0,34843.018200000006,2064160676.5894864,99.91129585897927,12.154658863622782,0.0002051705590573196,486967.02060000005,Higher relative profit,Higher relative profit/ha
5426,Karnataka,Mysuru,2021,Zaid,Rice,1961.05,32.6,68.7,Black,Drip,373.68,32.48,3584.08,6.1,35956.03,320604.0,21862.888,786102656.8146399,89.45224436954533,14.664302355663168,0.0004078398631790876,219331.783,Higher relative profit,Higher relative profit/ha
5433,Karnataka,Mysuru,2021,Kharif,Wheat,1424.88,26.2,43.6,Red,Sprinkler,419.77,13.49,4768.68,5.21,55074.69,272681.0,24844.8228,1368320913.814932,57.18165194561178,10.975365056739305,0.00019928146770756776,286939.1349,Higher relative profit,Moderate relative profit/ha
5441,Karnataka,Hubli,2021,Rabi,Maize,1635.26,33.2,41.9,Black,Tube Well,73.69,58.41,4942.92,4.96,55684.84,393769.0,24516.8832,1365218718.290688,79.6632354964272,16.06113618879581,0.00028842924194081925,276196.8064,Higher relative profit,Moderate relative profit/ha
5444,Karnataka,Hubli,2021,Rabi,Rice,1320.81,37.6,35.6,Black,Tube Well,300.53,26.94,3479.47,8.42,54684.37,360590.0,29297.1374,1602095501.522438,103.633599370019,12.308028428743349,0.00022507397321653972,460442.39540000004,Higher relative profit,Higher relative profit/ha
5446,Karnataka,Hubli,2021,Rabi,Millets,660.5,27.8,65.4,Black,Drip,312.88,32.73,4522.9,6.12,50359.98,458205.0,27680.147999999997,1393971699.6770399,101.3077892502598,16.55356033500977,0.0003287046645969631,308203.0776,Higher relative profit,Higher relative profit/ha
5452,Karnataka,Hubli,2021,Rabi,Wheat,1017.01,22.4,65.3,Laterite,Tube Well,300.04,16.7,1941.46,8.44,63380.97,279367.0,16385.9224,1038555656.056728,143.89531589628425,17.04920804458344,0.0002689956945212962,534935.3868,Higher relative profit,Higher relative profit/ha
5455,Karnataka,Belagavi,2021,Rabi,Wheat,1365.03,29.4,42.2,Sandy,Rain-fed,182.62,32.88,4246.44,6.37,60534.32,348593.0,27049.822799999998,1637442629.318496,82.09064534056763,12.887071482035735,0.00021288868004192885,385603.61840000004,Higher relative profit,Moderate relative profit/ha
5460,Karnataka,Belagavi,2021,Zaid,Cotton,1551.21,26.8,76.8,Alluvial,Canal,366.74,51.0,2817.71,5.8,42879.82,252203.00000000003,16342.717999999999,700772806.1507599,89.50637219586119,15.432133137217447,0.00035989267532413727,248702.95599999998,Higher relative profit,Higher relative profit/ha
5461,Karnataka,Belagavi,2021,Zaid,Cotton,1999.58,28.4,89.8,Sandy,Tube Well,294.76,15.94,2467.73,8.44,54169.75,243093.0,20827.6412,1128228116.8937,98.50875095735758,11.671652957032888,0.00021546440507908728,457192.68999999994,Higher relative profit,Higher relative profit/ha
5463,Karnataka,Belagavi,2021,Kharif,Pulses,2155.64,18.6,52.8,Laterite,Tube Well,197.99,10.66,4267.42,6.15,47709.07,389847.0,26244.633,1252107032.9213102,91.35426088831191,14.854351363953155,0.0003113527755614007,293410.78050000005,Higher relative profit,Higher relative profit/ha
5465,Karnataka,Belagavi,2021,Kharif,Wheat,2050.76,36.1,58.4,Laterite,Sprinkler,148.26,38.49,4487.45,4.81,19310.82,376953.0,21584.634499999996,416816991.59528995,84.00160447470167,17.463951034241514,0.000904360924820464,92885.04419999999,Higher relative profit,Higher relative profit/ha
5469,Karnataka,Belagavi,2021,Kharif,Rice,1749.33,27.0,64.1,Black,Drip,54.73,59.75,3297.07,7.99,43238.41,412525.0,26343.589300000003,1139054915.0250132,125.11866596705559,15.659407505263527,0.00036216427720777724,345474.89590000006,Higher relative profit,Higher relative profit/ha
5473,Karnataka,Mangalore,2021,Rabi,Rice,1909.63,34.8,59.5,Sandy,Rain-fed,306.08,35.6,4055.38,7.3,37865.01,481045.0,29604.274,1120966131.05274,118.61897035542908,16.249174021291655,0.0004291342857506615,276414.57300000003,Higher relative profit,Higher relative profit/ha
5476,Karnataka,Mangalore,2021,Rabi,Pulses,575.53,36.8,78.8,Red,Tube Well,208.04,48.98,3662.84,6.84,41487.92,425510.00000000006,25053.8256,1039431112.186752,116.1694204497057,16.98383339907978,0.00040936815822725705,283777.37279999995,Higher relative profit,Higher relative profit/ha
5480,Karnataka,Mangalore,2021,Zaid,Barley,1033.55,27.4,81.2,Alluvial,Tube Well,277.3,24.71,1961.17,7.75,30812.35,269390.0,15199.067500000001,468318987.483625,137.36188091802342,17.72411366684173,0.0005752275846159651,238795.7125,Higher relative profit,Higher relative profit/ha
5495,Tamil Nadu,Chennai,2021,Zaid,Rice,2156.66,20.6,50.4,Sandy,Rain-fed,325.46,21.31,4648.0,6.18,36760.76,485083.0,28724.64,1055939597.1264,104.36381239242685,16.887348283564215,0.00045938517820535307,227181.4968,Higher relative profit,Higher relative profit/ha
5496,Tamil Nadu,Chennai,2021,Rabi,Cotton,1080.17,27.0,52.3,Laterite,Rain-fed,210.58,28.04,2551.8,8.09,38417.8,305722.0,20644.062,793099445.1036001,119.80641116074926,14.809197918510415,0.00038547751090667386,310800.00200000004,Higher relative profit,Higher relative profit/ha
5497,Tamil Nadu,Chennai,2021,Rabi,Wheat,1495.66,19.3,43.6,Alluvial,Canal,61.96,39.97,2330.53,5.86,13238.95,242472.0,13656.905800000002,180803093.04091004,104.04156994331761,17.754534120020068,0.0013410832520721104,77580.247,Higher relative profit,Higher relative profit/ha
5499,Tamil Nadu,Chennai,2021,Rabi,Wheat,1792.34,28.7,81.4,Red,Canal,89.48,33.88,2751.17,5.61,32532.15,268360.0,15434.0637,502103275.39795506,97.54395402683222,17.387514086779362,0.00053447171757106,182505.36150000003,Higher relative profit,Higher relative profit/ha
5502,Tamil Nadu,Chennai,2021,Zaid,Millets,981.6,32.4,57.7,Sandy,Rain-fed,198.35,20.99,4456.72,4.1,35844.26,232488.0,18272.552,654966104.75152,52.16571828609381,12.723345923437515,0.00035496188018493095,146961.466,Higher relative profit,Moderate relative profit/ha
5506,Tamil Nadu,Chennai,2021,Rabi,Maize,2108.97,32.3,61.5,Alluvial,Drip,301.67,37.3,4452.36,6.38,33659.14,437745.0,28406.0568,956123442.6791519,98.31752149421881,15.410269826680063,0.0004578331421028601,214745.3132,Higher relative profit,Higher relative profit/ha
5512,Tamil Nadu,Coimbatore,2021,Kharif,Wheat,822.2,35.4,52.2,Alluvial,Canal,122.88,20.54,4948.26,8.15,36225.89,712504.0,40328.319,1460929247.9789102,143.99081697404745,17.667584904791095,0.0004877060275066008,295241.00350000005,Higher relative profit,Higher relative profit/ha
5515,Tamil Nadu,Coimbatore,2021,Rabi,Rice,1250.0,28.5,57.9,Sandy,Sprinkler,123.22,54.15,4863.07,6.27,16795.19,368201.0,30491.448899999996,512109677.65079087,75.71369525834504,12.07554948298964,0.00071898856059322,105305.84129999999,Higher relative profit,Moderate relative profit/ha
5516,Tamil Nadu,Coimbatore,2021,Rabi,Barley,890.82,31.4,70.0,Black,Sprinkler,185.23,5.98,3820.94,3.94,32518.82,235705.00000000003,15054.5036,489554692.757752,61.68769988536853,15.656776620651911,0.00048146816583910214,128124.1508,Higher relative profit,Moderate relative profit/ha
5521,Tamil Nadu,Coimbatore,2021,Zaid,Barley,1190.36,33.6,49.2,Alluvial,Rain-fed,388.77,37.86,3822.28,6.32,28975.15,299572.0,24156.809600000004,699947181.6814401,78.37521060728152,12.401140918873656,0.0004279922940476117,183122.94800000003,Higher relative profit,Moderate relative profit/ha
5524,Tamil Nadu,Coimbatore,2021,Zaid,Pulses,660.33,22.6,46.3,Sandy,Canal,264.14,8.25,4257.51,6.78,38251.03,409228.0,28865.917800000003,1104151087.7453341,96.11909308492523,14.176857387157112,0.00037062681415787,259341.98340000003,Higher relative profit,Higher relative profit/ha
5526,Tamil Nadu,Coimbatore,2021,Kharif,Barley,623.96,18.1,49.5,Black,Sprinkler,221.6,30.71,4322.19,4.37,15147.38,328589.0,18887.970299999997,286103263.56281394,76.02372871160223,17.39673425894788,0.0011484979091399225,66194.05059999999,Higher relative profit,Moderate relative profit/ha
5529,Tamil Nadu,Madurai,2021,Kharif,Wheat,1531.85,26.4,41.2,Black,Sprinkler,295.28,6.95,4490.58,4.99,20227.46,352599.0,22407.9942,453256806.360732,78.51970124126505,15.735411070393797,0.0007779232325953825,100935.0254,Higher relative profit,Moderate relative profit/ha
5537,Tamil Nadu,Madurai,2021,Zaid,Cotton,793.38,37.2,79.0,Sandy,Sprinkler,205.99,10.39,2656.38,8.32,21906.61,256142.0,22101.0816,484159775.18937606,96.42521024853372,11.589568539487225,0.0005290443632988958,182262.9952,Higher relative profit,Higher relative profit/ha
5540,Tamil Nadu,Madurai,2021,Kharif,Rice,1672.33,28.2,51.0,Red,Drip,336.08,20.37,4917.38,7.7,31189.18,572406.0,37863.826,1180941684.60268,116.40467077996819,15.11748971168418,0.00048470301917793865,240156.686,Higher relative profit,Higher relative profit/ha
5548,Tamil Nadu,Salem,2021,Kharif,Barley,796.18,34.4,40.3,Alluvial,Sprinkler,407.74,15.08,4594.35,8.33,36810.96,580796.0,38270.93550000001,1408789875.8530803,126.41527093059953,15.175902872821071,0.00041226588148804243,306635.2968,Higher relative profit,Higher relative profit/ha
5554,Tamil Nadu,Salem,2021,Kharif,Maize,2140.01,21.3,85.3,Sandy,Canal,366.2,26.53,4776.51,3.78,48274.41,299687.0,18055.2078,871604503.972398,62.74183451934571,16.59836892046183,0.0003438336982360184,182477.2698,Higher relative profit,Moderate relative profit/ha
5561,Tamil Nadu,Salem,2021,Kharif,Millets,1337.58,22.5,52.5,Sandy,Canal,67.75,53.02,4876.67,5.77,45714.29,293217.0,28138.385899999997,1286326333.164511,60.12647974950119,10.420533752079931,0.00022794915445651525,263771.4533,Higher relative profit,Moderate relative profit/ha
5563,Tamil Nadu,Tiruchirappalli,2021,Zaid,Pulses,1300.83,30.7,56.7,Black,Canal,229.69,24.46,4220.12,7.73,22071.25,468571.0,32621.5276,719997891.0415,111.03262466470149,14.363858300737578,0.0006507949618049534,170610.7625,Higher relative profit,Higher relative profit/ha
5565,Tamil Nadu,Tiruchirappalli,2021,Rabi,Sugarcane,850.48,27.4,52.4,Alluvial,Canal,377.55,56.11,4342.48,7.33,60075.55,300737.0,31830.378399999998,1912227489.08812,69.25466553674399,9.448112624385264,0.00015727051395093784,440353.78150000004,Higher relative profit,Moderate relative profit/ha
5575,Tamil Nadu,Tiruchirappalli,2021,Kharif,Wheat,1294.98,23.9,43.7,Alluvial,Canal,114.59,47.96,4948.26,6.9,51396.55,545636.0,34142.994000000006,1754832098.2707005,110.26825591217923,15.980906653939016,0.00031093345086273327,354636.19500000007,Higher relative profit,Higher relative profit/ha
5580,Tamil Nadu,Tiruchirappalli,2021,Zaid,Pulses,1357.53,26.1,87.1,Black,Sprinkler,365.2,43.92,4326.52,4.88,22012.71,375350.0,21113.4176,464763538.737696,86.75563732514814,17.777794533841835,0.0008076149885153548,107422.02479999998,Higher relative profit,Higher relative profit/ha
5583,Rajasthan,Jaipur,2021,Zaid,Rice,1855.61,29.3,39.6,Alluvial,Tube Well,237.94,6.58,2919.36,6.22,21906.74,233786.0,18158.4192,397791768.225408,80.08125068508166,12.87479914551152,0.000587709496963561,136259.9228,Higher relative profit,Moderate relative profit/ha
5585,Rajasthan,Jaipur,2021,Zaid,Cotton,595.05,34.8,54.8,Sandy,Drip,164.39,57.11,4237.18,7.63,59295.85,367233.0,32329.6834,1917016057.43389,86.66919979797883,11.359003905370752,0.00019156490556035123,452427.3355,Higher relative profit,Higher relative profit/ha
5600,Rajasthan,Jodhpur,2021,Rabi,Barley,1092.52,34.6,57.3,Red,Rain-fed,269.26,53.06,4900.11,7.18,52398.48,471791.0,35182.7898,1843524707.6795042,96.28171612474006,13.409709766676889,0.0002559179153035906,376221.08640000003,Higher relative profit,Higher relative profit/ha
5602,Rajasthan,Jodhpur,2021,Rabi,Rice,709.85,24.6,44.8,Black,Rain-fed,406.7,28.19,4820.18,8.07,24583.08,353429.0,38898.852600000006,956253605.3740082,73.32278047707761,9.085846403603174,0.00036959756074516183,198385.45560000002,Higher relative profit,Moderate relative profit/ha
5609,Rajasthan,Jodhpur,2021,Rabi,Barley,571.3,35.3,72.2,Red,Sprinkler,365.53,28.91,3087.72,8.02,44520.61,363460.0,24763.514399999996,1102486766.8317838,117.71145052012488,14.677238219466945,0.00032967289126242756,357055.29219999997,Higher relative profit,Higher relative profit/ha
5611,Rajasthan,Jodhpur,2021,Kharif,Sugarcane,2146.69,31.1,51.9,Red,Rain-fed,74.93,20.86,4857.04,4.07,63389.32,261378.00000000003,19768.1528,1253089763.648096,53.814257243094566,13.222176226804562,0.00020858681283857534,257994.53240000003,Higher relative profit,Moderate relative profit/ha
5612,Rajasthan,Jodhpur,2021,Zaid,Pulses,1184.14,21.9,68.5,Alluvial,Rain-fed,351.08,7.83,3387.59,4.65,29136.95,246476.00000000003,15752.293500000002,458973788.094825,72.75850973701068,15.646991341292619,0.0005370154165515821,135486.8175,Higher relative profit,Moderate relative profit/ha
5613,Rajasthan,Jodhpur,2021,Rabi,Maize,883.76,20.7,87.9,Laterite,Canal,153.91,25.59,4740.88,5.44,22610.17,410607.0,25790.3872,583125038.957824,86.60986989757176,15.920931966465396,0.0007041491490981889,122999.3248,Higher relative profit,Higher relative profit/ha
5615,Rajasthan,Jodhpur,2021,Rabi,Millets,2150.63,27.4,86.6,Alluvial,Canal,111.65,6.34,4373.99,4.83,36222.86,373605.0,21126.3717,765257604.397062,85.41514726828365,17.684295500679845,0.00048820815089365793,174956.4138,Higher relative profit,Higher relative profit/ha
5616,Rajasthan,Jodhpur,2021,Zaid,Cotton,1829.16,36.5,37.9,Red,Tube Well,248.89,34.8,4777.14,2.92,17825.52,247902.0,13949.248800000001,248652613.46937603,51.893392280737004,17.771709685183907,0.000996981276573357,52050.5184,Higher relative profit,Moderate relative profit/ha
5619,Rajasthan,Udaipur,2021,Rabi,Pulses,1437.78,24.2,58.2,Black,Tube Well,125.3,35.91,3777.84,6.64,63319.49,368819.0,25084.8576,1588360389.954624,97.62695085022129,14.702854043708026,0.00023220108127383884,420441.41359999997,Higher relative profit,Higher relative profit/ha
5621,Rajasthan,Udaipur,2021,Rabi,Rice,1478.97,22.7,47.5,Black,Tube Well,356.78,38.57,4051.13,6.25,50933.8,435312.0,25319.5625,1289621532.4625,107.45446332257913,17.19271413161266,0.00033755019518694185,318336.25,Higher relative profit,Higher relative profit/ha
5623,Rajasthan,Udaipur,2021,Kharif,Rice,736.09,24.4,78.1,Alluvial,Tube Well,407.06,5.62,4018.18,4.23,15088.41,301211.0,16996.901400000002,256456217.05277404,74.96204749413914,17.72152423029294,0.0011745123727611416,63823.974300000016,Higher relative profit,Moderate relative profit/ha
5625,Rajasthan,Udaipur,2021,Rabi,Barley,885.59,34.7,67.7,Sandy,Rain-fed,110.79,48.69,4843.12,2.89,25428.97,236468.0,13996.6168,355919548.708696,48.82555047159682,16.894654142421047,0.0006643860975266023,73489.7233,Higher relative profit,Moderate relative profit/ha
5638,Rajasthan,Kota,2021,Zaid,Maize,808.18,34.4,57.5,Sandy,Canal,97.48,59.3,3029.15,5.43,63708.05,252441.0,16448.284499999998,1047888131.3402249,83.33723981975142,15.347557977854775,0.00024090453212513606,345934.7114999999,Higher relative profit,Moderate relative profit/ha
5640,Rajasthan,Kota,2021,Rabi,Barley,487.98,22.3,69.9,Sandy,Tube Well,117.2,53.55,4643.64,7.29,53524.06,374616.0,33852.1356,1811903736.982536,80.67292038142492,11.066244222417684,0.00020675270565083598,390190.3974,Higher relative profit,Moderate relative profit/ha
5642,Rajasthan,Kota,2021,Zaid,Wheat,1405.89,28.1,83.3,Black,Tube Well,90.05,33.16,2148.18,7.73,44713.25,262798.0,16605.4314,742482805.5460501,122.3351860644825,15.8260266577597,0.0003539448968205107,345633.42250000004,Higher relative profit,Higher relative profit/ha
5649,Rajasthan,Kota,2021,Rabi,Rice,705.29,25.5,79.7,Red,Canal,151.51,20.8,2687.87,6.68,15665.96,305973.0,17954.971599999997,281281866.8867359,113.83474647211361,17.041129711394255,0.001087780749561103,104648.61279999997,Higher relative profit,Higher relative profit/ha
5655,Rajasthan,Ajmer,2021,Zaid,Barley,1604.7,27.1,55.1,Alluvial,Drip,75.84,13.03,3743.08,7.88,28610.5,300737.0,29495.4704,843880155.8792,80.34479626403925,10.19604013503036,0.0003563740631946439,225450.74,Higher relative profit,Moderate relative profit/ha
5663,Rajasthan,Ajmer,2021,Zaid,Cotton,942.65,37.5,43.4,Sandy,Tube Well,427.42,50.29,2953.52,7.26,39741.76,342197.0,21442.5552,852164882.545152,115.86073566456297,15.958779017157434,0.0004015619594390745,288525.1776,Higher relative profit,Higher relative profit/ha
5664,Rajasthan,Ajmer,2021,Rabi,Millets,1450.24,27.1,79.7,Laterite,Drip,143.58,21.14,4359.02,3.53,34920.93,259643.0,15387.340600000001,537340243.9787581,59.56453514780845,16.87380599088058,0.000483200361241255,123270.88290000001,Higher relative profit,Moderate relative profit/ha
5668,Rajasthan,Ajmer,2021,Kharif,Millets,2105.09,33.5,82.2,Red,Canal,335.78,31.33,3648.08,6.75,54254.2,360256.0,24624.54,1335984718.068,98.75222034604505,14.629958569784451,0.00026965577908778397,366215.85000000003,Higher relative profit,Higher relative profit/ha
5675,West Bengal,Kolkata,2021,Rabi,Rice,2126.78,33.1,82.8,Alluvial,Drip,228.69,28.58,3409.23,7.76,56960.74,469596.0,26455.624799999998,1506931965.770352,137.74254010436374,17.750327333036566,0.0003116238892443561,442015.34239999996,Higher relative profit,Higher relative profit/ha
5677,West Bengal,Kolkata,2021,Kharif,Rice,1393.28,30.2,65.2,Red,Rain-fed,170.44,5.43,3998.06,7.67,22320.07,544862.0,30665.120199999998,684447629.422414,136.28159657433855,17.76813514658912,0.0007960609060181765,171194.9369,Higher relative profit,Higher relative profit/ha
5678,West Bengal,Kolkata,2021,Kharif,Pulses,1461.94,32.5,45.8,Alluvial,Tube Well,229.64,5.61,4429.25,6.36,49002.49,455265.0,28170.030000000002,1380401613.3747,102.7860247220184,16.16132464182679,0.0003298061923348547,311655.83640000003,Higher relative profit,Higher relative profit/ha
5683,West Bengal,Kolkata,2021,Rabi,Millets,657.6,31.8,64.6,Alluvial,Tube Well,155.05,36.47,3645.08,6.31,14619.71,391661.0,23000.4548,336259979.044108,107.44921922152601,17.028402412286212,0.001164756511058442,92250.3701,Higher relative profit,Higher relative profit/ha
5696,West Bengal,Howrah,2021,Kharif,Cotton,1862.67,20.4,60.9,Alluvial,Tube Well,420.53,40.54,3273.86,6.69,44907.94,354505.0,21902.1234,983579243.519796,108.28349410176367,16.185873557812208,0.00036042342529655575,300434.1186,Higher relative profit,Higher relative profit/ha
5701,West Bengal,Howrah,2021,Zaid,Barley,1126.35,22.7,41.2,Alluvial,Rain-fed,323.06,22.76,4885.98,7.05,12445.76,431084.0,34446.159,428708627.83584,88.22876884473536,12.514718985068843,0.00100554076127684,87742.60800000001,Higher relative profit,Higher relative profit/ha
5703,West Bengal,Howrah,2021,Kharif,Sugarcane,792.51,29.9,73.2,Black,Drip,304.86,36.35,4721.94,3.5,60514.57,281609.0,16526.789999999997,1000111590.3302999,59.638411330936016,17.03954609455315,0.0002815775786649917,211800.995,Higher relative profit,Moderate relative profit/ha
5704,West Bengal,Howrah,2021,Rabi,Cotton,1622.87,32.8,89.2,Black,Drip,128.85,44.58,4376.85,4.07,51793.9,280238.0,17813.779500000004,922645114.0450503,64.02732558803706,15.73152962851033,0.00030373325099114626,210801.17300000004,Higher relative profit,Moderate relative profit/ha
5710,West Bengal,Darjeeling,2021,Rabi,Rice,1608.34,29.5,53.9,Sandy,Canal,315.62,45.0,3692.76,6.08,17393.15,248105.00000000003,22451.9808,390510669.85152006,67.18687377462928,11.050472660300867,0.0006353347530666306,105750.35200000001,Higher relative profit,Moderate relative profit/ha
5716,West Bengal,Darjeeling,2021,Zaid,Sugarcane,2150.04,29.2,44.2,Laterite,Rain-fed,403.9,40.77,2728.23,5.85,22649.45,232794.0,15960.145499999999,361488517.494975,85.32784992467644,14.585957252081444,0.0006439872602681939,132499.2825,Higher relative profit,Higher relative profit/ha
5718,West Bengal,Darjeeling,2021,Rabi,Rice,2155.36,35.1,66.4,Sandy,Rain-fed,150.77,41.64,4874.5,5.24,27870.93,366432.0,25542.38,711889885.0134001,75.17324853831163,14.346039797387714,0.0005147312916141554,146043.67320000002,Higher relative profit,Moderate relative profit/ha
5724,West Bengal,Darjeeling,2021,Kharif,Barley,1278.34,31.8,63.9,Alluvial,Sprinkler,297.81,11.54,4655.48,3.65,17464.41,247023.0,16992.501999999997,296764021.85381997,53.060694063770015,14.537176455827403,0.0008323886381405041,63745.0965,Higher relative profit,Moderate relative profit/ha
5725,West Bengal,Siliguri,2021,Rabi,Wheat,858.47,37.0,55.0,Alluvial,Tube Well,264.27,52.47,3628.8,6.76,12099.9,298493.0,24530.688000000002,296818871.73120004,82.2566688712522,12.168146282729616,0.0010056402352688547,81795.32400000001,Higher relative profit,Moderate relative profit/ha
5728,West Bengal,Siliguri,2021,Kharif,Rice,1758.45,35.3,64.7,Laterite,Canal,246.6,43.87,3876.33,4.51,27756.08,293603.0,17482.2483,485238682.394664,75.7425193417485,16.794350186640468,0.0006050692384025579,125179.92079999999,Higher relative profit,Moderate relative profit/ha
5730,West Bengal,Siliguri,2021,Kharif,Wheat,1089.5,35.3,51.2,Red,Drip,263.89,32.61,4448.68,7.97,56484.62,549736.0,35455.9796,2002717534.433752,123.57283508816097,15.50474718797503,0.00027449502515861893,450182.4214,Higher relative profit,Higher relative profit/ha
5734,West Bengal,Siliguri,2021,Zaid,Pulses,923.09,27.2,55.2,Laterite,Tube Well,160.86,43.19,3705.68,6.91,29107.86,281378.0,25606.2488,745343105.1955681,75.93154292869325,10.988645865223335,0.00037751472850368713,201135.31260000003,Higher relative profit,Moderate relative profit/ha
5735,West Bengal,Siliguri,2021,Kharif,Maize,403.4,37.4,80.4,Black,Canal,332.8,55.64,3920.41,7.6,61525.91,301504.0,29795.115999999998,1833171625.45556,76.9062419491839,10.119242361734722,0.00016447123434232378,467596.916,Higher relative profit,Moderate relative profit/ha
5738,West Bengal,Siliguri,2021,Zaid,Maize,1081.22,35.4,67.1,Red,Sprinkler,65.79,41.7,4307.62,5.59,13597.29,365760.0,24079.5958,327417247.175382,84.9099967035161,15.189623739448319,0.001117106698426548,76008.8511,Higher relative profit,Higher relative profit/ha
5739,West Bengal,Siliguri,2021,Rabi,Sugarcane,949.46,35.2,68.0,Black,Sprinkler,219.38,5.05,3316.48,7.3,56920.53,412680.0,24210.304,1378063335.14112,124.43313392512543,17.045634784263758,0.0002994637397835853,415519.869,Higher relative profit,Higher relative profit/ha
5750,West Bengal,Malda,2021,Rabi,Rice,1621.21,21.5,67.4,Alluvial,Drip,320.39,11.48,4313.8,4.37,56256.16,261572.0,18851.306,1060502086.5449601,60.63609810376003,13.87553732351488,0.0002466492082558582,245839.41920000003,Higher relative profit,Moderate relative profit/ha
5751,West Bengal,Malda,2021,Kharif,Sugarcane,870.95,37.3,63.9,Alluvial,Sprinkler,109.61,20.09,3951.14,6.47,18311.06,371147.0,25563.875799999998,468101663.606348,93.93415571202236,14.518416647916903,0.0007928769087052798,118472.5582,Higher relative profit,Higher relative profit/ha
5752,West Bengal,Malda,2021,Rabi,Barley,438.75,18.3,53.0,Alluvial,Canal,63.68,49.98,3681.73,5.75,62686.82,274962.0,21169.9475,1327076688.34195,74.68282573681394,12.988317519445904,0.00020719375331921294,360449.21499999997,Higher relative profit,Moderate relative profit/ha
5760,West Bengal,Malda,2021,Zaid,Rice,552.8,32.7,77.8,Sandy,Sprinkler,360.52,46.56,3802.26,8.05,32511.59,451371.0,30608.193000000003,995121021.4568701,118.71124015716967,14.74673790772294,0.0004535840267339414,261718.2995,Higher relative profit,Higher relative profit/ha
5770,Uttarakhand,Dehradun,2022,Zaid,Sugarcane,934.17,29.8,79.0,Black,Tube Well,88.62,53.33,4635.85,8.12,20711.68,603215.0,37643.102,779651882.83136,130.11961129027037,16.024582671215565,0.0007736978686043607,168178.84159999999,Higher relative profit,Higher relative profit/ha
5772,Uttarakhand,Dehradun,2022,Rabi,Wheat,1553.71,36.5,60.3,Alluvial,Canal,189.28,15.84,3933.92,6.9,56271.81,405059.0,27144.048000000003,1527444711.68688,102.96574409240655,14.922571607595152,0.00026518733994152936,388275.489,Higher relative profit,Higher relative profit/ha
5773,Uttarakhand,Dehradun,2022,Zaid,Maize,809.69,29.4,80.4,Red,Sprinkler,365.03,46.45,3555.79,7.09,44568.54,272312.0,25210.5511,1123597455.122394,76.5827003281971,10.801509214132173,0.00024235725949587247,315990.9486,Higher relative profit,Moderate relative profit/ha
5779,Uttarakhand,Haridwar,2022,Zaid,Pulses,626.84,30.4,37.9,Laterite,Tube Well,373.92,18.46,4328.39,3.37,45640.53,261673.0,14586.674300000002,665743545.989379,60.455042175035054,17.93918165431307,0.0003930537540715034,153808.5861,Higher relative profit,Moderate relative profit/ha
5780,Uttarakhand,Haridwar,2022,Zaid,Pulses,800.62,23.5,52.3,Alluvial,Sprinkler,236.13,53.57,4465.25,5.91,39192.49,452839.00000000006,26389.627500000002,1034275211.897475,101.41403056939703,17.159734444906434,0.000437832208285476,231627.6159,Higher relative profit,Higher relative profit/ha
5781,Uttarakhand,Haridwar,2022,Kharif,Barley,838.82,20.7,51.5,Alluvial,Drip,337.99,58.91,1661.42,8.21,61258.96,242730.00000000003,13640.258200000002,835588031.4634721,146.09791624032457,17.795117690660724,0.00029049003918219836,502936.0616000001,Higher relative profit,Higher relative profit/ha
5782,Uttarakhand,Haridwar,2022,Kharif,Millets,867.74,28.2,70.8,Red,Tube Well,90.03,12.84,3751.19,5.76,31506.42,370088.0,21606.8544,680754629.605248,98.65882559934315,17.128268333219296,0.0005436437504870213,181476.9792,Higher relative profit,Higher relative profit/ha
5783,Uttarakhand,Haridwar,2022,Rabi,Barley,412.42,31.9,66.0,Red,Tube Well,342.7,15.65,4402.42,5.9,42542.74,407182.0,25974.278000000002,1105016955.64172,92.49049386473803,15.676354892328478,0.0003684848435321392,251002.166,Higher relative profit,Higher relative profit/ha
5784,Uttarakhand,Haridwar,2022,Rabi,Sugarcane,2149.56,28.6,55.5,Laterite,Sprinkler,289.63,13.66,2676.84,5.86,16865.22,235130.00000000003,15686.282400000002,264552603.65812805,87.83864556716128,14.989529960266431,0.000888783541529042,98830.18920000001,Higher relative profit,Higher relative profit/ha
5795,Uttarakhand,Haridwar,2022,Rabi,Sugarcane,2179.9,29.9,67.7,Black,Canal,188.16,13.71,2753.78,7.58,24562.15,349045.0,20873.652400000003,512701781.2966601,126.75122921947286,16.721798050062382,0.0006807953721503361,186181.09700000004,Higher relative profit,Higher relative profit/ha
5797,Uttarakhand,Nainital,2022,Rabi,Rice,1287.14,21.5,87.0,Alluvial,Tube Well,255.35,41.25,3157.57,6.64,47326.06,246997.0,20966.2648,992250705.9006879,78.22376067672292,11.780686848904054,0.0002489260007890802,314245.03839999996,Higher relative profit,Moderate relative profit/ha
5798,Uttarakhand,Nainital,2022,Zaid,Pulses,1959.77,20.5,82.1,Sandy,Drip,319.21,38.73,3527.62,4.97,17726.95,279534.0,17532.271399999998,310793698.49423,79.24152828252477,15.943969473345025,0.0008994197802411032,88102.9415,Higher relative profit,Moderate relative profit/ha
5809,Uttarakhand,Nainital,2022,Rabi,Sugarcane,673.62,26.4,41.7,Laterite,Tube Well,307.76,47.98,4101.32,6.23,36896.74,236172.0,25551.2236,942756853.851064,57.584387465498914,9.243079849999825,0.00025051210079806037,229866.6902,Higher relative profit,Moderate relative profit/ha
5810,Uttarakhand,Nainital,2022,Zaid,Cotton,959.57,30.8,85.3,Red,Tube Well,219.48,11.44,3530.35,6.5,39272.93,339445.0,22947.274999999998,901206724.7657499,96.15052331921764,14.79238820295656,0.0003766560886329734,255274.04499999998,Higher relative profit,Higher relative profit/ha
5812,Uttarakhand,Nainital,2022,Kharif,Rice,1981.86,23.2,41.4,Red,Canal,196.41,41.23,4599.1,5.83,29770.93,336568.0,26812.753000000004,798240592.6702901,73.1812745972038,12.552534236227064,0.00042163728967241083,173564.52190000002,Higher relative profit,Moderate relative profit/ha
5817,Uttarakhand,Almora,2022,Zaid,Pulses,1834.8,35.1,66.9,Laterite,Tube Well,444.68,42.9,2187.66,8.43,38747.28,259733.0,18441.9738,714576322.581264,118.72640172604518,14.083796171535608,0.0003634783182596458,326639.5704,Higher relative profit,Higher relative profit/ha
5823,Uttarakhand,Almora,2022,Zaid,Barley,1736.78,22.3,54.7,Sandy,Rain-fed,244.17,17.33,3956.36,5.97,19951.02,267161.0,23619.4692,471232502.398584,67.52696923434672,11.31105012300615,0.0005669409445234455,119107.5894,Higher relative profit,Moderate relative profit/ha
5824,Uttarakhand,Almora,2022,Zaid,Rice,590.39,30.8,81.4,Alluvial,Rain-fed,244.82,34.05,2349.73,7.74,58860.03,316279.0,18186.910200000002,1070482079.9793061,134.60227345269456,17.390474606291285,0.00029545473568890954,455576.63220000005,Higher relative profit,Higher relative profit/ha
5825,Uttarakhand,Almora,2022,Kharif,Wheat,1646.8,24.0,40.3,Alluvial,Canal,183.34,21.13,4097.04,8.29,51257.31,525678.0,33964.461599999995,1740926937.2142956,128.30677757600608,15.47729524439157,0.00030195293596935874,424923.0998999999,Higher relative profit,Higher relative profit/ha
5831,Uttarakhand,Almora,2022,Zaid,Maize,452.39,35.0,50.3,Red,Tube Well,332.96,6.69,4891.09,7.59,27066.89,421675.0,37123.3731,1004814256.1266589,86.21288915149792,11.35874692378102,0.00041965467491023235,205437.69509999998,Higher relative profit,Higher relative profit/ha
5835,Uttarakhand,Pauri,2022,Rabi,Rice,1249.09,19.7,81.7,Alluvial,Canal,84.75,56.01,3289.23,7.66,21421.4,374718.0,25195.501800000002,539722922.2585201,113.9227113944601,14.87241663113056,0.0006942784613111449,164087.92400000003,Higher relative profit,Higher relative profit/ha
5842,Uttarakhand,Pauri,2022,Rabi,Wheat,2103.59,25.3,76.3,Alluvial,Rain-fed,75.17,24.82,3987.8,7.9,35868.12,513551.0,31503.620000000003,1129975622.5944002,128.78053061838608,16.301332989669124,0.00045447971596139194,283358.14800000004,Higher relative profit,Higher relative profit/ha
5843,Uttarakhand,Pauri,2022,Zaid,Barley,2050.9,35.1,46.9,Black,Drip,387.37,23.75,3306.05,8.38,52286.66,377225.0,27704.699000000004,1448586177.0153403,114.10142012371259,13.615921255812957,0.00026040908437855766,438162.21080000006,Higher relative profit,Higher relative profit/ha
5845,Uttarakhand,Pauri,2022,Zaid,Sugarcane,2070.96,33.2,44.0,Laterite,Tube Well,89.92,35.28,2325.73,7.51,16512.27,259257.00000000003,17466.2323,288407143.620321,111.47338685058025,14.84332714388552,0.00089892710959096,124007.14769999999,Higher relative profit,Higher relative profit/ha
5846,Uttarakhand,Pauri,2022,Kharif,Sugarcane,2185.25,21.3,63.5,Red,Sprinkler,428.05,28.35,4926.14,7.23,58380.08,516312.0,35615.99220000001,2079264473.9153764,104.8106631155428,14.4966339025647,0.00024831473171267837,422087.9784000001,Higher relative profit,Higher relative profit/ha
5851,Uttar Pradesh,Lucknow,2022,Zaid,Cotton,1380.39,24.8,73.6,Alluvial,Drip,308.71,15.58,3053.39,6.94,58424.67,346136.0,21190.5266,1238049523.731222,113.36121491195033,16.334469007485637,0.0002795817076499643,405467.2098,Higher relative profit,Higher relative profit/ha
5853,Uttar Pradesh,Lucknow,2022,Kharif,Cotton,976.1,36.4,86.1,Alluvial,Drip,312.46,10.63,3351.36,6.6,26500.36,325939.0,22118.976,586160826.83136,97.25574095292657,14.735718326200997,0.0005560572885123446,174902.376,Higher relative profit,Higher relative profit/ha
5856,Uttar Pradesh,Lucknow,2022,Kharif,Pulses,752.58,23.1,49.8,Laterite,Drip,294.78,31.02,2717.09,6.65,13644.78,295890.0,18068.648500000003,246542733.67983004,108.89959478706999,16.375878915348867,0.0012001570501942037,90737.78700000001,Higher relative profit,Higher relative profit/ha
5857,Uttar Pradesh,Lucknow,2022,Kharif,Pulses,1435.86,37.6,58.6,Alluvial,Rain-fed,206.69,34.42,4726.4,5.3,57085.5,368205.0,25049.92,1429987208.1599998,77.90390148950576,14.698849337642596,0.0002574883173072426,302553.14999999997,Higher relative profit,Moderate relative profit/ha
5861,Uttar Pradesh,Lucknow,2022,Zaid,Sugarcane,1426.81,32.4,76.6,Alluvial,Rain-fed,229.01,11.17,4711.88,6.19,59689.14,512522.0,29166.537200000002,1740925522.2460082,108.7722947103916,17.57226085789848,0.0002943962814324093,369475.77660000004,Higher relative profit,Higher relative profit/ha
5863,Uttar Pradesh,Lucknow,2022,Zaid,Maize,1279.39,20.6,72.4,Black,Tube Well,252.16,10.66,3948.17,3.97,27889.31,264993.0,15674.234900000001,437143596.13891906,67.11793058556242,16.906279744474162,0.0006061921124787296,110720.56070000002,Higher relative profit,Moderate relative profit/ha
5865,Uttar Pradesh,Lucknow,2022,Kharif,Wheat,420.57,18.4,62.1,Sandy,Drip,392.57,43.91,4937.15,8.35,26206.59,539354.0,41225.20249999999,1080371979.5844748,109.24399704282835,13.0831134183028,0.0004992299043218824,218825.02649999998,Higher relative profit,Higher relative profit/ha
5867,Uttar Pradesh,Lucknow,2022,Kharif,Maize,1683.73,26.0,62.3,Alluvial,Tube Well,76.76,14.23,2498.44,7.35,54417.62,230002.0,18363.534,999299815.06908,92.05824434447095,12.52493120332938,0.00023016315677402616,399969.507,Higher relative profit,Higher relative profit/ha
5874,Uttar Pradesh,Kanpur,2022,Kharif,Barley,571.67,21.8,58.6,Red,Sprinkler,119.03,35.21,4093.6,7.24,37360.81,427265.0,29637.664,1107287133.5478399,104.37390072307993,14.416284630259659,0.0003858664903212661,270492.2644,Higher relative profit,Higher relative profit/ha
5878,Uttar Pradesh,Kanpur,2022,Zaid,Millets,784.12,37.3,37.5,Black,Canal,263.31,12.17,4339.33,7.35,26537.83,465021.0,31894.0755,846399553.626165,107.16423964068186,14.580168658596172,0.0005494107339822498,195053.0505,Higher relative profit,Higher relative profit/ha
5885,Uttar Pradesh,Kanpur,2022,Kharif,Barley,908.44,30.4,71.1,Red,Tube Well,312.93,39.79,4553.89,7.03,12412.16,333053.0,32013.846700000002,397360987.455872,73.1359343330647,10.403404599297964,0.0008381623020729643,87257.48479999999,Higher relative profit,Moderate relative profit/ha
5887,Uttar Pradesh,Varanasi,2022,Kharif,Pulses,1135.28,31.3,89.8,Sandy,Sprinkler,381.72,46.31,3148.39,4.23,24345.07,237498.0,13317.6897,324220087.984779,75.43474601304159,17.833273289135125,0.0007325209288424772,102979.6461,Higher relative profit,Moderate relative profit/ha
5889,Uttar Pradesh,Varanasi,2022,Kharif,Maize,840.46,22.4,37.0,Laterite,Canal,97.06,17.3,4090.98,6.42,47342.33,332770.0,26264.0916,1243403291.677428,81.34236784340183,12.670150754423961,0.0002676283730526985,303937.7586,Higher relative profit,Moderate relative profit/ha
5894,Uttar Pradesh,Varanasi,2022,Rabi,Millets,1641.4,37.3,38.3,Alluvial,Drip,112.22,10.93,2686.66,7.98,41570.06,357104.0,21439.5468,891243246.8488079,132.91745140806802,16.65632223158747,0.00040068073588509303,331729.0788,Higher relative profit,Higher relative profit/ha
5896,Uttar Pradesh,Varanasi,2022,Zaid,Barley,444.72,35.6,86.2,Sandy,Tube Well,109.51,34.02,4769.24,8.01,36305.44,588863.0,38201.6124,1386926346.8914561,123.4710352173512,15.414611138246093,0.00042458130622424875,290806.57440000004,Higher relative profit,Higher relative profit/ha
5899,Uttar Pradesh,Varanasi,2022,Zaid,Cotton,1840.18,29.8,63.2,Alluvial,Drip,345.37,18.79,3484.94,5.65,45714.74,347573.0,19689.911,900119161.98814,99.7357199837013,17.652339820124123,0.00038614109628807083,258288.281,Higher relative profit,Higher relative profit/ha
5902,Uttar Pradesh,Varanasi,2022,Rabi,Sugarcane,1198.93,19.0,76.1,Red,Drip,203.84,19.67,3103.95,7.87,57428.2,326435.0,24428.086499999998,1402861037.1392999,105.16760901432046,13.363101526597264,0.00023269232757769292,451959.934,Higher relative profit,Higher relative profit/ha
5909,Uttar Pradesh,Agra,2022,Zaid,Millets,1406.31,29.1,58.0,Black,Tube Well,193.92,13.64,3716.13,7.55,56732.95,361664.0,28056.7815,1591743982.0004249,97.322752433311,12.890430785869006,0.0002272124186362424,428333.77249999996,Higher relative profit,Higher relative profit/ha
5924,Uttar Pradesh,Meerut,2022,Zaid,Barley,570.56,18.9,86.1,Sandy,Sprinkler,360.17,21.34,2412.54,8.25,45897.04,352164.0,19903.454999999998,913509670.2731999,145.97229475987965,17.693611486046017,0.00038550659227797735,378650.57999999996,Higher relative profit,Higher relative profit/ha
5933,Uttar Pradesh,Meerut,2022,Rabi,Sugarcane,1755.45,19.8,76.9,Laterite,Tube Well,173.57,12.35,4922.0,6.26,16084.04,265300.0,30811.719999999998,495576936.94879997,53.900853311661926,8.610359953939605,0.0005353356466372631,100686.09039999999,Higher relative profit,Moderate relative profit/ha
5936,Uttar Pradesh,Meerut,2022,Kharif,Wheat,1494.04,20.0,79.3,Alluvial,Tube Well,91.69,15.84,3166.83,7.65,32735.93,261356.0,24226.2495,793068807.794535,82.52921691407496,10.788132929944439,0.0003295502198943008,250429.86450000003,Higher relative profit,Moderate relative profit/ha
5938,Uttar Pradesh,Meerut,2022,Rabi,Wheat,1956.56,30.4,63.2,Sandy,Tube Well,431.97,33.17,4567.33,6.53,57359.91,258489.0,29824.6649,1710740094.444159,56.595209892869576,8.666954041787072,0.00015109776221383666,374560.2123,Higher relative profit,Moderate relative profit/ha
5958,Punjab,Ludhiana,2022,Kharif,Pulses,1523.93,25.0,37.5,Laterite,Drip,157.2,17.22,4203.61,5.89,44336.02,272430.0,24759.262899999998,1097727175.1196578,64.80858119568657,11.003154702153918,0.00024817641958285654,261139.15779999996,Higher relative profit,Moderate relative profit/ha
5963,Punjab,Amritsar,2022,Rabi,Rice,1504.67,31.8,50.3,Red,Rain-fed,386.4,26.59,2314.16,7.64,36099.38,271280.0,17680.182399999998,638243622.9269118,117.2261209250873,15.34373310537792,0.0004250414579247046,275799.2631999999,Higher relative profit,Higher relative profit/ha
5969,Punjab,Amritsar,2022,Zaid,Barley,1746.07,25.0,65.7,Red,Canal,287.45,37.24,4605.13,5.75,13295.84,317116.0,26479.4975,352067162.0404,68.86146536579858,11.975907020138882,0.0009007258676502486,76451.08,Higher relative profit,Moderate relative profit/ha
5973,Punjab,Amritsar,2022,Zaid,Cotton,864.72,24.7,64.8,Sandy,Sprinkler,104.53,45.01,4132.56,7.03,20186.02,429786.0,29051.896800000002,586442169.842736,103.99994192461814,14.793732848452084,0.0007328702165385789,141907.7206,Higher relative profit,Higher relative profit/ha
5974,Punjab,Amritsar,2022,Kharif,Cotton,1428.8,30.3,82.2,Laterite,Tube Well,301.79,48.82,3796.0,6.41,44761.62,321531.0,24332.36,1089155852.0232,84.70258166491043,13.214131304978226,0.00029521119443349516,286921.9842,Higher relative profit,Higher relative profit/ha
5975,Punjab,Amritsar,2022,Zaid,Maize,2005.27,33.3,83.5,Laterite,Rain-fed,374.86,17.56,3803.05,8.33,32205.3,333234.0,31679.4065,1020244790.15445,87.62282904510853,10.518947064238718,0.00032662161396536344,268270.149,Higher relative profit,Higher relative profit/ha
5977,Punjab,Patiala,2022,Kharif,Pulses,1744.76,22.2,41.5,Laterite,Sprinkler,205.53,31.42,4452.22,5.01,32847.22,311219.0,22305.6222,732677679.6402841,69.90198148339479,13.952491314050857,0.0004247693203275911,164564.5722,Higher relative profit,Moderate relative profit/ha
5981,Punjab,Patiala,2022,Kharif,Wheat,1024.82,24.3,44.4,Alluvial,Sprinkler,402.52,38.26,3769.14,5.8,12978.17,256221.0,21861.012,283715930.10804,67.97863703656537,11.720454661476788,0.0009030899318992423,75273.386,Higher relative profit,Moderate relative profit/ha
5982,Punjab,Patiala,2022,Kharif,Barley,1223.36,28.3,84.1,Black,Sprinkler,406.14,34.01,3572.9,5.05,34725.83,288423.0,18043.145,626563185.9353501,80.72518122533516,15.985184401056467,0.0004603254810916389,175365.44150000002,Higher relative profit,Moderate relative profit/ha
5986,Punjab,Patiala,2022,Kharif,Millets,1621.88,32.5,37.2,Sandy,Sprinkler,235.41,19.6,3109.78,7.12,18130.79,344620.0,22141.6336,401445309.05854404,110.81812861359967,15.564343906404448,0.0008584481926272626,129091.22480000001,Higher relative profit,Higher relative profit/ha
5987,Punjab,Patiala,2022,Kharif,Rice,1137.08,34.4,83.1,Alluvial,Drip,339.64,35.01,2797.83,7.59,63115.24,297926.0,21235.5297,1340285553.5426278,106.48466847521115,14.029600589619386,0.00022228546686377788,479044.67159999994,Higher relative profit,Higher relative profit/ha
5992,Punjab,Patiala,2022,Kharif,Barley,1486.77,29.2,77.4,Black,Drip,172.76,29.73,3182.17,5.26,47658.31,286737.0,16738.2142,797715001.1900018,90.10737955546058,17.130680523851822,0.00035944792259423017,250682.71059999993,Higher relative profit,Higher relative profit/ha
5993,Punjab,Patiala,2022,Rabi,Pulses,491.97,37.1,59.4,Laterite,Canal,207.37,6.86,4150.09,7.54,29367.44,315608.0,31291.678600000003,918956493.7847841,76.04847123797315,10.08600414296726,0.0003434417212725134,221430.4976,Higher relative profit,Moderate relative profit/ha
5994,Punjab,Patiala,2022,Kharif,Wheat,2157.04,28.3,80.5,Black,Canal,298.32,32.15,3909.73,8.07,25123.22,393732.0,31551.5211,792675805.9299421,100.70567532796382,12.479018008421786,0.0004967125236503037,202744.38540000003,Higher relative profit,Higher relative profit/ha
6001,Punjab,Jalandhar,2022,Zaid,Wheat,1345.66,18.8,73.3,Sandy,Sprinkler,132.62,51.94,4737.26,6.93,54204.88,427949.0,32829.2118,1779503486.1135838,90.33681917395288,13.035616042417443,0.00024048786829557493,375639.81839999993,Higher relative profit,Higher relative profit/ha
6002,Punjab,Jalandhar,2022,Rabi,Maize,477.96,24.9,40.1,Alluvial,Tube Well,237.15,52.26,4243.15,8.45,21431.11,321439.0,35854.61749999999,768404251.6504248,75.75480480303548,8.965065657163963,0.00041832017367107743,181092.87949999998,Higher relative profit,Moderate relative profit/ha
6005,Punjab,Jalandhar,2022,Zaid,Sugarcane,1342.49,34.2,63.3,Alluvial,Drip,405.16,32.85,4510.61,7.67,52378.39,418205.0,34596.378699999994,1812102616.1362927,92.71584109466347,12.088114875445044,0.00023078439172042218,401742.25129999995,Higher relative profit,Higher relative profit/ha
6008,Punjab,Jalandhar,2022,Kharif,Maize,1127.82,20.2,72.0,Red,Sprinkler,382.0,45.09,2480.67,6.1,47455.44,243810.0,15132.087,718099846.70328,98.28393135725429,16.112119894631853,0.0003395210305632368,289478.184,Higher relative profit,Higher relative profit/ha
6009,Punjab,Jalandhar,2022,Zaid,Cotton,759.27,18.3,38.4,Red,Tube Well,142.39,47.44,4576.95,8.0,17349.62,513771.0,36615.6,635266746.0719999,112.25182709009275,14.031478386261593,0.0008087484559466775,138796.96,Higher relative profit,Higher relative profit/ha
6017,Punjab,Bathinda,2022,Kharif,Barley,1268.68,37.3,50.2,Black,Canal,254.85,52.81,3455.1,7.79,64792.49,433944.0,26915.229,1743904705.83021,125.59520708517843,16.122619651499157,0.0002488346975320621,504733.4971,Higher relative profit,Higher relative profit/ha
6020,Punjab,Bathinda,2022,Zaid,Wheat,2112.32,22.2,82.5,Laterite,Canal,141.73,27.54,4453.19,5.77,57867.16,229686.0,25694.906299999995,1486891254.0471077,51.57785767056874,8.938970133547443,0.000154473973382268,333893.5132,Higher relative profit,Moderate relative profit/ha
6021,Punjab,Bathinda,2022,Zaid,Wheat,863.07,31.5,51.8,Sandy,Drip,421.95,19.39,3817.37,7.78,33237.94,395376.0,29699.1386,987138186.838484,103.57287870968756,13.312709345718195,0.00040052750999966286,258591.17320000002,Higher relative profit,Higher relative profit/ha
6025,Punjab,Bathinda,2022,Zaid,Millets,1683.5,37.9,77.2,Sandy,Canal,420.46,39.51,3842.24,6.85,55116.34,372164.0,26319.343999999997,1450625912.4809597,96.86120596318814,14.140322038421628,0.0002565540824811958,377546.92899999995,Higher relative profit,Higher relative profit/ha
6026,Punjab,Bathinda,2022,Kharif,Sugarcane,1617.73,22.7,36.8,Black,Canal,146.29,37.58,2464.85,6.88,47261.99,260296.0,16958.167999999998,801476766.4343199,105.60318072093636,15.349299523391915,0.0003247704873068594,325162.49119999993,Higher relative profit,Higher relative profit/ha
6028,Punjab,Bathinda,2022,Rabi,Maize,1947.9,18.5,41.4,Alluvial,Canal,205.33,10.42,3578.57,6.78,58777.24,274887.0,24262.7046,1426094811.323304,76.81476120349748,11.32961079697603,0.0001927550663654168,398509.6872,Higher relative profit,Moderate relative profit/ha
6030,Punjab,Bathinda,2022,Kharif,Millets,1266.53,37.1,43.7,Red,Drip,265.58,22.99,4765.65,5.9,40321.36,468814.00000000006,28117.335,1133729186.7756,98.3735691878338,16.673486303022674,0.00041351497824038363,237896.024,Higher relative profit,Higher relative profit/ha
6032,Maharashtra,Pune,2022,Rabi,Millets,1081.85,27.7,59.1,Laterite,Sprinkler,314.09,5.15,4511.0,3.4,59060.55,262329.0,15337.4,905835279.57,58.15318111283529,17.103876797892735,0.0002895990097940627,200805.87000000002,Higher relative profit,Moderate relative profit/ha
6047,Maharashtra,Pune,2022,Zaid,Wheat,1700.17,24.1,65.0,Sandy,Rain-fed,405.17,13.0,4110.89,4.61,43872.94,291312.0,18951.202900000004,831444987.7595263,70.86348698213769,15.371689150138325,0.0003503683398044061,202254.25340000005,Higher relative profit,Moderate relative profit/ha
6048,Maharashtra,Pune,2022,Kharif,Rice,1038.24,26.0,50.7,Sandy,Sprinkler,65.12,21.42,2621.81,7.89,58846.65,274826.0,20686.080899999997,1217306562.5939848,104.8230039552828,13.285551832101751,0.00022576564395937154,464300.06849999994,Higher relative profit,Higher relative profit/ha
6051,Maharashtra,Nashik,2022,Zaid,Barley,957.33,26.9,81.9,Black,Drip,373.84,37.62,4125.65,3.99,26311.71,265230.0,16461.3435,433126096.38238496,64.28805157975107,16.112293629010296,0.0006123620862730052,104983.7229,Higher relative profit,Moderate relative profit/ha
6055,Maharashtra,Nashik,2022,Rabi,Pulses,1416.03,19.3,87.6,Alluvial,Drip,438.04,58.81,4141.83,6.27,37084.74,339830.0,25969.2741,963063777.9872339,82.0482733477714,13.085849018783318,0.00035286344245054216,232521.31979999997,Higher relative profit,Moderate relative profit/ha
6056,Maharashtra,Nashik,2022,Kharif,Millets,600.89,37.2,43.3,Black,Drip,118.43,21.72,3063.98,5.14,37792.2,258777.0,15748.857199999999,595183961.0738399,84.45779672191071,16.43147796146123,0.0004347849016850364,194251.90799999997,Higher relative profit,Higher relative profit/ha
6065,Maharashtra,Nashik,2022,Zaid,Rice,593.79,28.2,63.1,Alluvial,Tube Well,396.4,57.82,4714.28,6.77,20463.67,443994.0,31915.675599999995,653111853.3054519,94.18065961292075,13.911471139279286,0.000679813109734436,138539.04589999997,Higher relative profit,Higher relative profit/ha
6070,Maharashtra,Nagpur,2022,Zaid,Pulses,1786.61,27.2,37.7,Black,Tube Well,109.29,55.52,4632.84,7.79,46763.12,638088.0,36089.8236,1687672751.7856321,137.7314994690082,17.68055192156716,0.00037808751686301434,364284.7048,Higher relative profit,Higher relative profit/ha
6071,Maharashtra,Nagpur,2022,Zaid,Millets,2044.31,26.7,72.4,Black,Tube Well,390.42,57.89,4960.77,2.58,52157.51,229467.0,12798.786600000001,667552840.0773661,46.25632714276211,17.928808970062832,0.0003437435753751057,134566.3758,Higher relative profit,Moderate relative profit/ha
6078,Maharashtra,Nagpur,2022,Zaid,Sugarcane,1776.53,28.1,71.9,Red,Tube Well,155.56,51.89,4529.05,7.3,58440.22,487232.0,33062.065,1932154352.2543,107.57929367085812,14.736889543953167,0.0002521703296796824,426613.606,Higher relative profit,Higher relative profit/ha
6080,Maharashtra,Nagpur,2022,Zaid,Wheat,1447.09,20.2,76.4,Red,Sprinkler,234.14,17.42,3562.44,7.3,55708.13,417475.0,26005.811999999998,1448735155.6515598,117.18793860387824,16.05314227450387,0.00028816516143162355,406669.34899999993,Higher relative profit,Higher relative profit/ha
6090,Maharashtra,Aurangabad,2022,Zaid,Millets,1048.75,21.9,69.1,Alluvial,Sprinkler,115.24,36.29,4931.22,5.09,52841.49,437970.0,25099.9098,1326316632.697602,88.8157494494263,17.449066689474716,0.0003302152662514762,268963.1841,Higher relative profit,Higher relative profit/ha
6091,Maharashtra,Aurangabad,2022,Zaid,Cotton,473.48,23.6,89.4,Black,Rain-fed,150.52,44.93,4604.99,5.44,16298.56,410008.0,25051.1456,408297599.630336,89.03558965383205,16.366836333425006,0.0010041891021921572,88664.1664,Higher relative profit,Higher relative profit/ha
6098,Maharashtra,Aurangabad,2022,Rabi,Millets,472.36,32.3,86.9,Alluvial,Drip,101.7,36.02,3860.45,5.44,59090.59,363130.0,21000.848,1240952498.8203201,94.0641635042547,17.291206526517403,0.0002926219982998546,321452.80960000004,Higher relative profit,Higher relative profit/ha
6103,Maharashtra,Kolhapur,2022,Rabi,Maize,1473.87,26.8,80.2,Sandy,Rain-fed,394.36,30.28,2761.02,7.23,27516.47,263433.0,19962.174600000002,549288578.5156621,95.41147836669057,13.196608349473106,0.000479589436779976,198944.07810000004,Higher relative profit,Higher relative profit/ha
6111,Maharashtra,Kolhapur,2022,Zaid,Maize,1300.95,35.3,52.6,Alluvial,Tube Well,275.37,58.41,3062.55,7.07,14890.64,240735.0,21652.2285,322415539.79124,78.60606357447224,11.118255102471322,0.0007466606608225922,105276.82479999999,Higher relative profit,Moderate relative profit/ha
6112,Maharashtra,Kolhapur,2022,Kharif,Millets,1599.76,18.4,76.1,Red,Canal,170.6,15.23,4696.05,6.73,14902.37,400544.0,31604.416500000003,470980708.31710505,85.293810755848,12.673671731923921,0.0008504467230329083,100292.9501,Higher relative profit,Higher relative profit/ha
6113,Maharashtra,Kolhapur,2022,Kharif,Rice,435.4,27.2,42.3,Laterite,Canal,320.61,12.19,4064.29,5.47,61387.24,307641.0,22231.666299999997,1364740634.7580118,75.69366359191888,13.837964093586635,0.00022542085445748393,335788.20279999997,Higher relative profit,Moderate relative profit/ha
6120,Maharashtra,Kolhapur,2022,Zaid,Maize,1288.08,36.1,89.1,Laterite,Drip,89.31,50.51,4287.49,6.82,36262.77,384352.0,29240.6818,1060348118.7565858,89.64499042563365,13.144426748626636,0.00036247718386175784,247312.09139999998,Higher relative profit,Higher relative profit/ha
6123,Karnataka,Bengaluru,2022,Zaid,Pulses,1005.9,25.0,43.6,Alluvial,Canal,411.28,48.46,4348.7,7.34,61710.63,363366.0,31919.458,1969769862.4385397,83.5573849656219,11.383839913572467,0.00018447129633213062,452956.0242,Higher relative profit,Moderate relative profit/ha
6124,Karnataka,Bengaluru,2022,Kharif,Pulses,1654.69,28.9,89.0,Alluvial,Sprinkler,66.8,31.62,3936.47,4.72,18625.07,243049.0,18580.1384,346056378.309688,61.74288131244491,13.081118922128159,0.0007023393158859623,87910.33039999999,Higher relative profit,Moderate relative profit/ha
6130,Karnataka,Bengaluru,2022,Kharif,Maize,1274.17,22.2,71.7,Red,Rain-fed,443.7,48.45,4281.59,5.42,42043.43,308552.0,23206.217800000002,975668993.6390541,72.06481704226701,13.296091705215314,0.0003162465979872554,227875.3906,Higher relative profit,Moderate relative profit/ha
6142,Karnataka,Mysuru,2022,Rabi,Rice,1128.52,31.5,86.2,Laterite,Rain-fed,218.31,17.12,4323.03,5.4,34146.78,294319.0,23344.362,797134793.45436,68.08164643779942,12.607712303296188,0.00036922111845673843,184392.61200000002,Higher relative profit,Moderate relative profit/ha
6143,Karnataka,Mysuru,2022,Rabi,Millets,1526.17,34.8,45.3,Red,Tube Well,239.02,41.27,4295.47,6.51,57118.31,497039.00000000006,27963.509700000002,1597228415.7326071,115.71236674915667,17.77455710432514,0.00031118842809468877,371840.1981,Higher relative profit,Higher relative profit/ha
6144,Karnataka,Mysuru,2022,Rabi,Wheat,878.52,30.6,78.9,Black,Canal,160.01,42.24,4428.01,7.86,57177.18,306410.0,34804.1586,1990003641.0207481,69.19812737550276,8.803832999427833,0.00015397459265091128,449412.6348,Higher relative profit,Moderate relative profit/ha
6145,Karnataka,Mysuru,2022,Kharif,Sugarcane,1276.12,21.8,41.2,Alluvial,Drip,439.22,20.28,2577.29,8.34,62969.4,270499.0,21494.598599999998,1353501977.08284,104.9548168812978,12.5845104174218,0.00019985120419476442,525164.796,Higher relative profit,Higher relative profit/ha
6150,Karnataka,Mysuru,2022,Zaid,Sugarcane,2022.49,21.1,65.6,Sandy,Tube Well,419.13,32.14,2970.51,7.78,23581.49,260646.0,23110.5678,544981623.4700221,87.74452871729096,11.27821705877776,0.0004782656676392271,183463.9922,Higher relative profit,Higher relative profit/ha
6151,Karnataka,Mysuru,2022,Kharif,Wheat,1498.87,33.7,90.0,Red,Rain-fed,397.51,37.88,2521.83,5.19,44846.52,230728.00000000003,13088.297700000001,586964604.569004,91.49228932957418,17.628572125158797,0.00039308673505009524,232753.43880000003,Higher relative profit,Higher relative profit/ha
6152,Karnataka,Mysuru,2022,Zaid,Sugarcane,673.95,28.3,77.3,Alluvial,Canal,393.37,37.77,3403.96,5.71,31363.16,240860.0,19436.6116,609593559.468656,70.75876332271824,12.392077639705471,0.00039511572302361984,179083.64359999998,Higher relative profit,Moderate relative profit/ha
6154,Karnataka,Mysuru,2022,Zaid,Barley,1607.23,26.8,57.9,Red,Sprinkler,114.94,28.8,2281.97,8.1,12993.42,240700.0,18483.957,240169816.56293997,105.4790378488762,13.022103438132865,0.001002207535670583,105246.70199999999,Higher relative profit,Higher relative profit/ha
6158,Karnataka,Hubli,2022,Zaid,Millets,600.43,35.6,36.2,Alluvial,Tube Well,114.37,26.72,3577.84,8.17,63878.08,522017.0,29230.952800000003,1867217141.4346242,145.90283523019474,17.858364165262515,0.0002795695200178608,521883.9136,Higher relative profit,Higher relative profit/ha
6162,Karnataka,Hubli,2022,Zaid,Maize,970.54,26.5,79.1,Laterite,Sprinkler,376.18,24.12,3331.51,4.16,25237.62,239098.0,13859.081600000001,349770234.969792,71.76865745562823,17.2520811191414,0.0006835858975268429,104988.49919999999,Higher relative profit,Moderate relative profit/ha
6164,Karnataka,Hubli,2022,Zaid,Pulses,1423.84,36.4,82.0,Alluvial,Rain-fed,201.21,55.61,3914.71,6.26,27576.98,436718.0,24506.0846,675803804.8925079,111.55819971338873,17.820798676260182,0.0006462200964812022,172631.89479999998,Higher relative profit,Higher relative profit/ha
6167,Karnataka,Hubli,2022,Zaid,Millets,574.86,27.9,67.6,Sandy,Sprinkler,398.01,50.38,1973.75,8.27,31820.65,287027.0,16322.912499999999,519405685.643125,145.4221659278024,17.584300595864864,0.000552606580816698,263156.7755,Higher relative profit,Higher relative profit/ha
6179,Karnataka,Belagavi,2022,Kharif,Cotton,744.69,28.1,86.2,Red,Rain-fed,148.76,46.15,4330.88,4.27,27700.03,307128.0,18492.8576,512252710.30572796,70.91584158415841,16.607925429545297,0.0005995634455827412,118279.12809999999,Higher relative profit,Moderate relative profit/ha
6180,Karnataka,Belagavi,2022,Rabi,Millets,575.15,37.0,66.4,Laterite,Canal,97.13,46.27,4381.57,6.11,55681.55,331070.0,26771.3927,1490672641.194685,75.55967381555014,12.366558725949286,0.0002220943692470717,340214.27050000004,Higher relative profit,Moderate relative profit/ha
6186,Karnataka,Belagavi,2022,Kharif,Wheat,1524.25,38.0,81.0,Sandy,Sprinkler,331.93,26.58,3867.04,5.27,19873.26,267039.0,20379.300799999997,405003143.4166079,69.05514295171501,13.103442685334917,0.0006593504379923032,104732.08019999998,Higher relative profit,Moderate relative profit/ha
6187,Karnataka,Belagavi,2022,Kharif,Cotton,747.94,27.4,41.9,Laterite,Rain-fed,91.54,33.13,3196.72,5.91,41408.61,282151.0,18892.6152,782316934.696872,88.26265672314122,14.934459682426603,0.00036066073414264816,244724.8851,Higher relative profit,Higher relative profit/ha
6189,Karnataka,Belagavi,2022,Zaid,Maize,496.21,23.6,38.9,Sandy,Drip,437.2,37.78,4152.38,3.61,63125.33,247214.0,14990.0918,946254491.605294,59.53549530630626,16.491826954655476,0.0002612552988579303,227882.4413,Higher relative profit,Moderate relative profit/ha
6190,Karnataka,Belagavi,2022,Zaid,Maize,515.1,35.6,49.1,Laterite,Drip,307.86,20.15,4934.7,5.79,57213.35,503779.0,28571.913,1634694858.63855,102.08908342959046,17.63196605001562,0.0003081792282747929,331265.2965,Higher relative profit,Higher relative profit/ha
6191,Karnataka,Belagavi,2022,Rabi,Rice,957.21,37.0,81.8,Laterite,Sprinkler,448.85,5.34,3737.56,8.26,54830.63,359169.0,30872.2456,1692744675.7627277,96.09718639968322,11.634041937007654,0.00021218143831299504,452901.00379999995,Higher relative profit,Higher relative profit/ha
6193,Karnataka,Mangalore,2022,Kharif,Wheat,1210.17,28.8,64.6,Sandy,Drip,299.65,32.47,3991.19,4.8,13160.4,260845.0,19157.712,252123153.0048,65.35519481658352,13.615665586788234,0.0010345935979748514,63169.92,Higher relative profit,Moderate relative profit/ha
6197,Karnataka,Mangalore,2022,Rabi,Millets,467.92,22.1,89.5,Laterite,Tube Well,425.62,44.53,3907.72,3.93,45743.21,264089.0,15357.3396,702494010.364116,67.58135178569601,17.19627271900662,0.00037593060738427885,179770.8153,Higher relative profit,Moderate relative profit/ha
6198,Karnataka,Mangalore,2022,Zaid,Sugarcane,613.47,23.6,73.7,Black,Sprinkler,319.76,44.19,4718.48,5.71,53822.46,265723.0,26942.5208,1450112748.057168,56.31538122446212,9.8625886557727,0.00018324299290245559,307326.2466,Higher relative profit,Moderate relative profit/ha
6219,Tamil Nadu,Chennai,2022,Rabi,Wheat,1830.07,19.7,88.9,Alluvial,Sprinkler,238.39,31.91,2620.77,6.58,53551.76,245666.0,17244.6666,923482247.0432161,93.73809987141183,14.245911834561069,0.0002660213564327497,352370.58080000005,Higher relative profit,Higher relative profit/ha
6222,Tamil Nadu,Chennai,2022,Kharif,Wheat,1149.2,37.6,47.4,Black,Rain-fed,337.24,39.77,3012.21,7.85,30154.15,245614.0,23645.8485,713020462.546275,81.53946769979517,10.387193337553525,0.0003444697773790183,236710.0775,Higher relative profit,Moderate relative profit/ha
6226,Tamil Nadu,Chennai,2022,Zaid,Cotton,1769.83,30.0,88.0,Sandy,Drip,259.34,24.51,3146.2,5.46,40293.3,263389.0,17178.252,692168461.3116001,83.71654694552159,15.332700905773184,0.0003805273061718246,220001.41800000003,Higher relative profit,Moderate relative profit/ha
6231,Tamil Nadu,Coimbatore,2022,Rabi,Millets,2130.95,30.9,50.8,Red,Drip,131.68,14.5,4309.46,7.05,21969.33,445235.00000000006,30381.693,667465439.47569,103.31572865277785,14.654713284081966,0.0006670532639858369,154883.7765,Higher relative profit,Higher relative profit/ha
6232,Tamil Nadu,Coimbatore,2022,Rabi,Sugarcane,668.14,30.1,39.9,Alluvial,Tube Well,329.04,22.08,3840.44,5.3,14796.38,277729.0,20354.332,301170430.91815996,72.31697409671808,13.644712093720393,0.0009221655630445011,78420.81399999998,Higher relative profit,Moderate relative profit/ha
6233,Tamil Nadu,Coimbatore,2022,Kharif,Sugarcane,1980.01,20.8,84.6,Sandy,Drip,134.52,28.67,3587.86,6.46,18229.7,271565.0,23177.5756,422520249.91532004,75.68996560623881,11.716712942142232,0.00064272659133953,117763.86200000001,Higher relative profit,Moderate relative profit/ha
6236,Tamil Nadu,Coimbatore,2022,Rabi,Rice,593.8,34.0,79.3,Alluvial,Rain-fed,365.88,21.46,3985.07,6.47,19276.64,354665.0,25783.4029,497017375.678256,88.99843666485155,13.755554353145527,0.0007135867222267744,124719.8608,Higher relative profit,Higher relative profit/ha
6239,Tamil Nadu,Coimbatore,2022,Zaid,Maize,1261.93,37.2,51.8,Laterite,Drip,94.9,57.79,4351.65,7.34,30717.12,303988.0,31941.110999999997,981138939.5203199,69.8558018222973,9.517139212847043,0.00030983175547860746,225463.6608,Higher relative profit,Moderate relative profit/ha
6249,Tamil Nadu,Madurai,2022,Rabi,Maize,1795.83,22.3,43.4,Red,Rain-fed,69.49,32.79,3590.53,8.38,51962.76,353574.0,30088.641400000004,1563488851.7942643,98.47404143677953,11.751078930403283,0.00022614424119125472,435447.92880000005,Higher relative profit,Higher relative profit/ha
6252,Tamil Nadu,Madurai,2022,Kharif,Pulses,1991.53,22.5,70.8,Black,Sprinkler,81.84,57.42,4010.14,4.58,59966.31,230672.0,18366.4412,1101367706.595972,57.52218127047934,12.559428224995488,0.0002094414050988878,274645.6998,Higher relative profit,Moderate relative profit/ha
6254,Tamil Nadu,Madurai,2022,Kharif,Wheat,1810.72,26.8,82.3,Red,Drip,104.65,46.21,4409.37,6.81,14381.18,398521.0,30027.809699999998,431835336.30144596,90.38048519402999,13.271730571810572,0.0009228540753825884,97935.8358,Higher relative profit,Higher relative profit/ha
6263,Tamil Nadu,Madurai,2022,Rabi,Pulses,1257.0,35.5,47.7,Black,Sprinkler,264.99,30.73,4355.94,8.21,22056.49,556018.0,35762.2674,788790093.285426,127.64592717071403,15.547615976944462,0.0007048998266244746,181083.78290000002,Higher relative profit,Higher relative profit/ha
6264,Tamil Nadu,Madurai,2022,Zaid,Sugarcane,2164.62,29.5,71.8,Laterite,Drip,365.59,9.4,3600.43,6.53,58215.09,416368.0,23510.8079,1368683797.8712108,115.64396474865502,17.70964238111103,0.0003042105127916324,380144.5377,Higher relative profit,Higher relative profit/ha
6265,Tamil Nadu,Salem,2022,Rabi,Rice,573.63,36.1,61.9,Black,Drip,291.6,20.51,2744.45,6.67,13786.27,237311.0,18305.481499999998,252364310.439005,86.46942010238847,12.963931049833354,0.0009403508744448899,91954.4209,Higher relative profit,Higher relative profit/ha
6269,Tamil Nadu,Salem,2022,Kharif,Sugarcane,1904.44,35.3,83.9,Red,Canal,356.36,27.56,3743.82,7.41,25847.4,232839.0,27741.7062,717050976.8338801,62.19289388912928,8.393103088951321,0.0003247174992050001,191529.234,Higher relative profit,Moderate relative profit/ha
6271,Tamil Nadu,Salem,2022,Kharif,Sugarcane,1576.79,22.1,87.0,Red,Drip,109.8,34.85,2917.52,6.32,17014.5,269515.0,18438.7264,313725710.3328,92.3781156598755,14.616790452511948,0.0008590784596968438,107531.63999999998,Higher relative profit,Higher relative profit/ha
6277,Tamil Nadu,Salem,2022,Rabi,Rice,2080.51,31.7,41.1,Red,Canal,217.33,12.98,3307.86,6.63,37742.81,393628.0,21931.1118,827741785.7561579,118.99778104272853,17.94838326436328,0.0004755444352013875,250234.83029999994,Higher relative profit,Higher relative profit/ha
6280,Tamil Nadu,Salem,2022,Rabi,Maize,1595.05,33.6,68.7,Red,Canal,67.09,45.96,4299.15,5.7,50375.68,282065.0,24505.155,1234463846.6304,65.60948094390753,11.510435253317109,0.00022849190826440674,287141.376,Higher relative profit,Moderate relative profit/ha
6284,Tamil Nadu,Tiruchirappalli,2022,Rabi,Barley,2020.62,32.1,54.5,Black,Tube Well,211.17,15.14,4973.58,4.9,29038.19,352507.0,24370.542,707676428.99898,70.87590829945432,14.464471081521289,0.0004981188938264157,142287.13100000002,Higher relative profit,Moderate relative profit/ha
6288,Tamil Nadu,Tiruchirappalli,2022,Kharif,Millets,1849.64,34.3,86.7,Laterite,Tube Well,71.27,55.51,3583.31,7.52,54382.36,318552.0,26946.491199999997,1465413785.175232,88.89881143412097,11.821650456665024,0.0002173802397811537,408955.34719999996,Higher relative profit,Higher relative profit/ha
6291,Tamil Nadu,Tiruchirappalli,2022,Rabi,Cotton,1225.06,24.1,79.8,Sandy,Canal,139.79,24.37,4469.73,4.25,48334.66,307124.0,18996.352499999997,918182239.32765,68.71198036570442,16.167524791930454,0.00033449133172614543,205422.30500000002,Higher relative profit,Moderate relative profit/ha
6293,Tamil Nadu,Tiruchirappalli,2022,Zaid,Cotton,1886.14,20.9,35.1,Alluvial,Canal,391.91,34.28,4667.87,4.47,31662.36,292343.0,20865.3789,660647138.268204,62.62877929333936,14.010912593588223,0.0004425100527436434,141530.7492,Higher relative profit,Moderate relative profit/ha
6294,Tamil Nadu,Tiruchirappalli,2022,Kharif,Rice,2110.06,18.1,37.3,Red,Canal,395.19,20.41,2340.61,6.55,27847.87,240214.0,15330.9955,426935569.654585,102.62880189352347,15.66851937305702,0.0005626469591052033,182403.5485,Higher relative profit,Higher relative profit/ha
6295,Tamil Nadu,Tiruchirappalli,2022,Kharif,Pulses,1336.53,28.3,63.8,Black,Tube Well,101.99,25.51,4241.37,6.32,59087.6,420191.0,26805.4584,1583870203.7558398,99.06964023416963,15.675575986419243,0.00026529383468645276,373433.632,Higher relative profit,Higher relative profit/ha
6299,Tamil Nadu,Tiruchirappalli,2022,Zaid,Wheat,1296.05,29.7,62.0,Alluvial,Sprinkler,412.7,23.87,4676.96,5.53,50837.63,326840.0,25863.5888,1314843557.886544,69.88300092367692,12.63707069144248,0.00024857710108520953,281132.0939,Higher relative profit,Moderate relative profit/ha
6303,Rajasthan,Jaipur,2022,Rabi,Barley,836.75,24.1,72.5,Alluvial,Tube Well,81.59,5.53,3372.13,7.31,28928.14,336810.0,24650.2703,713086470.276242,99.8804909656508,13.663541855766182,0.00047232700947126853,211464.7034,Higher relative profit,Higher relative profit/ha
6304,Rajasthan,Jaipur,2022,Kharif,Barley,2083.0,38.0,79.3,Laterite,Sprinkler,116.6,6.95,2451.78,6.79,47648.63,230650.0,16647.5862,793234675.236906,94.07450913214072,13.854861433304967,0.00029077145414894333,323534.1977,Higher relative profit,Higher relative profit/ha
6308,Rajasthan,Jaipur,2022,Rabi,Barley,1458.79,21.0,50.2,Red,Tube Well,91.13,33.44,4843.39,6.24,43798.93,523512.0,30222.753600000004,1323724269.3336482,108.08793014809874,17.321783677579926,0.0003954841745581439,273305.32320000004,Higher relative profit,Higher relative profit/ha
6309,Rajasthan,Jaipur,2022,Rabi,Cotton,1337.64,33.7,73.6,Sandy,Tube Well,344.38,24.73,3356.31,8.0,20171.6,462408.0,26850.48,541617142.3679999,137.77273255450183,17.22159156931273,0.000853754366005311,161372.8,Higher relative profit,Higher relative profit/ha
6311,Rajasthan,Jaipur,2022,Zaid,Rice,2116.52,23.5,84.1,Alluvial,Tube Well,62.8,33.72,4722.76,7.58,51864.92,305194.0,35798.5208,1856687417.4103358,64.62195834639067,8.52532432010431,0.0001643755416976313,393136.09359999996,Higher relative profit,Moderate relative profit/ha
6320,Rajasthan,Jodhpur,2022,Rabi,Cotton,416.67,31.8,48.0,Red,Drip,375.73,22.78,2170.73,8.34,36356.2,312728.0,18103.8882,658188580.17684,144.06582117536496,17.2740792776217,0.00047513434510817136,303210.708,Higher relative profit,Higher relative profit/ha
6328,Rajasthan,Jodhpur,2022,Kharif,Millets,858.37,36.3,65.2,Alluvial,Sprinkler,397.52,37.19,3522.76,5.13,21875.04,283690.0,18071.7588,395320446.620352,80.53060668339597,15.69797401235789,0.0007176203569162794,112218.9552,Higher relative profit,Moderate relative profit/ha
6335,Rajasthan,Jodhpur,2022,Kharif,Sugarcane,1059.84,19.1,81.1,Red,Sprinkler,249.19,6.59,3658.75,7.46,53336.97,330502.0,27294.275,1455793926.84675,90.33194396993508,12.108839674254032,0.0002270252636071009,397893.7962,Higher relative profit,Higher relative profit/ha
6341,Rajasthan,Udaipur,2022,Rabi,Wheat,2164.07,36.1,54.1,Laterite,Drip,258.19,12.78,2850.99,7.47,12229.7,293164.0,21296.895299999996,260454640.45040998,102.82884191105546,13.765574553019475,0.0011255856278583672,91355.859,Higher relative profit,Higher relative profit/ha
6342,Rajasthan,Udaipur,2022,Zaid,Cotton,2042.45,19.6,57.9,Sandy,Sprinkler,283.14,22.46,3278.99,4.28,58207.31,237573.0,14034.0772,816885882.1443319,72.45310293718494,16.928295078781524,0.000290827648258982,249127.2868,Higher relative profit,Moderate relative profit/ha
6343,Rajasthan,Udaipur,2022,Kharif,Rice,879.02,33.2,37.3,Alluvial,Sprinkler,269.65,37.89,4801.58,6.84,15339.71,539260.0,32842.807199999996,503799138.0339119,112.30886499860463,16.41942470739834,0.0010703869047979616,104923.61639999998,Higher relative profit,Higher relative profit/ha
6348,Rajasthan,Udaipur,2022,Kharif,Barley,432.7,21.6,81.3,Alluvial,Sprinkler,138.11,42.05,3064.32,6.59,62293.08,229863.0,20193.8688,1257938284.6679041,75.01272713032581,11.38281140065642,0.00018272995011093398,410511.3972,Higher relative profit,Moderate relative profit/ha
6354,Rajasthan,Udaipur,2022,Kharif,Millets,1730.75,34.2,82.9,Laterite,Tube Well,375.71,32.51,4197.05,3.62,36166.62,257358.0,15193.321000000002,549491067.1450201,61.31878343121954,16.938890450613133,0.00046835702232094487,130923.16440000002,Higher relative profit,Moderate relative profit/ha
6359,Rajasthan,Kota,2022,Kharif,Millets,758.29,25.5,81.8,Red,Tube Well,363.68,21.01,4083.93,8.31,21234.04,498313.0,33937.4583,720629347.040532,122.01800716466737,14.683274027035784,0.0006914969561626419,176454.8724,Higher relative profit,Higher relative profit/ha
6361,Rajasthan,Kota,2022,Rabi,Maize,1354.03,28.2,77.1,Laterite,Tube Well,444.63,54.07,3568.14,5.45,55056.04,339616.0,19446.363,1070639739.18252,95.18012185620519,17.46424254242297,0.0003172084759896093,300055.418,Higher relative profit,Higher relative profit/ha
6362,Rajasthan,Kota,2022,Zaid,Rice,977.38,31.4,46.0,Laterite,Tube Well,57.43,46.16,4457.81,3.87,19319.47,275550.0,17251.724700000002,333294177.78990906,61.81286326694049,15.972316089648704,0.0008267471151977101,74766.34890000001,Higher relative profit,Moderate relative profit/ha
6367,Rajasthan,Kota,2022,Kharif,Sugarcane,584.96,33.2,61.5,Laterite,Tube Well,144.4,36.83,3340.09,8.02,21262.22,377103.0,26787.5218,569562181.766396,112.90204754961692,14.077562038605603,0.0006620927654123418,170523.0044,Higher relative profit,Higher relative profit/ha
6369,Rajasthan,Kota,2022,Zaid,Sugarcane,1461.01,35.9,87.8,Laterite,Sprinkler,267.43,44.19,2669.12,7.03,47628.06,238677.0,18763.9136,893688802.7756159,89.42160712144828,12.720001013008288,0.0002670694757042023,334825.2618,Higher relative profit,Higher relative profit/ha
6370,Rajasthan,Kota,2022,Zaid,Wheat,1548.26,18.6,36.4,Laterite,Tube Well,188.01,14.42,4260.76,4.43,44643.9,263148.0,18875.1668,842661059.10252,61.7608126249777,13.941492691868557,0.0003122821413870329,197772.47699999998,Higher relative profit,Moderate relative profit/ha
6371,Rajasthan,Kota,2022,Kharif,Rice,1098.99,22.9,86.5,Red,Rain-fed,65.39,32.7,4831.61,7.39,17174.3,537605.0,35705.59789999999,613218650.0139699,111.26829359157715,15.056602651092984,0.0008766938187345618,126918.07699999999,Higher relative profit,Higher relative profit/ha
6379,Rajasthan,Ajmer,2022,Zaid,Wheat,901.66,21.8,57.3,Laterite,Drip,87.78,56.6,3008.74,8.3,49672.84,373334.0,24972.542,1240457083.15928,124.08317102840392,14.949779641976376,0.00030096486615173153,412284.57200000004,Higher relative profit,Higher relative profit/ha
6387,Rajasthan,Ajmer,2022,Kharif,Millets,591.18,31.3,51.1,Sandy,Sprinkler,396.84,51.08,3945.27,7.17,55777.71,301409.0,28287.5859,1577816762.9302888,76.397559609355,10.655168704233613,0.00019102915311929467,399926.18069999997,Higher relative profit,Moderate relative profit/ha
6390,Rajasthan,Ajmer,2022,Zaid,Sugarcane,797.14,19.6,67.4,Laterite,Sprinkler,229.65,38.38,3264.07,7.29,29996.19,305900.0,23795.070300000003,713761449.7821571,93.71735287539789,12.855603960959929,0.0004285745610012448,218672.2251,Higher relative profit,Higher relative profit/ha
6396,West Bengal,Kolkata,2022,Kharif,Sugarcane,653.37,34.1,73.3,Alluvial,Drip,109.1,52.66,3594.29,4.86,31378.8,306404.0,17468.2494,548132704.27272,85.24743412468109,17.540624305489935,0.0005589960197805504,152500.968,Higher relative profit,Higher relative profit/ha
6397,West Bengal,Kolkata,2022,Zaid,Cotton,507.03,34.7,62.6,Sandy,Tube Well,150.07,48.2,4025.73,7.79,44785.74,484696.0,31360.436700000002,1404500364.332658,120.39953002312625,15.455652121068836,0.000345102082070517,348880.9146,Higher relative profit,Higher relative profit/ha
6398,West Bengal,Kolkata,2022,Zaid,Sugarcane,555.19,22.0,71.5,Laterite,Drip,111.65,59.61,4985.44,4.22,63905.62,284613.0,21038.5568,1344482016.2092159,57.088842709971445,13.528161779614086,0.0002116897039667886,269681.7164,Higher relative profit,Moderate relative profit/ha
6400,West Bengal,Kolkata,2022,Zaid,Millets,1317.41,25.1,89.1,Laterite,Drip,279.68,53.88,2691.17,6.51,25881.55,277607.0,17519.5167,453432247.446885,103.15476168358,15.845585512070661,0.0006122347970685937,168488.89049999998,Higher relative profit,Higher relative profit/ha
6412,West Bengal,Howrah,2022,Kharif,Barley,589.53,33.3,39.6,Red,Sprinkler,366.2,16.89,2364.12,7.81,43732.68,240527.0,18463.777199999997,807470459.8788959,101.74060538382147,13.026966118287001,0.0002978771508694871,341552.23079999996,Higher relative profit,Higher relative profit/ha
6413,West Bengal,Howrah,2022,Kharif,Wheat,679.39,33.2,69.3,Black,Rain-fed,128.75,45.72,3761.1,4.59,36093.67,269100.0,17263.449,623101231.26783,71.5482172768605,15.587846901276796,0.0004318720402019744,165669.94530000002,Higher relative profit,Moderate relative profit/ha
6414,West Bengal,Howrah,2022,Zaid,Wheat,903.87,28.6,45.3,Alluvial,Canal,427.87,57.44,4231.32,4.96,24703.85,241164.0,20987.3472,518468277.12671995,56.99498028983864,11.490923445531982,0.00046514707001264917,122531.09599999999,Higher relative profit,Moderate relative profit/ha
6415,West Bengal,Howrah,2022,Zaid,Pulses,1376.75,33.5,61.2,Black,Drip,53.49,19.03,4402.94,6.62,31189.78,385328.0,29147.462799999998,909102952.2901839,87.51606880856883,13.219949971082904,0.00042385518497029814,206476.3436,Higher relative profit,Higher relative profit/ha
6422,West Bengal,Howrah,2022,Zaid,Pulses,1665.11,23.2,65.3,Laterite,Sprinkler,239.3,44.67,4144.16,7.36,37179.66,433811.0,30501.0176,1134017464.022016,104.68007991969422,14.222836945610629,0.0003825434914039189,273642.29760000005,Higher relative profit,Higher relative profit/ha
6423,West Bengal,Howrah,2022,Kharif,Wheat,1086.69,28.1,55.8,Laterite,Rain-fed,352.91,37.7,2008.39,8.12,50600.03,274842.0,16308.1268,825191705.323804,136.846927140645,16.85306984490702,0.0003330644239718241,410872.2436,Higher relative profit,Higher relative profit/ha
6426,West Bengal,Howrah,2022,Rabi,Wheat,677.17,33.5,55.4,Alluvial,Rain-fed,431.45,9.75,2998.88,7.71,22235.42,339019.0,23121.3648,514113257.30121595,113.04853812089847,14.662586007898634,0.0006594247380035383,171435.08819999997,Higher relative profit,Higher relative profit/ha
6427,West Bengal,Darjeeling,2022,Zaid,Barley,1221.85,27.1,38.0,Alluvial,Rain-fed,110.06,16.21,1882.68,7.77,58492.63,251949.0,14628.4236,855654969.118068,133.82465421632992,17.22325022089188,0.0002944516295624232,454487.7351,Higher relative profit,Higher relative profit/ha
6433,West Bengal,Darjeeling,2022,Kharif,Maize,1624.02,32.3,79.9,Sandy,Rain-fed,379.74,45.0,3786.23,6.14,40638.56,387461.0,23247.4522,944742981.0768319,102.33424805149185,16.66681564356545,0.00041012318457065035,249520.7584,Higher relative profit,Higher relative profit/ha
6434,West Bengal,Darjeeling,2022,Rabi,Pulses,1937.12,21.2,62.3,Alluvial,Sprinkler,236.58,6.81,1924.62,7.1,60502.38,235443.0,13664.801999999998,826753043.2287599,122.3322006422047,17.22988741439503,0.0002847803245821905,429566.898,Higher relative profit,Higher relative profit/ha
6437,West Bengal,Darjeeling,2022,Rabi,Maize,785.05,34.6,60.0,Red,Drip,89.23,43.05,3410.93,8.4,17493.03,378052.0,28651.811999999998,501207006.87035996,110.83546129647927,13.19469777339039,0.000754283150111238,146941.452,Higher relative profit,Higher relative profit/ha
6438,West Bengal,Darjeeling,2022,Kharif,Pulses,1697.89,19.5,39.2,Sandy,Rain-fed,55.94,12.95,4887.69,6.82,38487.72,313166.0,33334.0458,1282951421.217576,64.07239411664816,9.394779195989464,0.0002440980966393817,262486.2504,Higher relative profit,Moderate relative profit/ha
6440,West Bengal,Darjeeling,2022,Rabi,Millets,1054.04,27.9,46.9,Laterite,Rain-fed,272.29,26.65,3444.54,8.43,33833.21,402779.0,29037.4722,982430894.811762,116.93259477317726,13.871007683650921,0.00040998201718521303,285213.9603,Higher relative profit,Higher relative profit/ha
6445,West Bengal,Siliguri,2022,Rabi,Rice,1905.09,26.2,84.4,Alluvial,Rain-fed,445.02,17.49,2517.74,6.05,45845.41,252129.0,15232.326999999997,698332276.56907,100.14099946777667,16.55223131698788,0.0003610444604375417,277364.7305,Higher relative profit,Higher relative profit/ha
6446,West Bengal,Siliguri,2022,Rabi,Sugarcane,709.07,25.8,68.1,Alluvial,Sprinkler,294.49,16.98,4293.27,4.94,58274.02,314929.0,21208.753800000002,1235919343.116276,73.3541100373375,14.849010129015689,0.00025481355377603414,287873.6588,Higher relative profit,Moderate relative profit/ha
6448,West Bengal,Siliguri,2022,Zaid,Sugarcane,2199.35,35.3,67.3,Sandy,Drip,124.09,43.16,3121.46,5.59,50026.39,236114.0,17448.9614,872908548.091346,75.64216744728428,13.531693639943521,0.0002704911075922832,279647.5201,Higher relative profit,Moderate relative profit/ha
6449,West Bengal,Siliguri,2022,Zaid,Rice,1218.46,33.6,69.1,Alluvial,Canal,193.22,40.39,4838.27,4.09,23429.48,271653.0,19788.5243,463634834.316364,56.14672186546017,13.727804857080727,0.0005859201679713219,95826.57319999998,Higher relative profit,Moderate relative profit/ha
6454,West Bengal,Siliguri,2022,Rabi,Sugarcane,1521.12,20.2,68.6,Black,Sprinkler,359.21,43.63,3489.43,8.45,22401.15,420864.00000000006,29485.683499999996,660513218.9360249,120.6111026729294,14.27350327490289,0.0006371772554044275,189289.71749999997,Higher relative profit,Higher relative profit/ha
6455,West Bengal,Siliguri,2022,Rabi,Pulses,677.32,22.4,57.5,Red,Drip,170.04,15.47,3598.74,6.81,12048.31,260168.0,24507.4194,295272986.231214,72.29419185603851,10.615887203529883,0.0008811100646920508,82048.9911,Higher relative profit,Moderate relative profit/ha
6456,West Bengal,Siliguri,2022,Zaid,Cotton,741.96,22.6,59.3,Black,Tube Well,378.01,37.12,4035.18,6.43,60938.86,239393.0,25946.2074,1581132300.279564,59.32647366412403,9.226512233922866,0.00015140605245852755,391836.8698,Higher relative profit,Moderate relative profit/ha
6465,West Bengal,Malda,2022,Kharif,Wheat,1656.06,33.4,40.1,Alluvial,Tube Well,252.26,44.14,3634.76,6.47,47134.21,266974.0,23516.8972,1108450371.173212,73.45024155652642,11.352433007191102,0.00024085336334673057,304958.3387,Higher relative profit,Moderate relative profit/ha
6466,West Bengal,Malda,2022,Zaid,Barley,1128.09,24.7,53.8,Alluvial,Rain-fed,248.53,10.37,4661.31,6.35,19023.53,392406.0,29599.3185,563083523.464305,84.18363078190465,13.257264690063725,0.0006968877327217254,120799.4155,Higher relative profit,Higher relative profit/ha
6469,West Bengal,Malda,2022,Kharif,Maize,855.56,36.3,78.5,Red,Sprinkler,270.39,41.86,4828.0,7.91,46460.31,366605.0,38189.48,1774295079.5388,75.9330985915493,9.599633197414574,0.00020662008491580396,367501.0521,Higher relative profit,Moderate relative profit/ha
6470,West Bengal,Malda,2022,Zaid,Pulses,2191.63,36.0,78.2,Black,Tube Well,237.88,48.93,4434.07,7.2,24301.49,460838.0,31925.304,775832455.9029601,103.93115128989845,14.434882123597006,0.0005939916492197394,174970.72800000003,Higher relative profit,Higher relative profit/ha
6473,West Bengal,Malda,2022,Kharif,Cotton,483.77,34.1,67.4,Black,Drip,146.76,41.13,2361.48,8.03,29742.51,270771.0,18962.6844,563997830.3938439,114.66156816911429,14.279149211595803,0.00048009227236019434,238832.35529999994,Higher relative profit,Higher relative profit/ha
6477,West Bengal,Malda,2022,Zaid,Rice,503.77,26.6,70.8,Sandy,Drip,67.0,12.8,4879.37,6.0,19366.96,476426.0,29276.22,566991381.6912,97.64088396657766,16.273480661096276,0.0008402702675637413,116201.76000000001,Higher relative profit,Higher relative profit/ha
6479,West Bengal,Malda,2022,Kharif,Millets,828.26,38.0,37.2,Alluvial,Canal,434.12,36.23,4112.34,5.22,61726.15,344151.0,21466.4148,1325039139.9070199,83.68738966136068,16.032066984935,0.0002597289314971855,322210.50299999997,Higher relative profit,Moderate relative profit/ha
6480,West Bengal,Malda,2022,Kharif,Barley,452.2,28.3,63.5,Black,Tube Well,308.33,12.09,4322.55,4.37,44311.44,295938.0,18889.5435,837022873.4276401,68.4637540340771,15.666762936859751,0.00035356023042491395,193640.9928,Higher relative profit,Moderate relative profit/ha
6491,Uttarakhand,Dehradun,2023,Rabi,Rice,480.45,28.3,45.8,Alluvial,Sprinkler,276.41,34.16,4924.75,6.18,60180.16,413662.0,30434.954999999998,1831580461.4928,83.99654804812427,13.591674441444058,0.00022584975582391368,371913.3888,Higher relative profit,Higher relative profit/ha
6492,Uttarakhand,Dehradun,2023,Zaid,Barley,1056.09,27.2,65.1,Alluvial,Canal,195.52,28.67,3739.63,8.34,62996.76,420128.0,31188.5142,1964775343.8139923,112.34480416511794,13.470600019798313,0.0002138300449070446,525392.9784,Higher relative profit,Higher relative profit/ha
6496,Uttarakhand,Dehradun,2023,Rabi,Wheat,1074.64,29.0,45.3,Red,Tube Well,316.09,16.04,4032.48,6.25,29227.39,332188.0,25203.0,736617910.17,82.37808990993136,13.180494385589018,0.0004509637838202117,182671.1875,Higher relative profit,Moderate relative profit/ha
6501,Uttarakhand,Haridwar,2023,Rabi,Cotton,735.35,19.1,76.4,Alluvial,Drip,77.75,17.59,3839.39,5.93,19707.22,384213.0,22767.5827,448685761.137094,100.07136550337424,16.875441062963617,0.0008563075392147454,116863.81460000001,Higher relative profit,Higher relative profit/ha
6506,Uttarakhand,Haridwar,2023,Rabi,Rice,697.19,31.9,81.4,Sandy,Drip,164.28,39.41,2243.98,8.08,30789.17,294866.0,18131.3584,558249476.108528,131.40313193522223,16.262763853369087,0.0005281975400236215,248776.49360000002,Higher relative profit,Higher relative profit/ha
6509,Uttarakhand,Haridwar,2023,Rabi,Rice,1991.4,37.6,88.6,Laterite,Canal,283.75,22.12,4584.5,3.58,59386.81,272180.0,16412.510000000002,974686612.9931,59.3696150070891,16.583691342762318,0.0002792487312041566,212604.77980000002,Higher relative profit,Moderate relative profit/ha
6512,Uttarakhand,Haridwar,2023,Rabi,Pulses,1464.74,37.5,69.0,Black,Canal,146.22,30.6,4574.94,4.76,28930.85,379789.0,21776.714399999997,630018857.7992399,83.01507779336997,17.44014239356512,0.0006028216382707429,137710.846,Higher relative profit,Moderate relative profit/ha
6513,Uttarakhand,Haridwar,2023,Kharif,Barley,818.75,25.5,70.0,Red,Sprinkler,202.59,41.95,4322.35,5.14,32496.83,318165.0,22216.879,721978139.9935701,73.60926347935728,14.320868381197917,0.0004406850877823442,167033.70620000002,Higher relative profit,Moderate relative profit/ha
6515,Uttarakhand,Haridwar,2023,Kharif,Rice,1390.29,35.9,52.8,Alluvial,Canal,430.1,24.93,3602.99,7.5,35529.93,292122.0,27022.425,960104868.6802499,81.07766049864141,10.810354733152188,0.0003042605131266003,266474.475,Higher relative profit,Moderate relative profit/ha
6521,Uttarakhand,Nainital,2023,Kharif,Maize,2008.3,27.0,78.0,Laterite,Tube Well,120.5,30.15,4308.71,4.72,57374.16,312857.0,20337.1112,1166824671.926592,72.61036365872849,15.383551622611968,0.0002681268296147946,270806.03520000004,Higher relative profit,Moderate relative profit/ha
6522,Uttarakhand,Nainital,2023,Zaid,Cotton,846.09,19.3,61.0,Black,Sprinkler,116.52,17.74,3771.04,4.46,18341.9,293999.0,16818.8384,308489452.04896003,77.96231278374135,17.480339189179677,0.0009530277228193194,81804.87400000001,Higher relative profit,Moderate relative profit/ha
6524,Uttarakhand,Nainital,2023,Zaid,Barley,2031.35,36.5,75.8,Alluvial,Canal,79.4,26.97,4519.26,6.33,58476.5,304654.0,28606.915800000002,1672832311.7787,67.4123639710926,10.649662554674977,0.00018211867253811322,370156.245,Higher relative profit,Moderate relative profit/ha
6531,Uttarakhand,Nainital,2023,Rabi,Pulses,1398.97,29.2,70.8,Laterite,Drip,326.85,58.27,3682.87,6.18,29710.77,358534.0,22760.136599999998,676221183.6911819,97.3517935740333,15.752717406801505,0.0005302022602174736,183612.5586,Higher relative profit,Higher relative profit/ha
6538,Uttarakhand,Almora,2023,Rabi,Wheat,1780.65,30.6,62.2,Alluvial,Tube Well,74.77,48.81,3042.74,7.34,26630.25,275082.0,22333.7116,594752323.3359,90.4060156306487,12.316895862486199,0.00046251521718670307,195466.035,Higher relative profit,Higher relative profit/ha
6542,Uttarakhand,Almora,2023,Kharif,Wheat,2177.95,21.5,65.4,Red,Canal,145.23,26.34,3763.71,8.05,53896.49,524652.0,30297.865500000004,1632948604.942095,139.39756251145812,17.316467392727713,0.0003212911896995095,433866.74450000003,Higher relative profit,Higher relative profit/ha
6543,Uttarakhand,Almora,2023,Zaid,Barley,2097.38,35.6,75.6,Red,Drip,302.18,50.51,3658.01,8.24,15511.9,388617.0,30142.0024,467559727.02856,106.23727108455142,12.892872704435854,0.0008311601225147051,127818.05599999998,Higher relative profit,Higher relative profit/ha
6547,Uttarakhand,Almora,2023,Rabi,Wheat,2120.73,35.9,77.2,Sandy,Canal,222.69,44.76,3433.67,7.29,47516.01,395837.0,25031.4543,1189394832.833343,115.28102584115538,15.813583791653686,0.0003328053805791708,346391.7129,Higher relative profit,Higher relative profit/ha
6552,Uttarakhand,Almora,2023,Zaid,Sugarcane,689.69,19.2,58.4,Laterite,Canal,384.75,58.05,2250.56,7.88,28297.35,296519.0,17734.4128,501836886.04607993,131.75343025735816,16.719978459055607,0.0005908672882462706,222983.118,Higher relative profit,Higher relative profit/ha
6554,Uttarakhand,Pauri,2023,Kharif,Maize,1649.24,24.1,47.4,Laterite,Canal,264.92,15.74,4209.0,7.47,19562.76,304064.0,31441.23,615077236.5948,72.24138750296983,9.67086847429315,0.0004943509236065437,146133.8172,Higher relative profit,Moderate relative profit/ha
6559,Uttarakhand,Pauri,2023,Rabi,Pulses,2025.48,23.1,76.0,Laterite,Canal,192.0,28.28,3390.49,7.64,57132.82,274467.0,25903.343599999997,1479931067.2969518,80.95201578532897,10.595813584467143,0.00018545931365661879,436494.7448,Higher relative profit,Moderate relative profit/ha
6569,Uttarakhand,Pauri,2023,Zaid,Pulses,1056.48,22.8,52.9,Laterite,Drip,187.22,39.0,2528.71,6.85,45486.86,265006.0,17321.6635,787908082.59161,104.79888955238046,15.299107963851164,0.0003363412634736969,311584.991,Higher relative profit,Higher relative profit/ha
6570,Uttarakhand,Pauri,2023,Kharif,Maize,2011.79,28.4,59.1,Red,Rain-fed,393.54,14.46,4845.69,6.04,25827.64,279673.0,29267.967599999996,755922530.7044638,57.715825816344015,9.555600300719208,0.0003699757430690225,155998.94559999998,Higher relative profit,Moderate relative profit/ha
6571,Uttar Pradesh,Lucknow,2023,Rabi,Rice,1955.84,32.4,88.5,Laterite,Rain-fed,132.84,59.88,4773.47,6.63,48897.98,564598.0,31648.1061,1547528459.115678,118.27831745040818,17.8398668854311,0.00036483852472906037,324193.6074,Higher relative profit,Higher relative profit/ha
6573,Uttar Pradesh,Lucknow,2023,Kharif,Wheat,668.95,27.7,55.3,Black,Canal,240.88,51.62,3942.35,7.91,36863.91,456438.0,31183.9885,1149563745.5050352,115.77815262470354,14.636934592250764,0.00039705323152782113,291593.52810000005,Higher relative profit,Higher relative profit/ha
6574,Uttar Pradesh,Lucknow,2023,Kharif,Cotton,1267.33,34.3,76.6,Black,Rain-fed,390.12,51.36,4538.15,5.94,51306.38,386711.0,26956.611,1383046127.47818,85.21335786609082,14.34568314243953,0.0002796081723645194,304759.8972,Higher relative profit,Higher relative profit/ha
6582,Uttar Pradesh,Lucknow,2023,Kharif,Cotton,1345.25,30.3,47.0,Black,Sprinkler,269.82,48.77,3516.03,7.57,64447.84,445785.00000000006,26616.347100000003,1715366079.285264,126.78646086637487,16.7485417260733,0.0002598774718605511,487870.14879999997,Higher relative profit,Higher relative profit/ha
6598,Uttar Pradesh,Kanpur,2023,Zaid,Sugarcane,1314.88,23.1,87.7,Laterite,Drip,101.61,17.39,3258.3,5.92,21636.69,246592.0,19289.136000000002,417353055.99984,75.68118343921677,12.783983689056885,0.0005908474766268263,128089.20479999999,Higher relative profit,Moderate relative profit/ha
6599,Uttar Pradesh,Kanpur,2023,Kharif,Cotton,988.15,29.3,80.1,Red,Drip,385.53,28.84,4480.92,7.42,49571.54,557005.0,33248.4264,1648175699.2246559,124.30594610035439,16.752822924576066,0.0003379524405450399,367820.8268,Higher relative profit,Higher relative profit/ha
6603,Uttar Pradesh,Kanpur,2023,Zaid,Pulses,1521.32,34.7,80.8,Laterite,Canal,430.15,56.31,4659.54,6.78,43641.76,264965.0,31591.681200000003,1378716568.926912,56.865055348811254,8.387176305134403,0.0001921823571078344,295891.1328,Higher relative profit,Moderate relative profit/ha
6606,Uttar Pradesh,Kanpur,2023,Zaid,Wheat,860.8,30.4,76.3,Laterite,Tube Well,360.99,34.32,2796.76,7.59,46582.77,278267.0,21227.4084,988831483.193268,99.49620274889514,13.108854117113985,0.0002814099315500986,353563.22429999994,Higher relative profit,Higher relative profit/ha
6608,Uttar Pradesh,Varanasi,2023,Zaid,Maize,1381.19,21.1,60.3,Sandy,Sprinkler,139.87,34.29,2934.67,5.67,52517.17,299493.0,16639.5789,873863593.819713,102.05338249275046,17.998832891137646,0.00034272282552806345,297772.3539,Higher relative profit,Higher relative profit/ha
6615,Uttar Pradesh,Varanasi,2023,Zaid,Maize,538.49,32.6,74.9,Red,Drip,279.37,15.82,4504.42,4.14,16482.03,330324.0,18648.2988,307361820.27056396,73.33330373277802,17.71335838955991,0.0010747073260733,68235.60419999999,Higher relative profit,Moderate relative profit/ha
6617,Uttar Pradesh,Varanasi,2023,Kharif,Cotton,2181.98,21.2,51.4,Red,Tube Well,339.78,38.41,3096.65,5.87,25881.28,255048.0,18177.3355,470452709.72944003,82.36255308155587,14.03109933246267,0.000542133129909443,151923.1136,Higher relative profit,Moderate relative profit/ha
6619,Uttar Pradesh,Varanasi,2023,Kharif,Rice,684.15,37.5,53.1,Sandy,Tube Well,373.26,55.27,3213.61,7.91,40696.03,357651.0,25419.6551,1034479046.539253,111.29259617688518,14.069860452197874,0.00034573054060059113,321905.59729999996,Higher relative profit,Higher relative profit/ha
6622,Uttar Pradesh,Varanasi,2023,Zaid,Rice,1544.01,23.9,57.5,Red,Canal,193.61,49.03,4849.41,6.98,57657.78,434682.0,33848.8818,1951651380.070404,89.6360588195265,12.841842237754511,0.00022272522871596013,402451.3044,Higher relative profit,Higher relative profit/ha
6627,Uttar Pradesh,Agra,2023,Kharif,Barley,552.42,31.2,63.9,Alluvial,Tube Well,357.96,54.74,3337.04,4.6,43974.09,236553.00000000003,15350.383999999998,675019167.5505599,70.88707357418552,15.410233385692505,0.0003504389376947313,202280.81399999995,Higher relative profit,Moderate relative profit/ha
6629,Uttar Pradesh,Agra,2023,Kharif,Pulses,455.65,31.5,70.6,Sandy,Rain-fed,342.75,10.41,4963.65,5.58,52316.77,457861.0,27697.166999999998,1449026315.5905898,92.24280519375863,16.5309686727166,0.000315978388434848,291927.5766,Higher relative profit,Higher relative profit/ha
6631,Uttar Pradesh,Agra,2023,Zaid,Cotton,2077.84,30.2,76.6,Laterite,Rain-fed,201.53,52.4,3742.48,6.43,13145.33,328870.0,24064.146399999998,316331145.596312,87.8748851029264,13.66638959610053,0.0010396383807862205,84524.47189999999,Higher relative profit,Higher relative profit/ha
6632,Uttar Pradesh,Agra,2023,Zaid,Pulses,2188.9,37.3,52.1,Alluvial,Drip,437.35,7.43,3648.84,7.33,63904.24,431805.0,26745.9972,1709182624.108128,118.34034926168316,16.14465883515459,0.0002526383043621924,468418.0792,Higher relative profit,Higher relative profit/ha
6635,Uttar Pradesh,Agra,2023,Zaid,Sugarcane,1548.04,26.7,39.2,Red,Canal,178.38,45.82,4079.21,6.71,58400.68,251311.0,27371.4991,1598514160.0593882,61.60776228730563,9.181484692593983,0.00015721537305034774,391868.5628,Higher relative profit,Moderate relative profit/ha
6636,Uttar Pradesh,Agra,2023,Kharif,Rice,1623.25,26.0,65.4,Laterite,Sprinkler,326.76,31.04,4421.61,4.67,41750.2,243823.0,20648.9187,862096485.5087398,55.14348845782419,11.808027507028735,0.0002828256513029575,194973.43399999998,Higher relative profit,Moderate relative profit/ha
6638,Uttar Pradesh,Agra,2023,Rabi,Pulses,1212.71,30.7,47.4,Sandy,Tube Well,390.14,40.04,4753.72,5.83,47897.88,321559.0,27714.1876,1327450831.962288,67.64365591578806,11.60268540579555,0.00024223797391023468,279244.6404,Higher relative profit,Moderate relative profit/ha
6639,Uttar Pradesh,Agra,2023,Kharif,Maize,1425.73,22.6,56.5,Sandy,Drip,377.15,34.64,4484.16,6.4,53355.68,405736.0,28698.624,1531234598.58432,90.48205237993292,14.137820684364518,0.00026497311409702805,341476.352,Higher relative profit,Higher relative profit/ha
6641,Uttar Pradesh,Agra,2023,Rabi,Wheat,2022.71,20.8,38.7,Alluvial,Tube Well,405.73,56.78,4009.35,7.06,56967.41,445942.0,28306.011,1612520134.10151,111.22551036951127,15.75432158208375,0.0002765497252215565,402189.9146,Higher relative profit,Higher relative profit/ha
6645,Uttar Pradesh,Meerut,2023,Rabi,Rice,1183.03,32.6,74.0,Red,Tube Well,339.33,12.12,4132.57,7.91,60635.2,352382.0,32688.628699999997,1982081538.9502397,85.26945702069173,10.779956639784038,0.00017778380610246255,479624.432,Higher relative profit,Higher relative profit/ha
6648,Uttar Pradesh,Meerut,2023,Zaid,Millets,1716.79,21.9,59.1,Black,Sprinkler,395.81,35.45,2999.73,6.95,47258.47,271740.0,20848.1235,985250418.9810451,90.58815293376404,13.034266609174681,0.00027580805322674815,328446.36650000006,Higher relative profit,Higher relative profit/ha
6652,Uttar Pradesh,Meerut,2023,Kharif,Barley,2102.77,25.0,50.7,Black,Drip,223.75,57.06,3714.07,8.09,39248.02,451378.0,30046.8263,1179278439.5589259,121.53190435290665,15.022485086885865,0.0003827577820966731,317516.48179999995,Higher relative profit,Higher relative profit/ha
6656,Uttar Pradesh,Meerut,2023,Kharif,Rice,1551.73,30.9,43.0,Sandy,Canal,212.3,38.69,4450.64,6.64,54170.1,518711.0,29552.2496,1600848316.0569599,116.54750777416281,17.55233550815705,0.0003240225790271211,359689.4639999999,Higher relative profit,Higher relative profit/ha
6657,Uttar Pradesh,Meerut,2023,Zaid,Wheat,1311.09,35.2,61.8,Sandy,Tube Well,208.74,34.91,4440.42,8.22,32973.5,599547.0,36500.252400000005,1203541072.5114002,135.0203359141703,16.425831619728744,0.0004981525048820641,271042.17000000004,Higher relative profit,Higher relative profit/ha
6658,Uttar Pradesh,Meerut,2023,Rabi,Wheat,682.26,36.3,47.6,Black,Canal,239.21,10.83,4883.07,6.01,50251.45,428141.0,29347.250699999997,1474741901.1885147,87.67865297855653,14.588794172804748,0.00029031588487107835,302011.21449999994,Higher relative profit,Higher relative profit/ha
6663,Punjab,Ludhiana,2023,Zaid,Wheat,854.82,18.9,35.7,Red,Drip,182.08,47.94,3396.5,7.48,41839.25,408087.0,25405.82,1062960454.435,120.14927130870014,16.062736805975955,0.0003839155053203859,312957.58999999997,Higher relative profit,Higher relative profit/ha
6671,Punjab,Ludhiana,2023,Rabi,Millets,1029.85,33.3,83.4,Black,Canal,74.94,11.42,4511.26,3.94,32056.91,231330.00000000003,17774.364400000002,569791199.8780041,51.27835682270585,13.014811376321282,0.0004059908262000699,126304.22540000001,Higher relative profit,Moderate relative profit/ha
6672,Punjab,Ludhiana,2023,Zaid,Cotton,782.48,30.8,63.3,Sandy,Drip,366.16,48.95,4026.57,5.07,27649.21,359236.0,20414.7099,564450601.114179,89.21638019455764,17.59691917052419,0.0006364347903800576,140181.4947,Higher relative profit,Higher relative profit/ha
6673,Punjab,Ludhiana,2023,Kharif,Barley,1754.61,20.8,89.0,Sandy,Rain-fed,228.3,41.16,3630.48,5.56,35527.65,297361.0,20185.4688,717142270.61232,81.90680020272801,14.731438885382737,0.00041464715187699544,197533.734,Higher relative profit,Moderate relative profit/ha
6676,Punjab,Ludhiana,2023,Kharif,Wheat,1555.62,20.6,83.1,Laterite,Tube Well,271.73,23.21,3895.75,8.12,58112.87,306146.0,31633.489999999998,1838312892.0163,78.58461143553873,9.677907812258464,0.00016653639395642418,471876.5044,Higher relative profit,Moderate relative profit/ha
6678,Punjab,Ludhiana,2023,Kharif,Cotton,888.79,30.4,44.1,Sandy,Sprinkler,314.28,39.59,4270.24,8.13,38979.72,518786.0,34717.0512,1353260935.0016642,121.48872194537076,14.94326223190292,0.0003833599172057398,316905.12360000005,Higher relative profit,Higher relative profit/ha
6693,Punjab,Amritsar,2023,Rabi,Rice,592.94,33.2,45.7,Black,Canal,353.61,22.47,4983.72,5.04,12248.55,257141.0,25117.948800000002,307658451.77424,51.596197218142265,10.23734071788537,0.00083580021454665,61732.692,Higher relative profit,Moderate relative profit/ha
6702,Punjab,Patiala,2023,Kharif,Cotton,690.43,26.1,59.0,Red,Sprinkler,241.85,7.05,4090.04,7.8,33231.44,510352.00000000006,31902.311999999998,1060159767.08928,124.77921976313192,15.997335867068195,0.00048139159383608394,259205.23200000002,Higher relative profit,Higher relative profit/ha
6704,Punjab,Patiala,2023,Kharif,Cotton,607.32,19.4,89.2,Sandy,Canal,230.82,12.5,4078.26,5.98,32723.8,251983.0,24387.994800000004,798067864.2362401,61.78688950679947,10.332255770367802,0.0003157413188678516,195688.32400000002,Higher relative profit,Moderate relative profit/ha
6706,Punjab,Patiala,2023,Kharif,Maize,591.34,35.0,37.4,Sandy,Rain-fed,332.16,46.1,3427.82,6.89,17995.49,389372.0,23617.6798,425011720.6641021,113.59172885390714,16.486462823498858,0.00091614414631104,123988.92610000001,Higher relative profit,Higher relative profit/ha
6707,Punjab,Patiala,2023,Zaid,Barley,459.91,36.7,60.9,Black,Drip,159.8,53.04,4330.75,5.75,39786.58,290053.0,24901.8125,990757955.1762501,66.97523523639093,11.647866997633205,0.0002927586889255926,228772.83500000002,Higher relative profit,Moderate relative profit/ha
6712,Punjab,Patiala,2023,Rabi,Cotton,676.07,37.4,54.9,Black,Tube Well,176.22,24.81,4476.35,7.66,63777.33,570042.0,34288.841,2186850727.77453,127.34527014196833,16.624708895818323,0.00026066799748152394,488534.34779999993,Higher relative profit,Higher relative profit/ha
6716,Punjab,Jalandhar,2023,Rabi,Rice,1317.15,37.8,55.3,Sandy,Sprinkler,366.67,47.17,3311.8,4.15,56532.81,240533.0,13743.970000000001,776985244.6557001,72.62908388187692,17.50098406792215,0.0003095721593871267,234611.16150000002,Higher relative profit,Moderate relative profit/ha
6725,Punjab,Jalandhar,2023,Zaid,Rice,2091.69,24.9,83.9,Black,Canal,412.67,9.53,4646.81,8.35,47085.56,551397.0,38800.8635,1826960386.38106,118.66140427519093,14.210946619783346,0.0003018111416702562,393164.4259999999,Higher relative profit,Higher relative profit/ha
6729,Punjab,Jalandhar,2023,Kharif,Pulses,1840.54,36.2,51.0,Alluvial,Drip,283.56,5.73,4520.3,7.53,25017.26,570798.0,34037.859000000004,851533968.4463401,126.27436232108488,16.769503628298125,0.0006703173580279425,188379.9678,Higher relative profit,Higher relative profit/ha
6731,Punjab,Jalandhar,2023,Zaid,Rice,1196.28,33.2,80.9,Red,Tube Well,234.5,21.79,2653.5,7.45,41171.63,286617.0,19768.575,813904455.5272499,108.01469756924816,14.498617123389014,0.0003521506708233076,306728.64349999995,Higher relative profit,Higher relative profit/ha
6737,Punjab,Bathinda,2023,Zaid,Rice,1422.33,26.8,67.4,Sandy,Tube Well,337.75,56.09,2567.1,8.29,16559.54,256896.0,21281.259,352407859.66086,100.0724552997546,12.071466260525282,0.0007289735258663757,137278.5866,Higher relative profit,Higher relative profit/ha
6740,Punjab,Bathinda,2023,Kharif,Pulses,1292.15,30.2,61.4,Red,Drip,174.68,35.05,3369.71,5.17,55245.99,244056.0,17421.4007,962462528.8581929,72.42641058132598,14.008976901610444,0.0002535745472496817,285621.7683,Higher relative profit,Moderate relative profit/ha
6742,Punjab,Bathinda,2023,Kharif,Wheat,661.05,23.2,70.6,Sandy,Tube Well,94.97,32.94,2909.04,4.73,29232.84,237923.0,13759.7592,402236839.132128,81.78746253059428,17.291218293994564,0.0005914997753894101,138271.3332,Higher relative profit,Moderate relative profit/ha
6747,Punjab,Bathinda,2023,Rabi,Millets,634.24,22.2,44.2,Black,Sprinkler,353.71,23.83,3910.98,5.13,49652.96,321428.0,20063.3274,996203592.8591039,82.18605055510383,16.02067262282726,0.00032265292185656725,254719.6848,Higher relative profit,Moderate relative profit/ha
6753,Maharashtra,Pune,2023,Kharif,Millets,1983.27,21.6,42.2,Red,Drip,247.22,47.13,4532.74,7.22,29339.75,360259.0,32726.382799999996,960183889.7562999,79.47929949655176,11.00821322666922,0.00037519792181832563,211832.99499999997,Higher relative profit,Moderate relative profit/ha
6755,Maharashtra,Pune,2023,Zaid,Millets,2146.77,30.6,56.5,Red,Drip,405.99,46.62,4908.59,6.73,13543.86,466076.0,33034.8107,447418851.24730206,94.95109593590013,14.108632382748903,0.0010416995142262916,91150.1778,Higher relative profit,Higher relative profit/ha
6756,Maharashtra,Pune,2023,Zaid,Cotton,1710.22,37.5,51.8,Sandy,Canal,122.73,50.52,2957.16,7.55,60629.13,309903.0,22326.557999999997,1353639787.4345398,104.79750842024104,13.880464691422656,0.00022894052234334646,457749.93149999995,Higher relative profit,Higher relative profit/ha
6760,Maharashtra,Pune,2023,Zaid,Barley,2152.02,27.9,43.9,Laterite,Sprinkler,52.94,39.29,3687.64,7.28,31544.28,336323.0,26846.0192,846838346.5301759,91.20277467431745,12.527853664054595,0.0003971513587900753,229642.3584,Higher relative profit,Higher relative profit/ha
6762,Maharashtra,Pune,2023,Kharif,Maize,989.94,32.0,43.0,Red,Canal,289.37,23.87,3386.66,5.3,24368.39,320239.0,17949.298,437395493.89022,94.55894598217714,17.84131056267493,0.000732149746564091,129152.467,Higher relative profit,Higher relative profit/ha
6766,Maharashtra,Pune,2023,Rabi,Wheat,1323.77,27.3,53.0,Sandy,Canal,96.93,18.13,3227.43,7.69,28114.05,365510.0,24818.9367,697760827.330635,113.25110072100712,14.727061212094554,0.0005238327886624145,216197.0445,Higher relative profit,Higher relative profit/ha
6768,Maharashtra,Pune,2023,Kharif,Millets,1804.12,23.5,62.7,Laterite,Tube Well,198.01,15.47,4167.87,8.26,58567.44,606518.0,34426.606199999995,2016278193.0221279,145.5222931617349,17.617711036529652,0.000300810672901695,483767.05439999996,Higher relative profit,Higher relative profit/ha
6769,Maharashtra,Nashik,2023,Rabi,Rice,1954.88,19.5,54.8,Red,Canal,253.71,44.18,4402.64,5.17,26492.19,294386.0,22761.648800000003,603005924.722872,66.8657896171388,12.93342158938855,0.0004881975249833461,136964.6223,Higher relative profit,Moderate relative profit/ha
6770,Maharashtra,Nashik,2023,Kharif,Maize,1533.42,27.1,54.3,Alluvial,Canal,359.79,38.86,2770.6,7.35,12391.0,351753.0,20363.91,252329208.81,126.95914242402368,17.27335271075152,0.0013940241070738051,91073.85,Higher relative profit,Higher relative profit/ha
6775,Maharashtra,Nashik,2023,Kharif,Rice,1914.71,33.2,73.2,Black,Canal,385.77,9.37,3355.4,6.86,20955.19,346802.0,23018.044,482347485.44836,103.35638075937295,15.066527807488768,0.0007189878883221182,143752.6034,Higher relative profit,Higher relative profit/ha
6784,Maharashtra,Nashik,2023,Zaid,Maize,643.61,23.4,55.6,Black,Tube Well,371.2,50.15,3132.15,7.57,22360.19,417257.0,23710.375500000002,530168501.151345,133.21743850071036,17.5980764201731,0.0007870271415481309,169266.6383,Higher relative profit,Higher relative profit/ha
6796,Maharashtra,Nagpur,2023,Zaid,Cotton,1235.91,31.9,36.1,Laterite,Canal,365.68,8.85,3123.09,6.0,20853.3,251817.0,18738.54,390760396.182,80.63072149697895,13.438453582829824,0.0006444281520349214,125119.79999999999,Higher relative profit,Moderate relative profit/ha
6797,Maharashtra,Nagpur,2023,Rabi,Sugarcane,645.75,34.1,88.9,Laterite,Tube Well,255.52,24.45,4963.8,5.96,58454.67,244532.00000000003,29584.248,1729337454.0381598,49.26306458761433,8.26561486369368,0.00014140213029504198,348389.83319999994,Higher relative profit,Moderate relative profit/ha
6799,Maharashtra,Nagpur,2023,Rabi,Wheat,439.47,25.9,52.8,Red,Drip,403.99,35.04,2928.78,6.92,26803.74,315782.0,20267.157600000002,543235622.8494241,107.8203210893273,15.580971255683133,0.0005812984029722394,185481.88080000004,Higher relative profit,Higher relative profit/ha
6803,Maharashtra,Nagpur,2023,Rabi,Millets,1989.15,32.3,55.6,Red,Sprinkler,126.32,9.17,2030.92,7.39,14992.54,255522.0,15008.4988,225015518.598952,125.81588639631299,17.025153774873207,0.0011355750109636664,110794.8706,Higher relative profit,Higher relative profit/ha
6814,Maharashtra,Aurangabad,2023,Zaid,Barley,1492.79,31.6,38.3,Sandy,Canal,274.38,43.08,2680.44,7.44,30293.43,228913.0,19942.4736,604125928.028448,85.40127740221754,11.478666317502357,0.0003789160328659501,225383.1192,Higher relative profit,Higher relative profit/ha
6817,Maharashtra,Aurangabad,2023,Zaid,Barley,1748.55,29.4,81.6,Black,Drip,359.8,20.58,2632.14,5.39,44336.89,235263.0,14187.234599999998,629017859.864394,89.38088399553216,16.58272430343825,0.00037401640718233165,238975.8371,Higher relative profit,Higher relative profit/ha
6818,Maharashtra,Aurangabad,2023,Rabi,Millets,1232.63,37.3,86.6,Sandy,Rain-fed,397.29,25.28,4477.8,8.44,40855.69,375601.0,37792.632,1544044057.27608,83.88070034391889,9.938471604729727,0.0002432579551276634,344822.02359999996,Higher relative profit,Moderate relative profit/ha
6833,Maharashtra,Kolhapur,2023,Rabi,Rice,1270.72,34.5,70.7,Red,Rain-fed,96.67,56.15,3064.96,8.0,50265.89,305951.0,24519.68,1232503537.7152,99.82218365003132,12.477772956253915,0.00024823539295243586,402127.12,Higher relative profit,Higher relative profit/ha
6835,Maharashtra,Kolhapur,2023,Rabi,Rice,910.58,25.3,54.4,Laterite,Rain-fed,306.44,22.05,4662.95,6.08,20481.52,264729.0,28350.736,580666166.39872,56.77285838364126,9.337641181519944,0.0004559056740671563,124527.64160000002,Higher relative profit,Moderate relative profit/ha
6841,Karnataka,Bengaluru,2023,Rabi,Wheat,604.68,33.8,51.2,Alluvial,Rain-fed,316.09,44.56,4257.97,4.51,16206.08,326796.0,19203.4447,311212561.083776,76.749249055301,17.01757185261663,0.0010500732967266995,73089.42079999999,Higher relative profit,Moderate relative profit/ha
6849,Karnataka,Bengaluru,2023,Rabi,Rice,416.97,36.4,84.7,Black,Rain-fed,155.22,49.52,4459.69,6.55,33300.97,294102.0,29210.969499999996,972753618.9904149,65.94673620812209,10.068204001240016,0.00030233966161466214,218121.3535,Higher relative profit,Moderate relative profit/ha
6860,Karnataka,Mysuru,2023,Kharif,Pulses,982.77,18.6,46.5,Sandy,Rain-fed,357.28,58.72,4644.43,5.67,40057.59,354153.0,26333.918100000003,1054873294.343379,76.25327542884702,13.448549458350444,0.0003357303686604822,227126.5353,Higher relative profit,Moderate relative profit/ha
6861,Karnataka,Mysuru,2023,Kharif,Barley,744.94,30.4,61.0,Alluvial,Sprinkler,348.96,26.95,4906.21,5.07,47378.07,444111.0,24874.4847,1178505077.330529,90.52017748934513,17.854078400265312,0.00037684267004260225,240206.8149,Higher relative profit,Higher relative profit/ha
6863,Karnataka,Mysuru,2023,Kharif,Cotton,1987.52,23.4,51.1,Red,Sprinkler,387.58,53.74,3811.48,7.37,57057.75,431204.0,28090.6076,1602786865.7889,113.13295622697744,15.350468958884322,0.00026903389914401327,420515.6175,Higher relative profit,Higher relative profit/ha
6867,Karnataka,Mysuru,2023,Kharif,Wheat,1843.53,26.2,36.9,Alluvial,Tube Well,381.95,9.67,4869.55,7.03,24769.14,413164.00000000006,34232.9365,847920396.77961,84.84644371656519,12.069195407761763,0.00048726743874683427,174127.0542,Higher relative profit,Higher relative profit/ha
6875,Karnataka,Mysuru,2023,Rabi,Rice,1527.46,24.6,44.1,Sandy,Drip,199.37,7.06,2589.23,6.86,30552.02,270555.0,17762.1178,542668578.267956,104.49245528593443,15.232136339057497,0.0004985639685708996,209586.8572,Higher relative profit,Higher relative profit/ha
6879,Karnataka,Hubli,2023,Kharif,Maize,2060.29,27.9,76.2,Red,Canal,274.79,45.01,4657.8,5.82,55520.83,396336.0,27108.396,1505080645.88868,85.09081540641505,14.620415018284373,0.0002633320686719628,323131.2306,Higher relative profit,Higher relative profit/ha
6881,Karnataka,Hubli,2023,Rabi,Maize,428.82,33.6,42.2,Red,Tube Well,243.13,57.33,3467.47,6.47,61688.53,271102.0,22434.530899999998,1383953232.4605768,78.18438227295405,12.084139454861525,0.00019588956739383359,399124.78909999994,Higher relative profit,Moderate relative profit/ha
6887,Karnataka,Hubli,2023,Zaid,Maize,1123.73,34.5,36.0,Laterite,Canal,385.6,23.03,3851.92,7.69,64165.96,475986.0,29621.2648,1900676892.3062081,123.5711022035764,16.069064005666633,0.0002504297294962412,493436.23240000004,Higher relative profit,Higher relative profit/ha
6889,Karnataka,Hubli,2023,Kharif,Barley,1650.74,18.8,45.7,Laterite,Drip,95.16,25.23,3508.72,4.06,62709.12,239995.0,14245.403199999997,893316698.7171838,68.39958731389225,16.84718899356952,0.00026865612200537215,254599.02719999995,Higher relative profit,Moderate relative profit/ha
6893,Karnataka,Hubli,2023,Zaid,Millets,1043.12,24.5,56.4,Laterite,Rain-fed,170.07,36.84,3012.3,8.11,45021.02,356323.0,24429.753,1099852398.4080598,118.2893470105899,14.585616154203441,0.0003239734718183516,365120.4721999999,Higher relative profit,Higher relative profit/ha
6895,Karnataka,Belagavi,2023,Kharif,Sugarcane,545.06,35.5,42.2,Alluvial,Sprinkler,269.6,44.75,2628.63,4.98,48538.44,231681.0,13090.577400000002,635396205.6952561,88.13754693509546,17.698302597408727,0.0003646244625375007,241721.43120000002,Higher relative profit,Higher relative profit/ha
6906,Karnataka,Belagavi,2023,Rabi,Sugarcane,1766.3,36.7,77.6,Black,Tube Well,354.08,18.01,2983.0,5.82,14652.1,245079.0,17361.06,254375987.226,82.15856520281595,14.116591959246726,0.0009634517891119176,85275.22200000001,Higher relative profit,Moderate relative profit/ha
6911,Karnataka,Belagavi,2023,Kharif,Maize,965.11,35.0,74.7,Black,Tube Well,176.73,33.59,4268.59,8.37,16956.45,401935.0,35728.0983,605821712.419035,94.16106958035323,11.249829101595369,0.0006634542667595735,141925.4865,Higher relative profit,Higher relative profit/ha
6919,Karnataka,Mangalore,2023,Kharif,Barley,1940.78,30.8,46.4,Alluvial,Canal,79.86,16.92,3998.64,8.31,53569.34,567428.0,33228.6984,1780039442.347056,141.90524778424665,17.076443776684314,0.00031877271171689466,445161.2154,Higher relative profit,Higher relative profit/ha
6923,Karnataka,Mangalore,2023,Zaid,Pulses,1046.34,23.5,75.7,Laterite,Rain-fed,64.37,46.96,3918.02,8.15,31184.31,455868.0,31931.863,995773114.66953,116.35162658689849,14.27627320084644,0.00045780308112786333,254152.1265,Higher relative profit,Higher relative profit/ha
6925,Karnataka,Mangalore,2023,Rabi,Barley,673.89,29.2,51.4,Sandy,Canal,265.22,25.42,4758.04,6.72,23661.28,276852.0,31974.0288,756546448.164864,58.18614387436844,8.658652362257207,0.0003659418409425529,159003.80159999998,Higher relative profit,Moderate relative profit/ha
6927,Karnataka,Mangalore,2023,Zaid,Wheat,637.28,26.9,35.5,Sandy,Canal,389.14,29.51,4261.75,6.56,49811.28,233653.00000000003,27957.079999999998,1392577939.8623998,54.82559981228369,8.357560946994466,0.000167784504774711,326761.99679999996,Higher relative profit,Moderate relative profit/ha
6928,Karnataka,Mangalore,2023,Zaid,Millets,875.7,19.4,40.0,Sandy,Rain-fed,66.63,30.67,3627.81,7.71,64673.11,424508.0,27970.4151,1808933732.5079608,117.01494841240307,15.177036110558117,0.00023467305206998886,498629.67809999996,Higher relative profit,Higher relative profit/ha
6937,Tamil Nadu,Chennai,2023,Zaid,Cotton,1609.31,29.9,66.5,Laterite,Rain-fed,52.83,23.16,2417.14,7.79,60482.19,330193.0,18829.5206,1138850642.538114,136.6048305021637,17.53592175894271,0.0002899352976296445,471156.2601000001,Higher relative profit,Higher relative profit/ha
6941,Tamil Nadu,Chennai,2023,Rabi,Rice,1839.79,31.6,51.1,Alluvial,Rain-fed,354.69,47.95,4299.12,5.87,44323.3,434938.0,25235.8344,1118535458.86152,101.1690764621597,17.23493636493351,0.00038884596510037627,260177.771,Higher relative profit,Higher relative profit/ha
6942,Tamil Nadu,Chennai,2023,Rabi,Barley,1658.57,24.1,36.0,Alluvial,Sprinkler,375.14,11.33,3713.77,7.78,43253.71,288817.0,28893.1306,1249735091.964526,77.76922103415129,9.996043834723816,0.00023110257674367854,336513.8638,Higher relative profit,Moderate relative profit/ha
6946,Tamil Nadu,Chennai,2023,Kharif,Maize,1209.81,20.0,37.8,Sandy,Sprinkler,402.03,45.86,3122.31,7.55,54120.76,396041.0,23573.4405,1275812515.6747801,126.84230585688161,16.800305411507498,0.0003104225700361099,408611.73800000007,Higher relative profit,Higher relative profit/ha
6952,Tamil Nadu,Coimbatore,2023,Zaid,Pulses,1208.62,33.9,88.5,Black,Drip,184.8,33.51,4852.01,5.87,28925.28,496444.0,28481.298700000003,823829539.661136,102.31718401239898,17.4305253854172,0.0006026052430751648,169791.3936,Higher relative profit,Higher relative profit/ha
6953,Tamil Nadu,Coimbatore,2023,Rabi,Barley,1237.64,18.8,66.2,Black,Sprinkler,112.01,52.16,4412.6,3.85,40551.77,234780.00000000003,16988.510000000002,688914150.1627,53.20672619317409,13.81992888134392,0.0003407971805261255,156124.3145,Higher relative profit,Moderate relative profit/ha
6967,Tamil Nadu,Madurai,2023,Kharif,Sugarcane,1882.51,34.8,68.7,Alluvial,Rain-fed,299.31,18.54,4460.46,6.58,21450.43,506089.00000000006,29349.8268,629566405.285524,113.461167682257,17.2433385535345,0.0008038691323919612,141143.8294,Higher relative profit,Higher relative profit/ha
6972,Tamil Nadu,Madurai,2023,Kharif,Millets,913.94,18.3,50.1,Red,Tube Well,85.31,22.52,4938.4,7.13,23756.66,397899.0,35210.791999999994,836490813.8747199,80.57245261623198,11.300484237900701,0.00047567647295119347,169384.9858,Higher relative profit,Moderate relative profit/ha
6976,Tamil Nadu,Madurai,2023,Zaid,Millets,1004.08,36.0,73.8,Black,Canal,294.08,54.77,3714.41,7.86,52982.42,440509.0,29195.262600000002,1546835665.083492,118.5946085650211,15.088372590969604,0.0002847807365342996,416441.8212,Higher relative profit,Higher relative profit/ha
6981,Tamil Nadu,Madurai,2023,Rabi,Millets,1635.77,18.4,55.9,Alluvial,Tube Well,273.64,13.27,3039.14,5.63,20056.24,303566.0,17110.3582,343169450.545168,99.88549392262286,17.7416507855458,0.0008845950579742663,112916.6312,Higher relative profit,Higher relative profit/ha
6984,Tamil Nadu,Madurai,2023,Rabi,Sugarcane,950.39,36.6,58.3,Laterite,Rain-fed,156.01,9.75,3901.24,7.74,17369.55,410014.00000000006,30195.597599999997,524483942.2930799,105.09837897694068,13.578601935005256,0.0007817474796413988,134440.31699999998,Higher relative profit,Higher relative profit/ha
6999,Tamil Nadu,Salem,2023,Rabi,Barley,850.24,34.9,82.8,Sandy,Tube Well,311.48,36.83,4289.56,8.14,14187.09,424612.0,34917.01840000001,495370882.5724561,98.98730872164045,12.160603037056564,0.0008571597866127981,115482.91260000001,Higher relative profit,Higher relative profit/ha
7002,Tamil Nadu,Salem,2023,Kharif,Wheat,1232.79,27.0,42.0,Laterite,Sprinkler,59.99,45.06,2623.36,7.21,18078.99,305820.0,18914.425600000002,341953711.27814406,116.57568919248597,16.168611538486264,0.0008943315715361457,130349.51790000002,Higher relative profit,Higher relative profit/ha
7009,Tamil Nadu,Tiruchirappalli,2023,Rabi,Pulses,1729.77,20.3,54.9,Alluvial,Sprinkler,283.15,49.35,4824.82,7.04,49153.31,434150.0,33966.7328,1669577347.0055678,89.98263147640742,12.781623789262417,0.0002600358712213362,346039.3024,Higher relative profit,Higher relative profit/ha
7012,Tamil Nadu,Tiruchirappalli,2023,Rabi,Pulses,1868.17,35.4,88.8,Laterite,Rain-fed,319.18,38.26,4122.49,6.38,50406.2,409725.0,26301.4862,1325757973.69444,99.38774866646129,15.578017032360703,0.0003090496215219696,321591.556,Higher relative profit,Higher relative profit/ha
7020,Tamil Nadu,Tiruchirappalli,2023,Kharif,Cotton,1264.36,23.1,41.3,Black,Rain-fed,74.42,27.48,4704.02,8.07,13033.78,588222.0,37961.4414,494781075.6904921,125.0466622165722,15.495249345300149,0.001188853068357771,105182.6046,Higher relative profit,Higher relative profit/ha
7021,Rajasthan,Jaipur,2023,Rabi,Barley,1621.11,23.3,82.8,Alluvial,Canal,300.43,39.98,4711.03,6.52,58652.04,297060.0,30715.915599999997,1801551110.4078238,63.05627431793048,9.671207717474001,0.00016489124193248863,382411.30079999997,Higher relative profit,Moderate relative profit/ha
7025,Rajasthan,Jaipur,2023,Rabi,Maize,2081.72,28.5,59.9,Laterite,Rain-fed,365.86,52.34,4938.71,8.18,19927.46,400980.0,40398.6478,805042438.088588,81.19124224746948,9.925579736854461,0.0004980855431075742,163006.6228,Higher relative profit,Moderate relative profit/ha
7033,Rajasthan,Jaipur,2023,Rabi,Barley,1159.45,20.3,64.4,Red,Sprinkler,205.22,43.14,4024.87,8.11,53422.21,477753.0,32641.695699999997,1743791522.4414968,118.70023131181877,14.63628006310959,0.00027397369115035846,433254.12309999997,Higher relative profit,Higher relative profit/ha
7043,Rajasthan,Jodhpur,2023,Rabi,Cotton,2166.13,30.4,50.0,Red,Sprinkler,372.41,14.59,4139.48,4.59,42662.39,337897.0,19000.2132,810594505.6215479,81.62788562814654,17.78385307802757,0.00041685083929961654,195820.3701,Higher relative profit,Moderate relative profit/ha
7044,Rajasthan,Jodhpur,2023,Rabi,Cotton,609.03,30.2,75.8,Sandy,Sprinkler,256.49,30.81,4688.99,4.76,59056.63,344109.0,22319.592399999998,1318119910.117612,73.38659284835327,15.41735143872968,0.00026106046753310644,281109.5588,Higher relative profit,Moderate relative profit/ha
7053,Rajasthan,Jodhpur,2023,Zaid,Rice,1041.93,25.4,81.9,Black,Sprinkler,288.21,17.66,3511.75,6.53,29864.4,408616.0,22931.7275,684842282.751,116.35680216416317,17.8188058444354,0.0005966570848379809,195014.532,Higher relative profit,Higher relative profit/ha
7054,Rajasthan,Jodhpur,2023,Rabi,Rice,1694.13,31.9,87.1,Black,Canal,375.27,47.91,4863.13,4.65,64626.06,267188.0,22613.554500000002,1461424929.9302702,54.94157055229862,11.81539151662336,0.00018282704402254073,300511.17900000006,Higher relative profit,Moderate relative profit/ha
7056,Rajasthan,Jodhpur,2023,Kharif,Rice,2092.09,22.1,82.8,Alluvial,Canal,112.72,39.55,2175.67,6.29,62900.15,245951.00000000003,13684.9643,860786307.214645,113.04609614509555,17.972352328314077,0.000285728290446272,395641.9435,Higher relative profit,Higher relative profit/ha
7057,Rajasthan,Udaipur,2023,Zaid,Cotton,1628.45,24.1,65.7,Laterite,Drip,145.18,58.3,4322.4,4.57,38950.31,338089.0,19753.368,769399807.1440799,78.21788821025356,17.115511643381524,0.00043941913795760614,178002.9167,Higher relative profit,Moderate relative profit/ha
7066,Rajasthan,Udaipur,2023,Kharif,Cotton,1182.42,35.0,80.3,Black,Canal,255.32,58.37,4623.23,4.89,33270.32,252510.0,22607.594699999998,752161910.099304,54.61765908250293,11.16925543609467,0.00033571229360266654,162691.8648,Higher relative profit,Moderate relative profit/ha
7078,Rajasthan,Kota,2023,Zaid,Wheat,608.01,28.7,86.8,Sandy,Rain-fed,289.18,59.73,2169.92,8.08,63567.42,265889.0,17532.9536,1114524625.331712,122.53401047043208,15.165100305746545,0.00023856718277612252,513624.7536,Higher relative profit,Higher relative profit/ha
7100,Rajasthan,Ajmer,2023,Rabi,Sugarcane,1622.82,27.4,86.0,Laterite,Tube Well,197.36,46.28,3373.02,6.39,43202.58,355903.0,21553.5978,931171033.242324,105.5146426644372,16.512463640756998,0.0003822101282089402,276064.4862,Higher relative profit,Higher relative profit/ha
7107,Rajasthan,Ajmer,2023,Rabi,Pulses,1663.37,37.7,45.2,Black,Rain-fed,369.17,8.71,4032.74,7.28,58919.19,454642.0,29358.3472,1729770036.762768,112.73774158512575,15.48595351444035,0.00026283378156489166,428931.70320000005,Higher relative profit,Higher relative profit/ha
7113,West Bengal,Kolkata,2023,Rabi,Millets,1497.07,31.5,70.3,Black,Rain-fed,358.27,19.01,4987.77,6.04,32569.85,270621.0,30126.130800000003,981203561.2363801,54.25691240774935,8.982932517839297,0.0002758051547010286,196721.894,Higher relative profit,Moderate relative profit/ha
7115,West Bengal,Kolkata,2023,Zaid,Maize,850.71,18.7,35.1,Alluvial,Tube Well,339.59,7.71,2935.2,5.47,30577.24,243146.0,16055.543999999998,490934222.21856,82.83796674843282,15.14405242201697,0.0004952720527430523,167257.50280000002,Higher relative profit,Moderate relative profit/ha
7119,West Bengal,Kolkata,2023,Zaid,Barley,1141.99,36.1,70.3,Alluvial,Canal,65.56,47.81,4787.97,7.33,32681.62,469105.0,35095.820100000004,1146988256.0965621,97.97576008203893,13.36640655962332,0.00040898849443887173,239556.2746,Higher relative profit,Higher relative profit/ha
7126,West Bengal,Kolkata,2023,Rabi,Rice,1536.09,25.7,55.0,Alluvial,Canal,201.1,31.89,2348.47,8.34,42438.39,311824.0,19586.2398,831208483.265922,132.77751046425973,15.920564803868071,0.00037514535315472786,353936.1726,Higher relative profit,Higher relative profit/ha
7130,West Bengal,Howrah,2023,Rabi,Rice,1604.08,25.6,48.5,Red,Canal,386.92,44.52,3885.99,4.41,15893.53,264477.0,17137.2159,272370855.023127,68.05910462970826,15.432903544151534,0.0009710179893423004,70090.4673,Higher relative profit,Moderate relative profit/ha
7131,West Bengal,Howrah,2023,Kharif,Cotton,1086.6,22.9,36.0,Sandy,Sprinkler,390.72,47.57,4050.91,8.22,38128.66,569580.0,33298.4802,1269626430.062532,140.6054442088321,17.105285183556216,0.00044862015039490546,313417.5852,Higher relative profit,Higher relative profit/ha
7137,West Bengal,Howrah,2023,Rabi,Millets,1563.15,21.0,85.7,Black,Sprinkler,316.42,59.6,4784.11,6.2,44306.54,332542.0,29661.482,1314197638.69228,69.50968936751036,11.211240220566188,0.00025303804405774375,274700.548,Higher relative profit,Moderate relative profit/ha
7140,West Bengal,Howrah,2023,Rabi,Millets,604.43,26.8,70.2,Black,Rain-fed,270.72,20.4,4776.7,7.94,22070.47,610032.0,37926.998,837066671.54906,127.70992526221032,16.084373458716666,0.0007287734904928017,175239.5318,Higher relative profit,Higher relative profit/ha
7142,West Bengal,Howrah,2023,Rabi,Maize,1095.89,25.9,55.8,Sandy,Rain-fed,184.5,34.41,2447.53,6.71,57635.36,295399.0,16422.926300000003,946541269.5539682,120.69269835303345,17.98698932235968,0.0003120825361784793,386733.26560000004,Higher relative profit,Higher relative profit/ha
7147,West Bengal,Darjeeling,2023,Rabi,Millets,1023.42,36.1,36.2,Sandy,Canal,121.54,36.06,2607.52,8.48,43837.93,249430.00000000003,22111.7696,969334207.900928,95.65794317972635,11.280417827797917,0.0002573209507793346,371745.6464,Higher relative profit,Higher relative profit/ha
7148,West Bengal,Darjeeling,2023,Kharif,Cotton,717.98,19.3,56.1,Sandy,Sprinkler,440.83,22.95,4436.7,4.37,30497.46,251470.0,19388.379,591296313.0173401,56.67951405323777,12.970140515615048,0.00042528592596285226,133273.90020000003,Higher relative profit,Moderate relative profit/ha
7152,West Bengal,Darjeeling,2023,Kharif,Maize,1249.84,29.9,37.5,Laterite,Sprinkler,146.88,14.2,4445.19,3.2,23754.68,229679.0,14224.608,337901011.16544,51.66910750721567,16.146596096004895,0.0006797227365725362,76014.97600000001,Higher relative profit,Moderate relative profit/ha
7153,West Bengal,Darjeeling,2023,Kharif,Pulses,1042.73,23.1,76.8,Black,Drip,101.49,25.98,3895.92,4.74,36277.45,230460.0,18466.6608,669923363.83896,59.15419207786607,12.479787358199593,0.00034400949786160805,171955.113,Higher relative profit,Moderate relative profit/ha
7154,West Bengal,Darjeeling,2023,Zaid,Barley,481.11,20.1,54.8,Black,Canal,255.51,29.75,1921.18,8.32,38342.52,259443.0,15984.217600000002,612875183.012352,135.0435669744636,16.23119795366149,0.0004233211054897146,319009.76639999996,Higher relative profit,Higher relative profit/ha
7155,West Bengal,Darjeeling,2023,Rabi,Pulses,1912.02,19.4,61.7,Black,Drip,312.07,9.71,2800.2,7.86,36202.3,306929.0,22009.572,796797128.4156001,109.60967073780445,13.945250730000565,0.0003852034464661241,284550.07800000004,Higher relative profit,Higher relative profit/ha
7167,West Bengal,Siliguri,2023,Zaid,Cotton,1138.18,31.8,65.0,Alluvial,Rain-fed,205.36,56.2,4118.82,7.26,35004.56,351990.0,29902.633199999997,1046728518.0073918,85.45894212420063,11.77120414933893,0.00033627630655374413,254133.10559999998,Higher relative profit,Higher relative profit/ha
7174,West Bengal,Siliguri,2023,Kharif,Sugarcane,910.59,36.4,58.2,Red,Sprinkler,343.2,9.65,2726.96,7.94,63780.56,293056.0,21652.062400000003,1380980665.0269442,107.46618945639099,13.534784566296095,0.00021220861915129146,506417.6464,Higher relative profit,Higher relative profit/ha
7181,West Bengal,Siliguri,2023,Kharif,Cotton,881.16,24.1,78.7,Sandy,Tube Well,393.87,13.09,3606.94,6.62,41144.34,349297.0,23877.9428,982442197.0637519,96.84025794717961,14.628437756371541,0.00035553949234260515,272375.53079999995,Higher relative profit,Higher relative profit/ha
7184,West Bengal,Malda,2023,Zaid,Sugarcane,967.45,18.3,54.1,Black,Sprinkler,240.82,18.62,4678.73,6.31,58813.93,244097.0,29522.786299999996,1736351086.8531587,52.17163632011251,8.26808816483558,0.00014058044012422874,371115.8983,Higher relative profit,Moderate relative profit/ha
7188,West Bengal,Malda,2023,Rabi,Sugarcane,924.77,32.3,77.4,Red,Canal,55.44,39.05,4708.93,6.92,28785.23,569082.0,32585.7956,937989621.0789881,120.85165844469974,17.464112492008635,0.0006067039412924139,199193.7916,Higher relative profit,Higher relative profit/ha
7194,West Bengal,Malda,2023,Zaid,Barley,1459.47,29.1,81.2,Black,Sprinkler,64.31,18.45,4799.23,5.26,51163.45,267853.0,25243.949799999995,1291567563.3948097,55.81166145402492,10.610582025480024,0.0002073859762287341,269119.747,Higher relative profit,Moderate relative profit/ha
7195,West Bengal,Malda,2023,Zaid,Pulses,1506.9,37.7,78.0,Laterite,Sprinkler,97.15,49.37,3701.86,6.68,39244.77,291170.0,24728.4248,970461343.7382959,78.65505448612319,11.774708755407664,0.00030003255861628603,262155.0636,Higher relative profit,Moderate relative profit/ha
7196,West Bengal,Malda,2023,Kharif,Wheat,1874.08,23.9,81.8,Black,Sprinkler,405.73,45.96,3952.2,5.5,51324.77,346667.0,21737.1,1115651657.9669998,87.71494357572998,15.948171559223633,0.00031073050223554113,282286.2349999999,Higher relative profit,Higher relative profit/ha
7198,West Bengal,Malda,2023,Rabi,Sugarcane,519.0,19.3,37.0,Black,Tube Well,388.55,41.93,4409.99,7.83,48301.17,619958.0,34530.2217,1667850108.469389,140.58036412780982,17.954069492696018,0.0003717108610970711,378198.1611,Higher relative profit,Higher relative profit/ha
7200,West Bengal,Malda,2023,Kharif,Sugarcane,1773.76,33.6,44.9,Black,Tube Well,392.77,15.91,4550.48,8.05,26994.97,491810.00000000006,36631.364,988862572.2390801,108.07870818023595,13.425926482016887,0.000497349190683186,217309.50850000003,Higher relative profit,Higher relative profit/ha
7203,Uttarakhand,Dehradun,2024,Zaid,Cotton,1197.41,20.2,44.1,Red,Rain-fed,63.2,42.61,4583.06,5.57,22786.69,333285.0,25527.644200000002,581690514.815698,72.72106409254951,13.055846336184832,0.000572959316872474,126921.8633,Higher relative profit,Moderate relative profit/ha
7209,Uttarakhand,Dehradun,2024,Zaid,Pulses,1013.59,30.2,62.1,Alluvial,Tube Well,301.06,19.55,3180.19,8.39,46179.23,398364.0,26681.794100000003,1232144706.556543,125.26421377339089,14.930180425910713,0.00032330942776461873,387443.73970000003,Higher relative profit,Higher relative profit/ha
7211,Uttarakhand,Dehradun,2024,Rabi,Cotton,1152.68,26.1,66.2,Black,Canal,142.27,44.27,3908.92,5.55,54208.33,322718.0,21694.506,1176022940.4349802,82.55937701462297,14.875563426058191,0.00027441471497200137,300856.23150000005,Higher relative profit,Moderate relative profit/ha
7217,Uttarakhand,Dehradun,2024,Rabi,Pulses,2055.12,19.3,63.3,Laterite,Drip,421.26,32.43,4634.29,7.31,36309.6,282895.0,33876.6599,1230047970.30504,61.043870797900006,8.350734719274966,0.00022998696541066184,265423.176,Higher relative profit,Moderate relative profit/ha
7228,Uttarakhand,Haridwar,2024,Zaid,Pulses,1483.78,21.1,58.8,Alluvial,Sprinkler,60.49,46.54,2375.98,7.88,24156.18,324768.0,18722.7224,452269452.38443196,136.68801925942137,17.346195337490023,0.0007180851996255212,190350.6984,Higher relative profit,Higher relative profit/ha
7233,Uttarakhand,Haridwar,2024,Rabi,Maize,1139.55,37.2,81.7,Sandy,Canal,196.76,8.17,4676.13,7.66,20027.04,535351.0,35819.1558,717351665.9728321,114.48591035749648,14.945941299934265,0.0007462880835078107,153407.1264,Higher relative profit,Higher relative profit/ha
7236,Uttarakhand,Haridwar,2024,Kharif,Barley,1575.81,27.3,47.7,Red,Tube Well,380.71,37.89,4259.89,4.18,63365.05,251348.0,17806.3402,1128299637.09001,59.00340149628276,14.11564629097674,0.00022276706624514207,264865.909,Higher relative profit,Moderate relative profit/ha
7242,Uttarakhand,Nainital,2024,Kharif,Wheat,1306.86,24.9,46.6,Laterite,Sprinkler,203.2,52.48,2029.72,7.41,24202.97,247839.0,15040.2252,364018119.30884403,122.10501941154445,16.47841017699655,0.0006808424824307327,179344.00770000002,Higher relative profit,Higher relative profit/ha
7244,Uttarakhand,Nainital,2024,Zaid,Wheat,756.82,32.5,56.1,Laterite,Rain-fed,178.5,39.05,4613.94,5.57,17075.19,451260.00000000006,25699.6458,438826334.9677019,97.80361253072213,17.558996863684406,0.001028333908066874,95108.80829999999,Higher relative profit,Higher relative profit/ha
7248,Uttarakhand,Nainital,2024,Zaid,Cotton,658.82,20.9,62.2,Red,Rain-fed,289.83,8.42,2856.93,6.13,62771.33,247943.0,17512.9809,1099313103.3575969,86.78651559541186,14.157669754553321,0.0002255435682907041,384788.25289999996,Higher relative profit,Higher relative profit/ha
7265,Uttarakhand,Almora,2024,Rabi,Wheat,2096.22,20.6,70.1,Alluvial,Sprinkler,226.39,54.22,4239.53,7.01,24817.52,423498.0,29719.105299999996,737554490.164856,99.89267678256789,14.250025218625948,0.0005741921521016583,173970.8152,Higher relative profit,Higher relative profit/ha
7273,Uttarakhand,Pauri,2024,Zaid,Sugarcane,2141.16,31.1,68.3,Laterite,Drip,277.07,47.51,4976.52,3.77,27438.32,310364.0,18761.4804,514783502.888928,62.36566918248092,16.54261782028672,0.0006029019932811746,103442.46639999999,Higher relative profit,Moderate relative profit/ha
7274,Uttarakhand,Pauri,2024,Rabi,Maize,1969.85,18.2,65.7,Alluvial,Canal,406.19,56.0,2271.25,7.62,60640.42,286210.0,17306.925,1049499200.9085,126.01430930104569,16.53731093189576,0.0002727110223163982,462080.00039999996,Higher relative profit,Higher relative profit/ha
7275,Uttarakhand,Pauri,2024,Rabi,Millets,1729.92,23.2,74.3,Black,Sprinkler,326.6,38.65,3442.61,6.75,18309.56,269913.0,23237.6175,425470551.8733,78.40359494685718,11.615347399534397,0.0006343870305749781,123589.53,Higher relative profit,Moderate relative profit/ha
7276,Uttarakhand,Pauri,2024,Kharif,Wheat,2144.9,25.1,69.3,Laterite,Canal,395.67,15.54,4311.46,7.74,53913.36,516972.0,33370.7004,1799126584.1173441,119.90648179502999,15.491793513569766,0.0002873460959133277,417289.40640000004,Higher relative profit,Higher relative profit/ha
7279,Uttarakhand,Pauri,2024,Kharif,Maize,557.0,28.5,88.8,Black,Tube Well,433.41,8.0,4824.83,4.02,19729.77,346493.0,19395.8166,382675000.480182,71.81455097899823,17.864316163929907,0.0009054497930756369,79313.6754,Higher relative profit,Moderate relative profit/ha
7281,Uttarakhand,Pauri,2024,Zaid,Sugarcane,1677.29,20.7,81.8,Laterite,Drip,82.85,42.11,2568.99,8.47,14121.9,362483.0,21759.3453,307283298.39207,141.0994203947855,16.65872731933713,0.0011796378192266714,119612.493,Higher relative profit,Higher relative profit/ha
7286,Uttarakhand,Pauri,2024,Kharif,Pulses,1555.15,19.6,76.3,Alluvial,Sprinkler,146.93,27.92,1959.58,7.93,53037.6,269830.0,15539.469399999998,824176162.2494398,137.69787403423183,17.36417074832684,0.00032739359903779283,420588.16799999995,Higher relative profit,Higher relative profit/ha
7301,Uttar Pradesh,Lucknow,2024,Rabi,Rice,412.16,28.1,48.3,Sandy,Drip,278.96,40.12,3985.91,5.77,46784.84,273287.0,22998.700699999998,1075990532.457388,68.56326409778445,11.882714748316197,0.0002539864355273246,269948.5268,Higher relative profit,Moderate relative profit/ha
7307,Uttar Pradesh,Lucknow,2024,Rabi,Cotton,1108.57,19.3,71.2,Laterite,Sprinkler,55.15,49.03,3164.35,7.73,14625.28,252237.0,24460.4255,357740571.85664004,79.71210517167823,10.31204465351594,0.0007050835712899815,113053.41440000002,Higher relative profit,Moderate relative profit/ha
7310,Uttar Pradesh,Kanpur,2024,Zaid,Rice,1124.17,37.0,89.2,Laterite,Rain-fed,329.18,24.87,3709.03,6.77,58907.32,405273.0,25110.1331,1479170645.764292,109.26657374030407,16.13981886858258,0.0002739866432318187,398802.5564,Higher relative profit,Higher relative profit/ha
7311,Uttar Pradesh,Kanpur,2024,Zaid,Cotton,2038.83,23.5,65.9,Alluvial,Rain-fed,427.76,45.82,4833.82,6.09,16613.86,380084.0,29437.963799999998,489078209.258268,78.63015172265413,12.91135496266899,0.0007771435995409247,101178.40740000001,Higher relative profit,Moderate relative profit/ha
7313,Uttar Pradesh,Kanpur,2024,Kharif,Millets,537.92,20.9,75.7,Alluvial,Tube Well,157.63,16.39,3766.07,3.99,54632.29,256541.0,15026.619300000002,820938623.3171971,68.11902062362091,17.07243624652153,0.00031249717422647907,217982.8371,Higher relative profit,Moderate relative profit/ha
7317,Uttar Pradesh,Kanpur,2024,Kharif,Wheat,1001.19,19.4,86.9,Black,Drip,205.53,33.94,3603.27,6.91,20020.83,287273.0,24898.5957,498490551.7484311,79.7256381009472,11.537718972640693,0.0005762857470265065,138343.9353,Higher relative profit,Moderate relative profit/ha
7319,Uttar Pradesh,Kanpur,2024,Rabi,Barley,1890.65,19.5,38.9,Black,Tube Well,196.21,36.65,2426.63,8.36,61143.54,303660.0,20286.6268,1240396177.210872,125.13650618347255,14.968481600893847,0.00024480888088739786,511159.99439999997,Higher relative profit,Higher relative profit/ha
7329,Uttar Pradesh,Varanasi,2024,Rabi,Cotton,2036.24,18.0,70.1,Alluvial,Rain-fed,429.06,13.96,3111.37,8.19,34026.26,360650.0,25482.1203,867061250.679078,115.91356862089691,14.153060881672394,0.0004159452399903014,278675.0694,Higher relative profit,Higher relative profit/ha
7339,Uttar Pradesh,Varanasi,2024,Rabi,Maize,938.63,25.3,75.0,Black,Rain-fed,88.7,55.26,3709.65,6.61,59730.74,427851.0,24520.786500000002,1464644723.02701,115.3346002992196,17.44850231455667,0.0002921193059814205,394820.19139999995,Higher relative profit,Higher relative profit/ha
7351,Uttar Pradesh,Agra,2024,Rabi,Barley,611.28,24.4,52.4,Black,Canal,180.66,30.32,3265.88,6.16,63335.03,347612.0,20117.8208,1274162783.9026241,106.43746861489093,17.278809840079695,0.0002728160046672386,390143.7848,Higher relative profit,Higher relative profit/ha
7357,Uttar Pradesh,Agra,2024,Zaid,Rice,1291.98,21.0,79.9,Sandy,Tube Well,220.17,42.82,3690.24,7.74,26775.7,247577.0,28562.457599999998,764779795.96032,67.0896743843219,8.667916587121692,0.0003237232485844139,207243.918,Higher relative profit,Moderate relative profit/ha
7359,Uttar Pradesh,Agra,2024,Zaid,Barley,1623.04,25.7,77.0,Black,Tube Well,206.65,6.73,4616.66,8.25,48760.31,513944.0,38087.445,1857155625.3079498,111.32377086465107,13.493790407836494,0.00027673717430911525,402272.55749999994,Higher relative profit,Higher relative profit/ha
7360,Uttar Pradesh,Agra,2024,Rabi,Rice,1974.19,22.1,69.6,Alluvial,Tube Well,274.13,24.68,4766.01,4.82,42149.02,403783.0,22972.168200000004,968254376.9051641,84.72139168822558,17.577052217474183,0.00041702161088144363,203158.2764,Higher relative profit,Higher relative profit/ha
7363,Uttar Pradesh,Meerut,2024,Kharif,Wheat,493.06,29.6,83.8,Red,Rain-fed,402.08,57.39,4148.27,3.58,37385.68,237086.0,14850.806600000002,555207503.2894881,57.152981845443996,15.964520068559777,0.00042702232695940735,133840.73440000002,Higher relative profit,Moderate relative profit/ha
7365,Uttar Pradesh,Meerut,2024,Kharif,Wheat,671.74,18.2,80.2,Red,Rain-fed,179.31,37.49,2050.39,8.17,20310.76,243039.0,16751.686299999998,340239480.0345879,118.53305956427802,14.508330424024239,0.0007143174565611646,165938.90919999997,Higher relative profit,Higher relative profit/ha
7379,Uttar Pradesh,Meerut,2024,Kharif,Sugarcane,698.74,31.9,36.9,Alluvial,Drip,425.27,30.33,3199.53,6.31,49525.25,239471.0,20189.0343,999866970.966075,74.84568045931746,11.861439058528918,0.00023950286083419906,312504.32749999996,Higher relative profit,Moderate relative profit/ha
7380,Uttar Pradesh,Meerut,2024,Kharif,Sugarcane,881.68,34.5,59.9,Sandy,Sprinkler,427.61,17.31,4041.41,6.45,19859.83,405625.0,26067.0945,517688065.36393505,100.36719857673437,15.560805980889048,0.0007835316808295461,128095.90350000001,Higher relative profit,Higher relative profit/ha
7389,Punjab,Ludhiana,2024,Kharif,Rice,1323.85,29.6,47.6,Laterite,Tube Well,98.75,21.38,4118.41,4.71,55808.37,264249.0,19397.7111,1082554638.2219071,64.16286867990317,13.622689740956085,0.0002440976101068009,262857.42270000005,Higher relative profit,Moderate relative profit/ha
7390,Punjab,Ludhiana,2024,Zaid,Pulses,1623.71,22.4,46.5,Red,Rain-fed,239.35,53.69,4548.32,5.74,47242.87,398073.0,26107.356799999998,1233386463.346016,87.52088683294052,15.247541260094168,0.0003227479884286066,271174.0738,Higher relative profit,Higher relative profit/ha
7391,Punjab,Ludhiana,2024,Rabi,Pulses,1793.44,18.5,55.3,Black,Rain-fed,302.47,27.92,3455.77,5.23,55641.18,272696.0,18073.6771,1005640720.782978,78.91034414906085,15.088019913778364,0.00027116642590574756,291003.3714,Higher relative profit,Moderate relative profit/ha
7393,Punjab,Ludhiana,2024,Kharif,Pulses,1829.95,24.3,86.5,Red,Sprinkler,429.96,55.88,3882.94,5.2,37765.13,282848.0,20191.288,762526616.1874399,72.84377301735283,14.008417887952467,0.00037093524867920404,196378.67599999998,Higher relative profit,Moderate relative profit/ha
7400,Punjab,Amritsar,2024,Rabi,Pulses,1063.04,29.5,37.5,Black,Drip,431.59,44.36,3747.85,3.44,38862.75,229907.00000000003,12892.604,501042046.10099995,61.34370372346813,17.832472012636085,0.0004588576982492512,133687.86,Higher relative profit,Moderate relative profit/ha
7401,Punjab,Amritsar,2024,Rabi,Rice,754.15,25.8,59.4,Alluvial,Tube Well,147.09,42.04,3165.43,7.18,46439.99,267348.0,22727.787399999997,1055478219.5781258,84.4586675427983,11.763045618774138,0.00025329561050237387,333439.1282,Higher relative profit,Higher relative profit/ha
7406,Punjab,Amritsar,2024,Rabi,Wheat,1601.78,18.4,73.0,Laterite,Tube Well,310.01,28.5,4414.89,6.04,58577.22,331073.0,26665.9356,1562016376.147032,74.99009035332703,12.41557787306739,0.00021195232332752202,353806.4088,Higher relative profit,Moderate relative profit/ha
7411,Punjab,Amritsar,2024,Kharif,Sugarcane,435.13,28.3,58.1,Sandy,Canal,233.79,34.12,4410.31,4.87,23070.61,306597.0,21478.209700000003,495515399.4869171,69.518242481821,14.274793117417042,0.0006187436360554421,112353.87070000001,Higher relative profit,Moderate relative profit/ha
7413,Punjab,Amritsar,2024,Zaid,Millets,582.73,23.0,82.2,Black,Drip,413.02,13.24,4727.85,4.24,27996.91,360179.0,20046.084000000003,561228409.60044,76.18240849434731,17.96754917319512,0.0006417690085511266,118706.89839999999,Higher relative profit,Moderate relative profit/ha
7419,Punjab,Patiala,2024,Kharif,Wheat,1580.71,26.9,86.5,Black,Drip,210.41,49.32,4350.93,6.59,37697.63,395841.0,28672.6287,1080890147.859981,90.9784804627976,13.8055357303183,0.0003662176038737263,248427.3817,Higher relative profit,Higher relative profit/ha
7423,Punjab,Patiala,2024,Rabi,Wheat,1127.22,19.2,59.7,Sandy,Sprinkler,290.03,19.89,3561.57,8.2,61993.62,252309.0,29204.874,1810515860.9038801,70.84207245680977,8.639277128879241,0.00013935751983638382,508347.684,Higher relative profit,Moderate relative profit/ha
7429,Punjab,Patiala,2024,Zaid,Rice,1687.08,21.3,86.0,Laterite,Sprinkler,179.32,14.66,3750.67,8.16,18313.41,471444.0,30605.467200000003,560490469.075152,125.69594232497127,15.403914500609224,0.0008411275945118481,149437.42560000002,Higher relative profit,Higher relative profit/ha
7430,Punjab,Patiala,2024,Rabi,Millets,1687.67,21.8,83.2,Black,Sprinkler,210.25,19.97,3744.85,7.96,59252.49,248420.0,29809.005999999998,1766257829.9249399,66.33643537124317,8.333723036588339,0.00014064764259845178,471649.82039999997,Higher relative profit,Moderate relative profit/ha
7431,Punjab,Patiala,2024,Zaid,Barley,1778.39,21.7,82.0,Alluvial,Canal,164.36,35.3,3711.17,8.25,64926.41,341918.0,30617.1525,1987861796.2475252,92.13213083744479,11.167531010599369,0.00017200290314217849,535642.8825000001,Higher relative profit,Higher relative profit/ha
7434,Punjab,Patiala,2024,Kharif,Millets,1155.35,28.0,52.3,Laterite,Drip,99.96,42.26,3910.45,3.46,33072.46,238774.0,13530.157,447475576.17621994,61.060491759260444,17.64754097088452,0.0005336023075055356,114430.7116,Higher relative profit,Moderate relative profit/ha
7439,Punjab,Jalandhar,2024,Rabi,Rice,2072.33,22.6,63.6,Alluvial,Tube Well,249.76,14.52,2527.02,8.34,64509.04,355168.0,21075.3468,1359550389.735072,140.54815553497795,16.852296826735966,0.00026123930578932764,538005.3936,Higher relative profit,Higher relative profit/ha
7443,Punjab,Jalandhar,2024,Rabi,Cotton,2194.68,23.3,59.2,Alluvial,Tube Well,269.12,41.19,4667.48,5.81,22169.17,283726.0,27118.058799999995,601184855.6071959,60.787834120339035,10.462622051693465,0.0004719446894806376,128802.87769999998,Higher relative profit,Moderate relative profit/ha
7445,Punjab,Jalandhar,2024,Zaid,Maize,1891.95,36.5,36.4,Red,Sprinkler,143.42,30.19,3628.95,6.44,29616.14,232893.0,23370.438000000002,692142163.66932,64.17641466539908,9.965281780341472,0.00033648145167943807,190727.94160000002,Higher relative profit,Moderate relative profit/ha
7446,Punjab,Jalandhar,2024,Zaid,Millets,572.19,22.0,86.6,Alluvial,Drip,302.66,42.9,3900.21,5.34,60240.42,303178.0,20827.1214,1254634540.526988,77.73376305378429,14.556884467000803,0.00024164646373648791,321683.8428,Higher relative profit,Moderate relative profit/ha
7449,Punjab,Jalandhar,2024,Zaid,Millets,1885.09,20.4,59.5,Sandy,Tube Well,378.95,41.36,4616.18,5.93,27178.32,301355.0,27373.9474,743977902.100368,65.28233301127771,11.008825128377357,0.00040505907386392375,161167.4376,Higher relative profit,Moderate relative profit/ha
7454,Punjab,Bathinda,2024,Kharif,Pulses,2054.88,28.2,76.4,Alluvial,Canal,170.44,45.54,3181.7,5.93,57842.16,322589.0,18867.481,1091335854.79896,101.38888015840588,17.097618913727807,0.0002955909480857528,343004.0088,Higher relative profit,Higher relative profit/ha
7466,Punjab,Bathinda,2024,Zaid,Rice,1836.69,30.9,88.4,Black,Sprinkler,314.14,9.35,4179.13,6.74,17764.9,335819.0,28167.3362,500389910.85938007,80.35619853893034,11.92228464969293,0.0006711146502199804,119735.426,Higher relative profit,Moderate relative profit/ha
7468,Punjab,Bathinda,2024,Kharif,Maize,1706.2,21.3,49.7,Red,Tube Well,293.46,56.44,3471.75,4.78,50388.88,248984.0,16594.965,836201699.9892,71.71714553179233,15.003586931337306,0.0002977559122436797,240858.8464,Higher relative profit,Moderate relative profit/ha
7470,Punjab,Bathinda,2024,Kharif,Maize,511.65,27.0,73.1,Laterite,Sprinkler,376.15,14.18,2775.99,7.75,52358.7,327908.0,21513.922499999997,1126441014.0007498,118.12290390095066,15.241665019477505,0.0002911009062386481,405779.925,Higher relative profit,Higher relative profit/ha
7476,Maharashtra,Pune,2024,Kharif,Sugarcane,1830.95,27.5,84.6,Black,Sprinkler,163.42,53.69,2835.31,8.49,32950.69,285406.0,24071.7819,793181823.1345111,100.66130334954555,11.856455047060724,0.00035982418113431687,279751.35810000007,Higher relative profit,Higher relative profit/ha
7477,Maharashtra,Pune,2024,Rabi,Sugarcane,1434.94,26.3,59.5,Alluvial,Tube Well,197.08,50.12,2533.86,7.88,40558.41,231334.0,19966.8168,809822342.169288,91.29707245072734,11.585922899838495,0.0002856601848997161,319600.2708,Higher relative profit,Higher relative profit/ha
7484,Maharashtra,Pune,2024,Rabi,Rice,1921.64,35.3,39.1,Alluvial,Drip,98.76,29.7,2463.28,8.13,19871.63,315459.0,20026.466400000005,397958530.5082321,128.06461303627682,15.752104924511292,0.0007926931471908087,161556.35190000004,Higher relative profit,Higher relative profit/ha
7487,Maharashtra,Pune,2024,Zaid,Millets,437.97,29.7,79.8,Sandy,Rain-fed,146.21,56.56,4301.95,5.41,23563.57,317471.0,23273.5495,548407912.791715,73.79699903532119,13.640850098950311,0.0005788957317991422,127478.9137,Higher relative profit,Moderate relative profit/ha
7490,Maharashtra,Nashik,2024,Rabi,Rice,1239.54,27.7,62.7,Black,Drip,329.41,9.54,3689.7,8.12,19081.6,256460.0,29960.363999999994,571691681.7023998,69.50700598964686,8.559976107099368,0.00044859844599506166,154942.59199999998,Higher relative profit,Moderate relative profit/ha
7499,Maharashtra,Nashik,2024,Kharif,Sugarcane,610.77,26.4,35.6,Red,Sprinkler,70.69,48.67,4118.61,7.72,32449.86,417767.0,31795.669199999997,1031765014.1463119,101.43397893949658,13.139116442939972,0.0004049051811915359,250512.9192,Higher relative profit,Higher relative profit/ha
7502,Maharashtra,Nashik,2024,Zaid,Maize,1849.48,31.4,60.5,Alluvial,Canal,203.1,25.56,3512.57,6.83,24292.27,387940.0,23990.8531,582792281.035537,110.44335059514827,16.17032951612713,0.0006656574093786676,165916.2041,Higher relative profit,Higher relative profit/ha
7504,Maharashtra,Nashik,2024,Zaid,Rice,2171.51,26.0,84.4,Sandy,Tube Well,124.75,15.96,1906.05,8.44,13429.09,281604.0,16087.061999999998,216034603.43357998,147.74218934445582,17.504998737494766,0.0013035133979662633,113341.5196,Higher relative profit,Higher relative profit/ha
7515,Maharashtra,Nagpur,2024,Rabi,Maize,1901.15,23.1,35.8,Red,Canal,434.62,19.46,3531.81,3.99,28579.6,245022.0,14091.921900000001,402741491.13324,69.37575917164287,17.38740831369495,0.0006083852927855867,114032.60399999999,Higher relative profit,Moderate relative profit/ha
7517,Maharashtra,Nagpur,2024,Zaid,Maize,2155.41,23.6,62.7,Black,Sprinkler,257.72,11.36,4865.52,5.62,55982.14,415425.0,27344.222400000002,1530788086.5879362,85.38141863562373,15.192423244772906,0.00027137982300735387,314619.6268,Higher relative profit,Higher relative profit/ha
7519,Maharashtra,Nagpur,2024,Rabi,Rice,1896.42,28.1,64.0,Black,Rain-fed,309.08,34.64,4673.3,4.15,17193.91,253809.0,19394.195000000003,333462043.3524501,54.3104444396893,13.086854081852842,0.0007611331036310438,71354.72650000002,Higher relative profit,Moderate relative profit/ha
7520,Maharashtra,Nagpur,2024,Kharif,Sugarcane,920.26,31.5,78.7,Sandy,Drip,168.94,17.55,4169.24,4.92,16252.47,349152.0,20512.660799999998,333381404.27217597,83.74475923669542,17.021292527783622,0.0010473049652012048,79962.15239999999,Higher relative profit,Moderate relative profit/ha
7527,Maharashtra,Aurangabad,2024,Rabi,Sugarcane,1750.96,35.7,39.7,Red,Drip,393.03,23.5,2861.6,6.74,31666.6,293668.0,19287.184,610759540.8544,102.6237070170534,15.226069290364004,0.0004808242530099223,213432.88400000002,Higher relative profit,Higher relative profit/ha
7530,Maharashtra,Aurangabad,2024,Kharif,Wheat,1280.55,34.6,63.5,Alluvial,Rain-fed,308.59,10.44,4755.85,5.86,20853.72,435328.0,27869.281000000003,581178182.5753201,91.5352670921076,15.620352746093449,0.0007490439473673496,122202.79920000002,Higher relative profit,Higher relative profit/ha
7533,Maharashtra,Aurangabad,2024,Rabi,Rice,1274.78,18.9,55.0,Alluvial,Tube Well,255.95,31.54,4735.46,5.76,24425.23,387459.0,27276.2496,666228670.017408,81.82077348346306,14.20499539643456,0.0005815705889539038,140689.3248,Higher relative profit,Moderate relative profit/ha
7536,Maharashtra,Aurangabad,2024,Kharif,Sugarcane,633.53,33.1,40.7,Sandy,Rain-fed,69.21,16.3,4202.37,5.09,60358.64,367790.0,21390.063299999998,1291075130.3019118,87.51966152433032,17.1944325195148,0.0002848711057690299,307225.4776,Higher relative profit,Higher relative profit/ha
7539,Maharashtra,Aurangabad,2024,Kharif,Millets,904.3,25.8,66.3,Alluvial,Tube Well,115.86,18.71,2343.86,7.34,62192.67,299264.0,17203.9324,1069958490.4555081,127.6799808862304,17.395092763791606,0.00027969683185802453,456494.1978,Higher relative profit,Higher relative profit/ha
7543,Maharashtra,Kolhapur,2024,Kharif,Barley,2164.82,37.4,83.2,Alluvial,Tube Well,61.81,26.73,3205.14,6.04,20133.92,243874.0,19359.045599999998,389773475.3867519,76.08840799465858,12.597418542162018,0.0006256813646901358,121608.87679999997,Higher relative profit,Moderate relative profit/ha
7547,Maharashtra,Kolhapur,2024,Kharif,Maize,2149.28,19.2,84.6,Alluvial,Sprinkler,95.74,58.83,3482.21,4.39,30748.01,270907.0,15286.901899999999,470041812.49021894,77.797433239236,17.72151098843645,0.0005763465989648257,134983.7639,Higher relative profit,Moderate relative profit/ha
7554,Maharashtra,Kolhapur,2024,Rabi,Rice,1773.9,35.6,78.9,Laterite,Tube Well,388.54,59.4,3070.92,8.28,12283.12,243005.00000000003,25427.2176,312325565.046912,79.13100959972908,9.556885217358584,0.0007780503013370043,101704.2336,Higher relative profit,Moderate relative profit/ha
7565,Karnataka,Bengaluru,2024,Zaid,Wheat,1249.62,35.0,37.0,Alluvial,Tube Well,118.86,33.76,2358.3,7.69,20526.03,278442.0,18135.327,372246266.06181,118.06894797099605,15.353569307021592,0.0007480048166655506,157845.1707,Higher relative profit,Higher relative profit/ha
7566,Karnataka,Bengaluru,2024,Rabi,Wheat,2139.03,24.1,74.3,Alluvial,Canal,65.5,48.6,3277.55,5.48,20686.59,281239.0,17960.974000000002,371551305.1386601,85.80769172095009,15.658337905282863,0.0007569318048688963,113362.51320000002,Higher relative profit,Higher relative profit/ha
7573,Karnataka,Bengaluru,2024,Rabi,Cotton,1227.6,18.9,44.9,Sandy,Rain-fed,61.05,47.96,2782.53,8.22,37204.01,243806.0,22872.396600000004,850944871.8303661,87.6202592604572,10.659398936795279,0.0002865120974001265,305816.9622,Higher relative profit,Higher relative profit/ha
7578,Karnataka,Bengaluru,2024,Rabi,Sugarcane,2101.55,23.3,50.7,Laterite,Canal,225.48,32.54,4639.88,7.23,25122.1,376043.0,33546.3324,842754317.1860399,81.04584601325897,11.209660582746745,0.0004462071476009866,181632.78299999997,Higher relative profit,Moderate relative profit/ha
7584,Karnataka,Mysuru,2024,Kharif,Cotton,1945.65,25.1,85.7,Laterite,Canal,173.1,27.12,2478.81,7.66,51006.24,251037.0,18987.6846,968490397.751904,101.27319157176225,13.221043286130843,0.0002592044284411249,390707.7984,Higher relative profit,Higher relative profit/ha
7588,Karnataka,Mysuru,2024,Zaid,Cotton,1989.4,32.8,81.5,Red,Tube Well,199.75,49.38,3619.39,4.05,32774.79,245089.0,14658.529499999999,480430226.071305,67.7155542784834,16.71988994530454,0.0005101448383133666,132737.8995,Higher relative profit,Moderate relative profit/ha
7590,Karnataka,Mysuru,2024,Kharif,Wheat,1531.76,35.5,66.5,Laterite,Tube Well,58.98,7.32,4502.58,6.53,25803.44,491293.0,29401.847400000002,758668805.275056,109.11366372168845,16.709596282034983,0.0006475724276311602,168496.4632,Higher relative profit,Higher relative profit/ha
7594,Karnataka,Mysuru,2024,Zaid,Maize,847.97,34.0,47.8,Sandy,Sprinkler,99.83,52.71,4426.06,7.68,40669.22,444849.0,33992.1408,1382433852.466176,100.50677125931415,13.086819174389863,0.0003217868248859915,312339.60959999997,Higher relative profit,Higher relative profit/ha
7600,Karnataka,Hubli,2024,Rabi,Pulses,1569.57,36.3,87.8,Laterite,Drip,377.1,13.48,3815.36,7.39,60110.6,305627.0,28195.5104,1694849047.45024,80.10436760882328,10.839562599299498,0.0001803269739330417,444217.334,Higher relative profit,Moderate relative profit/ha
7602,Karnataka,Hubli,2024,Zaid,Pulses,430.55,21.3,63.8,Black,Rain-fed,323.51,24.64,3794.69,5.79,47045.24,335976.0,21971.255100000002,1033642969.280724,88.53845768692568,15.291616180816177,0.0003250406668308245,272391.9396,Higher relative profit,Higher relative profit/ha
7604,Karnataka,Hubli,2024,Zaid,Pulses,2108.22,28.8,54.3,Laterite,Rain-fed,321.7,49.79,3058.63,8.05,54720.09,423602.00000000006,24621.971500000003,1347316496.4574351,138.49403164161734,17.204227533120164,0.00031440422581761407,440496.7245,Higher relative profit,Higher relative profit/ha
7606,Karnataka,Hubli,2024,Rabi,Sugarcane,961.15,18.1,44.4,Sandy,Rain-fed,174.67,46.65,4289.52,8.42,44229.73,599274.0,36117.758400000006,1597478702.2372324,139.70654059195434,16.592225723510015,0.00037513739567277514,372414.3266000001,Higher relative profit,Higher relative profit/ha
7609,Karnataka,Hubli,2024,Kharif,Maize,1539.83,36.9,40.6,Alluvial,Canal,202.58,46.05,3653.49,7.75,55194.14,464010.00000000006,28314.547499999997,1562797098.7516499,127.0045901316276,16.38768904924227,0.00029690994459270986,427754.58499999996,Higher relative profit,Higher relative profit/ha
7610,Karnataka,Hubli,2024,Kharif,Sugarcane,1369.97,24.0,49.1,Red,Drip,411.83,21.8,3573.26,6.48,49607.46,412260.00000000006,23154.724800000004,1148647084.3270082,115.37363639925447,17.804573518403465,0.0003589091946736129,321456.34080000006,Higher relative profit,Higher relative profit/ha
7611,Karnataka,Hubli,2024,Rabi,Pulses,2179.1,25.7,65.1,Black,Sprinkler,176.06,13.41,4959.71,6.82,21398.52,300987.0,33825.222200000004,723809693.751144,60.68641110064903,8.898300747895751,0.00041583720499809105,145937.9064,Higher relative profit,Moderate relative profit/ha
7620,Karnataka,Belagavi,2024,Rabi,Sugarcane,1217.45,30.4,81.0,Alluvial,Tube Well,75.26,53.72,4004.94,7.9,17371.62,358736.0,31639.026,549621136.84212,89.57337687955375,11.338402136652373,0.0006526968778186704,137235.798,Higher relative profit,Higher relative profit/ha
7622,Karnataka,Belagavi,2024,Kharif,Millets,2186.4,35.6,53.2,Laterite,Rain-fed,206.39,12.99,3778.75,5.03,29519.22,282373.0,19007.1125,561075135.45225,74.72656301687066,14.85617555007369,0.0005032712771568385,148481.6766,Higher relative profit,Moderate relative profit/ha
7625,Karnataka,Belagavi,2024,Rabi,Pulses,490.77,34.7,48.6,Red,Tube Well,385.67,31.69,3354.64,7.31,25549.39,375632.0,24522.4184,626532831.4447759,111.973863067274,15.317901924387687,0.0005995408079953255,186766.0409,Higher relative profit,Higher relative profit/ha
7630,Karnataka,Belagavi,2024,Zaid,Cotton,2090.37,28.2,66.5,Laterite,Tube Well,70.41,5.26,4134.6,8.14,13529.07,584053.0,33655.64400000001,455329563.5710801,141.25985585062642,17.353790645040096,0.0012827038846750071,110126.62980000001,Higher relative profit,Higher relative profit/ha
7632,Karnataka,Belagavi,2024,Zaid,Pulses,1587.45,23.6,35.4,Red,Canal,367.01,47.85,3757.33,6.45,30876.14,278562.0,24234.7785,748276413.83499,74.13828436682432,11.49430765377121,0.00037227152272826885,199151.103,Higher relative profit,Moderate relative profit/ha
7638,Karnataka,Mangalore,2024,Rabi,Pulses,456.49,29.1,77.4,Alluvial,Canal,88.45,44.44,3427.82,5.07,39221.24,269255.0,17379.047400000003,681627789.046776,78.54992385831228,15.493081628858436,0.00039501763913783543,198851.6868,Higher relative profit,Moderate relative profit/ha
7645,Karnataka,Mangalore,2024,Rabi,Sugarcane,1131.99,34.4,74.1,Red,Drip,184.82,8.03,4749.72,3.55,52426.67,279273.0,16861.506,883992610.76502,58.79778176397766,16.56275542647258,0.00031592232400937505,186114.67849999998,Higher relative profit,Moderate relative profit/ha
7648,Karnataka,Mangalore,2024,Kharif,Millets,2160.6,33.8,49.6,Laterite,Rain-fed,291.37,44.19,3981.87,8.14,53769.3,437105.0,32412.4218,1742793231.49074,109.77379974735489,13.485724784687333,0.00025080714803219184,437682.102,Higher relative profit,Higher relative profit/ha
7652,Tamil Nadu,Chennai,2024,Kharif,Rice,426.42,26.6,56.8,Sandy,Tube Well,120.94,48.5,4330.96,3.21,23754.37,232233.0,13902.3816,330242316.407592,53.621598906478006,16.704547945943304,0.0007032199947185847,76251.5277,Higher relative profit,Moderate relative profit/ha
7654,Tamil Nadu,Chennai,2024,Rabi,Rice,2115.99,18.3,47.9,Black,Canal,402.93,37.74,2787.47,5.54,40819.52,255139.0,15442.583799999999,630358858.2757759,91.53067118211138,16.52178180182516,0.0004047519863493045,226140.1408,Higher relative profit,Higher relative profit/ha
7658,Tamil Nadu,Chennai,2024,Rabi,Rice,501.97,38.0,72.1,Alluvial,Sprinkler,84.93,49.75,3803.31,6.83,58319.49,261538.0,25976.6073,1514942489.666277,68.76589076357173,10.068212410479024,0.0001726388967132433,398322.1167,Higher relative profit,Moderate relative profit/ha
7659,Tamil Nadu,Chennai,2024,Zaid,Barley,1615.84,31.1,77.2,Sandy,Sprinkler,101.32,38.15,4542.89,6.85,39330.72,291866.0,31118.7965,1223924671.87848,64.24676802652056,9.379090222849717,0.0002384672902720753,269415.432,Higher relative profit,Moderate relative profit/ha
7664,Tamil Nadu,Chennai,2024,Kharif,Maize,1973.86,19.2,56.8,Laterite,Rain-fed,244.85,33.62,2656.2,7.7,58665.55,267521.0,20452.739999999998,1199871241.1069999,100.71568405993526,13.07995896882276,0.00022295808986403027,451724.735,Higher relative profit,Higher relative profit/ha
7673,Tamil Nadu,Coimbatore,2024,Kharif,Rice,1051.8,37.9,70.2,Sandy,Rain-fed,352.62,6.85,2637.44,6.99,49753.75,314470.0,18435.7056,917245487.496,119.23304416403785,17.057660109304415,0.0003428416975465048,347778.7125,Higher relative profit,Higher relative profit/ha
7676,Tamil Nadu,Coimbatore,2024,Zaid,Rice,748.85,34.6,54.0,Black,Sprinkler,56.16,22.76,2959.01,8.22,48878.78,236087.0,24323.062200000004,1188881606.2001162,79.78580673941622,9.706302523043334,0.00019857906688839892,401783.5716,Higher relative profit,Moderate relative profit/ha
7677,Tamil Nadu,Coimbatore,2024,Rabi,Cotton,1216.34,21.9,35.5,Alluvial,Rain-fed,213.17,37.23,3056.22,7.44,22720.71,364566.0,22738.2768,516629793.07252795,119.28656968411961,16.033141086575217,0.0007056619747611416,169042.08239999998,Higher relative profit,Higher relative profit/ha
7682,Tamil Nadu,Coimbatore,2024,Rabi,Barley,1019.91,31.9,81.5,Sandy,Rain-fed,344.26,16.48,4954.3,3.37,64520.85,287305.0,16695.991,1077239530.9123502,57.991038088125464,17.208023171550582,0.0002667048430321451,217435.26450000002,Higher relative profit,Moderate relative profit/ha
7691,Tamil Nadu,Madurai,2024,Rabi,Millets,855.31,26.5,83.1,Sandy,Drip,276.9,6.15,4809.57,6.77,50187.27,297317.0,32560.788899999996,1634137103.9373026,61.817792442983475,9.13113625450273,0.00018194128221165907,339767.8178999999,Higher relative profit,Moderate relative profit/ha
7705,Tamil Nadu,Salem,2024,Rabi,Wheat,559.52,30.1,55.3,Alluvial,Drip,417.75,33.67,3230.89,5.62,24689.29,326203.0,18157.6018,448298296.544722,100.96382111430597,17.965092724965473,0.0007276471994522918,138753.80980000002,Higher relative profit,Higher relative profit/ha
7709,Tamil Nadu,Salem,2024,Rabi,Cotton,679.68,30.7,77.6,Laterite,Canal,132.17,26.72,4536.45,4.11,60487.56,245347.0,18644.8095,1127779033.31982,54.0834793726372,13.158997414266958,0.00021754882184480507,248603.87159999998,Higher relative profit,Moderate relative profit/ha
7713,Tamil Nadu,Salem,2024,Kharif,Maize,2197.22,32.9,58.5,Black,Sprinkler,350.88,27.86,2820.54,7.5,59663.32,284474.0,21154.05,1262120854.4459999,100.85799173207967,13.447732230943958,0.00022539362930095003,447474.89999999997,Higher relative profit,Higher relative profit/ha
7715,Tamil Nadu,Salem,2024,Zaid,Rice,1760.5,23.9,38.7,Sandy,Drip,444.11,40.25,3989.39,7.23,48688.24,364182.0,28843.2897,1404329011.303128,91.28764046633697,12.62622966339377,0.00025932811831756025,352015.9752,Higher relative profit,Higher relative profit/ha
7720,Tamil Nadu,Salem,2024,Zaid,Rice,406.52,30.0,54.0,Sandy,Sprinkler,262.09,44.58,4267.98,6.65,16715.24,486798.0,28382.067,474413061.60108006,114.05817271871004,17.15160492010677,0.0010261058124266698,111156.34600000002,Higher relative profit,Higher relative profit/ha
7721,Tamil Nadu,Salem,2024,Kharif,Millets,1130.18,31.9,81.9,Black,Sprinkler,312.86,19.36,4967.93,4.52,19255.83,255255.00000000003,22455.0436,432390502.20418805,51.38055487899387,11.367379398007493,0.0005903344284825683,87036.35160000001,Higher relative profit,Moderate relative profit/ha
7722,Tamil Nadu,Salem,2024,Zaid,Barley,1662.8,32.2,41.8,Red,Sprinkler,213.69,13.08,2748.22,7.85,25469.53,360939.0,21573.527,549467593.1323099,131.33555537766264,16.730643997154477,0.0006568886036434311,199935.8105,Higher relative profit,Higher relative profit/ha
7727,Tamil Nadu,Tiruchirappalli,2024,Rabi,Barley,1461.28,26.4,45.7,Alluvial,Canal,376.18,47.43,3417.31,6.47,27200.3,248412.0,22109.9957,601398516.03871,72.69226379813362,11.235280339742445,0.000413057221418236,175985.941,Higher relative profit,Moderate relative profit/ha
7734,Tamil Nadu,Tiruchirappalli,2024,Kharif,Barley,1560.47,30.7,38.4,Alluvial,Sprinkler,175.71,15.36,2884.23,6.47,23008.16,283703.0,18660.9681,429354539.79969597,98.3635146988971,15.203016182209755,0.0006607662751914866,148862.7952,Higher relative profit,Higher relative profit/ha
7748,Rajasthan,Jaipur,2024,Zaid,Rice,840.94,20.6,88.3,Black,Tube Well,79.49,10.69,4293.82,6.46,48738.12,350368.0,27738.0772,1351901735.142864,81.59820393029983,12.631300918003069,0.00025916676552158906,314848.2552,Higher relative profit,Moderate relative profit/ha
7757,Rajasthan,Jaipur,2024,Zaid,Pulses,656.52,37.6,46.1,Laterite,Sprinkler,419.23,41.84,4984.23,6.28,21852.88,495776.0,31300.964399999997,684016218.917472,99.46892498941664,15.839000794493094,0.000724801527052411,137236.0864,Higher relative profit,Higher relative profit/ha
7758,Rajasthan,Jaipur,2024,Zaid,Barley,1131.62,22.8,54.1,Alluvial,Tube Well,248.57,46.57,3899.2,4.26,24392.14,262684.0,16610.591999999997,405167885.5468799,67.36869101354124,15.81424671679372,0.000648333713925622,103910.51639999998,Higher relative profit,Moderate relative profit/ha
7762,Rajasthan,Jodhpur,2024,Zaid,Millets,688.12,33.2,49.1,Laterite,Tube Well,103.38,36.63,3600.27,7.64,54612.03,275362.0,27506.0628,1502161926.815484,76.48370816633197,10.010956566273817,0.00018331046412802852,417235.9092,Higher relative profit,Moderate relative profit/ha
7763,Rajasthan,Jodhpur,2024,Zaid,Millets,803.13,35.2,78.3,Black,Drip,139.22,56.38,4918.94,5.87,18220.75,279357.0,28874.177799999998,526109175.1493499,56.79211374808394,9.674976788429973,0.000530986747989516,106955.80249999999,Higher relative profit,Moderate relative profit/ha
7764,Rajasthan,Jodhpur,2024,Kharif,Rice,1972.1,34.0,50.5,Laterite,Rain-fed,67.62,31.83,4056.74,7.21,43601.85,444582.0,29249.0954,1275314670.26649,109.59095234104232,15.199854693625841,0.0003486057287391668,314369.3385,Higher relative profit,Higher relative profit/ha
7766,Rajasthan,Jodhpur,2024,Zaid,Maize,1208.12,18.5,86.5,Black,Canal,283.7,58.94,3105.46,8.39,60093.93,315521.0,26054.809400000002,1565735892.246942,101.60201709247583,12.10989476668365,0.00020151610598081454,504188.0727,Higher relative profit,Higher relative profit/ha
7768,Rajasthan,Jodhpur,2024,Zaid,Millets,768.48,24.8,57.0,Laterite,Sprinkler,352.58,17.35,4225.06,5.15,53304.47,384378.0,21759.059000000005,1159855107.6937304,90.97574945681244,17.665194069283967,0.00033140173927784976,274518.02050000004,Higher relative profit,Higher relative profit/ha
7771,Rajasthan,Jodhpur,2024,Kharif,Maize,1791.59,19.7,87.8,Laterite,Canal,89.96,51.26,4701.83,5.5,12548.3,387988.0,25860.065,324499853.63949996,82.51850875084807,15.003365227426924,0.0011956492295710913,69015.65,Higher relative profit,Moderate relative profit/ha
7773,Rajasthan,Jodhpur,2024,Zaid,Barley,2074.08,19.1,50.2,Black,Rain-fed,266.55,54.14,4674.93,6.12,44090.53,255954.0,28610.571600000003,1261455265.446948,54.750338507742356,8.946133743095157,0.00020290374697458062,269834.0436,Higher relative profit,Moderate relative profit/ha
7775,Rajasthan,Jodhpur,2024,Rabi,Barley,1089.32,30.8,78.5,Alluvial,Tube Well,439.87,44.95,4930.08,8.39,41958.74,687454.0,41363.3712,1735554937.704288,139.4407392983481,16.61987357548845,0.00039610039709220176,352033.8286,Higher relative profit,Higher relative profit/ha
7776,Rajasthan,Jodhpur,2024,Rabi,Wheat,1869.71,24.0,53.9,Laterite,Drip,438.56,38.73,3572.46,8.39,62763.37,290306.0,29972.939400000003,1881202685.5497782,81.2622114733265,9.68560327453236,0.00015431936294262657,526584.6743000001,Higher relative profit,Moderate relative profit/ha
7780,Rajasthan,Udaipur,2024,Zaid,Cotton,1245.44,23.8,64.6,Laterite,Canal,185.41,54.28,3865.14,4.93,18782.69,285060.0,19055.140199999998,357906791.2831379,73.75153293283037,14.959742988403729,0.000796464350335534,92598.66169999998,Higher relative profit,Moderate relative profit/ha
7782,Rajasthan,Udaipur,2024,Zaid,Rice,1024.94,35.9,68.7,Alluvial,Drip,213.41,52.26,4805.47,8.08,45608.73,490667.0,38828.1976,1770904780.725048,102.10593344667639,12.636872951321335,0.0002770713622440558,368518.5384,Higher relative profit,Higher relative profit/ha
7783,Rajasthan,Udaipur,2024,Zaid,Wheat,588.18,35.4,63.0,Laterite,Canal,165.89,12.88,4388.09,4.91,60697.14,340904.0,21545.5219,1307751559.137366,77.68847038233035,15.82249905953775,0.00026067948274890296,298022.9574,Higher relative profit,Moderate relative profit/ha
7785,Rajasthan,Udaipur,2024,Rabi,Maize,1205.0,29.5,87.8,Laterite,Drip,185.02,19.13,4552.61,7.64,18164.31,482254.0,34781.9404,631789947.827124,105.9291263692695,13.865068896501244,0.000763313822352803,138775.3284,Higher relative profit,Higher relative profit/ha
7787,Rajasthan,Udaipur,2024,Zaid,Wheat,924.88,24.0,48.7,Black,Canal,181.85,58.98,4922.44,4.15,45442.2,242378.00000000003,20428.126,928298987.3172,49.2394015975817,11.864916047610047,0.00026109906755416874,188585.13,Higher relative profit,Moderate relative profit/ha
7791,Rajasthan,Udaipur,2024,Kharif,Cotton,423.25,36.2,40.5,Sandy,Drip,103.22,28.58,4891.23,6.99,59165.35,282403.0,34189.6977,2022845430.814695,57.73660204079547,8.259885842746133,0.00013960681112756254,413565.7965,Higher relative profit,Moderate relative profit/ha
7800,Rajasthan,Kota,2024,Rabi,Millets,1640.62,32.8,39.8,Red,Tube Well,123.4,6.25,4481.62,6.36,24463.12,329672.0,28503.1032,697274833.953984,73.5608998531781,11.566179222197812,0.0004728006575693457,155585.4432,Higher relative profit,Moderate relative profit/ha
7801,Rajasthan,Kota,2024,Rabi,Rice,1211.91,31.2,66.5,Alluvial,Rain-fed,233.88,59.95,3443.83,6.26,37927.07,335415.0,21558.375799999998,817646028.0529059,97.39592256296042,15.558454083540006,0.00041022030131882074,237423.4582,Higher relative profit,Higher relative profit/ha
7802,Rajasthan,Kota,2024,Zaid,Rice,2014.75,35.5,88.3,Sandy,Drip,112.09,19.54,4028.81,6.8,53549.83,238567.0,27395.908,1467046216.09564,59.215252146415445,8.70812531564933,0.00016261723549167812,364138.844,Higher relative profit,Moderate relative profit/ha
7807,Rajasthan,Kota,2024,Zaid,Sugarcane,1834.9,24.6,77.0,Red,Rain-fed,369.79,51.34,2582.27,7.72,38760.21,267474.0,19935.1244,772689608.120124,103.58095783942035,13.417222518059631,0.000346159696195135,299228.8212,Higher relative profit,Higher relative profit/ha
7814,Rajasthan,Ajmer,2024,Zaid,Pulses,810.58,24.0,54.7,Red,Tube Well,141.03,52.74,3512.32,7.41,64215.48,321694.0,26026.291200000003,1671290782.0277762,91.59017401603498,12.360347370585016,0.00019248236360742014,475836.70680000004,Higher relative profit,Higher relative profit/ha
7818,Rajasthan,Ajmer,2024,Rabi,Maize,850.13,32.2,75.4,Red,Sprinkler,286.93,33.01,4517.32,6.96,26260.72,534717.0,31440.547199999997,825651406.6659839,118.3704054616454,17.007242164029513,0.0006476304596381787,182774.61119999998,Higher relative profit,Higher relative profit/ha
7819,Rajasthan,Ajmer,2024,Rabi,Pulses,502.99,37.3,71.8,Red,Sprinkler,367.8,19.16,4822.54,7.31,26134.83,521258.0,35252.7674,921325083.028542,108.08785411836917,14.786300152991679,0.000565769899899547,191045.6073,Higher relative profit,Higher relative profit/ha
7821,Rajasthan,Ajmer,2024,Kharif,Sugarcane,817.76,26.1,61.1,Laterite,Sprinkler,91.47,14.63,3692.98,5.07,57941.85,331178.0,18723.408600000002,1084868932.58991,89.67771284978527,17.68791180469137,0.0003052700561803148,293765.1795,Higher relative profit,Higher relative profit/ha
7823,Rajasthan,Ajmer,2024,Rabi,Maize,1032.54,25.9,68.5,Alluvial,Drip,119.03,42.19,3797.23,6.25,59894.86,404441.0,23732.6875,1421465995.23625,106.50948191181466,17.041517105890346,0.000284523865752259,374342.875,Higher relative profit,Higher relative profit/ha
7828,Rajasthan,Ajmer,2024,Rabi,Wheat,642.27,37.3,56.5,Alluvial,Rain-fed,136.98,21.82,2105.49,7.21,39212.92,264935.0,15180.582899999998,595274982.8110679,125.830566756432,17.45222839895035,0.0004450632189326974,282725.1532,Higher relative profit,Higher relative profit/ha
7833,West Bengal,Kolkata,2024,Kharif,Cotton,664.28,23.5,88.2,Sandy,Drip,356.89,46.34,3722.24,7.15,55450.38,243260.0,26614.016,1475757300.52608,65.35312070151308,9.140296601610219,0.00016483740240572239,396470.217,Higher relative profit,Moderate relative profit/ha
7836,West Bengal,Kolkata,2024,Zaid,Barley,1904.86,32.0,81.4,Laterite,Rain-fed,271.56,23.2,2664.44,6.76,17607.02,273447.0,18011.6144,317130854.97308797,102.62831964690517,15.181704089778872,0.0008622529019549516,119023.45519999998,Higher relative profit,Higher relative profit/ha
7847,West Bengal,Kolkata,2024,Kharif,Sugarcane,1595.4,18.3,46.3,Red,Tube Well,279.29,37.83,2833.58,5.94,12732.35,249757.00000000003,16831.465200000002,214304105.93922004,88.14185588548763,14.838696277018117,0.001165432640244583,75630.15900000001,Higher relative profit,Higher relative profit/ha
7856,West Bengal,Howrah,2024,Rabi,Rice,696.28,21.5,44.2,Red,Sprinkler,194.38,50.62,4327.23,6.74,53929.78,273936.0,29165.530199999997,1572890627.2693558,63.305162887112544,9.392457401648747,0.0001741608699618049,363486.71719999996,Higher relative profit,Moderate relative profit/ha
7861,West Bengal,Howrah,2024,Rabi,Sugarcane,760.35,25.8,82.6,Alluvial,Drip,305.41,58.03,2737.05,7.93,59864.62,259246.0,21704.806500000002,1299349993.2960303,94.71730512778356,11.944174669329577,0.0001995197609093581,474726.4366000001,Higher relative profit,Higher relative profit/ha
7864,West Bengal,Howrah,2024,Rabi,Rice,1096.61,34.6,56.3,Red,Canal,147.2,31.79,3945.45,5.36,53811.09,271487.0,21147.612,1137976052.61708,68.81014839878848,12.837714253505313,0.00023857004668564256,288427.4424,Higher relative profit,Moderate relative profit/ha
7876,West Bengal,Darjeeling,2024,Zaid,Sugarcane,1940.09,23.6,49.5,Laterite,Drip,224.7,8.4,2174.19,7.43,12083.25,290163.0,16154.2317,195195620.189025,133.45797745367238,17.96204272593168,0.00148652413265733,89778.5475,Higher relative profit,Higher relative profit/ha
7878,West Bengal,Darjeeling,2024,Rabi,Pulses,1786.4,25.8,37.9,Sandy,Drip,427.86,10.79,3444.16,7.6,26186.94,256434.0,26175.615999999998,685459285.6550399,74.45472916473102,9.796674890096188,0.00037410537046696517,199020.74399999998,Higher relative profit,Moderate relative profit/ha
7885,West Bengal,Siliguri,2024,Zaid,Wheat,1581.91,36.9,80.0,Black,Tube Well,160.8,18.65,3270.89,6.24,42657.62,333390.0,20410.3536,870657107.934432,101.92638700781745,16.33435689227844,0.0003829176801771509,266183.54880000005,Higher relative profit,Higher relative profit/ha
7888,West Bengal,Siliguri,2024,Kharif,Rice,462.22,28.6,68.1,Sandy,Tube Well,95.23,41.54,3884.05,4.92,48473.52,333592.0,19109.526,926305990.75152,85.8876687993203,17.45684325189437,0.0003601315368038956,238489.7184,Higher relative profit,Higher relative profit/ha
7890,West Bengal,Siliguri,2024,Zaid,Wheat,1988.69,34.2,69.4,Laterite,Rain-fed,276.27,23.94,3338.55,4.59,57280.96,250351.00000000003,15323.9445,877770251.94672,74.98794386784682,16.337242672733513,0.00028521244533495096,262919.6064,Higher relative profit,Moderate relative profit/ha
7894,West Bengal,Siliguri,2024,Kharif,Wheat,1207.38,19.1,52.2,Sandy,Sprinkler,186.56,25.59,4393.34,7.98,62355.4,587571.0,35058.853200000005,2186108814.8272805,133.74129933035002,16.759561319592734,0.00026877481853364315,497596.0920000001,Higher relative profit,Higher relative profit/ha
7898,West Bengal,Siliguri,2024,Kharif,Rice,1885.23,34.5,44.1,Red,Tube Well,263.86,16.66,3754.91,8.42,30870.44,426699.0,31616.3422,976010394.904568,113.63761048866684,13.496153264687273,0.00043718694209370757,259929.1048,Higher relative profit,Higher relative profit/ha
7903,West Bengal,Malda,2024,Rabi,Sugarcane,2096.52,21.9,82.0,Laterite,Canal,339.23,48.68,3588.47,8.25,21758.22,298705.0,29604.8775,644149437.71805,83.24021100914875,10.089722546563484,0.0004637200353045187,179505.315,Higher relative profit,Moderate relative profit/ha
7912,West Bengal,Malda,2024,Rabi,Maize,1487.74,22.5,37.0,Red,Rain-fed,66.52,58.12,3727.78,5.64,12417.98,373291.0,21024.6792,261084045.81201598,100.13761541721883,17.754896350570714,0.0014297733085872836,70037.40719999999,Higher relative profit,Higher relative profit/ha
7915,West Bengal,Malda,2024,Kharif,Cotton,733.78,18.1,55.1,Black,Canal,376.65,25.63,3827.11,7.81,22543.86,397495.0,29889.7291,673829868.268326,103.86296709527555,13.298715377115947,0.000589904097040877,176067.5466,Higher relative profit,Higher relative profit/ha
7916,West Bengal,Malda,2024,Rabi,Wheat,1158.76,34.5,47.0,Laterite,Drip,326.7,39.39,4715.14,5.64,55851.15,423916.0,26593.3896,1485271391.55804,89.90528383038468,15.940653161415723,0.00028541315910980746,315000.486,Higher relative profit,Higher relative profit/ha
7919,West Bengal,Malda,2024,Kharif,Pulses,2110.36,22.8,75.3,Sandy,Rain-fed,141.9,31.65,3422.47,7.29,14507.63,389441.0,24949.8063,361962558.372069,113.78945615301231,15.608978896160808,0.0010759151492118844,105760.6227,Higher relative profit,Higher relative profit/ha
